# Blender 5.1.2
# www.blender.org
mtllib BirchTree_1.mtl
o BirchTree_5_Cube.009
v -0.134616 0.474814 -0.000052
v 0.004358 0.474637 -0.139042
v 0.143330 0.474143 -0.000050
v 0.004355 0.474320 0.138940
v -0.000139 0.083375 0.155461
v -0.104837 1.854810 0.011620
v 0.155319 0.082571 -0.000001
v -0.000139 0.083373 -0.155463
v -0.155597 0.084177 -0.000001
v 0.024369 4.151587 -0.000012
v -0.016876 1.853316 0.099538
v -0.016906 1.859138 -0.076266
v 0.071055 1.857644 0.011652
v 0.000127 4.307667 -0.000003
v -0.033221 4.152287 -0.000012
v -0.004426 4.151976 0.028787
v -0.004426 4.151898 -0.028811
v -0.002928 3.404262 -0.039648
v -0.002925 3.404927 0.044596
v -0.045044 3.404994 0.002473
v 0.039191 3.404195 0.002476
v 0.110335 1.232510 0.001035
v -0.001986 1.232566 -0.111279
v -0.001947 1.228294 0.113301
v -0.114268 1.228350 0.000987
v 0.055965 2.415920 0.013053
v -0.073694 2.416725 0.013064
v -0.008869 2.415681 0.077872
v -0.008859 2.416964 -0.051754
v -0.206878 2.404044 0.056934
v -0.258397 2.357741 0.072254
v -0.222470 2.380885 0.098757
v -0.242805 2.380901 0.030430
v -0.669749 2.845049 0.196197
v -0.703500 2.806196 0.206227
v -0.679141 2.825608 0.226338
v -0.694108 2.825638 0.176086
v -0.475761 2.507064 0.109271
v -0.459921 2.507032 0.162452
v -0.485700 2.486489 0.141169
v -0.449982 2.527607 0.130555
v -1.202384 3.620484 0.446273
v -1.210690 3.626423 0.411991
v -1.189472 3.627572 0.425711
v -1.223601 3.619334 0.432553
v -0.905150 3.094315 0.266456
v -0.873367 3.130903 0.257011
v -0.896306 3.112623 0.238072
v -0.882212 3.112595 0.285395
v -1.281165 3.780527 0.474423
v -1.032156 3.279530 0.328183
v -0.995200 3.302908 0.319237
v -1.019765 3.293059 0.301301
v -1.007591 3.289380 0.346119
v -0.749209 3.290982 0.471430
v -0.781849 3.317228 0.464967
v -0.776382 3.294496 0.483986
v -0.754677 3.313714 0.452411
v -0.604733 3.989832 1.017814
v -0.588523 4.004184 0.994233
v -0.583456 3.988902 1.010144
v -0.609800 4.005114 1.001902
v -0.651175 3.507831 0.670800
v -0.618658 3.487820 0.680973
v -0.624913 3.506683 0.661333
v -0.644921 3.488968 0.690439
v -0.588622 4.131713 1.093511
v -0.635888 3.692524 0.793718
v -0.603371 3.672513 0.803891
v -0.609625 3.691376 0.784251
v -0.629633 3.673661 0.813357
v -0.750351 4.171082 1.023153
v -0.737779 4.182213 1.004864
v -0.733404 4.174354 1.019940
v -0.754726 4.178942 1.008076
v -0.779562 4.288063 1.057418
v -0.677042 3.917969 0.902641
v -0.650724 3.912306 0.917285
v -0.656124 3.922007 0.898676
v -0.671642 3.908268 0.921250
v -0.446941 3.422339 0.776012
v -0.434369 3.433470 0.757723
v -0.433501 3.417832 0.765655
v -0.447809 3.437977 0.768080
v -0.380525 3.497891 0.850797
v -0.523670 3.354969 0.665412
v -0.506009 3.330104 0.662418
v -0.507081 3.349406 0.652628
v -0.522599 3.335667 0.675202
v -0.652363 3.316701 0.574458
v -0.636845 3.330440 0.551883
v -0.637958 3.310512 0.559792
v -0.651251 3.336628 0.566549
v -1.298132 3.550408 0.054524
v -1.282291 3.544389 0.036378
v -1.297635 3.538039 0.042074
v -1.282788 3.556758 0.048827
v -1.330764 3.644138 -0.022039
v -1.230879 3.440708 0.132635
v -1.249205 3.417602 0.124300
v -1.230266 3.425441 0.117269
v -1.249819 3.432869 0.139667
v -1.143652 3.373897 0.251911
v -1.124098 3.366469 0.229514
v -1.141294 3.357291 0.238511
v -1.126456 3.383075 0.242914
v -0.827469 3.763541 0.722100
v -0.814897 3.774672 0.703811
v -0.830220 3.766181 0.704963
v -0.812146 3.772032 0.720948
v -0.855024 3.880575 0.757536
v -0.768012 3.636054 0.668526
v -0.790322 3.628833 0.648795
v -0.771408 3.639313 0.647373
v -0.786926 3.625574 0.669947
v -0.738241 3.499105 0.626441
v -0.722723 3.512845 0.603867
v -0.741195 3.501620 0.605139
v -0.719769 3.510329 0.625169
v -0.786091 2.676227 0.531377
v -0.800243 2.656634 0.525700
v -0.786620 2.659419 0.536417
v -0.799714 2.673442 0.520659
v -0.932539 2.742511 0.613403
v -0.649666 2.593608 0.422134
v -0.638191 2.578736 0.444857
v -0.653195 2.573344 0.429778
v -0.634662 2.599001 0.437213
v -0.560850 2.594040 0.290909
v -0.584748 2.560955 0.281323
v -0.561256 2.566976 0.293652
v -0.584342 2.588019 0.278580
v -0.826409 2.743877 0.384669
v -0.836980 2.729242 0.380428
v -0.834204 2.740669 0.374624
v -0.829185 2.732451 0.390473
v -0.895669 2.764952 0.444040
v -0.749940 2.696420 0.317275
v -0.756136 2.706564 0.297712
v -0.759562 2.692460 0.304876
v -0.746514 2.710525 0.310110
v -0.645073 2.644006 0.286804
v -0.658122 2.625941 0.281570
v -0.652903 2.638938 0.273760
v -0.650292 2.631009 0.294614
v 0.119045 1.948982 -0.095495
v 0.085458 2.019454 -0.068552
v 0.128272 1.984218 -0.049586
v 0.076231 1.984218 -0.114461
v 0.438033 2.355227 -0.351380
v 0.404865 2.397198 -0.324774
v 0.440294 2.376213 -0.314584
v 0.402603 2.376213 -0.361570
v 0.242108 2.173971 -0.239785
v 0.286595 2.173971 -0.184329
v 0.246794 2.201484 -0.197973
v 0.281909 2.146457 -0.226141
v 0.938065 3.338721 -0.723573
v 0.909832 3.338721 -0.758769
v 0.941248 3.334582 -0.755048
v 0.906649 3.342860 -0.727294
v 0.526968 2.576830 -0.422722
v 0.558189 2.547915 -0.447767
v 0.527130 2.562372 -0.454503
v 0.558027 2.562372 -0.415987
v 1.036016 3.770365 -0.831070
v 0.630845 2.715105 -0.506050
v 0.666754 2.689283 -0.534855
v 0.632191 2.702194 -0.541156
v 0.665407 2.702194 -0.499749
v 0.846034 2.598847 -0.512751
v 0.837431 2.640292 -0.510678
v 0.846755 2.619569 -0.490878
v 0.836711 2.619569 -0.532550
v 1.625225 3.012742 -0.684079
v 1.617725 3.012742 -0.715200
v 1.627152 2.997839 -0.701007
v 1.615798 3.027645 -0.698271
v 1.134195 2.691166 -0.582200
v 1.148209 2.654377 -0.585578
v 1.136573 2.672771 -0.603096
v 1.145831 2.672771 -0.564682
v 1.748804 3.106065 -0.730327
v 1.312986 2.816190 -0.625291
v 1.327001 2.779400 -0.628668
v 1.315364 2.797795 -0.646186
v 1.324622 2.797795 -0.607773
v 1.418226 3.085359 -1.041776
v 1.408639 3.065409 -1.053023
v 1.424501 3.069784 -1.046902
v 1.402364 3.080983 -1.047898
v 1.415015 3.136055 -1.156370
v 1.392551 2.941264 -0.791694
v 1.419875 2.927441 -0.790464
v 1.400297 2.922040 -0.798020
v 1.412130 2.946665 -0.784138
v 1.174389 2.492408 -0.237866
v 1.190420 2.492408 -0.256825
v 1.180875 2.480156 -0.248638
v 1.183934 2.504659 -0.246052
v 1.277317 2.502825 -0.167089
v 1.067877 2.495394 -0.344189
v 1.064102 2.465149 -0.347381
v 1.075883 2.480272 -0.357486
v 1.056095 2.480272 -0.334084
v 0.943041 2.554273 -0.429540
v 0.963089 2.554626 -0.452863
v 0.949196 2.540531 -0.444544
v 0.956934 2.568368 -0.437859
v 1.202811 2.998374 -0.585968
v 1.196994 2.998374 -0.610105
v 1.188478 3.002376 -0.595283
v 1.211327 2.994372 -0.600790
v 1.265734 3.103123 -0.613902
v 1.133807 2.864651 -0.582107
v 1.105604 2.874531 -0.575310
v 1.116115 2.869591 -0.593605
v 1.123296 2.869591 -0.563812
v 1.058928 2.743747 -0.547116
v 1.051208 2.743747 -0.579144
v 1.039646 2.748085 -0.559413
v 1.070490 2.739410 -0.566847
v 0.574002 2.896151 -0.747234
v 0.611745 2.913558 -0.738960
v 0.583681 2.918054 -0.728933
v 0.602066 2.891655 -0.757262
v 0.648273 3.586411 -1.318045
v 0.662003 3.566696 -1.339201
v 0.640679 3.571814 -1.333590
v 0.669597 3.581293 -1.323656
v 0.552540 3.115665 -0.965719
v 0.516846 3.103965 -0.977980
v 0.543166 3.097647 -0.984906
v 0.526220 3.121982 -0.958793
v 0.689749 3.702024 -1.423084
v 0.596088 3.288585 -1.098596
v 0.560393 3.276884 -1.110857
v 0.586714 3.270567 -1.117784
v 0.569767 3.294902 -1.091670
v 0.839289 3.718974 -1.323049
v 0.849938 3.703683 -1.339457
v 0.834237 3.711415 -1.338067
v 0.854990 3.711242 -1.324439
v 0.911418 3.806436 -1.376526
v 0.703462 3.487345 -1.214133
v 0.677846 3.487558 -1.230954
v 0.697226 3.478015 -1.232670
v 0.684082 3.496888 -1.212417
v 0.193545 3.109383 -0.769784
v 0.200961 3.122147 -0.789747
v 0.191483 3.107603 -0.787127
v 0.203023 3.123927 -0.772404
v 0.110504 3.202351 -0.756627
v 0.311158 3.019996 -0.798688
v 0.296914 2.999846 -0.816862
v 0.308612 3.017798 -0.820096
v 0.299459 3.002043 -0.795455
v 0.454000 2.947717 -0.772785
v 0.463153 2.963471 -0.797426
v 0.454131 2.944298 -0.793979
v 0.463022 2.966890 -0.776232
v 0.802335 3.293586 -1.012397
v 0.812983 3.278296 -1.028806
v 0.814942 3.281392 -1.011636
v 0.800376 3.290490 -1.029567
v 0.853167 3.416330 -1.050803
v 0.737921 3.139691 -0.991344
v 0.755899 3.128460 -0.969211
v 0.753482 3.124639 -0.990404
v 0.740338 3.143512 -0.970150
v 0.637089 3.072176 -0.908909
v 0.650232 3.053302 -0.929162
v 0.652018 3.056530 -0.907827
v 0.635303 3.068947 -0.930244
v 0.761696 2.879351 -0.611016
v 0.803087 2.862942 -0.644219
v 0.764901 2.871147 -0.649420
v 0.799881 2.871146 -0.605814
v 0.223135 3.277357 0.241715
v 0.194130 3.314726 0.211437
v 0.188121 3.296041 0.246225
v 0.229144 3.296041 0.206926
v 0.450612 4.314942 0.760759
v 0.481247 4.314942 0.731411
v 0.478324 4.303587 0.759024
v 0.453535 4.326297 0.733147
v 0.392281 3.608261 0.418283
v 0.422879 3.580229 0.450224
v 0.426487 3.594245 0.416141
v 0.388673 3.594245 0.452366
v 0.512200 4.517309 0.794386
v 0.399163 3.871113 0.550928
v 0.429761 3.843081 0.582869
v 0.433370 3.857096 0.548786
v 0.395555 3.857096 0.585011
v 0.647254 4.459356 0.377882
v 0.668948 4.445935 0.357100
v 0.668493 4.450093 0.379988
v 0.647709 4.455198 0.354994
v 0.698101 4.603152 0.312051
v 0.507798 4.164892 0.517823
v 0.533452 4.158590 0.548672
v 0.534014 4.153459 0.520421
v 0.507236 4.170025 0.546074
v 0.582215 3.727131 0.023672
v 0.573073 3.718073 -0.006611
v 0.591237 3.713434 0.007168
v 0.564050 3.731769 0.009892
v 0.623005 3.870615 -0.049434
v 0.504467 3.552729 0.081431
v 0.538025 3.530098 0.078068
v 0.515603 3.535824 0.061060
v 0.526888 3.547004 0.098439
v 0.370165 3.419788 0.183805
v 0.358880 3.408608 0.146425
v 0.378799 3.400296 0.164963
v 0.350245 3.428099 0.165268
v 0.113886 3.855548 0.640180
v 0.099066 3.866614 0.612966
v 0.094718 3.849712 0.628353
v 0.118235 3.872449 0.624792
v 0.049405 3.991452 0.710666
v 0.191664 3.715697 0.521063
v 0.162637 3.687632 0.525459
v 0.168004 3.708494 0.506465
v 0.186297 3.694835 0.540056
v 0.264288 3.555586 0.440527
v 0.246499 3.568819 0.406922
v 0.241297 3.547685 0.425281
v 0.269490 3.576719 0.422168
v -0.219505 3.860719 -0.210381
v -0.189711 3.898088 -0.180878
v -0.184622 3.879403 -0.215813
v -0.224594 3.879404 -0.175446
v -0.460592 4.898305 -0.723245
v -0.490443 4.898304 -0.693099
v -0.488249 4.886950 -0.720779
v -0.462786 4.909659 -0.695565
v -0.393249 4.191623 -0.382426
v -0.424679 4.163591 -0.413549
v -0.427387 4.177608 -0.379382
v -0.390541 4.177608 -0.416592
v -0.523046 5.100671 -0.755236
v -0.403627 4.454474 -0.514844
v -0.435057 4.426443 -0.545967
v -0.437765 4.440459 -0.511800
v -0.400919 4.440459 -0.549010
v -0.647068 5.042719 -0.335315
v -0.668206 5.029298 -0.313967
v -0.668355 5.033456 -0.336859
v -0.646919 5.038561 -0.312423
v -0.696161 5.186514 -0.268165
v -0.511351 4.748255 -0.478885
v -0.537810 4.741953 -0.509047
v -0.537627 4.736821 -0.480791
v -0.511534 4.753386 -0.507141
v -0.572709 4.310493 0.017057
v -0.562771 4.301435 0.047088
v -0.581293 4.296797 0.033793
v -0.554187 4.315131 0.030352
v -0.611557 4.453978 0.091214
v -0.496512 4.136092 -0.042732
v -0.529969 4.113461 -0.038486
v -0.507107 4.119186 -0.022075
v -0.519374 4.130366 -0.059144
v -0.364956 4.003150 -0.148613
v -0.352689 3.991970 -0.111544
v -0.373091 3.983659 -0.129550
v -0.344554 4.011461 -0.130608
v -0.120804 4.438910 -0.611589
v -0.105271 4.449977 -0.584775
v -0.101330 4.433075 -0.600272
v -0.124745 4.455812 -0.596092
v -0.058204 4.574814 -0.683752
v -0.195413 4.299059 -0.490462
v -0.166512 4.270994 -0.495622
v -0.171376 4.291857 -0.476494
v -0.190548 4.278197 -0.509590
v -0.265887 4.138948 -0.408038
v -0.247218 4.152182 -0.374914
v -0.242502 4.131048 -0.393404
v -0.270603 4.160082 -0.389548
v -0.163072 -0.014205 0.000000
v -0.099901 0.474609 0.104309
v -0.122776 0.809325 0.000182
v -0.116732 0.083976 -0.116495
v 0.000002 -0.014139 -0.163073
v 0.005092 0.810995 -0.127696
v 0.116454 0.082771 -0.116700
v 0.163075 -0.014073 0.000000
v 0.132965 0.811199 0.000197
v 0.116455 0.082773 0.116699
v 0.000002 -0.014139 0.163073
v 0.005097 0.809529 0.128075
v -0.116733 0.083978 0.116493
v -0.099844 0.474851 -0.104414
v 0.108561 0.474343 -0.104175
v 0.108612 0.474110 0.104075
v 0.000914 0.229869 0.147525
v 0.148443 0.228786 -0.000014
v 0.000915 0.229945 -0.147553
v -0.146614 0.231028 -0.000014
v -0.095756 2.077877 0.016752
v -0.016862 2.079791 -0.062108
v 0.062023 2.078060 0.016744
v -0.016871 2.076146 0.095604
v -0.082843 1.852965 0.077414
v -0.085979 1.230502 -0.083459
v 0.049082 1.855122 0.077711
v 0.082016 1.233562 -0.082953
v -0.019022 4.269012 -0.000005
v -0.001011 4.268724 -0.018018
v 0.016999 4.268456 -0.000005
v -0.001011 4.268744 0.018008
v 0.017166 4.151646 -0.021635
v 0.039572 2.415522 0.061764
v -0.026026 4.152227 0.021563
v -0.057665 2.417089 -0.035448
v 0.028641 3.404051 -0.029104
v 0.017174 4.151704 0.021612
v -0.034533 3.405148 0.034077
v -0.026019 4.152170 -0.021587
v -0.006328 3.887105 -0.035111
v -0.006327 3.887367 0.036322
v -0.042039 3.887583 0.000605
v 0.029384 3.886890 0.000606
v -0.086407 1.227238 0.085446
v -0.082858 1.857363 -0.054167
v 0.082503 1.230418 0.085012
v 0.049054 1.859457 -0.054415
v 0.086134 1.620513 0.004256
v -0.011207 1.621297 -0.093050
v -0.011148 1.614822 0.101496
v -0.108489 1.615606 0.004191
v 0.028683 3.404539 0.034054
v -0.034495 3.404640 -0.029131
v 0.039944 2.416518 -0.035654
v -0.057308 2.416161 0.061574
v 0.049487 2.861279 0.006368
v -0.052255 2.862162 0.006368
v -0.001384 2.861937 0.057237
v -0.001385 2.861504 -0.044502
v -0.053433 2.264031 0.010013
v -0.032188 2.289775 -0.041736
v 0.013888 2.315520 -0.010013
v -0.007357 2.289775 0.041736
v -0.417705 2.436783 0.120603
v -0.406353 2.458004 0.086224
v -0.378037 2.479198 0.108812
v -0.389389 2.457977 0.143192
v -0.220943 2.398262 0.033226
v -0.205692 2.398251 0.084471
v -0.244332 2.363523 0.095962
v -0.259583 2.363535 0.044716
v -0.851643 3.020561 0.250476
v -0.842662 3.039152 0.221653
v -0.819368 3.057715 0.240885
v -0.828349 3.039124 0.269708
v -0.460387 2.522479 0.111938
v -0.668356 2.840182 0.216295
v -0.475296 2.491617 0.159785
v -0.704894 2.811064 0.186129
v -0.679581 2.840204 0.178606
v -0.448507 2.522455 0.151824
v -0.693669 2.811042 0.223817
v -0.487175 2.491641 0.119899
v -0.541517 2.604226 0.129312
v -0.525896 2.604195 0.181761
v -0.551319 2.583935 0.160770
v -0.516093 2.624486 0.150302
v -1.273307 3.738652 0.465266
v -1.265136 3.743138 0.452253
v -1.251709 3.743865 0.460936
v -1.259880 3.739379 0.473948
v -1.190623 3.624315 0.439422
v -0.895892 3.098878 0.283021
v -1.222450 3.622591 0.418842
v -0.882625 3.126340 0.240446
v -0.872055 3.126319 0.275937
v -1.022971 3.281073 0.343871
v -0.906463 3.098899 0.247529
v -1.004385 3.301365 0.303549
v -0.939996 3.142344 0.282810
v -0.906920 3.175629 0.273490
v -0.930265 3.159457 0.254802
v -0.916651 3.158516 0.301498
v -0.995255 3.298606 0.337162
v -1.032101 3.283832 0.310257
v -1.216220 3.618137 0.444554
v -1.196853 3.628769 0.413711
v -1.140425 3.455364 0.384216
v -1.101590 3.468351 0.376046
v -1.126131 3.464893 0.359665
v -1.115885 3.458823 0.400597
v -0.683990 3.457726 0.617748
v -0.657500 3.455986 0.607509
v -0.651442 3.436156 0.626993
v -0.677932 3.437896 0.637232
v -0.761429 3.287056 0.482463
v -0.769630 3.321154 0.453934
v -0.745150 3.301469 0.458781
v -0.785909 3.306741 0.477616
v -0.884149 3.125653 0.246676
v -0.907551 3.104932 0.280721
v -0.912232 3.131533 0.262322
v -0.879468 3.099051 0.265074
v -0.598959 4.103166 1.069031
v -0.585494 4.102577 1.064178
v -0.582288 4.092907 1.074247
v -0.595752 4.093495 1.079101
v -0.592827 3.985546 1.017957
v -0.654613 3.498686 0.682986
v -0.600428 4.008470 0.994090
v -0.615220 3.496964 0.668786
v -0.630226 3.483678 0.690616
v -0.639326 3.683379 0.805904
v -0.639608 3.511972 0.661156
v -0.599932 3.681657 0.791704
v -0.647208 3.556458 0.703123
v -0.614690 3.536447 0.713296
v -0.620945 3.555310 0.693656
v -0.640953 3.537595 0.722763
v -0.614938 3.668371 0.813534
v -0.624320 3.696666 0.784075
v -0.612585 3.997705 1.011775
v -0.580670 3.996310 1.000271
v -0.621868 3.860564 0.905629
v -0.590894 3.841503 0.915319
v -0.596852 3.859470 0.896612
v -0.615910 3.842596 0.924337
v -0.777434 4.261661 1.042812
v -0.766709 4.263732 1.040779
v -0.763941 4.258758 1.050320
v -0.774665 4.256687 1.052353
v -0.740783 4.170753 1.025316
v -0.747346 4.182543 1.002701
v -0.679571 3.912109 0.912937
v -0.648194 3.918166 0.906989
v -0.632357 3.767874 0.842006
v -0.606039 3.762211 0.856650
v -0.611439 3.771912 0.838041
v -0.626956 3.758173 0.860615
v -0.659833 3.907861 0.923920
v -0.667933 3.922413 0.896006
v -0.756775 4.174194 1.016417
v -0.731355 4.179101 1.011599
v -0.718805 4.058259 0.959317
v -0.693736 4.052865 0.973267
v -0.698880 4.062106 0.955540
v -0.713661 4.049019 0.977043
v -0.400085 3.486768 0.830582
v -0.391579 3.483916 0.824028
v -0.391030 3.474020 0.829047
v -0.399535 3.476872 0.835601
v -0.440004 3.416176 0.772816
v -0.441306 3.439633 0.760918
v -0.655408 3.328211 0.574170
v -0.633800 3.318929 0.552171
v -0.764777 3.333668 0.486708
v -0.755852 3.306303 0.476188
v -0.752556 3.326855 0.470161
v -0.768074 3.313116 0.492736
v -0.514036 3.328059 0.671258
v -0.515643 3.357013 0.656572
v -0.450735 3.431285 0.774635
v -0.430575 3.424524 0.759100
v -0.497678 3.383412 0.700590
v -0.480855 3.359727 0.697739
v -0.481876 3.378113 0.688413
v -0.496657 3.365026 0.709916
v -0.527282 3.346709 0.673503
v -0.502397 3.338364 0.654327
v -0.645438 3.308625 0.569102
v -0.643770 3.338516 0.557239
v -0.562067 3.323234 0.640505
v -0.546549 3.336973 0.617930
v -0.546023 3.317515 0.627250
v -0.562592 3.342693 0.631185
v -1.315928 3.625876 -0.003030
v -1.315613 3.618049 -0.010908
v -1.325324 3.614030 -0.007303
v -1.325638 3.621858 0.000575
v -1.301719 3.542636 0.049723
v -1.278703 3.552161 0.041179
v -1.135643 3.382638 0.250762
v -1.132107 3.357728 0.230663
v -1.031648 3.346946 0.337665
v -1.043000 3.318483 0.337195
v -1.027547 3.329000 0.326231
v -1.047100 3.336429 0.348629
v -1.254247 3.423276 0.133741
v -1.225837 3.435034 0.123194
v -1.290584 3.556675 0.054788
v -1.289838 3.538122 0.036114
v -1.248664 3.480472 0.103920
v -1.266121 3.458463 0.095980
v -1.248080 3.465930 0.089283
v -1.266705 3.473006 0.110617
v -1.240503 3.440605 0.139992
v -1.239582 3.417705 0.116943
v -1.146772 3.363300 0.247461
v -1.120978 3.377066 0.233964
v -1.218469 3.407374 0.175491
v -1.198916 3.399946 0.153094
v -1.217420 3.391773 0.160617
v -1.199965 3.415548 0.167968
v -0.840844 3.854559 0.751449
v -0.842586 3.856230 0.740604
v -0.852283 3.850857 0.741333
v -0.850542 3.849186 0.752177
v -0.832676 3.762739 0.713819
v -0.809691 3.775475 0.712091
v -0.728266 3.504089 0.631130
v -0.732698 3.507861 0.599177
v -0.679701 3.409799 0.591526
v -0.700243 3.399601 0.571198
v -0.682213 3.411570 0.570075
v -0.697731 3.397831 0.592649
v -0.793353 3.624583 0.659726
v -0.764982 3.640304 0.657594
v -0.819120 3.767126 0.725808
v -0.823247 3.771087 0.700102
v -0.783133 3.682646 0.686488
v -0.804384 3.675767 0.667694
v -0.786368 3.685750 0.666340
v -0.801149 3.672663 0.687843
v -0.776620 3.629999 0.674525
v -0.781714 3.634888 0.642796
v -0.744336 3.497556 0.616108
v -0.716628 3.514393 0.614200
v -0.770667 3.581360 0.654214
v -0.755149 3.595099 0.631639
v -0.773953 3.584433 0.633024
v -0.751864 3.592026 0.652829
v -0.901839 2.727928 0.587200
v -0.902174 2.717291 0.590390
v -0.893553 2.719053 0.597173
v -0.893218 2.729690 0.593983
v -0.782950 2.668519 0.536576
v -0.803385 2.664342 0.520500
v -0.572567 2.597695 0.284030
v -0.573176 2.557099 0.288144
v -0.531228 2.587826 0.146840
v -0.491844 2.558175 0.150990
v -0.525636 2.553480 0.143259
v -0.497436 2.592521 0.154571
v -0.632603 2.590317 0.444833
v -0.655109 2.582229 0.422216
v -0.792770 2.679037 0.524758
v -0.793564 2.653824 0.532319
v -0.693283 2.616265 0.452672
v -0.679060 2.600386 0.472018
v -0.694624 2.596623 0.458954
v -0.677719 2.620028 0.465736
v -0.641355 2.601270 0.427733
v -0.646648 2.570873 0.439200
v -0.555107 2.582114 0.295392
v -0.590345 2.573082 0.276898
v -0.611010 2.596040 0.395654
v -0.631416 2.567790 0.387469
v -0.615195 2.574317 0.402785
v -0.627230 2.589513 0.380339
v -0.878087 2.755254 0.433682
v -0.883021 2.753223 0.427325
v -0.881264 2.760454 0.423652
v -0.876331 2.762485 0.430009
v -0.829613 2.745129 0.378195
v -0.833776 2.727990 0.386902
v -0.645725 2.638775 0.293970
v -0.657470 2.631172 0.274404
v -0.565325 2.572273 0.285517
v -0.564353 2.577986 0.263372
v -0.571363 2.566097 0.271827
v -0.558315 2.584162 0.277061
v -0.750468 2.712070 0.302120
v -0.755608 2.690914 0.312867
v -0.825848 2.738966 0.390082
v -0.837541 2.734153 0.375015
v -0.777092 2.708766 0.342356
v -0.782994 2.718428 0.323722
v -0.786258 2.704993 0.330546
v -0.773829 2.722200 0.335532
v -0.745821 2.704463 0.316792
v -0.760255 2.698522 0.298194
v -0.647684 2.644721 0.278329
v -0.655511 2.625226 0.290044
v -0.713813 2.690557 0.297502
v -0.726861 2.672493 0.292268
v -0.722987 2.686320 0.284942
v -0.717687 2.676730 0.304828
v -0.037793 1.860306 0.030316
v -0.051561 1.817347 -0.019689
v -0.005733 1.774388 0.004599
v 0.008035 1.817347 0.054604
v 0.187417 2.144536 -0.150342
v 0.181596 2.115092 -0.193179
v 0.222150 2.085648 -0.178204
v 0.227971 2.115092 -0.135367
v 0.095331 1.957791 -0.116456
v 0.134362 1.957791 -0.067799
v 0.109172 2.010645 -0.047592
v 0.070141 2.010645 -0.096248
v 0.495383 2.528522 -0.397386
v 0.494939 2.512433 -0.430420
v 0.527091 2.496343 -0.422821
v 0.527534 2.512433 -0.389786
v 0.260837 2.153336 -0.243417
v 0.448021 2.360474 -0.330435
v 0.267866 2.194606 -0.180698
v 0.394876 2.391952 -0.345719
v 0.419752 2.360474 -0.365674
v 0.294202 2.153336 -0.201824
v 0.423145 2.391952 -0.310480
v 0.234501 2.194606 -0.222290
v 0.301275 2.235972 -0.285507
v 0.344062 2.235972 -0.232168
v 0.305354 2.261853 -0.244949
v 0.339983 2.210091 -0.272727
v 0.996921 3.665104 -0.799708
v 0.998959 3.662454 -0.819864
v 1.019077 3.659803 -0.817482
v 1.017039 3.662454 -0.797326
v 0.947510 3.335617 -0.738381
v 0.542457 2.573215 -0.411410
v 0.900386 3.341825 -0.743962
v 0.542700 2.551529 -0.459080
v 0.565872 2.551529 -0.430193
v 0.647790 2.711877 -0.494123
v 0.519285 2.573215 -0.440296
v 0.649809 2.692511 -0.546782
v 0.553997 2.614798 -0.444404
v 0.586389 2.586657 -0.470389
v 0.554455 2.600727 -0.477016
v 0.585931 2.600727 -0.437777
v 0.674721 2.692511 -0.515727
v 0.622878 2.711877 -0.525178
v 0.779987 2.877300 -0.598814
v 0.784795 2.864993 -0.656421
v 0.714437 2.821904 -0.573106
v 0.754060 2.799982 -0.604891
v 0.716840 2.810943 -0.610700
v 0.751657 2.810943 -0.567297
v 1.057684 2.676748 -0.563761
v 1.059288 2.657771 -0.584900
v 1.070346 2.638794 -0.566812
v 1.068742 2.657771 -0.545672
v 0.848725 2.604027 -0.496865
v 0.834741 2.635111 -0.526564
v 0.841193 2.604027 -0.528119
v 0.842273 2.635111 -0.495310
v 0.541488 2.569767 -0.463123
v 0.552317 2.569767 -0.418192
v 0.545307 2.592817 -0.440273
v 0.548498 2.546716 -0.441042
v 1.713379 3.092165 -0.721789
v 1.714598 3.082734 -0.732502
v 1.720564 3.073304 -0.723521
v 1.719345 3.082735 -0.712808
v 1.628545 3.001565 -0.688995
v 1.139418 2.686568 -0.568217
v 1.614404 3.023919 -0.710283
v 1.142986 2.658975 -0.599561
v 1.149929 2.658975 -0.570751
v 1.318210 2.811591 -0.611308
v 1.132475 2.686568 -0.597027
v 1.321777 2.783999 -0.642651
v 1.181212 2.724122 -0.593532
v 1.195227 2.687333 -0.596909
v 1.183590 2.705727 -0.614427
v 1.192848 2.705727 -0.576014
v 1.328721 2.783999 -0.613841
v 1.311266 2.811591 -0.640118
v 1.620030 3.023919 -0.686943
v 1.622920 3.001565 -0.712336
v 1.475766 2.929866 -0.664522
v 1.489115 2.894822 -0.667739
v 1.478031 2.912344 -0.684426
v 1.486849 2.912344 -0.647835
v 1.407615 3.124431 -1.129443
v 1.411586 3.114575 -1.132686
v 1.421624 3.117344 -1.128812
v 1.417653 3.127200 -1.125569
v 1.425329 3.078666 -1.042809
v 1.401536 3.072102 -1.051991
v 1.400404 2.948771 -0.786334
v 1.412022 2.919934 -0.795824
v 1.386915 2.860904 -0.644343
v 1.414238 2.847080 -0.643113
v 1.394660 2.841679 -0.650669
v 1.406493 2.866305 -0.636787
v 1.420897 2.938403 -0.785412
v 1.391529 2.930301 -0.796746
v 1.408726 3.087065 -1.043556
v 1.418139 3.063703 -1.051244
v 1.397823 3.016374 -0.929421
v 1.423850 3.003207 -0.928249
v 1.405201 2.998062 -0.935447
v 1.416472 3.021519 -0.922223
v 1.254556 2.507973 -0.186335
v 1.258661 2.500220 -0.193152
v 1.252621 2.492467 -0.187971
v 1.248516 2.500220 -0.181154
v 1.175246 2.483219 -0.241206
v 1.189563 2.501596 -0.253485
v 0.948383 2.564668 -0.429968
v 0.957616 2.544055 -0.452474
v 0.867494 2.643062 -0.513346
v 0.855794 2.617633 -0.523524
v 0.871798 2.630700 -0.530058
v 0.851490 2.629994 -0.506812
v 1.057153 2.468930 -0.338206
v 1.074825 2.491613 -0.353363
v 1.177540 2.501596 -0.239266
v 1.187269 2.483219 -0.255425
v 1.107643 2.498570 -0.310563
v 1.104047 2.469761 -0.313604
v 1.115269 2.484165 -0.323229
v 1.096421 2.484165 -0.300938
v 1.059984 2.491613 -0.335813
v 1.071994 2.468930 -0.355757
v 0.942710 2.543967 -0.434943
v 0.963550 2.565109 -0.447421
v 1.017080 2.497912 -0.367040
v 1.036933 2.498001 -0.390422
v 1.024624 2.483135 -0.380763
v 1.029389 2.512778 -0.376698
v 1.256506 3.074403 -0.611678
v 1.247436 3.076936 -0.617573
v 1.242047 3.079468 -0.608194
v 1.251117 3.076936 -0.602299
v 1.193516 3.001376 -0.586920
v 1.206289 2.995373 -0.609153
v 1.069529 2.740494 -0.553907
v 1.040607 2.747000 -0.572353
v 1.021539 2.638202 -0.555049
v 0.988053 2.645672 -0.546979
v 1.000667 2.641937 -0.568146
v 1.008925 2.641937 -0.533882
v 1.111822 2.873296 -0.564987
v 1.127589 2.865886 -0.592429
v 1.210652 2.995373 -0.591050
v 1.189153 3.001376 -0.605023
v 1.160369 2.909098 -0.588508
v 1.133505 2.918509 -0.582034
v 1.143517 2.913804 -0.599461
v 1.150357 2.913804 -0.571082
v 1.132974 2.865886 -0.570085
v 1.106437 2.873296 -0.587332
v 1.046396 2.747000 -0.548332
v 1.063740 2.740494 -0.577928
v 1.100021 2.826114 -0.557907
v 1.092706 2.826114 -0.588259
v 1.081932 2.830903 -0.569604
v 1.110795 2.821324 -0.576561
v 0.566711 3.062852 -0.907309
v 0.557261 3.043864 -0.926275
v 0.530504 3.049726 -0.918573
v 0.539955 3.068714 -0.899607
v 0.571825 2.908226 -0.735577
v 0.613922 2.901482 -0.750618
v 0.585614 2.888427 -0.756823
v 0.600133 2.921282 -0.729371
v 0.662226 2.690233 -0.533059
v 0.642404 2.718697 -0.502514
v 0.672212 2.716022 -0.515643
v 0.632418 2.692909 -0.519930
v 0.690246 3.673656 -1.396325
v 0.685440 3.664418 -1.406163
v 0.671946 3.667657 -1.402612
v 0.676752 3.676895 -1.392774
v 0.639145 3.580392 -1.324414
v 0.541723 3.123328 -0.957459
v 0.671131 3.572716 -1.332832
v 0.527663 3.096302 -0.986240
v 0.514953 3.114552 -0.966655
v 0.585271 3.296248 -1.090336
v 0.554433 3.105077 -0.977044
v 0.571210 3.269222 -1.119117
v 0.564057 3.161181 -1.000659
v 0.528363 3.149480 -1.012920
v 0.554684 3.143163 -1.019847
v 0.537737 3.167498 -0.993733
v 0.558500 3.287472 -1.099532
v 0.597981 3.277997 -1.109921
v 0.660834 3.587502 -1.316965
v 0.649442 3.565606 -1.340282
v 0.635608 3.445936 -1.219579
v 0.601608 3.434791 -1.231258
v 0.626680 3.428774 -1.237856
v 0.610537 3.451953 -1.212982
v 0.901283 3.782604 -1.360896
v 0.898086 3.777821 -1.370400
v 0.888150 3.782714 -1.369520
v 0.891347 3.787497 -1.360016
v 0.832838 3.717127 -1.330210
v 0.856389 3.705530 -1.332296
v 0.695331 3.494449 -1.208640
v 0.685977 3.480453 -1.236447
v 0.616307 3.358575 -1.150697
v 0.590691 3.358787 -1.167518
v 0.610070 3.349245 -1.169234
v 0.596927 3.368118 -1.148981
v 0.676119 3.494609 -1.221257
v 0.705189 3.480294 -1.223830
v 0.848403 3.716998 -1.319989
v 0.840824 3.705659 -1.342517
v 0.784921 3.607704 -1.273427
v 0.760521 3.607907 -1.289451
v 0.778981 3.598817 -1.291085
v 0.766461 3.616795 -1.271793
v 0.135842 3.185870 -0.757753
v 0.134537 3.184743 -0.768728
v 0.128540 3.175539 -0.767071
v 0.129845 3.176666 -0.756095
v 0.190145 3.104857 -0.777801
v 0.204361 3.126673 -0.781730
v 0.458478 2.958158 -0.769210
v 0.458675 2.953030 -0.801001
v 0.594851 2.933042 -0.748905
v 0.591314 2.908009 -0.766225
v 0.597659 2.928403 -0.769885
v 0.588506 2.912648 -0.745244
v 0.295262 2.996457 -0.805350
v 0.312810 3.023385 -0.810200
v 0.198799 3.117100 -0.766758
v 0.195706 3.114430 -0.792773
v 0.274107 3.055607 -0.789681
v 0.260539 3.036415 -0.806993
v 0.271682 3.053514 -0.810073
v 0.262964 3.038507 -0.786601
v 0.305945 3.011569 -0.791719
v 0.302127 3.008273 -0.823831
v 0.451810 2.941214 -0.782521
v 0.465343 2.969974 -0.787691
v 0.348111 2.978833 -0.792223
v 0.357264 2.994587 -0.816864
v 0.346235 2.976330 -0.813577
v 0.359141 2.997090 -0.795510
v 0.837182 3.386612 -1.048927
v 0.845160 3.378895 -1.048445
v 0.846399 3.380854 -1.037579
v 0.838421 3.388571 -1.038061
v 0.809128 3.288263 -1.007724
v 0.806190 3.283619 -1.033479
v 0.632464 3.074473 -0.919847
v 0.654857 3.051005 -0.918224
v 0.547927 3.019680 -0.879268
v 0.563378 3.006077 -0.856565
v 0.562224 3.003442 -0.878043
v 0.549081 3.022315 -0.857789
v 0.748722 3.136941 -0.964382
v 0.745097 3.131209 -0.996172
v 0.798204 3.295087 -1.021172
v 0.817114 3.276795 -1.020030
v 0.761155 3.188128 -1.005960
v 0.778280 3.177431 -0.984878
v 0.775977 3.173790 -1.005065
v 0.763458 3.191769 -0.985773
v 0.735239 3.145364 -0.980982
v 0.758580 3.122786 -0.979573
v 0.645000 3.065160 -0.903034
v 0.642322 3.060318 -0.935037
v 0.706905 3.114939 -0.949779
v 0.720049 3.096066 -0.970032
v 0.722308 3.099740 -0.948804
v 0.704646 3.111267 -0.971008
v 0.811030 2.864993 -0.623716
v 0.753752 2.877300 -0.631518
v 0.921561 3.341825 -0.717565
v 0.926335 3.335617 -0.764778
v 0.812480 3.011614 -0.651754
v 0.852570 3.000396 -0.683913
v 0.816017 3.006005 -0.688412
v 0.849033 3.006005 -0.647255
v 0.341900 3.531191 0.365691
v 0.376309 3.516008 0.362957
v 0.372100 3.500825 0.397216
v 0.337692 3.516008 0.399951
v 0.204126 3.282028 0.252667
v 0.213139 3.310055 0.200484
v 0.234893 3.282028 0.223193
v 0.182372 3.310055 0.229958
v 0.033487 3.005211 -0.000528
v -0.010745 3.005211 0.041844
v -0.002335 3.028564 0.006350
v 0.025077 2.981857 0.034966
v 0.492789 4.473904 0.774123
v 0.510326 4.466718 0.773025
v 0.508476 4.459532 0.790499
v 0.490939 4.466718 0.791597
v 0.463737 4.306426 0.766795
v 0.381925 3.604757 0.435860
v 0.468122 4.323459 0.725376
v 0.433235 3.583733 0.432646
v 0.404874 3.583733 0.459815
v 0.388807 3.867608 0.568505
v 0.410286 3.604757 0.408691
v 0.440117 3.846585 0.565292
v 0.394844 3.677660 0.452324
v 0.425443 3.649629 0.484265
v 0.429051 3.663645 0.450182
v 0.391236 3.663645 0.486407
v 0.411756 3.846585 0.592461
v 0.417168 3.867608 0.541336
v 0.445145 4.323459 0.747387
v 0.486714 4.306426 0.744784
v 0.415354 4.112648 0.661925
v 0.444500 4.085946 0.692350
v 0.447937 4.099298 0.659885
v 0.411917 4.099298 0.694391
v 0.681524 4.567141 0.318002
v 0.694965 4.561278 0.319335
v 0.694677 4.563910 0.333819
v 0.681236 4.569772 0.332487
v 0.657760 4.455765 0.384657
v 0.658442 4.449528 0.350325
v 0.500963 4.170317 0.531299
v 0.540287 4.153166 0.535197
v 0.410322 4.024494 0.628140
v 0.435976 4.018192 0.658989
v 0.436538 4.013060 0.630738
v 0.409759 4.029626 0.656391
v 0.520203 4.165591 0.554436
v 0.521046 4.157892 0.512059
v 0.642172 4.459593 0.365912
v 0.674031 4.445698 0.369070
v 0.591514 4.307668 0.421957
v 0.615951 4.301665 0.451343
v 0.616486 4.296777 0.424433
v 0.590979 4.312556 0.448867
v 0.603063 3.839413 -0.034081
v 0.608772 3.830746 -0.044525
v 0.620267 3.827810 -0.035805
v 0.614558 3.836478 -0.025361
v 0.591267 3.719123 0.018865
v 0.564020 3.726081 -0.001804
v 0.358046 3.428816 0.179247
v 0.370998 3.399579 0.150983
v 0.207059 3.336644 0.235850
v 0.230611 3.303669 0.238602
v 0.213193 3.314566 0.218536
v 0.224477 3.325746 0.255916
v 0.538062 3.537120 0.092506
v 0.504430 3.545708 0.066993
v 0.570877 3.732874 0.020908
v 0.584411 3.712329 -0.003847
v 0.524881 3.614077 0.056919
v 0.556846 3.592520 0.053716
v 0.535489 3.597973 0.037515
v 0.546238 3.608623 0.073120
v 0.512894 3.554093 0.095028
v 0.529598 3.528735 0.064472
v 0.379462 3.407964 0.179018
v 0.349583 3.420431 0.151212
v 0.482189 3.498613 0.126408
v 0.470904 3.487433 0.089029
v 0.492700 3.481061 0.106419
v 0.460394 3.504985 0.109017
v 0.071114 3.966054 0.688516
v 0.058983 3.962361 0.681032
v 0.056232 3.951665 0.690770
v 0.068362 3.955357 0.698254
v 0.103215 3.848405 0.638113
v 0.109738 3.873757 0.615032
v 0.272763 3.568021 0.435155
v 0.238277 3.556170 0.412286
v 0.333713 3.466787 0.342491
v 0.306354 3.436785 0.344322
v 0.311392 3.458189 0.326597
v 0.328675 3.445383 0.360216
v 0.173125 3.686018 0.537506
v 0.181176 3.717311 0.509016
v 0.120853 3.865458 0.635443
v 0.092100 3.856704 0.617703
v 0.166506 3.769408 0.556605
v 0.138856 3.742675 0.560792
v 0.143968 3.762547 0.542700
v 0.161393 3.749536 0.574697
v 0.194896 3.707067 0.534209
v 0.159406 3.696262 0.512313
v 0.251365 3.546459 0.437497
v 0.259169 3.578159 0.409959
v 0.212596 3.645499 0.505565
v 0.194429 3.659052 0.471970
v 0.189103 3.638122 0.490805
v 0.217922 3.666430 0.486730
v -0.341499 4.114552 -0.331182
v -0.375823 4.099370 -0.327541
v -0.372519 4.084188 -0.361899
v -0.338195 4.099370 -0.365540
v -0.200791 3.865390 -0.221830
v -0.208425 3.893417 -0.169428
v -0.230770 3.865390 -0.191555
v -0.178446 3.893417 -0.199703
v -0.023533 3.588573 0.026776
v 0.019565 3.588573 -0.016748
v 0.012095 3.611926 0.018955
v -0.016063 3.565219 -0.008927
v -0.503107 5.057265 -0.735492
v -0.520610 5.050079 -0.733932
v -0.519221 5.042893 -0.751448
v -0.501719 5.050079 -0.753009
v -0.473872 4.889789 -0.728932
v -0.383360 4.188119 -0.400270
v -0.477163 4.906820 -0.687412
v -0.434567 4.167095 -0.395705
v -0.406933 4.167095 -0.423612
v -0.393739 4.450971 -0.532688
v -0.410995 4.188119 -0.372363
v -0.444946 4.429947 -0.528123
v -0.396709 4.261023 -0.416388
v -0.428139 4.232991 -0.447511
v -0.430847 4.247006 -0.413344
v -0.394001 4.247006 -0.450554
v -0.417311 4.429947 -0.556030
v -0.421373 4.450971 -0.504780
v -0.454775 4.906820 -0.710022
v -0.496261 4.889789 -0.706323
v -0.422740 4.696011 -0.625376
v -0.452679 4.669309 -0.655021
v -0.455258 4.682659 -0.622477
v -0.420161 4.682660 -0.657920
v -0.679747 5.150503 -0.274552
v -0.693218 5.144641 -0.275530
v -0.693312 5.147272 -0.290017
v -0.679841 5.153134 -0.289039
v -0.657748 5.039126 -0.341810
v -0.657525 5.032890 -0.307472
v -0.504874 4.753679 -0.492536
v -0.544287 4.736528 -0.495396
v -0.416818 4.607857 -0.591734
v -0.443277 4.601555 -0.621896
v -0.443094 4.596422 -0.593641
v -0.417001 4.612988 -0.619990
v -0.524718 4.748953 -0.515158
v -0.524443 4.741255 -0.472774
v -0.641671 5.042955 -0.323483
v -0.673603 5.029060 -0.325799
v -0.592509 4.891030 -0.380845
v -0.617713 4.885028 -0.409576
v -0.617538 4.880139 -0.382661
v -0.592684 4.895919 -0.407760
v -0.592026 4.422776 0.075340
v -0.597458 4.414108 0.085931
v -0.609179 4.411173 0.077517
v -0.603747 4.419840 0.066926
v -0.581631 4.302485 0.022101
v -0.553849 4.309443 0.042044
v -0.352722 4.012178 -0.144376
v -0.364924 3.982942 -0.115781
v -0.203280 3.920006 -0.204942
v -0.226896 3.887031 -0.207072
v -0.208954 3.897928 -0.187473
v -0.221221 3.909108 -0.224541
v -0.530387 4.120482 -0.052918
v -0.496094 4.129070 -0.028301
v -0.561302 4.316236 0.019521
v -0.574178 4.295691 0.044624
v -0.516272 4.197439 -0.017691
v -0.548141 4.175881 -0.013646
v -0.526364 4.181335 0.001986
v -0.538049 4.191985 -0.033323
v -0.505294 4.137455 -0.056102
v -0.521187 4.112097 -0.025116
v -0.374124 3.991327 -0.143583
v -0.343521 4.003794 -0.116575
v -0.475428 4.081975 -0.088281
v -0.463161 4.070795 -0.051213
v -0.485408 4.064423 -0.068022
v -0.453181 4.088347 -0.071472
v -0.079321 4.549416 -0.661037
v -0.066997 4.545723 -0.653875
v -0.064503 4.535027 -0.663682
v -0.076827 4.538720 -0.670843
v -0.110082 4.431767 -0.609805
v -0.115993 4.457120 -0.586560
v -0.274217 4.151383 -0.402445
v -0.239140 4.139533 -0.380494
v -0.332702 4.050149 -0.308205
v -0.305401 4.020147 -0.310757
v -0.309970 4.041552 -0.292905
v -0.328134 4.028746 -0.326057
v -0.177314 4.269381 -0.507388
v -0.184610 4.300673 -0.478696
v -0.127643 4.448820 -0.606670
v -0.098432 4.440067 -0.589695
v -0.171200 4.352770 -0.526655
v -0.143671 4.326037 -0.531570
v -0.148304 4.345909 -0.513349
v -0.166567 4.332898 -0.544875
v -0.198990 4.290429 -0.503518
v -0.162934 4.279624 -0.482565
v -0.252889 4.129822 -0.405351
v -0.259964 4.161522 -0.377616
v -0.215929 4.228862 -0.474417
v -0.196882 4.242414 -0.441313
v -0.192055 4.221484 -0.460282
v -0.220756 4.249792 -0.455448
v -0.122303 -0.014189 0.122310
v -0.090897 0.808999 0.096410
v -0.122303 -0.014189 -0.122310
v -0.090720 0.810120 -0.096042
v 0.122307 -0.014090 0.122299
v 0.101090 0.810425 0.095797
v 0.122307 -0.014090 -0.122299
v 0.100904 0.811504 -0.095407
v -0.109739 0.230719 0.110538
v -0.109725 0.230777 -0.110566
v 0.111554 0.229094 -0.110770
v 0.111568 0.229038 0.110742
v -0.075794 2.076545 0.075687
v -0.076274 2.079255 -0.042185
v 0.042547 2.079417 -0.042604
v 0.042054 2.076658 0.076093
v -0.016302 4.238667 0.014388
v -0.016299 4.238643 -0.014402
v 0.012505 4.238239 -0.014423
v 0.012508 4.238265 0.014409
v 0.020446 3.886879 -0.026220
v 0.020466 3.887074 0.027432
v -0.033120 3.887595 0.027354
v -0.033102 3.887397 -0.026144
v -0.084399 1.613752 0.077189
v -0.083924 1.618687 -0.068792
v 0.062088 1.617510 0.077167
v 0.061524 1.622289 -0.068671
v 0.036745 2.861542 0.044494
v -0.039562 2.861879 -0.031811
v 0.036793 2.861238 -0.031758
v -0.039512 2.862225 0.044546
v -0.035706 2.270467 0.038812
v -0.054329 2.270467 -0.023792
v 0.014785 2.309083 0.023792
v -0.003839 2.309083 -0.038812
v -0.406385 2.442075 0.140492
v -0.419108 2.442096 0.097766
v -0.376634 2.473886 0.131649
v -0.389356 2.473906 0.088923
v -0.842242 3.025194 0.267297
v -0.852976 3.025215 0.231257
v -0.818035 3.053060 0.260104
v -0.828770 3.053081 0.224063
v -0.526354 2.619429 0.131942
v -0.514638 2.619406 0.171279
v -0.541058 2.588992 0.179130
v -0.552774 2.589015 0.139793
v -1.254498 3.707148 0.464647
v -1.258680 3.710138 0.447386
v -1.237314 3.711295 0.461202
v -1.241496 3.714285 0.443942
v -0.905949 3.171116 0.292166
v -0.930756 3.146152 0.299156
v -0.940967 3.146857 0.264134
v -0.916160 3.171821 0.257144
v -1.102602 3.464452 0.392417
v -1.139413 3.459264 0.367845
v -1.131729 3.454711 0.398544
v -1.110287 3.469004 0.361718
v -0.687583 3.448246 0.630050
v -0.672259 3.461814 0.607757
v -0.663172 3.432069 0.636984
v -0.647848 3.445637 0.614691
v -0.874788 3.110882 0.251963
v -0.892340 3.095341 0.277497
v -0.916912 3.119703 0.275433
v -0.899360 3.135243 0.249899
v -0.602893 4.072312 1.058489
v -0.594731 4.079538 1.046617
v -0.589629 4.064150 1.062639
v -0.581468 4.071376 1.050766
v -0.626258 3.532305 0.722939
v -0.650646 3.547313 0.715309
v -0.635640 3.560600 0.693480
v -0.611252 3.545591 0.701110
v -0.601913 3.837557 0.924505
v -0.610849 3.864509 0.896444
v -0.625143 3.851853 0.917237
v -0.587619 3.850213 0.903711
v -0.772318 4.236898 1.039742
v -0.765988 4.242503 1.030534
v -0.761582 4.234589 1.045716
v -0.755253 4.240192 1.036508
v -0.615148 3.757766 0.863285
v -0.634886 3.762014 0.852302
v -0.623248 3.772318 0.835371
v -0.603509 3.768071 0.846354
v -0.702413 4.048632 0.979587
v -0.710129 4.062493 0.952997
v -0.721215 4.052678 0.969125
v -0.691327 4.058447 0.963459
v -0.414016 3.469055 0.818709
v -0.407686 3.474659 0.809501
v -0.406812 3.458913 0.817488
v -0.400482 3.464517 0.808280
v -0.762787 3.304571 0.485969
v -0.769481 3.325095 0.493859
v -0.757843 3.335400 0.476928
v -0.751149 3.314876 0.469038
v -0.488501 3.357780 0.706159
v -0.490032 3.385359 0.692170
v -0.501118 3.375544 0.708297
v -0.477415 3.367595 0.690032
v -0.566340 3.334394 0.639158
v -0.542275 3.325814 0.619277
v -0.553913 3.315510 0.636208
v -0.554702 3.344698 0.622228
v -1.312991 3.607371 0.014225
v -1.305015 3.604340 0.005089
v -1.320466 3.597946 0.010825
v -1.312490 3.594915 0.001689
v -1.048913 3.324827 0.345653
v -1.040400 3.346174 0.346005
v -1.025734 3.340602 0.329207
v -1.034248 3.319255 0.328855
v -1.270923 3.463868 0.104973
v -1.243862 3.475067 0.094927
v -1.257831 3.480375 0.110928
v -1.256954 3.458561 0.088972
v -1.209480 3.415361 0.175449
v -1.207905 3.391958 0.153136
v -1.222570 3.397530 0.169935
v -1.194815 3.409790 0.158650
v -0.838598 3.829704 0.746350
v -0.832268 3.835309 0.737142
v -0.847699 3.826759 0.738302
v -0.841369 3.832363 0.729094
v -0.703495 3.395724 0.582205
v -0.688088 3.403372 0.597450
v -0.676450 3.413677 0.580520
v -0.691857 3.406028 0.565274
v -0.807271 3.671720 0.678107
v -0.780246 3.686694 0.676075
v -0.791333 3.676878 0.692203
v -0.796185 3.681535 0.661980
v -0.760444 3.585924 0.658819
v -0.765372 3.590534 0.627034
v -0.777011 3.580230 0.643965
v -0.748806 3.596229 0.641888
v -0.870329 2.717160 0.573147
v -0.877455 2.707295 0.570289
v -0.863737 2.710100 0.581081
v -0.870862 2.700235 0.578223
v -0.486192 2.576522 0.154713
v -0.515730 2.598759 0.151601
v -0.536880 2.569479 0.143117
v -0.507342 2.547241 0.146229
v -0.674480 2.611173 0.472150
v -0.697827 2.605529 0.452555
v -0.685184 2.623032 0.457626
v -0.687196 2.593569 0.467049
v -0.618183 2.598056 0.386170
v -0.624461 2.565471 0.396865
v -0.608939 2.586961 0.403092
v -0.633269 2.577170 0.380119
v -0.863311 2.753949 0.421768
v -0.868634 2.746580 0.419633
v -0.865839 2.758086 0.413788
v -0.871161 2.750718 0.411653
v -0.559581 2.584047 0.268103
v -0.560311 2.579761 0.284711
v -0.570097 2.566213 0.280786
v -0.569368 2.570498 0.264177
v -0.777595 2.723672 0.327921
v -0.782491 2.703521 0.338157
v -0.773169 2.716426 0.341897
v -0.786917 2.710767 0.324181
v -0.713456 2.684703 0.304305
v -0.727217 2.678347 0.285465
v -0.717431 2.691895 0.289390
v -0.723243 2.671155 0.300379
v -0.011437 1.849566 0.054962
v -0.056134 1.849566 -0.000758
v 0.012608 1.785127 0.035674
v -0.032089 1.785127 -0.020046
v 0.209149 2.137175 -0.132146
v 0.174368 2.137175 -0.175504
v 0.235199 2.093009 -0.153042
v 0.200418 2.093009 -0.196401
v 0.511570 2.524500 -0.385327
v 0.487123 2.524500 -0.415802
v 0.535350 2.500365 -0.404404
v 0.510904 2.500365 -0.434879
v 0.319609 2.216561 -0.289257
v 0.351700 2.216561 -0.249252
v 0.325728 2.255383 -0.228419
v 0.293638 2.255383 -0.268423
v 0.984595 3.580620 -0.775162
v 0.970286 3.580620 -0.793001
v 1.002131 3.576426 -0.789229
v 0.987821 3.576426 -0.807067
v 0.594144 2.590174 -0.452426
v 0.569849 2.611281 -0.432938
v 0.546242 2.611281 -0.462366
v 0.570537 2.590174 -0.481855
v 0.762164 2.802723 -0.584642
v 0.706334 2.819164 -0.593355
v 0.732446 2.819164 -0.560803
v 0.736051 2.802723 -0.617194
v 1.062812 2.672004 -0.549431
v 1.055722 2.672004 -0.578852
v 1.072309 2.643538 -0.551720
v 1.065218 2.643538 -0.581141
v 0.544039 2.552479 -0.457795
v 0.552160 2.552479 -0.424097
v 0.549767 2.587055 -0.423520
v 0.541645 2.587055 -0.457218
v 1.691243 3.072092 -0.708165
v 1.687467 3.072092 -0.723833
v 1.696959 3.057085 -0.709542
v 1.693183 3.057085 -0.725211
v 1.196947 2.691931 -0.582082
v 1.186436 2.719524 -0.579549
v 1.179492 2.719524 -0.608359
v 1.190003 2.691931 -0.610892
v 1.490753 2.899202 -0.653616
v 1.474127 2.925485 -0.678645
v 1.480741 2.925485 -0.651203
v 1.484139 2.899202 -0.681058
v 1.411153 3.116932 -1.105358
v 1.406326 3.106887 -1.111021
v 1.422298 3.111293 -1.104856
v 1.417471 3.101249 -1.110519
v 1.415261 2.858043 -0.638061
v 1.394768 2.868410 -0.638983
v 1.385893 2.849941 -0.649395
v 1.406386 2.839574 -0.648472
v 1.424823 3.013649 -0.923436
v 1.396849 3.005932 -0.934233
v 1.405303 3.023524 -0.924315
v 1.416369 2.996056 -0.933354
v 1.231868 2.504363 -0.197335
v 1.239939 2.504363 -0.206880
v 1.230328 2.492027 -0.198637
v 1.238399 2.492027 -0.208182
v 0.849771 2.620723 -0.513496
v 0.858286 2.639441 -0.505940
v 0.873777 2.640325 -0.523297
v 0.864742 2.620899 -0.531008
v 1.097428 2.473362 -0.304865
v 1.114261 2.494969 -0.319302
v 1.100125 2.494969 -0.302584
v 1.111565 2.473362 -0.321583
v 1.021333 2.509017 -0.368443
v 1.032648 2.486851 -0.389028
v 1.017791 2.486830 -0.371482
v 1.036255 2.509128 -0.385969
v 1.243692 3.054553 -0.602161
v 1.240763 3.054553 -0.614313
v 1.232188 3.058583 -0.599388
v 1.229259 3.058583 -0.611541
v 0.995335 2.644738 -0.535138
v 1.020450 2.639136 -0.541191
v 1.014257 2.639136 -0.566889
v 0.989142 2.644738 -0.560837
v 1.139428 2.917333 -0.572201
v 1.154446 2.910275 -0.598341
v 1.159576 2.910275 -0.577057
v 1.134299 2.917333 -0.593485
v 1.109930 2.822522 -0.564309
v 1.082797 2.829705 -0.581856
v 1.088283 2.829705 -0.559092
v 1.104444 2.822522 -0.587073
v 0.555695 3.070531 -0.898716
v 0.568675 3.051893 -0.918717
v 0.528540 3.060686 -0.907165
v 0.541520 3.042048 -0.927165
v 0.644826 2.685124 -0.530848
v 0.629959 2.706472 -0.507940
v 0.659804 2.723806 -0.504725
v 0.674671 2.702459 -0.527633
v 0.678190 3.653609 -1.373275
v 0.685102 3.643683 -1.383927
v 0.663630 3.648836 -1.378276
v 0.670543 3.638910 -1.388928
v 0.526470 3.160068 -1.001595
v 0.553241 3.168844 -0.992399
v 0.565951 3.150592 -1.011984
v 0.539180 3.141817 -1.021180
v 0.599805 3.444876 -1.220471
v 0.637412 3.435851 -1.230367
v 0.625305 3.453235 -1.211711
v 0.611912 3.427492 -1.239126
v 0.884271 3.767972 -1.348844
v 0.889632 3.760273 -1.357105
v 0.873822 3.768059 -1.355705
v 0.879183 3.760360 -1.363966
v 0.588964 3.365838 -1.157820
v 0.608176 3.365679 -1.145204
v 0.618034 3.351524 -1.160394
v 0.598821 3.351683 -1.173010
v 0.758876 3.614624 -1.280213
v 0.786566 3.600988 -1.282665
v 0.777176 3.614471 -1.268196
v 0.768266 3.601140 -1.294682
v 0.150097 3.164765 -0.758179
v 0.153831 3.171191 -0.768230
v 0.144287 3.156546 -0.765592
v 0.148021 3.162972 -0.775643
v 0.588324 2.905230 -0.754820
v 0.590977 2.924005 -0.741830
v 0.597842 2.935821 -0.760310
v 0.595188 2.917046 -0.773300
v 0.258966 3.033186 -0.796027
v 0.275681 3.058836 -0.800647
v 0.269142 3.047581 -0.783043
v 0.265505 3.044441 -0.813630
v 0.354095 2.988587 -0.788528
v 0.351281 2.984834 -0.820559
v 0.344416 2.973017 -0.802078
v 0.360960 3.000403 -0.807009
v 0.826594 3.364519 -1.037764
v 0.831955 3.356821 -1.046025
v 0.833928 3.359938 -1.028736
v 0.839289 3.352240 -1.036997
v 0.556517 3.014855 -0.851807
v 0.544930 3.025057 -0.868835
v 0.554787 3.010902 -0.884025
v 0.566375 3.000700 -0.866997
v 0.771444 3.185510 -0.980279
v 0.767991 3.180049 -1.010560
v 0.758601 3.193533 -0.996090
v 0.780834 3.172027 -0.994748
v 0.701925 3.116903 -0.960637
v 0.725029 3.094103 -0.959174
v 0.715171 3.108258 -0.943984
v 0.711783 3.102748 -0.975827
v 0.859940 3.001798 -0.664459
v 0.805111 3.010212 -0.671208
v 0.829872 3.010212 -0.640340
v 0.835178 3.001798 -0.695327
v 0.331194 3.527395 0.383504
v 0.360156 3.527395 0.355759
v 0.353844 3.504621 0.407148
v 0.382806 3.504621 0.379403
v 0.038237 2.987696 0.015499
v 0.005064 2.987696 0.047278
v -0.015495 3.022726 0.025817
v 0.017678 3.022726 -0.005962
v 0.477683 4.433085 0.773793
v 0.493107 4.433085 0.759017
v 0.490164 4.421652 0.786822
v 0.505588 4.421652 0.772045
v 0.407437 3.653133 0.493857
v 0.384489 3.674156 0.469901
v 0.412850 3.674156 0.442732
v 0.435798 3.653133 0.466688
v 0.427350 4.089284 0.701487
v 0.432505 4.109310 0.652789
v 0.405490 4.109310 0.678668
v 0.454365 4.089284 0.675608
v 0.669630 4.540924 0.335631
v 0.680552 4.534167 0.325167
v 0.680094 4.538354 0.348215
v 0.691017 4.531596 0.337751
v 0.422727 4.025192 0.664753
v 0.403486 4.029919 0.641616
v 0.423570 4.017494 0.622376
v 0.442811 4.012768 0.645513
v 0.603331 4.308333 0.456833
v 0.604133 4.301001 0.416467
v 0.585003 4.312835 0.434793
v 0.622461 4.296498 0.438507
v 0.598302 3.811727 -0.015363
v 0.593699 3.807167 -0.030610
v 0.611990 3.802496 -0.016735
v 0.607387 3.797936 -0.031981
v 0.231899 3.311983 0.252275
v 0.214235 3.336715 0.250211
v 0.205772 3.328329 0.222177
v 0.223435 3.303599 0.224241
v 0.556882 3.599208 0.067469
v 0.524846 3.607389 0.043167
v 0.532908 3.615375 0.069871
v 0.548820 3.591221 0.040765
v 0.468664 3.506186 0.122710
v 0.484430 3.479859 0.092727
v 0.492894 3.488244 0.120761
v 0.460200 3.497802 0.094675
v 0.084421 3.936448 0.679246
v 0.076959 3.942019 0.665544
v 0.072581 3.925000 0.681039
v 0.065119 3.930571 0.667337
v 0.316003 3.435946 0.356708
v 0.337027 3.458021 0.355320
v 0.323559 3.468053 0.330120
v 0.303545 3.445124 0.331479
v 0.148846 3.741137 0.572267
v 0.156515 3.770945 0.545130
v 0.169584 3.761187 0.569127
v 0.135778 3.750895 0.548270
v 0.221164 3.657783 0.499836
v 0.185925 3.646716 0.477697
v 0.199487 3.636605 0.502894
v 0.207476 3.668000 0.474642
v -0.331266 4.110757 -0.349271
v -0.359487 4.110757 -0.320772
v -0.354531 4.087983 -0.372309
v -0.382752 4.087983 -0.343810
v -0.028705 3.571058 0.010879
v 0.003619 3.571058 -0.021763
v 0.024737 3.606087 -0.000851
v -0.007587 3.606087 0.031791
v -0.487998 5.016448 -0.735561
v -0.503027 5.016448 -0.720383
v -0.500818 5.005014 -0.748255
v -0.515847 5.005014 -0.733078
v -0.410393 4.236495 -0.457574
v -0.386821 4.257519 -0.434232
v -0.414455 4.257519 -0.406325
v -0.438028 4.236495 -0.429667
v -0.435775 4.672647 -0.664607
v -0.439644 4.692673 -0.615790
v -0.413321 4.692673 -0.642373
v -0.462098 4.672647 -0.638024
v -0.668321 5.124287 -0.292488
v -0.678964 5.117530 -0.281740
v -0.679114 5.121716 -0.304791
v -0.689757 5.114959 -0.294043
v -0.430185 4.608555 -0.628007
v -0.410341 4.613281 -0.605386
v -0.429910 4.600857 -0.585624
v -0.449754 4.596130 -0.608245
v -0.605242 4.891696 -0.415396
v -0.604980 4.884363 -0.375024
v -0.586339 4.896197 -0.393848
v -0.623882 4.879861 -0.396572
v -0.587761 4.395090 0.056503
v -0.582757 4.390530 0.071623
v -0.601408 4.385859 0.058235
v -0.596405 4.381298 0.073355
v -0.228544 3.895346 -0.220707
v -0.210832 3.920076 -0.219109
v -0.201632 3.911691 -0.191308
v -0.219344 3.886961 -0.192905
v -0.548539 4.182570 -0.027393
v -0.515874 4.190751 -0.003944
v -0.524637 4.198738 -0.030426
v -0.539776 4.174582 -0.000911
v -0.461809 4.089549 -0.084941
v -0.476779 4.063221 -0.054553
v -0.485979 4.071606 -0.082354
v -0.452609 4.081164 -0.057140
v -0.092379 4.519810 -0.651419
v -0.084558 4.525381 -0.637918
v -0.080590 4.508362 -0.653523
v -0.072770 4.513933 -0.640023
v -0.315373 4.019309 -0.322884
v -0.336353 4.041384 -0.320943
v -0.322226 4.051414 -0.296106
v -0.302254 4.028486 -0.297993
v -0.153960 4.324500 -0.542778
v -0.160911 4.354308 -0.515447
v -0.174608 4.344549 -0.539092
v -0.140263 4.334258 -0.519133
v -0.224342 4.241145 -0.468465
v -0.188531 4.230079 -0.447262
v -0.202753 4.219968 -0.472093
v -0.209994 4.251363 -0.443640
v -0.371708 3.486864 0.311037
v -0.130922 3.669302 0.694093
v -0.717279 3.315652 0.609804
v -0.476492 3.498089 0.992860
v -0.887159 3.224256 0.672815
v -0.585854 3.383211 1.022017
v -1.142451 3.638771 0.704407
v -0.841145 3.797724 1.053608
v -0.581419 3.726802 0.798926
v -0.794715 3.390779 0.516815
v -1.006481 3.807336 1.024380
v -1.219778 3.471312 0.742269
v -0.223312 3.354627 0.347642
v -0.549256 3.435116 0.701584
v -0.026831 2.993769 0.610644
v -0.352776 3.074258 0.964587
v -1.071547 3.364096 0.567067
v -1.207160 2.912068 0.690656
v -1.020622 3.477778 1.038740
v -1.156235 3.025752 1.162332
v -1.174279 3.413619 0.518100
v -1.478647 3.435794 0.137492
v -0.805711 3.306148 0.217096
v -1.110081 3.328326 -0.163510
v -0.745795 3.201917 1.094022
v -0.912210 3.141707 0.639407
v -1.142988 3.462564 1.204896
v -1.309404 3.402355 0.750282
v -1.388585 3.565456 0.034813
v -0.993165 3.776775 0.227119
v -1.231432 3.130385 0.189763
v -0.836012 3.341704 0.382068
v -1.509060 3.314028 0.872256
v -1.251346 3.696653 0.713585
v -1.106984 3.038032 0.859758
v -0.849272 3.420658 0.701087
v -1.077439 3.667994 0.398416
v -1.159975 3.722898 -0.079252
v -0.793390 3.282523 0.305027
v -0.875926 3.337427 -0.172641
v -0.724656 3.727513 0.886480
v -0.857768 3.521336 0.464856
v -1.154794 3.605773 1.081812
v -1.287907 3.399597 0.660188
v -0.694304 3.667201 0.789473
v -0.912618 3.495096 0.388584
v -1.126995 3.695302 1.013041
v -1.345309 3.523198 0.612151
v -1.098056 3.457779 0.726375
v -1.099559 3.592649 0.257545
v -1.366749 3.066237 0.614601
v -1.368251 3.201108 0.145770
v -1.125600 3.216463 0.844517
v -0.973860 3.231983 0.381129
v -1.476655 3.538804 0.740360
v -1.324917 3.554326 0.276971
v -0.884145 3.925134 0.353471
v -1.149266 3.839514 -0.046996
v -0.573138 3.572676 0.222932
v -0.838257 3.487056 -0.177536
v -0.946567 3.949459 0.160805
v -0.592798 3.630812 0.267131
v -1.089952 3.666575 -0.209887
v -0.736184 3.347928 -0.103561
v -1.273241 3.188608 0.763067
v -0.828829 3.389685 0.755284
v -1.470832 3.621098 0.653963
v -1.026421 3.822174 0.646180
v -1.022516 3.940974 0.718359
v -0.669492 3.607640 0.670878
v -1.348298 3.620193 0.548185
v -0.995273 3.286856 0.500704
v -0.537721 3.474121 0.394027
v -0.761196 3.739392 0.050977
v -0.620273 3.826963 0.720648
v -0.843749 4.092234 0.377599
v -0.585979 3.375563 0.740878
v -0.250218 3.725283 0.686529
v -0.911643 3.651522 0.504695
v -0.575883 4.001243 0.450346
v -0.846033 3.473787 0.523229
v -0.358328 3.470295 0.534456
v -0.842476 3.961611 0.520458
v -0.354773 3.958121 0.531686
v -0.330621 3.585590 0.644855
v -0.459031 3.186677 0.395107
v -0.394951 3.856913 0.244556
v -0.523360 3.458002 -0.005192
v -0.580127 3.908629 0.756534
v -0.781002 3.485648 0.619680
v -0.205497 3.828436 0.454517
v -0.406371 3.405453 0.317661
v -0.863388 3.910984 0.732842
v -0.480729 3.732589 0.977264
v -0.781004 3.593236 0.371951
v -0.398345 3.414841 0.616372
v -0.659020 3.365829 0.241435
v -0.183960 3.466789 0.195401
v -0.768593 3.824567 0.116748
v -0.293532 3.925525 0.070713
v -0.355502 3.694796 0.351406
v -0.375103 3.338127 0.019146
v -0.688392 3.947501 0.099775
v -0.707994 3.590832 -0.232485
v -0.351948 3.763056 0.657997
v -0.388029 4.027823 0.249842
v -0.668162 3.439259 0.475906
v -0.704244 3.704027 0.067752
v -1.126278 3.219772 0.087304
v -0.909324 3.525236 0.399742
v -0.904986 3.443747 -0.285334
v -0.688033 3.749211 0.027104
v -0.240959 3.338617 -0.035794
v -0.695536 3.423939 -0.190949
v -0.374577 3.453818 0.419034
v -0.829153 3.539141 0.263879
v -0.674219 3.876791 0.676621
v -0.576895 3.554212 1.029416
v -0.442903 3.593495 0.353775
v -0.345579 3.270916 0.706570
v -1.284685 3.411406 1.164798
v -0.892121 3.628436 0.973000
v -1.286313 3.090012 0.797788
v -0.893751 3.307043 0.605990
v -0.960593 3.478918 1.216368
v -1.064134 3.784619 0.850554
v -0.990503 3.101150 0.909140
v -1.094043 3.406850 0.543326
v -0.291338 3.265064 0.134596
v -0.347527 3.602065 0.482827
v -0.298147 2.913984 0.473256
v -0.354337 3.250987 0.821488
v -0.920728 3.468685 0.323668
v -0.550645 3.776951 0.401159
v -1.132446 3.796463 0.030871
v -0.762364 4.104729 0.108362
v -0.882938 3.999110 0.475424
v -0.577321 3.818429 0.140840
v -1.206831 3.650533 0.367811
v -0.901213 3.469851 0.033226
v -0.533306 3.421407 0.480163
v -0.733174 3.775081 0.210049
v -0.641575 3.669971 0.885734
v -0.841442 4.023644 0.615621
v -0.553937 3.599570 0.836987
v -0.554577 4.042454 0.632424
v -0.751167 3.412234 0.432019
v -0.751807 3.855119 0.227455
v -0.704964 3.731440 0.865584
v -0.564889 3.300665 0.684463
v -0.446274 3.960391 0.521120
v -0.306198 3.529613 0.339998
v -0.643998 3.718982 0.837358
v -0.352817 3.330675 0.788110
v -0.547324 3.849805 0.377429
v -0.256144 3.461499 0.328183
v -0.652371 3.702741 0.659206
v -0.232106 3.501738 0.514399
v -0.730214 3.866310 0.206238
v -0.309949 3.665308 0.061431
v -0.852839 3.222902 0.158314
v -0.476942 3.199084 -0.151732
v -0.771739 3.699990 0.219986
v -0.395842 3.676170 -0.090060
v -0.461543 3.250128 0.576775
v -0.621696 3.164654 0.123962
v -0.271179 3.674419 0.429355
v -0.431333 3.588944 -0.023459
v -0.443997 3.470503 0.559216
v -0.570486 3.858058 0.827164
v -0.761692 3.195469 0.807049
v -0.888180 3.583023 1.074995
v -0.950476 3.414289 0.552707
v -0.640194 3.476403 0.924003
v -1.324525 3.410846 0.865865
v -1.014244 3.472960 1.237163
v -0.108551 3.357439 0.200716
v -0.383614 3.046721 0.457208
v -0.385251 3.728863 0.353935
v -0.660313 3.418144 0.610426
v -0.174535 3.705918 0.535619
v -0.289170 3.560035 0.084430
v -0.331790 3.279697 0.713384
v -0.446425 3.133813 0.262195
v -0.657833 3.862406 0.363588
v -0.301533 3.657529 0.626399
v -0.770878 3.426158 0.176765
v -0.414578 3.221282 0.439576
v -0.600150 3.908417 0.360444
v -0.751210 3.445291 0.386679
v -1.015665 4.055778 0.569309
v -1.166726 3.592652 0.595544
v -0.931878 3.601795 0.953550
v -0.819116 4.022578 0.733961
v -1.050248 3.408156 0.521709
v -0.937487 3.828942 0.302120
v -1.292475 3.813514 0.722004
v -0.824284 3.862906 0.849876
v -1.155596 3.620430 0.295416
v -0.687404 3.669822 0.423289
v -0.708824 3.890811 0.708721
v -0.817191 3.472211 0.482836
v -1.143083 3.883349 0.930883
v -1.251451 3.464749 0.704998
v -1.216515 3.746520 0.913776
v -1.389133 3.916998 0.490534
v -1.111819 3.320876 0.699632
v -1.284437 3.491353 0.276390
v -1.176490 3.718245 0.081638
v -0.694426 3.649307 0.110889
v -1.236582 3.248441 -0.035273
v -0.754518 3.179502 -0.006023
v -0.464320 3.544804 0.209696
v -0.594655 3.134226 -0.019284
v -0.931489 3.631374 0.320382
v -1.061826 3.220796 0.091402
v -1.430430 3.890193 0.556140
v -1.045976 3.701907 0.322179
v -1.681723 3.480396 0.472996
v -1.297269 3.292112 0.239036
v -1.282460 4.029646 0.195762
v -1.309927 3.724679 -0.184023
v -1.160072 3.657142 0.486030
v -1.187539 3.352176 0.106246
v -0.995170 3.548609 0.134667
v -1.226930 3.973997 0.077006
v -0.887605 3.669592 0.594870
v -1.119365 4.094980 0.537209
v -1.158670 3.953531 0.585437
v -0.973471 3.554893 0.373820
v -1.465377 4.010175 0.210316
v -1.280177 3.611537 -0.001301
v -1.367420 3.828004 0.622443
v -1.534906 3.649058 0.200637
v -1.182821 3.390610 0.734704
v -1.350305 3.211664 0.312899
v -0.968671 3.550900 1.111947
v -0.932444 3.246218 0.732673
v -1.398036 3.709705 0.943361
v -1.361808 3.405021 0.564087
v -0.320879 3.973670 0.566075
v -0.377983 3.689321 0.173800
v -0.486903 3.614080 0.850900
v -0.544007 3.329731 0.458625
v -0.553177 3.865844 0.566703
v -0.155457 3.630641 0.723203
v -0.624168 3.521063 0.228945
v -0.226448 3.285859 0.385445
v -0.783773 3.470608 0.835731
v -0.597671 3.462353 1.286610
v -0.844580 3.953459 0.869671
v -0.658477 3.945202 1.320549
v -1.324348 3.458619 1.000575
v -1.575196 3.539763 0.590106
v -1.015020 3.172311 0.754939
v -1.265867 3.253453 0.344469
v -1.583509 3.177596 0.476811
v -1.119466 3.276451 0.363296
v -1.471076 3.194576 0.951221
v -1.007033 3.293432 0.837706
v -1.056115 3.201126 1.001738
v -1.060429 3.475762 0.598563
v -1.494806 3.022593 0.884818
v -1.499120 3.297231 0.481644
v -1.226249 3.827832 0.902106
v -0.794886 3.646937 1.040660
v -1.132835 3.697654 0.441321
v -0.701473 3.516760 0.579876
v -0.906384 3.476138 0.483527
v -0.558367 3.521986 0.822313
v -0.888374 3.956446 0.400024
v -0.540357 4.002295 0.738811
v -0.905456 3.693805 0.640131
v -0.494491 3.869829 0.444895
v -0.905443 3.331468 0.313473
v -0.494478 3.507492 0.118237
v -0.657773 3.326318 0.295136
v -1.079848 3.569791 0.271335
v -0.432359 3.731826 0.445951
v -0.854435 3.975299 0.422150
v -0.498672 3.737992 0.507644
v -0.693751 3.291121 0.491984
v -0.763911 3.867394 0.119190
v -0.958990 3.420524 0.103530
v -0.976555 3.748322 0.641889
v -0.748283 3.344163 0.491750
v -0.786337 3.995186 0.266564
v -0.558065 3.591028 0.116425
v -0.012664 3.415231 0.249607
v -0.348206 3.204619 -0.035082
v -0.360225 3.535910 0.569970
v -0.695766 3.325297 0.285281
v -0.637415 3.339618 0.571308
v -0.186910 3.170194 0.491727
v -0.519483 3.757588 0.349075
v -0.068978 3.588163 0.269493
v 0.121850 3.259223 0.748275
v -0.136399 2.969305 0.452895
v -0.178051 3.630246 0.646314
v -0.436300 3.340327 0.350934
v -0.372284 3.674714 0.919646
v -0.515858 3.490928 0.491156
v 0.093720 3.632418 0.781644
v -0.049853 3.448631 0.353154
v -1.360484 3.291808 0.795353
v -1.612499 3.091014 0.429069
v -0.996587 3.396305 0.487695
v -1.248602 3.195510 0.121412
v -0.348684 3.193079 0.175518
v -0.711877 3.433098 -0.044652
v -0.455954 3.416307 0.595823
v -0.819147 3.656326 0.375652
v -0.642469 4.077498 1.172942
v -0.400636 3.661459 1.253061
v -0.728954 3.938718 0.713318
v -0.487121 3.522678 0.793437
v -1.132878 3.279951 0.851994
v -0.700688 3.479969 0.957813
v -1.317736 3.723608 0.768395
v -0.885545 3.923628 0.874214
v 0.020903 3.095819 0.686756
v -0.167188 3.103475 0.236693
v -0.188351 3.526196 0.781527
v -0.376441 3.533850 0.331462
v -0.802095 3.876607 0.863007
v -0.571810 3.455274 0.776749
v -0.619656 4.060915 0.449799
v -0.389371 3.639583 0.363543
v -0.607595 3.623202 0.382926
v -0.177357 3.555525 0.163134
v -0.747312 3.175946 0.247151
v -0.317074 3.108269 0.027359
v -1.028109 3.531794 0.660230
v -1.297001 3.398345 0.275676
v -1.325299 3.281219 0.954990
v -1.594191 3.147769 0.570436
v -0.876200 3.627945 0.165981
v -0.700487 3.221288 0.370309
v -0.916196 3.395965 -0.261313
v -0.740483 2.989309 -0.056985
v -0.762695 3.642261 0.258315
v -0.456591 3.420462 -0.050066
v -1.035213 3.238131 0.278475
v -0.729108 3.016332 -0.029907
v -0.989978 3.117212 0.262702
v -1.184167 3.561615 0.209885
v -1.418215 2.949418 0.425345
v -1.612403 3.393823 0.372529
v -0.232573 3.587972 1.134468
v -0.324758 3.341596 0.723621
v -0.119755 3.983422 0.872009
v -0.211939 3.737046 0.461163
v -1.165240 3.421816 0.464699
v -1.173558 3.628333 0.022799
v -1.368011 3.018386 0.279976
v -1.376330 3.224904 -0.161923
v -1.572149 3.599788 0.693874
v -1.089387 3.552742 0.746040
v -1.570391 3.245713 0.358283
v -1.087630 3.198667 0.410449
v -0.634492 3.925124 0.182060
v -0.809930 3.471361 0.218317
v -0.991386 4.086352 0.472966
v -1.166823 3.632591 0.509222
v -1.126227 3.765322 0.808472
v -1.113948 3.460019 0.428166
v -1.031264 4.139963 0.510782
v -1.018988 3.834661 0.130476
v -1.506506 3.900654 0.577657
v -1.366635 3.887806 0.110470
v -1.288957 3.470837 0.654611
v -1.149086 3.457988 0.187423
v -1.457185 3.860491 0.576864
v -1.015785 3.658115 0.529918
v -1.524773 3.824845 0.095040
v -1.083375 3.622469 0.048093
v -1.046444 3.241363 0.326961
v -1.131665 3.333237 -0.144515
v -0.821699 3.672183 0.370289
v -0.906922 3.764058 -0.101188
v -1.159927 3.216085 0.485016
v -1.467032 3.275918 0.110716
v -0.817327 3.466024 0.243873
v -1.124432 3.525856 -0.130427
v -1.374121 3.366353 0.001468
v -0.948496 3.161930 0.124141
v -1.276102 3.745229 0.292740
v -0.850477 3.540806 0.415415
v -0.758719 3.379802 1.123815
v -0.942607 3.560098 0.709481
v -1.112592 3.044174 1.134822
v -1.296480 3.224468 0.720488
v -1.160272 3.754340 0.925970
v -0.912846 3.335305 0.891567
v -1.404909 3.643322 0.518758
v -1.157484 3.224287 0.484356
v -1.511170 3.343084 0.877123
v -1.206023 3.072818 0.609102
v -1.152307 3.661866 0.964240
v -0.847160 3.391601 0.696221
v -0.381062 3.615605 0.332599
v -0.108059 3.354623 0.641389
v -0.740141 3.630331 0.662508
v -0.467139 3.369347 0.971298
v -0.566049 3.515254 0.763495
v -0.831062 3.891058 0.600605
v -0.970135 3.307059 0.940591
v -1.235147 3.682862 0.777700
v -0.701813 3.413097 0.833820
v -0.872488 3.723931 0.498788
v -1.140075 3.403178 1.047881
v -1.310750 3.714011 0.712848
v -0.685417 3.544874 0.768985
v -0.935143 3.805131 0.440510
v -1.104470 3.385267 0.961115
v -1.354196 3.645525 0.632639
v -1.074553 3.134277 0.672194
v -1.068117 3.159875 0.185062
v -1.398191 3.499012 0.687084
v -1.391755 3.524609 0.199951
v -1.143689 3.465453 0.886220
v -1.002232 3.622484 0.446532
v -1.448285 3.148303 0.674956
v -1.306827 3.305335 0.235269
v -0.846858 3.411893 0.267512
v -1.130741 3.584527 -0.089703
v -0.591663 3.827663 0.265639
v -0.875545 4.000298 -0.091576
v -0.900087 3.309690 0.053654
v -0.592235 3.623060 0.265833
v -1.090516 3.674326 -0.208588
v -0.782665 3.987697 0.003591
v -1.315149 3.765440 0.859677
v -0.847186 3.642351 0.797601
v -1.452476 3.368432 0.611646
v -0.984513 3.245344 0.549570
v -0.973824 3.270762 0.606108
v -0.672398 3.647628 0.677576
v -1.345393 3.580206 0.541488
v -1.043965 3.957070 0.612954
v -0.582549 4.091149 0.497369
v -0.774520 3.922771 0.081690
v -0.606950 3.643583 0.689935
v -0.798920 3.475203 0.274255
v -0.626497 3.933262 0.834283
v -0.246270 3.670933 0.677427
v -0.915593 3.705873 0.513797
v -0.535364 3.443543 0.356940
v -0.877675 3.909328 0.596175
v -0.395181 3.977536 0.619412
v -0.805624 3.454371 0.435503
v -0.323130 3.522578 0.458740
v -0.314980 3.370308 0.608798
v -0.504054 3.806388 0.498899
v -0.349927 3.237203 0.140764
v -0.539001 3.673283 0.030865
v -0.538693 3.338333 0.661019
v -0.800218 3.750146 0.663979
v -0.186280 3.563937 0.410217
v -0.447804 3.975751 0.413178
v -0.824758 3.379271 0.643788
v -0.465338 3.520732 0.941781
v -0.796396 3.805094 0.407435
v -0.436976 3.946556 0.705426
v -0.694495 3.854106 0.323214
v -0.211175 3.841383 0.258140
v -0.741377 3.449970 0.054008
v -0.258057 3.437250 -0.011065
v -0.343117 3.524331 0.322856
v -0.420498 3.962942 0.123792
v -0.642997 3.322687 -0.004872
v -0.720378 3.761298 -0.203935
v -0.342647 3.635032 0.636555
v -0.350741 3.514579 0.163882
v -0.705451 3.952503 0.561867
v -0.713545 3.832051 0.089193
v -1.160554 3.691562 0.166321
v -0.895504 3.335032 0.367885
v -0.918805 3.633951 -0.253478
v -0.653756 3.277421 -0.051914
v -0.630295 3.272204 0.575362
v -0.571017 3.473297 1.015864
v -0.448781 3.674409 0.367327
v -0.389503 3.875500 0.807828
v -1.268770 3.192349 1.128109
v -0.854215 3.106695 0.885617
v -1.324219 3.611753 0.885171
v -0.909665 3.526100 0.642678
v -0.962103 4.038181 0.419051
v -0.550629 3.776722 0.401120
v -1.132463 3.796692 0.030909
v -0.720989 3.535233 0.012979
v -0.840613 3.416536 0.377852
v -0.571404 3.736996 0.127201
v -1.212747 3.731966 0.381449
v -0.943540 4.052426 0.130798
v -0.578818 4.047840 0.585080
v -0.733273 3.776437 0.210277
v -0.641476 3.668616 0.885507
v -0.795930 3.397212 0.510703
v -0.565738 3.761996 0.864191
v -0.508910 3.413902 0.527151
v -0.796834 4.040788 0.537292
v -0.740007 3.692695 0.200252
v -0.682547 3.422899 0.813908
v -0.608744 3.904296 0.785562
v -0.402418 3.356759 0.420021
v -0.328615 3.838157 0.391675
v -0.617917 3.360007 0.777235
v -0.385474 3.780173 0.863394
v -0.514667 3.400308 0.302147
v -0.282224 3.820476 0.388306
v -0.640951 3.545552 0.632879
v -0.256654 3.839626 0.570990
v -0.705665 3.528422 0.149647
v -0.321369 3.822499 0.087758
v -0.879448 3.589163 0.219657
v -0.518043 3.764809 -0.056982
v -0.730638 3.134264 0.125236
v -0.369233 3.309910 -0.151403
v -0.478142 3.478605 0.615040
v -0.659343 3.682832 0.210749
v -0.233533 3.156242 0.342567
v -0.414733 3.360468 -0.061725
v -0.460251 3.694224 0.596687
v -0.524640 3.227024 0.721476
v -0.807537 3.826502 0.912737
v -0.871926 3.359303 1.037526
v -0.962987 3.586489 0.581547
v -0.638396 3.451652 0.919857
v -1.326323 3.435595 0.870011
v -1.001733 3.300759 1.208322
v -0.120463 3.521386 0.228175
v -0.430368 3.690237 0.564987
v -0.338497 3.085346 0.246155
v -0.648402 3.254197 0.582967
v -0.939471 2.875742 0.669884
v -1.389460 3.021407 0.789407
v -1.031666 2.975411 0.201311
v -1.481654 3.121077 0.320833
v -0.631871 3.275553 0.978464
v -0.848624 3.219824 1.411946
v -0.980241 3.589765 0.844665
v -1.196994 3.534036 1.278147
v -0.132480 3.127066 0.438670
v -0.277083 3.393678 0.056568
v -0.343877 3.446055 0.741247
v -0.488480 3.712665 0.359144
v -0.612408 3.237175 0.258871
v -0.282368 3.393742 0.582218
v -0.790042 3.689944 0.220945
v -0.460003 3.846514 0.544294
v -0.583611 3.680778 0.322318
v -0.797634 4.084283 0.493699
v -0.969242 3.416786 0.462288
v -1.183265 3.820290 0.633669
v -0.940205 3.716423 0.972748
v -0.774598 3.409823 0.631334
v -1.094766 4.020912 0.624336
v -0.929159 3.714311 0.282922
v -1.275764 3.583498 0.683479
v -0.802399 3.561676 0.799425
v -1.177481 3.921659 0.345868
v -0.704116 3.899837 0.461813
v -0.681595 3.516040 0.645952
v -0.853038 3.965622 0.565475
v -1.107236 3.389938 0.848244
v -1.278678 3.839519 0.767766
v -1.135424 3.153003 -0.013031
v -0.667291 3.275800 0.048332
v -1.263718 3.621948 0.027284
v -0.795584 3.744744 0.088646
v -0.443198 3.254084 0.161005
v -0.635330 3.694077 0.074482
v -0.890815 3.071525 0.226616
v -1.082947 3.511518 0.140094
v -1.383965 3.250644 0.449026
v -1.035424 3.556686 0.297858
v -1.692273 3.625618 0.497319
v -1.343733 3.931661 0.346151
v -1.233289 3.352845 0.082408
v -1.312303 3.757388 -0.178544
v -1.157696 3.624434 0.480552
v -1.236711 4.028976 0.219600
v -1.038959 4.151335 0.235614
v -1.209892 3.739489 0.037730
v -0.904642 3.904100 0.634147
v -1.075575 3.492256 0.436262
v -1.128336 3.536010 0.515509
v -1.006069 4.003575 0.448968
v -1.432779 3.561493 0.135168
v -1.310512 4.029058 0.068627
v -1.320354 3.180169 0.513940
v -1.521226 3.460755 0.169099
v -1.196502 3.578913 0.766242
v -1.397373 3.859500 0.421401
v -1.038171 3.224545 1.141152
v -0.981344 3.262642 0.658126
v -1.301437 3.635254 1.142572
v -1.244609 3.673351 0.659547
v -0.275479 3.348772 0.461415
v -0.381222 3.733910 0.181268
v -0.483664 3.569491 0.843432
v -0.589407 3.954628 0.563286
v -0.508594 3.252216 0.463930
v -0.144326 3.477442 0.697544
v -0.635298 3.674263 0.254604
v -0.271030 3.899488 0.488218
v -0.822210 3.999665 0.924340
v -0.628552 3.887399 1.357799
v -0.813699 3.528411 0.798483
v -0.620040 3.416144 1.231940
v -1.592958 3.307657 0.498594
v -1.122428 3.317231 0.370127
v -1.468113 3.153796 0.944390
v -0.997584 3.163369 0.815923
v -1.059011 3.240981 1.008413
v -1.034157 3.114149 0.537999
v -1.521078 3.384207 0.945382
v -1.496224 3.257375 0.474968
v -0.944513 4.000966 0.571428
v -0.585627 3.897190 0.885155
v -0.861114 3.581242 0.337184
v -0.502227 3.477466 0.650911
v -0.884111 3.400016 0.590926
v -0.457190 3.356425 0.358908
v -0.942744 3.844872 0.399460
v -0.515822 3.801280 0.167442
v -0.705903 3.988781 0.406087
v -1.089990 3.709378 0.294715
v -0.422218 3.592239 0.422572
v -0.806306 3.312836 0.311199
v -0.473944 3.397629 0.450638
v -0.730236 3.793315 0.576093
v -0.727425 3.365199 0.035080
v -0.983719 3.760886 0.160535
v -0.957170 3.481508 0.597201
v -0.791600 3.940364 0.591604
v -0.743021 3.398984 0.166709
v -0.577449 3.857839 0.161112
v -0.064642 3.086904 0.084165
v -0.043649 3.563854 0.184523
v -0.499508 3.059870 0.303607
v -0.478514 3.536819 0.403966
v -0.648433 3.491259 0.596707
v -0.228228 3.738903 0.586977
v -0.478165 3.188877 0.253824
v -0.057960 3.436521 0.244095
v 0.117976 3.312553 0.757206
v -0.185360 3.643206 0.565763
v -0.129090 2.956345 0.533446
v -0.432426 3.286998 0.342004
v -0.348071 3.341434 0.863826
v -0.526113 3.632078 0.514797
v 0.103975 3.491267 0.758002
v -0.074068 3.781910 0.408973
v -1.345206 3.081517 0.760133
v -1.631508 3.352655 0.472890
v -0.977578 3.134662 0.443875
v -1.263880 3.405803 0.156632
v -0.211026 3.269595 0.861593
v 0.076763 3.132669 0.492239
v -0.459712 3.561188 0.559726
v -0.171922 3.424261 0.190372
v -0.386014 3.706900 0.261576
v -0.716932 3.502665 -0.033001
v -0.450898 3.346741 0.584172
v -0.781817 3.142504 0.289595
v -0.598198 3.468138 1.070884
v -0.415451 3.865378 1.287214
v -0.714139 3.734799 0.679165
v -0.531393 4.132038 0.895495
v -1.177132 3.889077 0.954012
v -0.718739 3.728433 0.999426
v -1.299683 3.475144 0.726781
v -0.841291 3.314500 0.772195
v -0.777441 3.537255 0.806170
v -0.610788 3.991753 0.866601
v -0.580679 3.524438 0.359947
v -0.414026 3.978936 0.420378
v -0.565719 3.046819 0.286392
v -0.154570 3.241881 0.110603
v -0.770100 3.489591 0.299683
v -0.358951 3.684651 0.123893
v -1.002943 3.185404 0.602215
v -1.296910 3.397092 0.275466
v -1.325390 3.282472 0.955200
v -1.619357 3.494162 0.628452
v -0.827979 2.964227 0.054819
v -0.706432 3.303122 0.384015
v -0.910250 3.314132 -0.275018
v -0.788703 3.653027 0.054177
v -0.715120 2.987445 0.148644
v -0.450595 3.337945 -0.063887
v -1.041207 3.320647 0.292295
v -0.776683 3.671149 0.079765
v -1.013899 3.446464 0.317846
v -1.144856 3.020542 0.119264
v -1.457525 3.490491 0.515966
v -1.588483 3.064571 0.317385
v -0.235021 3.621657 1.140110
v -0.370584 3.972358 0.829264
v -0.073928 3.352660 0.766367
v -0.209491 3.703361 0.455521
v -1.145095 3.144532 0.418258
v -1.134694 3.093415 -0.066791
v -1.406874 3.553304 0.369567
v -1.396475 3.502188 -0.115483
v -1.538135 3.131601 0.615460
v -1.065692 3.226587 0.691415
v -1.594088 3.571868 0.412909
v -1.121645 3.666855 0.488864
v -0.620495 3.732482 0.149796
v -0.857095 4.120549 0.327046
v -0.944221 3.437165 0.364236
v -1.180820 3.825233 0.541486
v -1.122570 3.714992 0.800043
v -1.162306 4.125609 0.539642
v -0.982909 3.474374 0.399306
v -1.022643 3.884989 0.138905
v -1.468961 3.383886 0.491107
v -1.343329 3.567021 0.056743
v -1.312263 3.791622 0.708338
v -1.186629 3.974757 0.273973
v -1.432314 3.518159 0.519529
v -1.024987 3.784768 0.551130
v -1.515572 3.698192 0.073827
v -1.108245 3.964800 0.105428
v -0.686854 3.605226 1.402563
v -0.339846 3.952867 0.954374
v -0.883676 3.162584 0.903961
v -0.536670 3.510227 0.455771
v -0.149492 3.762698 0.533156
v -0.093674 3.989239 -0.025888
v 0.416983 3.550097 0.503563
v 0.472801 3.776637 -0.055482
v 0.631554 3.436607 0.571236
v 0.602241 3.633988 -0.000733
v 0.905927 3.951327 0.734798
v 0.876610 4.148705 0.162829
v 0.427894 4.060638 0.214614
v 0.422045 3.643385 0.653740
v 1.016440 4.160641 0.317473
v 1.010592 3.743386 0.756601
v -0.267092 3.598494 0.384187
v 0.322185 3.698441 0.285543
v -0.259318 3.150401 -0.023391
v 0.329960 3.250347 -0.122036
v 0.731754 3.610252 0.815422
v 0.958891 3.048950 0.797589
v 1.041247 3.751415 0.314169
v 1.268386 3.190116 0.296335
v 0.795163 3.671746 0.941714
v 0.803549 3.699282 1.546809
v 0.204437 3.538295 0.955976
v 0.212825 3.565835 1.561070
v 0.813922 3.408866 0.050548
v 0.630659 3.334102 0.623080
v 1.287833 3.732523 0.244509
v 1.104571 3.657760 0.817041
v 0.637007 3.860289 1.578851
v 0.395861 4.122692 1.088991
v 0.601001 3.320042 1.307179
v 0.359855 3.582446 0.817321
v 1.393266 3.548080 0.849593
v 1.019684 4.023202 0.808779
v 0.989533 3.205365 0.555460
v 0.615953 3.680486 0.514646
v 0.609018 3.987615 0.985264
v 0.325950 4.055791 1.516481
v 0.259361 3.508959 0.860376
v -0.023707 3.577135 1.391593
v 0.635046 4.061522 0.237922
v 0.444272 3.805503 0.752731
v 1.205616 3.910352 0.374181
v 1.014842 3.654335 0.888991
v 0.531367 3.986630 0.309902
v 0.439928 3.772920 0.869307
v 1.125956 4.021523 0.420424
v 1.034516 3.807815 0.979830
v 0.879140 3.726582 0.679430
v 0.523359 3.894055 1.140234
v 1.057403 3.240388 0.993766
v 0.701621 3.407862 1.454569
v 0.996171 3.426929 0.584588
v 0.494292 3.446202 0.923284
v 1.260989 3.827194 0.954217
v 0.759112 3.846468 1.292914
v 0.385256 4.306916 0.882036
v 0.340029 4.200598 1.476695
v -0.019140 3.869254 0.773030
v -0.064369 3.762936 1.367689
v 0.299643 4.337121 1.118500
v 0.033816 3.941444 0.744677
v 0.157751 3.985853 1.591202
v -0.108075 3.590175 1.217379
v 1.078857 3.392341 0.776949
v 0.637208 3.642026 0.445932
v 1.189444 3.929381 1.034486
v 0.747796 4.179067 0.703470
v 0.798969 4.326586 0.629727
v 0.416670 3.912671 0.407270
v 0.988703 3.928257 1.044822
v 0.606403 3.514340 0.822365
v 0.076512 3.746875 0.578294
v 0.034207 4.076272 1.084924
v 0.406340 4.185013 0.320968
v 0.364036 4.514410 0.827598
v 0.388132 3.624491 0.275001
v 0.017525 4.058753 0.072433
v 0.527451 3.967161 0.754725
v 0.156844 4.401423 0.552157
v 0.477247 3.746460 0.686558
v 0.007638 3.742123 0.303912
v 0.471648 4.352210 0.686564
v 0.002042 4.347877 0.303918
v 0.064598 3.885289 0.174560
v 0.000184 3.389944 0.517272
v -0.177363 4.222203 0.616048
v -0.241777 3.726858 0.958760
v 0.394324 4.286421 0.255192
v 0.486984 3.761189 0.542438
v -0.203118 4.186843 0.265828
v -0.110460 3.661607 0.553075
v 0.653990 4.289345 0.494269
v 0.465070 4.067825 -0.036962
v 0.298214 3.894784 0.785322
v 0.109293 3.673263 0.254093
v 0.079162 3.612404 0.820332
v -0.421684 3.737769 0.503463
v 0.091577 4.182037 1.026076
v -0.409269 4.307402 0.709208
v -0.134620 4.020896 0.481228
v -0.368589 3.578005 0.821925
v 0.000012 4.334689 0.981603
v -0.233956 3.891800 1.322300
v 0.095523 4.105658 0.177926
v -0.180121 4.434429 0.605591
v 0.266795 3.703584 0.597415
v -0.008848 4.032357 1.025080
v 0.419829 3.431039 1.327505
v 0.445201 3.810346 0.855857
v -0.081089 3.709158 1.524226
v -0.055716 4.088466 1.052579
v -0.541973 3.578612 0.773570
v -0.214520 3.684561 1.272083
v -0.064384 3.721664 0.429458
v 0.263069 3.827613 0.927971
v 0.425681 4.246886 0.405241
v 0.599095 3.846327 -0.014814
v -0.047123 3.895106 0.545506
v 0.126291 3.494545 0.125450
v 1.396202 3.668999 0.391797
v 0.865165 3.938494 0.280705
v 1.118132 3.269910 0.752869
v 0.587096 3.539407 0.641777
v 1.117747 3.752831 0.094274
v 0.940508 4.132433 0.531831
v 0.912960 3.283740 0.418283
v 0.735720 3.663341 0.855840
v -0.362741 3.487278 0.644902
v -0.042294 3.905748 0.346301
v -0.098002 3.051329 0.318056
v 0.222447 3.469799 0.019454
v 0.398412 3.740124 0.939133
v 0.094619 4.122910 0.581149
v 0.382874 4.147140 1.387534
v 0.079081 4.529926 1.029552
v 0.477002 4.398776 0.761549
v -0.077594 4.174416 0.856704
v 0.712557 3.965933 1.113868
v 0.157959 3.741573 1.209023
v 0.137821 3.681417 0.490479
v 0.127949 4.120588 0.907611
v 0.553022 3.990069 0.175344
v 0.543149 4.429241 0.592474
v 0.429953 3.902649 0.156356
v 0.274700 4.452597 0.357405
v 0.314733 3.670026 0.703694
v 0.159481 4.219975 0.904744
v 0.599816 4.066398 0.243403
v 0.324465 3.531487 0.314242
v 0.083701 4.350696 0.384003
v -0.191652 3.815781 0.454842
v 0.518534 4.050929 0.224620
v 0.195523 3.568752 0.051021
v 0.073280 4.213377 0.601884
v -0.249731 3.731201 0.428285
v 0.390989 4.030761 0.405667
v -0.131399 3.781168 0.227394
v 0.122142 4.233872 0.909091
v -0.400246 3.984279 0.730818
v 0.205849 3.434924 1.049520
v -0.398953 3.405349 1.067061
v 0.173332 4.027346 0.927255
v -0.431471 3.997767 0.944798
v 0.141081 3.468733 0.341072
v -0.046949 3.362596 0.907066
v -0.157894 3.995592 0.340549
v -0.345924 3.889454 0.906543
v 0.110498 3.742381 0.344917
v 0.438693 4.223624 0.178597
v 0.610830 3.400860 0.344021
v 0.939023 3.882103 0.177701
v 0.602110 3.672579 0.737243
v 0.580830 3.749708 0.136771
v 1.207473 3.668302 0.715241
v 1.186195 3.745432 0.114769
v -0.491567 3.601986 0.440790
v -0.026435 3.216153 0.398917
v -0.103526 4.063198 0.501417
v 0.361605 3.677365 0.459545
v -0.171673 4.034705 0.162719
v -0.403094 3.853557 0.692435
v 0.117965 3.505450 0.108262
v -0.113456 3.324300 0.637978
v 0.171080 4.229024 0.699665
v 0.022016 3.974619 0.170490
v 0.139552 3.687316 0.968974
v -0.009512 3.432913 0.439799
v 0.112130 4.286158 0.658791
v 0.280226 3.711075 0.748180
v 0.678675 4.469142 0.770641
v 0.846772 3.894059 0.860030
v 0.889323 3.905412 0.330069
v 0.611437 4.427916 0.459437
v 0.676308 3.664963 0.843662
v 0.398424 4.187469 0.973030
v 1.066426 4.168312 0.831866
v 0.704832 4.229645 0.349727
v 0.607158 3.928552 1.145805
v 0.245566 3.989884 0.663665
v 0.484069 4.264297 0.400139
v 0.418189 3.744502 0.704182
v 1.079123 4.255030 0.513234
v 1.013245 3.735237 0.817277
v 1.138084 4.085123 0.585962
v 0.984809 4.296813 1.132462
v 0.872255 3.556584 0.716138
v 0.718980 3.768272 1.262638
v 0.464741 4.050013 1.371323
v 0.014397 3.964409 0.975305
v 0.434570 3.466637 1.531737
v -0.015775 3.381034 1.135720
v -0.135916 3.834645 0.703087
v -0.182616 3.324812 1.026905
v 0.406459 3.942142 0.950555
v 0.359760 3.432310 1.274374
v 1.075291 4.263528 1.099608
v 0.520076 4.029725 1.036033
v 1.258310 3.754666 1.372614
v 0.703097 3.520866 1.309039
v 0.655602 4.436692 1.340182
v 0.393132 4.058003 1.733467
v 0.756796 3.974139 0.962330
v 0.494326 3.595450 1.355615
v 0.327377 3.839369 1.181162
v 0.510665 4.367592 1.414300
v 0.572597 3.989599 0.647996
v 0.755885 4.517821 0.881133
v 0.831172 4.342177 0.863800
v 0.488341 3.847172 0.930153
v 0.846031 4.412515 1.465298
v 0.503199 3.917509 1.531651
v 1.064037 4.186305 0.986588
v 0.906825 3.964101 1.527769
v 0.968594 3.643176 0.735856
v 0.811380 3.420971 1.277035
v 1.046097 3.842214 0.202808
v 0.721567 3.463877 0.547057
v 1.338598 4.039409 0.695277
v 1.014067 3.661070 1.039526
v -0.004985 4.367186 0.244375
v -0.247917 4.014096 0.672490
v 0.374832 3.920667 0.091635
v 0.131900 3.567579 0.519750
v 0.223247 4.233294 0.420774
v -0.047438 3.941231 -0.035733
v 0.035474 3.805164 0.806020
v -0.235210 3.513102 0.349514
v 0.654336 3.742512 0.332726
v 0.815451 3.732261 -0.251145
v 0.739816 4.342089 0.345785
v 0.900929 4.331835 -0.238086
v 1.309949 3.727624 0.583032
v 1.243107 3.828385 1.176621
v 0.819495 3.372104 0.588150
v 0.752651 3.472862 1.181740
v 1.164925 3.378667 1.294034
v 0.623460 3.501419 1.051721
v 1.416198 3.399752 0.743229
v 0.874733 3.522506 0.500916
v 1.047850 3.407885 0.377495
v 0.744855 3.748912 0.776069
v 1.388865 3.186194 0.826415
v 1.085870 3.527222 1.224990
v 1.138735 4.186091 0.604822
v 0.821390 3.961468 0.140274
v 0.696023 4.024445 0.985410
v 0.378681 3.799820 0.520861
v 0.506164 3.749379 0.771471
v 0.423115 3.806310 0.174118
v 0.424875 4.345798 0.839616
v 0.341827 4.402730 0.242264
v 0.624588 4.019665 0.617223
v 0.072890 4.238242 0.495479
v 0.375658 3.569736 0.937482
v -0.176040 3.788313 0.815737
v 0.118859 3.563340 0.766732
v 0.514542 3.865672 1.111694
v 0.012778 4.066877 0.447099
v 0.408461 4.369207 0.792061
v 0.124805 4.074533 0.437143
v 0.304135 3.519636 0.601150
v 0.088849 4.235217 1.020115
v 0.268178 3.680321 1.184121
v 0.695637 4.087360 0.669678
v 0.357422 3.585500 0.642933
v 0.223136 4.393902 0.892713
v -0.115077 3.892043 0.865968
v -0.548323 3.673748 0.319788
v -0.436282 3.412222 0.854596
v 0.036560 3.823600 0.270538
v 0.148599 3.562073 0.805345
v 0.309347 3.579857 0.480449
v -0.192987 3.369475 0.215183
v 0.024377 4.098867 0.608469
v -0.477958 3.888484 0.343203
v -0.300215 3.480026 -0.271626
v -0.272100 3.120023 0.214765
v -0.083876 3.940741 0.056869
v -0.055762 3.580737 0.543259
v 0.314841 3.995960 -0.063108
v 0.129091 3.767744 0.466405
v -0.247207 3.943439 -0.282907
v -0.432957 3.715222 0.246606
v 1.188996 3.520489 0.811775
v 1.156968 3.271154 1.362932
v 0.597779 3.650247 0.836120
v 0.565751 3.400911 1.387277
v -0.275333 3.397892 0.648479
v -0.087018 3.695934 1.141101
v 0.150116 3.675085 0.318138
v 0.338431 3.973125 0.810760
v 0.772755 4.496114 -0.105564
v 0.596704 3.979499 -0.368396
v 0.507309 4.323784 0.410971
v 0.331258 3.807169 0.148140
v 1.009004 3.505765 0.582804
v 0.665903 3.754136 0.149720
v 1.126542 4.056673 0.805631
v 0.783441 4.305045 0.372547
v -0.248120 3.277121 -0.134388
v -0.406663 3.286627 0.450198
v 0.029257 3.811539 -0.067850
v -0.129288 3.821043 0.516737
v 0.693084 4.246658 0.319945
v 0.401574 3.723471 0.229035
v 0.199344 4.475521 0.586048
v -0.092164 3.952335 0.495137
v 0.136561 3.931995 0.642422
v -0.452745 3.847956 0.530068
v 0.170082 3.376618 0.882007
v -0.419224 3.292580 0.769654
v 0.760158 3.818489 0.690980
v 0.730755 3.652780 1.272912
v 1.276145 3.507340 0.628450
v 1.246742 3.341629 1.210381
v 0.234596 3.937884 1.059805
v 0.218022 3.432921 0.725578
v -0.051794 3.649824 1.509217
v -0.068369 3.144863 1.174990
v 0.193671 3.955660 0.882784
v -0.341436 3.680243 0.951877
v 0.476220 3.453835 1.070680
v -0.058887 3.178418 1.139774
v 0.419851 3.303685 1.051676
v 0.569994 3.855520 1.251434
v 0.963647 3.095328 1.218536
v 1.113790 3.647165 1.418293
v 0.341560 3.888247 -0.380189
v 0.118870 3.582312 0.092867
v 0.030951 4.379295 -0.208834
v -0.191738 4.073359 0.264221
v 0.745609 3.681926 0.987183
v 0.417031 3.938366 1.426776
v 0.803652 3.180968 1.322807
v 0.475075 3.437411 1.762399
v 1.319193 3.902920 1.072561
v 0.885626 3.844501 0.653544
v 1.061744 3.463251 1.400248
v 0.628178 3.404831 0.981231
v 0.009869 4.306903 0.859855
v 0.209504 3.743447 0.957993
v 0.581455 4.507109 0.846598
v 0.781088 3.943652 0.944737
v 0.969319 4.108471 0.620405
v 0.667482 3.729363 0.983915
v 0.649370 4.573678 0.839909
v 0.347535 4.194572 1.203421
v 1.166274 4.276518 1.136483
v 0.673137 4.260564 1.487948
v 1.011621 3.742796 0.895259
v 0.518482 3.726841 1.246725
v 1.117314 4.226645 1.099677
v 0.648775 3.975347 0.809353
v 0.816424 4.182382 1.623579
v 0.347886 3.931084 1.333256
v 0.524179 3.457850 1.031702
v 0.248462 3.571933 1.558894
v 0.336847 3.992816 0.817963
v 0.061131 4.106901 1.345157
v 0.755881 3.426460 0.963214
v 0.771757 3.500758 1.564210
v 0.236229 3.736820 0.938574
v 0.252105 3.811116 1.539570
v 0.597415 3.613054 1.600522
v 0.273595 3.359213 1.155916
v 0.723267 4.083520 1.240255
v 0.399448 3.829679 0.795649
v 0.849295 3.629755 0.031186
v 0.713858 3.853635 0.577539
v 1.204633 3.212991 0.290049
v 1.069196 3.436870 0.836403
v 1.092233 4.094834 0.531149
v 0.823432 3.574501 0.376337
v 1.021784 3.956978 1.116812
v 0.752983 3.436645 0.961999
v 1.399044 3.584161 0.846430
v 0.895631 3.248560 0.876681
v 1.113586 3.980006 0.487559
v 0.610174 3.644406 0.517808
v -0.123891 3.922562 0.519144
v -0.156250 3.598489 0.008363
v 0.479559 3.940847 0.469312
v 0.447199 3.616772 -0.041469
v 0.385826 3.797950 0.237640
v 0.521530 4.264603 0.599287
v 0.916957 3.539426 0.371927
v 1.052659 4.006076 0.733575
v 0.572522 3.671099 0.272145
v 0.484560 4.057075 0.730679
v 1.165329 3.658782 0.396233
v 1.077365 4.044756 0.854769
v 0.507042 3.834731 0.323217
v 0.501581 4.157904 0.835561
v 1.064304 3.636540 0.454170
v 1.058841 3.959714 0.966514
v 0.814810 3.324876 0.714642
v 0.437299 3.356662 1.187340
v 1.143463 3.777781 0.946660
v 0.765952 3.809567 1.419358
v 1.045684 3.736111 0.557486
v 0.571946 3.931103 0.880780
v 1.183336 3.342294 0.996723
v 0.709598 3.537286 1.320016
v 0.283196 3.669603 0.937901
v 0.289323 3.883970 1.504450
v 0.031566 4.185883 0.745275
v 0.037692 4.400249 1.311824
v 0.172420 3.542693 1.188136
v 0.032275 3.931818 0.745521
v 0.159293 3.995477 1.590358
v 0.019147 4.384604 1.147742
v 1.193563 4.108617 0.714164
v 0.687453 3.955772 0.418431
v 1.139202 3.615635 1.061988
v 0.633090 3.462792 0.766255
v 0.665694 3.494355 0.702678
v 0.424623 3.962325 0.402917
v 0.980752 3.878604 1.049175
v 0.739679 4.346572 0.749415
v 0.199211 4.513064 0.511133
v 0.070674 4.303981 1.064965
v 0.369873 3.957301 0.340928
v 0.241335 3.748217 0.894760
v 0.499033 4.317009 0.214298
v 0.006717 3.991264 0.078348
v 0.538259 4.034650 0.748810
v 0.045941 3.708904 0.612860
v 0.563856 4.287289 0.639150
v 0.108507 4.371985 0.248701
v 0.370780 3.722349 0.741775
v -0.084569 3.807046 0.351326
v 0.021788 3.617965 0.197993
v 0.123418 4.159464 0.449819
v -0.300597 3.452683 0.683501
v -0.198967 3.994182 0.935327
v 0.280917 3.578260 0.317266
v 0.539581 4.089626 0.513649
v -0.255716 3.858402 0.294618
v 0.002948 4.369768 0.491000
v 0.548256 3.629094 0.552144
v 0.422941 3.804752 -0.013902
v 0.340344 4.157858 0.762262
v 0.215029 4.333516 0.196217
v 0.176260 4.218718 0.767185
v -0.347194 4.202919 0.462690
v 0.017086 3.716885 1.066850
v -0.506366 3.701090 0.762354
v -0.168518 3.809222 0.499782
v -0.244340 4.353864 0.753917
v -0.124237 3.558832 1.049611
v -0.200058 4.103475 1.303746
v 0.070064 3.946683 0.191861
v -0.282184 3.797112 0.661456
v 0.368857 4.340900 0.541550
v 0.016610 4.191331 1.011145
v 0.513647 4.016880 1.276153
v 0.407376 3.574162 0.876560
v -0.043266 3.945342 1.503524
v -0.149535 3.502623 1.103932
v 0.305455 3.496145 0.471049
v 0.583005 3.745852 -0.006007
v -0.031034 3.995580 0.536698
v 0.246516 4.245283 0.059644
v 1.352641 3.396986 0.415641
v 0.761413 3.290626 0.337494
v 1.221883 3.917778 0.696080
v 0.630657 3.811419 0.617933
v 0.511661 4.447291 0.877145
v 0.094573 4.122626 0.581175
v 0.382920 4.147424 1.387510
v -0.034168 3.822759 1.091540
v 0.361153 3.675368 0.824960
v -0.093788 4.073298 0.865567
v 0.728749 4.067051 1.105005
v 0.273809 4.464980 1.145613
v 0.262391 4.459286 0.422295
v 0.128219 4.122272 0.907462
v 0.552753 3.988387 0.175491
v 0.418579 3.651373 0.660659
v 0.462253 4.104340 0.138676
v 0.149708 3.672098 0.425820
v 0.439727 4.450527 0.635279
v 0.127182 4.018287 0.922423
v 0.538461 3.683270 0.276986
v 0.444501 4.281041 0.248539
v -0.036336 3.601141 0.449706
v -0.130295 4.198914 0.421259
v 0.447150 3.605174 0.263693
v 0.284908 4.126912 0.002095
v -0.016104 3.655218 0.650809
v -0.178346 4.176957 0.389211
v 0.359731 3.835573 0.422777
v -0.064207 4.200737 0.190616
v 0.054950 3.814303 0.945869
v -0.368988 4.179469 0.713708
v 0.278683 3.889727 1.009653
v -0.286455 4.107834 1.005486
v 0.060834 3.324859 0.988832
v -0.504304 3.542966 0.984664
v 0.186514 3.752442 0.316204
v 0.056095 4.006039 0.850664
v -0.260938 3.352150 0.396951
v -0.391358 3.605747 0.931412
v 0.154988 4.020185 0.320565
v 0.313207 3.440043 0.247283
v 0.736314 4.184441 0.275335
v 0.894535 3.604300 0.202052
v 0.636352 3.886407 0.718500
v 0.575907 3.718973 0.139466
v 1.212394 3.699035 0.712547
v 1.151951 3.531604 0.133512
v -0.458964 3.805565 0.422945
v 0.101533 4.015234 0.328874
v -0.231494 3.264115 0.571462
v 0.329003 3.473785 0.477390
v 0.680610 3.003842 0.613972
v 1.212874 3.184721 0.839685
v 0.413943 3.127605 1.143632
v 0.946206 3.308485 1.369345
v 0.614170 3.500303 0.077033
v 1.157001 3.431103 -0.182801
v 0.853768 3.890474 0.473678
v 1.396601 3.821272 0.213844
v -0.286782 3.315922 0.225725
v -0.436175 3.646984 0.710542
v 0.151047 3.712023 0.090155
v 0.001653 4.043084 0.574972
v 0.046748 3.452648 0.767718
v -0.030441 3.647064 0.199202
v 0.192007 4.014871 0.940262
v 0.114820 4.209290 0.371745
v 0.066862 4.003489 0.683569
v 0.407293 4.504538 0.678629
v 0.551608 3.675679 0.840193
v 0.892039 4.176726 0.835253
v 0.912117 4.047750 0.317592
v 0.489587 3.667033 0.526133
v 0.798158 4.425848 0.776966
v 0.375629 4.045128 0.985506
v 1.020684 3.882692 0.856902
v 0.644932 3.855596 0.382514
v 0.667060 4.302600 1.113016
v 0.291306 4.275504 0.638629
v 0.409543 3.798927 0.440931
v 0.516307 4.357191 0.650476
v 0.981006 3.642340 0.566940
v 1.087769 4.200604 0.776486
v 0.352340 3.348130 1.432847
v -0.059877 3.500611 1.015960
v 0.508844 3.930437 1.491083
v 0.096627 4.082919 1.074196
v -0.193728 3.473646 0.734729
v -0.071286 4.020001 0.965967
v 0.295130 3.246954 1.011493
v 0.417572 3.793311 1.242729
v 0.948113 3.469374 1.169220
v 0.491197 3.849398 1.051838
v 1.287189 3.934995 1.356807
v 0.830275 4.315021 1.239426
v 0.521016 3.596281 1.413849
v 0.399636 4.098618 1.729906
v 0.750293 3.933525 0.965891
v 0.628913 4.435862 1.281948
v 0.447232 4.587799 1.115558
v 0.464032 4.076393 1.439825
v 0.619231 4.280799 0.622471
v 0.636029 3.769393 0.946738
v 0.748145 3.823725 0.909245
v 0.577565 4.404320 0.881316
v 0.756807 3.855367 1.514135
v 0.586227 4.435962 1.486205
v 0.935211 3.381861 1.057103
v 0.869380 3.730277 1.548266
v 1.006039 3.877000 0.715360
v 0.940207 4.225415 1.206522
v 1.136491 3.436965 0.227134
v 0.712705 3.484272 0.657408
v 1.395690 3.946960 0.426355
v 0.971902 3.994267 0.856627
v -0.129249 3.591223 0.312392
v -0.239050 4.069465 0.667637
v 0.365966 3.865299 0.096488
v 0.256166 4.343540 0.451731
v 0.101222 3.471326 0.487564
v -0.077902 3.750998 -0.019058
v 0.065939 3.995399 0.789345
v -0.113187 4.275069 0.282723
v 0.759543 4.399465 0.275140
v 0.899973 4.260059 -0.297410
v 0.655292 3.814289 0.392049
v 0.795722 3.674882 -0.180500
v 1.190788 3.540169 1.279877
v 0.631570 3.552057 1.047281
v 1.408088 3.349114 0.747668
v 0.848869 3.361001 0.515073
v 1.055775 3.457375 0.373157
v 0.672946 3.299882 0.815429
v 1.460773 3.635224 0.787056
v 1.077944 3.477732 1.229329
v 0.610529 4.401079 0.714345
v 0.497727 4.272217 0.133278
v 0.350264 3.879891 0.880455
v 0.237462 3.751028 0.299389
v 0.566166 3.654855 0.649201
v -0.029204 3.600726 0.551360
v 0.477752 4.207251 0.881600
v -0.117618 4.153121 0.783759
v 0.250595 4.385949 0.694626
v 0.542301 4.039001 1.096499
v -0.014979 3.893546 0.462293
v 0.276727 3.546600 0.864167
v 0.057121 3.651891 0.474191
v 0.403999 4.143231 0.546488
v -0.011016 3.611621 1.074776
v 0.335862 4.102962 1.147074
v 0.642578 3.756047 0.698720
v 0.475981 4.325828 0.578040
v 0.104577 3.653574 0.957606
v -0.062021 4.223352 0.836926
v -0.623431 3.266050 0.521602
v -0.567539 3.858299 0.407209
v -0.029854 3.232482 0.637827
v 0.026038 3.824729 0.523433
v 0.339503 3.768156 0.463943
v -0.079896 4.075665 0.153280
v -0.088715 3.392675 0.670371
v -0.508113 3.700184 0.359709
v -0.289610 3.546248 -0.277431
v -0.138090 3.956834 0.141414
v -0.217886 3.103930 0.130220
v -0.066365 3.514516 0.549064
v 0.248565 3.582112 -0.026831
v 0.157160 3.943017 0.451041
v -0.275277 3.768165 -0.267542
v -0.366681 4.129068 0.210330
v 1.147179 3.259361 0.834664
v 1.208998 3.596045 1.334454
v 0.545749 3.325354 0.864598
v 0.607568 3.662041 1.364388
v 0.112500 3.492905 -0.129071
v -0.451112 3.322878 0.013758
v 0.126294 3.854989 0.356393
v -0.437318 3.684961 0.499221
v -0.173156 4.035926 0.592552
v -0.073183 3.782319 1.133529
v 0.136281 3.588701 0.325709
v 0.236255 3.335092 0.866687
v 0.651580 3.739445 -0.039238
v 0.637254 4.232714 -0.390592
v 0.466759 4.070569 0.433167
v 0.452433 4.563838 0.081814
v 1.130132 4.262143 0.516503
v 0.715311 4.062664 0.122676
v 1.077132 3.748144 0.832675
v 0.662313 3.548666 0.438848
v 0.625602 3.825271 0.356883
v 0.508258 4.389639 0.170642
v 0.092661 3.809354 0.644442
v -0.024682 4.373724 0.458201
v 0.021943 3.216276 0.705159
v -0.515116 3.458492 0.564207
v 0.232454 3.766084 0.847868
v -0.304606 4.008298 0.706918
v 0.691276 3.388363 0.728684
v 0.730505 3.651224 1.273048
v 1.276394 3.508896 0.628313
v 1.315625 3.771760 1.172676
v 0.102612 3.113717 1.132047
v 0.234294 3.534537 0.716670
v -0.068067 3.548208 1.518123
v 0.063615 3.969028 1.102747
v 0.063457 3.142548 0.954057
v -0.357846 3.577779 0.960859
v 0.492629 3.556299 1.061699
v 0.071328 3.991532 1.068500
v 0.485325 3.712531 1.015839
v 0.462398 3.183647 1.310327
v 1.071243 3.767202 1.159644
v 1.048317 3.238319 1.454131
v 0.348259 3.930075 -0.383855
v 0.244302 4.365557 0.024210
v -0.094479 3.596051 -0.140179
v -0.198437 4.031530 0.267887
v 0.690470 3.337610 1.017364
v 0.310659 3.274136 1.484999
v 0.910024 3.845199 1.264582
v 0.530214 3.781725 1.732218
v 1.226091 3.321553 1.123521
v 0.820769 3.439501 0.689044
v 1.126603 3.868252 1.364747
v 0.721281 3.986200 0.930270
v -0.028439 4.067691 0.880822
v 0.338599 4.549570 0.887332
v 0.452359 3.700985 0.917260
v 0.819397 4.182864 0.923769
v 0.959310 4.045974 0.625883
v 0.799840 4.555854 0.911470
v 0.517014 3.747188 0.912357
v 0.357542 4.257066 1.197942
v 1.063512 3.634825 1.192731
v 0.609346 3.862232 1.522864
v 1.075412 4.141129 0.860343
v 0.621244 4.368535 1.190476
v 1.049239 3.801558 1.136939
v 0.673961 4.132617 0.795567
v 0.791237 4.025112 1.637366
v 0.415960 4.356171 1.295994
v 0.991246 3.909674 -0.296872
v 0.309501 4.341352 -0.121875
v 0.804276 3.360026 0.341958
v 0.122532 3.791709 0.516957
v -0.214998 4.683097 0.582954
v -0.774395 4.909637 0.530795
v -0.248296 4.470496 0.016685
v -0.807695 4.697036 -0.035474
v -0.182029 4.357006 -0.198325
v -0.753794 4.554387 -0.165270
v -0.020265 4.871726 -0.473762
v -0.592030 5.069104 -0.440704
v -0.537311 4.981038 0.007664
v -0.098155 4.563784 0.010640
v -0.438304 5.081039 -0.581542
v 0.000852 4.663785 -0.578567
v -0.363195 4.518892 0.701526
v -0.465692 4.618839 0.112907
v -0.770814 4.070800 0.696419
v -0.873312 4.170747 0.107799
v 0.061496 4.530651 -0.300120
v 0.042177 3.969349 -0.527135
v -0.441770 4.671814 -0.606327
v -0.461091 4.110515 -0.833344
v 0.187371 4.592145 -0.364354
v 0.792397 4.619681 -0.376699
v 0.205497 4.458694 0.226266
v 0.810524 4.486234 0.213920
v -0.703899 4.329266 -0.377282
v -0.130180 4.254501 -0.197769
v -0.513043 4.652923 -0.852452
v 0.060676 4.578159 -0.672939
v 0.825528 4.780687 -0.210369
v 0.337257 5.043091 0.033976
v 0.554098 4.240441 -0.172587
v 0.065828 4.502845 0.071758
v 0.091339 4.468479 -0.961842
v 0.052970 4.943601 -0.588001
v -0.200146 4.125764 -0.556193
v -0.238515 4.600885 -0.182353
v 0.232137 4.908013 -0.178497
v 0.765195 4.976191 0.101089
v 0.109540 4.429358 0.171969
v 0.642597 4.497535 0.451555
v -0.515359 4.981920 -0.199636
v 0.000687 4.725903 -0.012234
v -0.382835 4.830750 -0.771085
v 0.133212 4.574735 -0.583683
v -0.442702 4.907029 -0.096431
v 0.117290 4.693318 -0.008653
v -0.336072 4.941922 -0.691729
v 0.223920 4.728214 -0.603951
v -0.075457 4.646981 -0.446613
v 0.387665 4.814454 -0.093854
v 0.237705 4.160788 -0.626929
v 0.700827 4.328261 -0.274169
v -0.171063 4.347328 -0.563021
v 0.170909 4.366602 -0.063368
v 0.196826 4.747593 -0.830252
v 0.538799 4.766868 -0.330601
v 0.130376 5.227315 0.045935
v 0.725318 5.120997 0.087271
v 0.024018 4.789653 0.451035
v 0.618960 4.683334 0.492373
v 0.367395 5.257521 0.129999
v -0.004681 4.861843 0.398266
v 0.841015 4.906252 0.268795
v 0.468939 4.510574 0.537062
v 0.020753 4.312740 -0.646964
v -0.307367 4.562425 -0.203159
v 0.277561 4.849780 -0.759234
v -0.050558 5.099465 -0.315430
v -0.124634 5.246984 -0.366119
v -0.344585 4.833070 0.017627
v 0.289210 4.848657 -0.558564
v 0.069259 4.434739 -0.174817
v -0.171340 4.667274 0.356659
v 0.335557 4.996671 0.395648
v -0.430818 5.105412 0.028522
v 0.076078 5.434809 0.067510
v -0.476665 4.544890 0.047031
v -0.676804 4.979152 0.418955
v 0.002137 4.887559 -0.095424
v -0.198002 5.321822 0.276500
v -0.065700 4.666859 -0.044775
v -0.445266 4.662521 0.427327
v -0.065657 5.272609 -0.039176
v -0.445222 5.268276 0.432923
v -0.574987 4.805689 0.371214
v -0.231861 4.310343 0.433384
v -0.131925 5.142602 0.610282
v 0.211200 4.647258 0.672453
v -0.496514 5.206820 0.040968
v -0.209880 4.681588 -0.053570
v -0.481969 5.107242 0.638328
v -0.195335 4.582006 0.543792
v -0.259141 5.209744 -0.220257
v -0.789124 4.988225 -0.027865
v 0.034234 4.815184 0.133607
v -0.495749 4.593662 0.326000
v 0.070676 4.532803 0.352426
v -0.242909 4.658168 0.855334
v 0.276334 5.102437 0.338665
v -0.037250 5.227801 0.841573
v -0.267023 4.941295 0.568422
v 0.075198 4.498404 0.800156
v 0.232461 5.255089 0.430519
v 0.574682 4.812200 0.662253
v -0.571823 5.026056 0.340268
v -0.142364 5.354829 0.613108
v -0.153464 4.623983 0.166255
v 0.275995 4.952757 0.439095
v 0.575609 4.351439 0.008448
v 0.103806 4.730745 -0.013838
v 0.775603 4.629557 0.508068
v 0.303800 5.008865 0.485782
v 0.027979 4.499011 0.973853
v 0.524339 4.604960 0.643146
v -0.319250 4.642062 0.498526
v 0.177109 4.748013 0.167819
v -0.346673 5.167286 0.008630
v -0.767854 4.766726 -0.162033
v -0.203319 4.815505 0.480506
v -0.624499 4.414945 0.309844
v -0.366466 4.589398 -0.961782
v -0.474082 4.858893 -0.430030
v -0.003583 4.190310 -0.686080
v -0.111198 4.459805 -0.154330
v -0.662161 4.673230 -0.681387
v -0.223455 5.052832 -0.507014
v -0.336819 4.204139 -0.478724
v 0.101888 4.583740 -0.304350
v -0.101859 4.407678 0.795467
v -0.402550 4.826147 0.476980
v -0.430430 3.971728 0.532872
v -0.731123 4.390198 0.214384
v 0.187385 4.660523 0.032405
v -0.168603 5.043309 0.338534
v 0.635879 5.067539 0.045009
v 0.279892 5.450325 0.351138
v 0.009291 5.319175 -0.045021
v 0.108072 5.094815 0.508941
v 0.360062 4.886333 -0.282876
v 0.458843 4.661972 0.271088
v -0.259554 4.601816 0.295926
v 0.157634 5.040988 0.303069
v -0.577398 4.910468 -0.117204
v -0.160213 5.349640 -0.110061
v -0.595581 4.823049 0.005986
v -0.393521 5.372996 0.159921
v -0.047500 4.590425 0.117623
v 0.154561 5.140374 0.271557
v -0.509647 4.986797 -0.164442
v -0.437008 4.451886 0.110439
v -0.365673 5.271094 0.350742
v -0.293034 4.736180 0.625625
v -0.527898 4.971328 -0.083040
v -0.699380 4.489151 0.241101
v -0.147729 5.133777 0.359737
v -0.319211 4.651601 0.683876
v -0.346020 4.951160 0.043318
v -0.520872 4.701567 0.566861
v 0.159152 5.154271 0.308866
v -0.015700 4.904678 0.832409
v 0.299030 4.355324 0.224242
v 0.320528 4.325748 0.828917
v 0.176981 4.947744 0.257558
v 0.198480 4.918166 0.862234
v -0.408979 4.389132 0.293644
v 0.158233 4.282994 0.477966
v -0.407546 4.915991 0.592616
v 0.159666 4.809853 0.776939
v -0.404934 4.662780 0.324200
v -0.573397 5.144023 -0.002899
v -0.409104 4.321259 -0.176114
v -0.577567 4.802502 -0.503212
v -0.015833 4.592978 -0.169967
v -0.616153 4.670107 -0.144759
v -0.041794 4.588701 -0.775173
v -0.642115 4.665832 -0.749968
v -0.305124 4.522385 0.925626
v -0.350039 4.136553 0.460778
v -0.247037 4.983597 0.537196
v -0.291951 4.597764 0.072349
v -0.585282 4.955105 0.607558
v -0.054063 4.773956 0.835508
v -0.641632 4.425849 0.318282
v -0.110414 4.244699 0.546232
v -0.050590 5.149423 0.261300
v -0.578778 4.895019 0.413823
v 0.218919 4.607716 0.291065
v -0.309269 4.353312 0.443588
v -0.091077 5.206556 0.320516
v -0.002790 4.631474 0.151838
v 0.017064 5.389541 -0.246749
v 0.105351 4.814459 -0.415427
v -0.424877 4.825810 -0.454510
v -0.293694 5.348315 -0.177477
v 0.090099 4.585362 -0.244860
v 0.221282 5.107868 0.032172
v 0.075750 5.088712 -0.634892
v -0.404012 5.150043 -0.270152
v 0.392687 4.848951 -0.177688
v -0.087077 4.910283 0.187050
v -0.352158 5.184695 -0.049724
v -0.047689 4.664901 0.014166
v -0.242958 5.175428 -0.645505
v 0.061510 4.655636 -0.581617
v -0.170617 5.005523 -0.704940
v 0.376874 5.217212 -0.555244
v -0.038705 4.476983 -0.439969
v 0.508786 4.688672 -0.290272
v 0.619132 4.970411 -0.036750
v 0.226069 4.884809 0.416175
v 0.779741 4.387037 -0.007629
v 0.386678 4.301433 0.445297
v -0.045160 4.755044 0.568266
v 0.278957 4.245212 0.612846
v 0.198755 4.862541 0.024284
v 0.522872 4.352709 0.068864
v 0.343429 5.183927 -0.645509
v 0.283488 4.950125 -0.089890
v 0.615231 4.675066 -0.830311
v 0.555290 4.441266 -0.274693
v 0.586743 5.357092 -0.227403
v 0.981737 4.978402 0.032489
v 0.208238 4.894538 -0.326123
v 0.603232 4.515849 -0.066232
v 0.429874 4.759768 0.101856
v 0.661808 5.287991 -0.082954
v -0.104885 4.909998 -0.139871
v 0.127048 5.438220 -0.324680
v 0.109223 5.262577 -0.399853
v 0.177817 4.767571 -0.057463
v 0.710611 5.332914 -0.418646
v 0.779205 4.837908 -0.076256
v 0.230485 5.106704 -0.633516
v 0.772682 4.884501 -0.479848
v -0.019617 4.563575 -0.536434
v 0.522578 4.341371 -0.382764
v -0.553161 4.762613 -0.610449
v -0.206796 4.384276 -0.288177
v -0.062616 4.959807 -0.906165
v 0.283749 4.581469 -0.583893
v -0.504718 5.287584 0.440339
v -0.075023 4.934496 0.680465
v -0.659940 4.841066 0.061530
v -0.230245 4.487978 0.301656
v -0.329817 5.153692 0.210958
v -0.784543 4.861630 0.484623
v 0.056650 4.725563 0.396207
v -0.398075 4.433501 0.669872
v -0.420683 4.662911 -0.219546
v -1.005596 4.652660 -0.376837
v -0.408183 5.262487 -0.305110
v -0.993096 5.252234 -0.462399
v -0.174671 4.648024 -0.876783
v 0.419342 4.748784 -0.813825
v -0.166345 4.292503 -0.386372
v 0.427670 4.393261 -0.323413
v 0.537264 4.299066 -0.736413
v 0.298499 4.421819 -0.193375
v -0.015173 4.320150 -0.984077
v -0.253938 4.442904 -0.441039
v -0.378490 4.328284 -0.613344
v 0.022059 4.669311 -0.312963
v 0.068191 4.106593 -0.957289
v 0.468739 4.447621 -0.656908
v -0.151762 5.106491 -0.705714
v -0.614223 4.881866 -0.385337
v 0.231715 4.944843 -0.265502
v -0.230748 4.720220 0.054873
v 0.019022 4.669778 -0.074248
v -0.577774 4.726709 0.012708
v 0.087698 5.266196 0.006594
v -0.509099 5.323129 0.093548
v -0.135997 4.940064 -0.191659
v -0.254129 5.158641 0.360823
v 0.185883 4.490135 0.055170
v 0.067751 4.708713 0.607652
v 0.016817 4.483740 0.313080
v 0.359183 4.786071 -0.084851
v -0.302115 4.987276 0.421250
v 0.040251 5.289606 0.023319
v -0.312803 4.994932 0.309291
v -0.149973 4.440035 0.128892
v 0.270391 5.155617 0.341432
v 0.433220 4.600719 0.161033
v -0.084008 5.007759 -0.263050
v -0.108540 4.505898 0.075333
v 0.142113 5.314301 0.207981
v 0.117582 4.812442 0.546363
v -0.425753 4.594147 0.983172
v 0.108311 4.332621 0.867635
v -0.478828 4.743999 0.398624
v 0.055235 4.482472 0.283088
v -0.270706 4.500257 0.124469
v -0.532680 4.289874 0.628528
v -0.140824 5.019267 0.408596
v -0.402798 4.808884 0.912655
v -1.018777 4.400426 0.738939
v -0.532580 4.040421 0.707642
v -0.691704 4.861140 0.520455
v -0.205508 4.501137 0.489159
v -0.814287 4.916358 0.122532
v -0.283570 4.688143 0.304813
v -1.030404 4.863838 0.686006
v -0.499687 4.635621 0.868288
v 0.054858 4.440887 -0.757328
v 0.606213 4.191554 -0.728907
v 0.083070 4.570646 -0.166283
v 0.634425 4.321311 -0.137862
v -0.098854 4.318291 0.708038
v 0.392525 4.616333 0.516503
v -0.431972 4.595484 0.284759
v 0.059407 4.893525 0.093225
v -0.859738 5.416512 -0.335095
v -1.121413 4.899899 -0.157329
v -0.341477 5.244183 -0.073034
v -0.603152 4.727568 0.104733
v -0.172931 4.426164 -0.575842
v -0.603761 4.674535 -0.229916
v 0.049123 4.977073 -0.694835
v -0.381707 5.225445 -0.348909
v -0.881883 4.197520 0.685947
v -0.296271 4.207026 0.840662
v -0.817161 4.731937 0.408140
v -0.231549 4.741442 0.562857
v -0.433717 5.167057 -0.258209
v -0.522717 4.643870 0.033889
v -0.164389 5.395920 0.233779
v -0.253391 4.872734 0.525876
v -0.107606 4.852393 0.296192
v -0.216102 4.768355 0.886221
v 0.131755 4.297017 0.261104
v 0.023259 4.212979 0.851133
v -0.063128 4.738889 -0.327709
v 0.518983 4.573179 -0.302114
v -0.129034 4.427739 -0.843276
v 0.453077 4.262029 -0.817681
v 0.309126 4.858283 0.195428
v -0.024985 4.353320 0.214189
v 0.760402 4.570223 0.478872
v 0.426292 4.065262 0.497634
v 0.132377 4.876059 0.237511
v 0.204970 4.600642 0.772154
v 0.318421 4.374235 -0.046262
v 0.391014 4.098817 0.488382
v 0.299786 4.224084 0.010231
v 0.498557 4.775919 -0.141216
v 0.463085 4.015727 -0.534646
v 0.661855 4.567564 -0.686092
v -1.131536 4.808646 0.097887
v -0.657034 4.502711 0.317478
v -0.958153 5.299694 0.407368
v -0.483651 4.993759 0.626958
v 0.233163 4.602324 -0.315099
v 0.674897 4.858765 0.010597
v 0.568400 4.101368 -0.375336
v 1.010132 4.357811 -0.049642
v 0.314787 4.823319 -0.889229
v -0.101385 4.764900 -0.452930
v 0.644151 4.383650 -0.633929
v 0.227979 4.325231 -0.197631
v 0.110651 5.227302 0.421459
v 0.207482 4.663846 0.221186
v 0.093655 5.427507 -0.150028
v 0.190486 4.864051 -0.350299
v -0.135070 5.028870 -0.536404
v 0.230407 4.649762 -0.236952
v 0.086522 5.494077 -0.217898
v 0.452000 5.114971 0.081552
v 0.379708 5.196918 -0.736732
v 0.734391 5.180964 -0.245904
v 0.139501 4.663195 -0.580504
v 0.494185 4.647240 -0.089675
v 0.343223 5.147045 -0.687531
v 0.055970 4.895746 -0.217103
v 0.869082 5.102781 -0.390075
v 0.581831 4.851483 0.080352
v 0.279130 4.378248 -0.093964
v 0.808114 4.492332 0.178297
v 0.066621 4.913215 0.094762
v 0.595608 5.027300 0.367023
v 0.209128 4.346860 -0.325214
v 0.810007 4.421157 -0.345021
v 0.187888 4.657219 0.194588
v 0.788767 4.731515 0.174781
v 0.847458 4.533453 -0.170920
v 0.404980 4.279613 0.155801
v 0.486376 5.003920 -0.294413
v 0.043898 4.750079 0.032308
v -0.723492 4.550154 -0.412528
v -0.176264 4.774035 -0.280668
v -0.466959 4.133389 -0.769552
v 0.080270 4.357269 -0.637692
v -0.225129 5.015234 -0.658731
v -0.378179 4.494900 -0.388923
v 0.360982 4.877377 -0.592116
v 0.207932 4.357044 -0.322308
v 0.088138 4.504560 -0.967599
v 0.121682 4.168959 -0.464395
v -0.268858 4.900405 -0.679799
v -0.235315 4.564805 -0.176596
v -0.229177 4.842960 0.557444
v -0.739736 4.518888 0.593145
v -0.282956 4.861246 -0.045666
v -0.793514 4.537171 -0.009965
v -0.514010 4.718349 0.049581
v -0.153259 5.185001 -0.088486
v -0.383200 4.459826 -0.482418
v -0.022449 4.926476 -0.620483
v -0.480728 4.591497 -0.137337
v -0.021627 4.977473 -0.052377
v -0.360520 4.579181 -0.730943
v 0.098581 4.965155 -0.645981
v -0.429228 4.755130 -0.072193
v 0.083140 5.078302 -0.070083
v -0.301924 4.556939 -0.630299
v 0.210446 4.880114 -0.628188
v -0.039825 4.245275 -0.382515
v 0.435333 4.277061 -0.008104
v 0.190038 4.698180 -0.712679
v 0.665196 4.729966 -0.338268
v -0.198488 4.656509 -0.612356
v 0.127898 4.851502 -0.140743
v 0.239839 4.262692 -0.752879
v 0.566224 4.457685 -0.281266
v 0.186907 4.590003 0.147628
v 0.753404 4.804369 0.137794
v -0.004068 5.106282 0.400512
v 0.562428 5.320648 0.390679
v 0.437862 4.463093 0.256763
v -0.003827 4.852217 0.399802
v 0.840161 4.915876 0.267259
v 0.398472 5.305002 0.410297
v -0.042781 5.029016 -0.761257
v -0.335196 4.876171 -0.253223
v 0.305391 4.536035 -0.709172
v 0.012976 4.383191 -0.201137
v -0.050813 4.414754 -0.233323
v -0.348990 4.882725 0.009703
v 0.293615 4.799003 -0.550642
v -0.004561 5.266972 -0.307613
v -0.239302 5.433463 0.234402
v 0.315359 5.224380 0.359313
v -0.410620 4.877701 0.064857
v 0.144041 4.668616 0.189770
v -0.538092 5.237408 -0.063471
v -0.670818 4.911663 0.429724
v -0.003848 4.955049 -0.106194
v -0.136574 4.629303 0.387003
v -0.113673 5.207688 -0.131072
v -0.501135 5.292384 0.326821
v -0.009788 4.642749 0.061328
v -0.397249 4.727445 0.519222
v -0.551275 4.538364 0.413870
v -0.300118 5.079864 0.310595
v -0.063668 4.373082 0.733072
v 0.187488 4.914580 0.629796
v -0.433699 4.498659 0.153966
v -0.239013 5.010025 -0.105977
v -0.452837 4.778801 0.690736
v -0.258151 5.290168 0.430793
v -0.200575 4.549493 -0.114903
v -0.765789 4.725151 0.014112
v 0.010899 5.078257 0.091629
v -0.554315 5.253916 0.220645
v 0.016895 5.139116 0.255678
v -0.284169 5.123318 0.781112
v 0.317595 4.637284 0.412888
v 0.016530 4.621489 0.938321
v -0.248247 4.729621 0.602198
v 0.006379 5.274263 0.676355
v 0.301281 4.479231 0.554320
v 0.555906 5.023873 0.628478
v -0.557722 4.867083 0.365635
v -0.085833 4.717511 0.714803
v -0.209995 5.261300 0.064560
v 0.261894 5.111731 0.413728
v 0.523644 4.937280 -0.085032
v 0.124755 4.494561 0.023851
v 0.754654 4.865741 0.470381
v 0.355766 4.423022 0.579263
v -0.280080 4.416545 0.128423
v -0.758941 4.666251 -0.146000
v -0.212231 4.915979 0.464475
v -0.691091 5.165683 0.190052
v -0.342338 4.317385 -0.918378
v -0.416615 4.211026 -0.326652
v -0.061050 4.838177 -0.789458
v -0.135327 4.731818 -0.197733
v 0.124658 5.367691 -0.080436
v -0.168577 5.043026 0.338580
v 0.635854 5.067822 0.044964
v 0.342619 4.743158 0.463979
v 0.073459 4.595767 0.070410
v 0.117041 4.993696 0.525076
v 0.351093 4.987450 -0.299010
v 0.394676 5.385380 0.155655
v -0.328552 5.379684 0.171804
v 0.157483 5.042672 0.302800
v -0.577250 4.908786 -0.116936
v -0.091214 4.571772 0.014061
v -0.613472 5.024739 -0.026198
v -0.324289 4.592497 0.284462
v -0.116733 5.370926 -0.006921
v 0.172450 4.938686 0.303739
v -0.475663 4.603669 -0.103308
v -0.503495 5.201440 -0.009164
v -0.299187 4.521540 0.470346
v -0.327018 5.119312 0.564489
v -0.488359 4.525573 -0.011913
v -0.748890 5.047311 0.152037
v -0.098220 4.575617 0.448799
v -0.358751 5.097357 0.612749
v -0.328706 4.755972 0.074463
v -0.558089 5.121136 0.499912
v 0.196369 4.734702 0.375816
v -0.033014 5.099868 0.801263
v 0.258688 4.810126 0.151671
v 0.258217 5.028233 0.716824
v 0.239292 4.245258 0.369651
v 0.238821 4.463366 0.934804
v -0.434143 4.672841 0.248374
v 0.101158 4.926438 0.375294
v -0.350470 4.272549 0.695289
v 0.184832 4.526146 0.822209
v -0.429576 4.940584 0.279871
v -0.503892 4.360442 0.122134
v -0.478609 5.104840 -0.301147
v -0.552925 4.524699 -0.458885
v -0.034799 4.806807 -0.204086
v -0.613426 4.639372 -0.139854
v -0.044521 4.619434 -0.780077
v -0.623148 4.452003 -0.715847
v -0.323182 4.725965 0.893140
v -0.420918 4.935634 0.333271
v -0.176157 4.184514 0.664704
v -0.273893 4.394184 0.104833
v -0.139615 3.924241 -0.247659
v 0.082612 4.105120 -0.781389
v 0.391778 4.048004 0.015537
v 0.614005 4.228884 -0.518191
v -0.676107 4.420702 -0.177708
v -0.939487 4.351501 -0.718827
v -0.281039 4.810872 -0.419896
v -0.544419 4.741672 -0.961017
v -0.521525 4.236320 0.722252
v -0.035740 4.567383 0.868470
v -0.659956 4.632422 0.285320
v -0.174171 4.963484 0.431538
v 0.018275 4.373048 0.385183
v -0.549724 4.567463 0.466090
v 0.189865 4.935269 0.238799
v -0.378135 5.129689 0.319703
v -0.066004 4.923887 0.365620
v -0.073171 5.424936 0.025229
v 0.087445 4.596079 -0.120140
v 0.080278 5.097126 -0.460531
v -0.437503 4.968149 -0.477222
v -0.226202 4.587432 -0.056066
v 0.022607 5.346247 -0.366272
v 0.233907 4.965528 0.054884
v 0.101086 4.803091 -0.589315
v -0.370834 4.775994 -0.210467
v 0.359507 5.222999 -0.237374
v -0.112411 5.195903 0.141475
v -0.310878 4.719325 0.024535
v -0.102037 5.277591 -0.083599
v -0.188611 4.562739 -0.547741
v 0.020231 5.121003 -0.655873
v 0.681390 4.268529 0.075247
v 0.267210 4.421010 0.490181
v 0.738601 4.850837 -0.081635
v 0.324420 5.003318 0.333300
v -0.013140 4.394045 0.625869
v 0.217292 4.940400 0.501918
v 0.260419 4.167354 0.135212
v 0.490850 4.713710 0.011260
v 0.413871 4.389772 -0.518789
v 0.299481 4.769797 -0.061115
v 0.599236 4.855395 -0.859085
v 0.484847 5.235419 -0.401413
v 0.661289 4.516680 -0.093302
v 0.978133 5.019017 0.026008
v 0.211841 4.853924 -0.319643
v 0.528686 5.356260 -0.200333
v 0.363487 5.508198 -0.017568
v 0.687637 4.996792 -0.036488
v -0.130715 5.201198 -0.186337
v 0.193435 4.689792 -0.205256
v 0.155210 4.744123 -0.317125
v 0.128397 5.324719 -0.146365
v 0.760030 4.775766 -0.329744
v 0.733218 5.356361 -0.158984
v 0.301841 4.302260 -0.505154
v 0.793424 4.650676 -0.442537
v -0.040358 4.797399 -0.573745
v 0.451224 5.145814 -0.511127
v -0.529427 4.357364 -0.701000
v -0.096390 4.404671 -0.280038
v -0.331906 4.867359 -0.961497
v 0.101129 4.914666 -0.540532
v -0.435889 4.511623 0.564156
v -0.079934 4.989864 0.671630
v -0.655029 4.785698 0.070364
v -0.299075 5.263940 0.177837
v -0.262229 4.391725 0.332543
v -0.767669 4.671397 0.514978
v 0.039776 4.915798 0.365851
v -0.465664 5.195469 0.548287
v -0.478956 5.319863 -0.324374
v -1.052412 5.180458 -0.461056
v -0.361367 4.734689 -0.220890
v -0.934823 4.595282 -0.357571
v 0.522939 4.460567 -0.762183
v 0.294006 4.472456 -0.201455
v -0.010681 4.269513 -0.975996
v -0.239612 4.281400 -0.415268
v -0.382879 4.377774 -0.621241
v 0.061888 4.220281 -0.241313
v 0.028361 4.555623 -1.028938
v 0.473129 4.398131 -0.649010
v -0.038786 5.321479 -0.178236
v -0.619102 5.192616 -0.061636
v 0.129023 4.800290 0.080936
v -0.451292 4.671427 0.197537
v -0.103638 4.575254 -0.133448
v -0.197581 4.521126 0.462549
v 0.129334 5.127650 -0.046557
v 0.035391 5.073521 0.549441
v -0.056149 5.306348 0.181819
v 0.343807 4.959401 -0.112510
v -0.286740 4.813946 0.448907
v 0.113217 4.466999 0.154578
v -0.275314 4.572290 0.376731
v -0.205287 5.063630 0.029388
v 0.325704 4.532021 0.440938
v 0.395732 5.023361 0.093594
v -0.054620 4.676446 -0.210182
v -0.174207 5.246226 -0.042800
v 0.207781 4.573973 0.326113
v 0.088194 5.143752 0.493497
v -0.223451 4.186449 1.056958
v -0.338207 4.778698 1.001816
v -0.111112 4.152882 0.462634
v -0.225870 4.745128 0.407491
v -0.287409 4.688555 0.094422
v -0.595321 4.996064 0.515845
v -0.078183 4.313074 0.521281
v -0.386095 4.620583 0.942702
v -1.024651 4.466648 0.728372
v -0.606807 4.877234 0.574115
v -0.617478 4.024329 0.653982
v -0.199635 4.434915 0.499724
v -0.777577 4.502511 0.188568
v -0.299117 4.863416 0.276846
v -1.014856 4.688564 0.713974
v -0.536396 5.049467 0.802250
v 0.078020 4.179761 -0.715662
v 0.577395 4.516443 -0.780749
v 0.111888 4.245753 -0.114441
v 0.611263 4.582440 -0.179529
v -0.878925 4.413304 0.325300
v -0.732412 4.243278 0.887965
v -0.393562 4.775388 0.308330
v -0.247050 4.605360 0.870996
v -0.155449 4.956325 0.606229
v 0.384863 4.702718 0.502719
v -0.424311 4.509100 0.298543
v 0.116002 4.255491 0.195033
v -0.792621 4.659844 -0.214357
v -1.143873 5.153113 -0.197732
v -0.319017 4.990969 -0.032630
v -0.670269 5.484237 -0.016006
v -0.240022 5.182542 -0.696534
v -0.631127 4.983064 -0.279146
v 0.076489 4.668543 -0.645604
v -0.314615 4.469066 -0.228217
v -0.396339 4.745670 -0.190971
v -0.581808 5.310039 -0.072410
v -0.105299 4.729753 0.340077
v -0.290768 5.294123 0.458637
v -0.044121 4.136675 0.410397
v -0.181555 4.378891 0.948366
v 0.097209 4.686483 0.198957
v -0.040225 4.928697 0.736928
v -0.024975 4.308762 -0.259075
v 0.519120 4.571623 -0.301865
v -0.129172 4.429295 -0.843524
v 0.414923 4.692159 -0.886316
v 0.382231 4.034117 0.326937
v -0.033999 4.454937 0.197975
v 0.769415 4.468608 0.495087
v 0.353187 4.889427 0.366125
v 0.204501 4.062947 0.367256
v 0.214059 4.498178 0.788505
v 0.309333 4.476699 -0.062611
v 0.318890 4.911931 0.358636
v 0.263521 4.632931 -0.055007
v 0.558153 4.104046 -0.034008
v 0.403490 4.687601 -0.641854
v 0.698121 4.158718 -0.620854
v -1.135246 4.850474 0.091213
v -0.726510 5.285955 0.192498
v -0.888678 4.516450 0.532347
v -0.479941 4.951929 0.633633
v 0.263704 4.258010 -0.260158
v 0.733814 4.194535 0.116586
v 0.509480 4.765598 -0.481325
v 0.979592 4.702125 -0.104583
v 0.366355 4.241952 -0.796463
v -0.065461 4.359900 -0.388306
v 0.608226 4.788651 -0.698554
v 0.176411 4.906599 -0.290399
v 0.131869 4.988091 0.459629
v 0.135977 5.469970 0.092556
v 0.165160 4.621384 -0.021398
v 0.169268 5.103263 -0.388470
v -0.129527 4.966372 -0.526431
v 0.157097 5.476254 -0.368833
v 0.159834 4.667587 -0.086019
v 0.446457 5.177465 0.071581
v 0.436627 4.555224 -0.634340
v 0.769724 4.782631 -0.182343
v 0.104168 5.061528 -0.644065
v 0.437266 5.288934 -0.192066
v 0.380929 4.721957 -0.619702
v 0.042020 5.053017 -0.242199
v 0.883033 4.945511 -0.364980
v 0.544124 5.276569 0.012523
v -1.052471 4.830072 -0.552330
v -0.873018 5.261751 0.128256
v -0.412432 4.280425 -0.369543
v -0.232977 4.712108 0.311042
v 0.779574 3.191520 -1.250504
v 1.157920 3.373958 -1.498623
v 1.084940 3.020308 -0.910752
v 1.463288 3.202746 -1.158871
v 1.151211 2.928913 -0.742117
v 1.494546 3.087868 -1.050091
v 1.187715 3.343428 -0.487480
v 1.531048 3.502380 -0.795456
v 1.271411 3.431458 -1.050229
v 0.993460 3.095435 -0.831539
v 1.505010 3.511992 -0.629588
v 1.227059 3.175969 -0.410897
v 0.813314 3.059283 -1.399578
v 1.173467 3.139773 -1.080511
v 1.072483 2.698425 -1.601088
v 1.432637 2.778914 -1.282020
v 1.049034 3.068752 -0.555726
v 1.175212 2.616724 -0.422519
v 1.519639 3.182434 -0.615726
v 1.645820 2.730408 -0.482518
v 1.002055 3.118275 -0.452070
v 0.627380 3.140450 -0.140428
v 0.694009 3.010804 -0.814772
v 0.319335 3.032982 -0.503129
v 1.569618 2.906573 -0.891566
v 1.118292 2.846363 -0.716426
v 1.688121 3.167220 -0.496582
v 1.236796 3.107012 -0.321442
v 0.522985 3.270112 -0.228496
v 0.707640 3.481431 -0.627546
v 0.674879 2.835041 -0.388605
v 0.859533 3.046360 -0.787654
v 1.362593 3.018684 -0.124172
v 1.198987 3.401309 -0.378783
v 1.342353 2.742689 -0.525932
v 1.178749 3.125314 -0.780541
v 0.880528 3.372650 -0.546587
v 0.404538 3.427554 -0.454866
v 0.781686 2.987179 -0.828785
v 0.305696 3.042083 -0.737065
v 1.361707 3.432169 -0.908705
v 0.942725 3.225992 -0.767496
v 1.565287 3.310429 -0.482408
v 1.146305 3.104254 -0.341200
v 1.264134 3.371858 -0.937183
v 0.867523 3.199753 -0.711188
v 1.495993 3.399958 -0.508878
v 1.099383 3.227854 -0.282883
v 1.208823 3.162436 -0.532290
v 0.740109 3.297305 -0.521758
v 1.102244 2.770894 -0.261494
v 0.633530 2.905763 -0.250963
v 1.327474 2.921119 -0.507027
v 0.861249 2.936640 -0.649814
v 1.230097 3.243460 -0.154031
v 0.763872 3.258982 -0.296816
v 0.831869 3.629790 -0.738979
v 0.436581 3.544170 -0.466195
v 0.695364 3.277332 -1.047415
v 0.300076 3.191711 -0.774632
v 0.640441 3.654115 -0.672858
v 0.739933 3.335468 -1.028610
v 0.272579 3.371232 -0.522360
v 0.372072 3.052585 -0.878111
v 1.248882 2.893264 -0.357845
v 1.232541 3.094341 -0.802024
v 1.143604 3.325753 -0.158189
v 1.127263 3.526830 -0.602367
v 1.199354 3.645631 -0.607661
v 1.145083 3.312296 -0.959706
v 1.035486 3.324849 -0.278663
v 0.981214 2.991513 -0.630708
v 0.865745 3.178778 -1.086121
v 0.527063 3.444048 -0.856080
v 1.193896 3.531619 -1.009874
v 0.855215 3.796889 -0.779833
v 1.213462 3.080220 -1.044552
v 1.152656 3.429940 -1.379203
v 0.983595 3.356178 -0.714399
v 0.922789 3.705899 -1.049050
v 1.000861 3.178443 -0.780354
v 1.002693 3.174951 -1.268185
v 0.998022 3.666266 -0.783857
v 0.999856 3.662777 -1.271686
v 1.112538 3.290246 -1.298013
v 0.865309 2.891334 -1.164817
v 0.713552 3.561569 -1.225985
v 0.466324 3.162658 -1.092790
v 1.229002 3.613286 -1.050704
v 1.096041 3.190305 -0.847231
v 0.919826 3.533093 -1.419448
v 0.786864 3.110110 -1.215976
v 1.210770 3.615640 -0.767039
v 1.447776 3.437246 -1.154334
v 0.848359 3.297892 -0.842458
v 1.085364 3.119497 -1.229752
v 0.715518 3.070486 -0.961905
v 0.660343 3.171445 -1.435990
v 0.592964 3.529223 -0.849951
v 0.537788 3.630182 -1.324037
v 0.819623 3.399453 -1.267485
v 0.487801 3.042783 -1.241488
v 0.574450 3.652157 -0.929811
v 0.242629 3.295489 -0.903813
v 1.126089 3.467713 -1.276943
v 0.718704 3.732479 -1.233007
v 0.950121 3.143915 -0.957280
v 0.542737 3.408682 -0.913345
v 0.570414 2.924429 -0.491766
v 0.878616 3.229892 -0.714697
v 0.193583 3.148403 -0.705839
v 0.501785 3.453868 -0.928770
v 0.430289 3.043272 -1.374549
v 0.283917 3.128595 -0.917069
v 0.887605 3.158475 -1.249716
v 0.741234 3.243798 -0.792236
v 1.150916 3.581447 -0.955091
v 1.501771 3.258868 -1.059191
v 0.823675 3.298151 -1.180146
v 1.174529 2.975572 -1.284246
v 1.650760 3.116062 -0.354140
v 1.451436 3.333093 -0.742937
v 1.283848 2.794668 -0.345443
v 1.084526 3.011699 -0.734239
v 1.696078 3.183574 -0.679164
v 1.332326 3.489275 -0.568598
v 1.389483 2.805805 -0.643343
v 1.025731 3.111506 -0.532777
v 0.601617 2.969719 -1.327462
v 0.950866 3.306722 -1.277989
v 0.940345 2.618640 -1.327177
v 1.289595 2.955643 -1.277703
v 0.802776 3.173341 -0.701830
v 0.873125 3.481607 -1.073336
v 0.514111 3.501119 -0.484511
v 0.584460 3.809385 -0.856017
v 0.953776 3.703767 -0.742535
v 0.613368 3.523085 -1.041652
v 0.852421 3.355190 -0.416629
v 0.512012 3.174508 -0.715747
v 0.951780 3.126063 -1.092193
v 0.685566 3.479737 -0.887160
v 1.359361 3.374627 -0.991756
v 1.093147 3.728302 -0.786724
v 1.308936 3.304226 -1.078438
v 1.104422 3.747110 -1.073859
v 0.907841 3.116890 -0.873446
v 0.703327 3.559775 -0.868866
v 1.340435 3.436096 -0.927991
v 1.156650 3.005322 -1.064551
v 0.991053 3.665046 -1.179998
v 0.807267 3.234269 -1.316560
v 1.311041 3.423639 -0.988402
v 1.256194 3.035332 -1.278580
v 0.849336 3.554461 -1.076200
v 0.794490 3.166156 -1.366377
v 1.133083 3.407398 -0.976599
v 0.980209 3.206395 -1.393997
v 0.681698 3.570966 -0.890047
v 0.528824 3.369964 -1.307445
v 0.636145 2.927557 -0.766522
v 0.318917 2.903740 -1.136378
v 0.696244 3.404646 -0.848794
v 0.379015 3.380826 -1.218650
v 1.046992 2.954784 -1.165804
v 0.597348 2.869310 -0.996960
v 0.895933 3.379075 -1.353293
v 0.446288 3.293600 -1.184448
v 1.029099 3.175159 -1.183009
v 1.299433 3.562714 -1.061703
v 1.283004 2.900125 -0.870146
v 1.553337 3.287679 -0.748842
v 1.032345 3.118946 -0.676498
v 1.397597 3.181060 -0.993873
v 1.352649 3.115501 -0.308549
v 1.717902 3.177616 -0.625924
v 0.664205 3.062095 -1.511487
v 0.925946 2.751377 -1.241416
v 0.822724 3.433519 -1.237790
v 1.084465 3.122800 -0.967719
v 1.000317 3.410574 -1.451966
v 0.551418 3.264691 -1.328663
v 1.181077 2.984353 -1.298163
v 0.732179 2.838469 -1.174861
v 0.837625 3.567062 -0.965444
v 1.093525 3.362185 -1.326740
v 0.653014 3.130814 -0.848823
v 0.908914 2.925938 -1.210118
v 0.833371 3.613072 -1.023057
v 0.862510 3.149947 -0.872529
v 1.050200 3.760434 -0.611640
v 1.079339 3.297308 -0.461113
v 1.432756 3.306451 -0.702812
v 1.211035 3.727234 -0.811325
v 1.003274 3.112813 -0.576148
v 0.781554 3.533597 -0.684659
v 1.208198 3.518170 -0.337822
v 1.327029 3.567562 -0.808390
v 0.779053 3.325086 -0.466461
v 0.897885 3.374478 -0.937029
v 1.183676 3.595468 -0.921110
v 0.959920 3.176866 -0.808412
v 1.414160 3.588005 -0.491210
v 1.190405 3.169405 -0.378512
v 1.398471 3.451176 -0.417462
v 0.978632 3.621654 -0.236725
v 1.182350 3.025532 -0.518015
v 0.762511 3.196010 -0.337277
v 0.565716 3.422900 -0.441453
v 0.585677 3.353963 -0.923991
v 0.449985 2.953097 -0.379121
v 0.469945 2.884159 -0.861659
v 0.680034 3.249461 -1.155958
v 0.453607 2.838882 -1.021237
v 0.799698 3.336030 -0.691007
v 0.573270 2.925452 -0.556285
v 1.045022 3.594849 -0.196699
v 0.803700 3.406563 -0.576576
v 0.966733 3.185052 0.056148
v 0.725411 2.996768 -0.323728
v 0.681860 3.734302 -0.337701
v 0.302675 3.429335 -0.302924
v 0.969717 3.361798 -0.465657
v 0.590533 3.056832 -0.430880
v 0.615244 3.253265 -0.623761
v 0.562056 3.678654 -0.390933
v 1.073290 3.374248 -0.740170
v 1.020103 3.799636 -0.507342
v 1.069079 3.658187 -0.468973
v 0.853934 3.259549 -0.650062
v 0.699934 3.714832 -0.155098
v 0.484789 3.316193 -0.336188
v 1.110098 3.532660 -0.260974
v 0.691597 3.353714 -0.085396
v 1.218783 3.095267 -0.447701
v 0.800282 2.916321 -0.272125
v 1.591832 3.255556 -0.669077
v 1.211930 2.950874 -0.697993
v 1.431547 3.414361 -0.236545
v 1.051645 3.109677 -0.265461
v 1.033585 3.678326 -1.306236
v 0.642482 3.393977 -1.241588
v 1.321554 3.318736 -1.145728
v 0.930452 3.034387 -1.081080
v 1.038687 3.570500 -1.073993
v 1.187498 3.335297 -1.474654
v 0.702359 3.225719 -0.996510
v 0.851170 2.990516 -1.397170
v 1.312106 3.175264 -0.848620
v 1.759318 3.167009 -1.043372
v 1.347211 3.658116 -0.788479
v 1.794422 3.649858 -0.983231
v 1.487330 3.163275 -0.311321
v 1.081769 3.244419 -0.052614
v 1.235783 2.876967 -0.615861
v 0.830220 2.958109 -0.357155
v 0.968655 2.882252 -0.042121
v 0.846224 2.981107 -0.503892
v 1.440811 2.899232 -0.163670
v 1.318381 2.998089 -0.625440
v 1.483328 2.905782 -0.579526
v 1.080311 3.180418 -0.567448
v 1.374878 2.727250 -0.138665
v 0.971862 3.001887 -0.126587
v 1.386991 3.532488 -0.407505
v 1.517211 3.351594 -0.841456
v 0.924491 3.402310 -0.492028
v 1.054714 3.221416 -0.925979
v 0.962329 3.180794 -0.719249
v 1.294350 3.226642 -1.073727
v 0.878495 3.661102 -0.735649
v 1.210516 3.706951 -1.090125
v 1.118886 3.398461 -0.723194
v 0.915771 3.574486 -1.130322
v 0.792288 3.036124 -0.716915
v 0.589174 3.212149 -1.124044
v 0.769185 3.030973 -0.964186
v 0.753518 3.274447 -0.541731
v 0.915630 3.436482 -1.192463
v 0.899963 3.679955 -0.770007
v 0.978589 3.442647 -1.127351
v 0.966689 2.995778 -0.932006
v 0.595315 3.572050 -0.854679
v 0.583416 3.125180 -0.659334
v 1.122013 3.452978 -0.652141
v 0.967506 3.048819 -0.877480
v 0.743094 3.699842 -0.835096
v 0.588587 3.295684 -1.060434
v 0.711240 3.119887 -1.608299
v 0.433066 2.909275 -1.267336
v 1.038237 3.240566 -1.266973
v 0.760063 3.029954 -0.926011
v 1.044913 3.044275 -0.989859
v 0.956670 2.874850 -1.438748
v 0.820450 3.462245 -1.103489
v 0.732206 3.292819 -1.552378
v 1.207224 2.963880 -1.752392
v 0.916873 2.673961 -1.488501
v 1.111058 3.334902 -1.450583
v 0.820707 3.044984 -1.186693
v 1.388081 3.379371 -1.261650
v 0.962435 3.195584 -1.109850
v 1.241129 3.337075 -1.724910
v 0.815483 3.153287 -1.573110
v 1.282842 2.996464 -0.271240
v 0.921481 2.795670 -0.012217
v 0.968234 3.100961 -0.629144
v 0.606872 2.900166 -0.370121
v 0.643636 2.897735 -1.270914
v 0.430501 3.137754 -0.903548
v 1.065929 3.120964 -1.171759
v 0.852794 3.360982 -0.804393
v 1.646533 3.782155 -0.996393
v 1.721980 3.366115 -1.239725
v 1.188660 3.643374 -0.901072
v 1.264106 3.227334 -1.144403
v 1.335089 2.984607 -0.499894
v 1.432565 3.184625 -0.934042
v 1.255067 3.428265 -0.313460
v 1.352542 3.628284 -0.747609
v 1.147661 2.800475 -1.650279
v 0.701304 2.808131 -1.453555
v 1.246444 3.230853 -1.442888
v 0.800086 3.238507 -1.246166
v 1.339729 3.581264 -0.830828
v 1.249052 3.159930 -1.059409
v 0.923085 3.765571 -1.005275
v 0.832410 3.344239 -1.233856
v 0.855992 3.327858 -1.016046
v 0.627955 3.260181 -1.441971
v 0.722933 2.880602 -0.873740
v 0.494895 2.812925 -1.299664
v 1.141344 3.236450 -0.600950
v 0.762039 3.103001 -0.324701
v 1.441772 2.985876 -0.309492
v 1.062469 2.852425 -0.033243
v 0.644260 3.332601 -0.743312
v 0.845167 2.925945 -0.922928
v 0.217816 3.100621 -0.695094
v 0.418722 2.693965 -0.874710
v 0.734392 3.346916 -0.858575
v 0.420172 3.125118 -1.158683
v 0.759796 2.942787 -0.586495
v 0.445576 2.720988 -0.886604
v 0.743154 2.821868 -0.631418
v 0.694088 3.266272 -0.436248
v 0.914016 2.654074 -0.206393
v 0.864949 3.098479 -0.011224
v 1.600172 3.292628 -1.405472
v 1.191176 3.046252 -1.305392
v 1.335589 3.688079 -1.513215
v 0.926594 3.441703 -1.413135
v 0.948489 3.126472 -0.460078
v 0.506832 3.332989 -0.443252
v 0.767706 2.723042 -0.253787
v 0.326050 2.929560 -0.236960
v 1.185459 3.304444 -0.057659
v 1.228318 3.257398 -0.541336
v 0.849896 2.950370 -0.052953
v 0.892755 2.903323 -0.536630
v 0.655682 3.629780 -0.985285
v 0.695311 3.176017 -0.810578
v 0.953407 3.791009 -0.634060
v 0.993035 3.337246 -0.459353
v 1.291448 3.469978 -0.505706
v 0.910976 3.164675 -0.510657
v 0.991984 3.844619 -0.594917
v 0.611512 3.539317 -0.599867
v 1.068000 3.605310 -0.121052
v 0.598205 3.592462 -0.251899
v 1.140749 3.175493 -0.340042
v 0.670954 3.162644 -0.470890
v 1.066257 3.565147 -0.170349
v 1.010818 3.362771 -0.610762
v 0.585824 3.529501 -0.093493
v 0.530384 3.327125 -0.533906
v 0.808489 2.946020 -0.576200
v 0.338743 3.037893 -0.481914
v 0.847481 3.376839 -0.801738
v 0.377733 3.468714 -0.707451
v 0.968700 2.920742 -0.465783
v 0.600384 2.980574 -0.151525
v 0.721004 3.170680 -0.803674
v 0.352688 3.230512 -0.489418
v 0.489367 3.071009 -0.242316
v 0.603821 2.866586 -0.670224
v 0.778698 3.449885 -0.345926
v 0.893152 3.245461 -0.773834
v 1.599654 3.084459 -0.879219
v 1.188939 3.264754 -0.687385
v 1.617475 2.748830 -0.525624
v 1.206759 2.929125 -0.333790
v 1.409580 3.458997 -0.473930
v 1.370418 3.039961 -0.720647
v 1.007155 3.347978 -0.221495
v 0.967994 2.928943 -0.468212
v 1.367499 3.047741 -0.122156
v 1.093652 2.777474 -0.422085
v 1.447689 3.366523 -0.482630
v 1.173843 3.096258 -0.782559
v 0.801312 3.320262 -1.241567
v 1.104787 3.059279 -1.520466
v 1.138075 3.334987 -0.888909
v 1.441549 3.074004 -1.167807
v 1.235690 3.219910 -1.064914
v 1.077934 3.595714 -0.796813
v 1.420536 3.011715 -0.664313
v 1.262779 3.387518 -0.396213
v 1.308617 3.117754 -0.930530
v 0.976934 3.428587 -0.753434
v 1.531079 3.107835 -0.496471
v 1.199395 3.418667 -0.319375
v 1.243479 3.249530 -0.945674
v 0.919874 3.509787 -0.689668
v 1.443643 3.089924 -0.530398
v 1.120038 3.350182 -0.274393
v 1.154199 2.838933 -0.554745
v 0.667034 2.864532 -0.551798
v 1.175320 3.203667 -0.231454
v 0.688154 3.229264 -0.228507
v 1.369517 3.170110 -0.489744
v 0.927186 3.327140 -0.622707
v 1.164159 2.852960 -0.181136
v 0.721829 3.009992 -0.314099
v 0.745207 3.116550 -0.774604
v 0.393526 3.289183 -0.483895
v 0.738420 3.532320 -1.029716
v 0.386739 3.704953 -0.739007
v 0.532414 3.014346 -0.717267
v 0.738624 3.327716 -1.029147
v 0.273888 3.378982 -0.521822
v 0.480099 3.692353 -0.833703
v 1.346281 3.470096 -0.317805
v 1.275205 3.347007 -0.784485
v 1.100941 3.073088 -0.175726
v 1.029864 2.950001 -0.642407
v 1.086186 2.975419 -0.654183
v 1.151835 3.352284 -0.956930
v 1.028734 3.284862 -0.281438
v 1.094382 3.661726 -0.584186
v 0.969931 3.795805 -1.043291
v 0.558027 3.627426 -0.843350
v 1.162932 3.348239 -1.022603
v 0.751026 3.179859 -0.822663
v 1.307630 3.637918 -1.005840
v 1.143479 3.375590 -1.382976
v 0.992771 3.410529 -0.710625
v 0.828619 3.148199 -1.087762
v 1.074403 3.613984 -0.750123
v 1.088343 3.682192 -1.232975
v 0.912373 3.159027 -0.819066
v 0.926313 3.227234 -1.301918
v 1.076187 3.074965 -1.312956
v 0.969949 3.511044 -1.121801
v 0.608913 2.941859 -1.269002
v 0.502675 3.377939 -1.077847
v 1.132706 3.042989 -1.090291
v 1.140703 3.454803 -0.828872
v 0.875164 3.268593 -1.437808
v 0.883161 3.680407 -1.176389
v 1.120988 3.083926 -0.803947
v 1.412003 3.225388 -1.169040
v 0.884132 3.509751 -0.827752
v 1.175147 3.651212 -1.192844
v 0.797965 3.558762 -0.928012
v 0.723594 3.546040 -1.409989
v 0.529711 3.154626 -0.875953
v 0.455342 3.141906 -1.357930
v 0.790839 3.228987 -1.279318
v 0.593303 3.667598 -1.198117
v 0.468948 3.027343 -0.973181
v 0.271412 3.465955 -0.891981
v 1.104471 3.339688 -1.285829
v 0.632041 3.219234 -1.268633
v 1.036784 3.657159 -0.921654
v 0.564354 3.536707 -0.904458
v 0.650077 3.396219 -0.459017
v 0.846499 3.039688 -0.727900
v 0.225699 3.338607 -0.692637
v 0.422122 2.982077 -0.961518
v 1.048829 2.976860 -0.997056
v 1.488108 3.177954 -1.064807
v 0.837337 3.379066 -1.174530
v 1.276615 3.580157 -1.242280
v 1.613771 2.897005 -0.369346
v 1.363339 2.811352 -0.779153
v 1.371945 3.316410 -0.309228
v 1.121514 3.230757 -0.719034
v 0.898938 3.742838 -0.662299
v 0.873086 3.481378 -1.073352
v 0.514149 3.501348 -0.484495
v 0.488298 3.239889 -0.895548
v 0.855407 3.121192 -0.782974
v 0.599618 3.441653 -1.047305
v 0.866170 3.436622 -0.410977
v 0.610381 3.757083 -0.675307
v 1.057555 3.752496 -1.048710
v 0.685796 3.481093 -0.887066
v 1.359133 3.373272 -0.991850
v 0.987372 3.101868 -0.830206
v 1.336362 3.466652 -1.067164
v 0.998290 3.118559 -1.117489
v 1.013974 3.745443 -0.829815
v 0.675902 3.397351 -0.880141
v 1.288337 3.127555 -0.949408
v 1.258575 3.608953 -1.022651
v 0.889128 3.061416 -1.221899
v 0.859366 3.542814 -1.295142
v 1.250427 3.064663 -1.013319
v 1.332093 3.484830 -1.247379
v 0.773438 3.104965 -1.107401
v 0.855104 3.525132 -1.341460
v 1.106541 3.250208 -0.987510
v 1.037262 3.544282 -1.370543
v 0.624645 3.233079 -0.913501
v 0.555366 3.527154 -1.296533
v 0.697989 3.293820 -0.741098
v 0.414441 3.469465 -1.097108
v 0.600720 2.838920 -0.888062
v 0.317172 3.014566 -1.244073
v 1.085570 3.183261 -1.149945
v 0.684844 3.387488 -0.960991
v 0.808436 2.860898 -1.389261
v 0.407709 3.065124 -1.200308
v 1.066876 3.398880 -1.167479
v 1.192881 2.931680 -1.105506
v 1.389555 3.531158 -0.826344
v 1.515562 3.063959 -0.764370
v 1.061421 3.291146 -0.664545
v 1.393416 3.156308 -0.995592
v 1.356829 3.140252 -0.306832
v 1.688826 3.005416 -0.637877
v 0.691888 3.226043 -1.500107
v 1.034606 3.394893 -1.196747
v 0.714064 2.790002 -1.282459
v 1.056782 2.958853 -0.979099
v 1.149289 2.580398 -0.689758
v 1.277455 2.726063 -0.242154
v 0.682579 2.680067 -0.588556
v 0.810745 2.825733 -0.140953
v 1.451887 2.980209 -1.003244
v 1.889463 2.924480 -0.794880
v 1.324822 3.294421 -0.652361
v 1.762399 3.238692 -0.443997
v 0.902576 2.831722 -1.492146
v 0.523329 3.098334 -1.340211
v 1.209167 3.150711 -1.286616
v 0.829920 3.417321 -1.134681
v 0.732053 2.941831 -1.008844
v 1.048983 3.098398 -1.345051
v 0.697555 3.394600 -0.830513
v 1.014487 3.551170 -1.166718
v 0.794934 3.385434 -1.038857
v 0.970405 3.788939 -0.828175
v 0.942305 3.121442 -0.655994
v 1.117776 3.524945 -0.445312
v 1.452111 3.421079 -0.694857
v 1.107570 3.114479 -0.853858
v 1.106739 3.725568 -0.533615
v 0.762200 3.418967 -0.692616
v 1.169358 3.288154 -0.353789
v 1.276166 3.266333 -0.829299
v 0.829917 3.626315 -0.445552
v 0.936724 3.604493 -0.921062
v 1.120394 3.220696 -0.947125
v 1.043234 3.670278 -0.774164
v 1.330846 3.094594 -0.525459
v 1.253685 3.544176 -0.352499
v 0.470274 2.857660 -0.480689
v 0.522610 2.980456 -0.949917
v 0.513052 3.326605 -0.353195
v 0.565388 3.449401 -0.822424
v 0.630946 2.958741 -1.176139
v 0.548139 3.398732 -0.982376
v 0.705166 2.776182 -0.729868
v 0.622360 3.216174 -0.536105
v 0.937033 2.955300 -0.241093
v 0.779179 3.261342 -0.586658
v 0.991254 3.330275 0.066228
v 0.833401 3.636317 -0.279336
v 0.567580 3.057501 -0.384680
v 0.308199 3.462044 -0.300655
v 0.964194 3.329091 -0.467927
v 0.704813 3.733632 -0.383901
v 0.717015 3.855991 -0.581924
v 0.522460 3.444145 -0.407212
v 1.112887 3.608757 -0.723892
v 0.918331 3.196912 -0.549179
v 0.998580 3.240667 -0.497954
v 0.929696 3.708232 -0.618917
v 0.624173 3.266149 -0.186243
v 0.555289 3.733714 -0.307206
v 1.000709 2.884825 -0.305942
v 0.659801 3.165411 -0.098466
v 1.250579 3.283570 -0.434630
v 0.909670 3.564156 -0.227155
v 1.622369 2.929201 -0.600153
v 1.138340 2.967298 -0.647666
v 1.628860 3.339911 -0.336962
v 1.144830 3.378008 -0.384477
v 0.928070 3.053429 -1.349612
v 0.650012 3.438566 -1.238492
v 1.314026 3.274148 -1.148823
v 1.035969 3.659285 -1.037703
v 0.935074 2.956872 -1.116588
v 1.161630 3.182099 -1.485288
v 0.728227 3.378919 -0.985876
v 0.954783 3.604144 -1.354576
v 1.401439 3.704321 -0.811897
v 1.831087 3.592056 -1.013868
v 1.275441 3.233068 -0.817983
v 1.705088 3.120801 -1.019955
v 0.990616 3.012313 -0.033093
v 0.853111 3.021887 -0.501061
v 1.433925 2.858453 -0.166501
v 1.296419 2.868025 -0.634469
v 1.490057 2.945637 -0.576760
v 1.019252 2.818805 -0.592550
v 1.435937 3.088863 -0.113564
v 0.965132 2.962031 -0.129354
v 1.050948 3.705622 -0.682820
v 1.357705 3.601846 -1.047683
v 0.815141 3.285898 -0.761693
v 1.121897 3.182122 -1.126555
v 1.069278 3.104673 -0.743587
v 0.829082 3.061081 -1.165960
v 0.878978 3.549528 -0.681278
v 0.638781 3.505936 -1.103651
v 0.881042 3.693437 -0.918202
v 0.777088 3.414034 -0.532042
v 0.892061 3.296895 -1.202152
v 0.788105 3.017492 -0.815990
v 0.921118 3.102285 -1.150976
v 1.051485 3.497972 -0.897147
v 0.510519 3.069855 -0.889538
v 0.640886 3.465542 -0.635709
v 1.076960 3.186165 -0.670662
v 1.068175 3.645020 -0.836094
v 0.642423 3.103641 -0.876480
v 0.633638 3.562495 -1.041914
v 0.546829 2.791560 -1.553144
v 0.646765 3.268510 -1.576066
v 0.774606 2.764527 -1.122585
v 0.874542 3.241475 -1.145508
v 1.070519 3.195916 -0.979333
v 1.052698 3.443559 -1.399273
v 0.724421 2.893533 -1.142966
v 0.706601 3.141176 -1.562905
v 1.216229 3.017210 -1.748691
v 1.030663 3.347862 -1.441724
v 0.997268 2.661001 -1.497361
v 0.811704 2.991654 -1.190394
v 1.331805 3.046091 -1.284784
v 0.986269 3.336734 -1.100052
v 1.217294 3.195923 -1.734708
v 0.871759 3.486566 -1.549975
v 1.247335 2.786173 -0.285836
v 0.965659 3.057311 0.005945
v 0.924055 2.839319 -0.647305
v 0.642380 3.110459 -0.355524
v 1.326932 2.974251 -1.421760
v 0.952104 2.837325 -1.702382
v 1.029911 3.265844 -1.167306
v 0.655083 3.128917 -1.447930
v 0.730397 3.411556 -1.235248
v 0.442248 3.207321 -0.898719
v 1.054183 3.051397 -1.176589
v 0.766034 2.847161 -0.840059
v 1.543641 3.172795 -1.038691
v 1.756411 3.570034 -1.225570
v 1.154228 3.439456 -0.915227
v 1.366998 3.836695 -1.102105
v 1.437941 3.593734 -0.457612
v 1.474518 3.433089 -0.916796
v 1.213112 3.179800 -0.330708
v 1.249689 3.019156 -0.789890
v 1.282429 3.241912 -0.854382
v 1.339639 3.696409 -1.022169
v 0.832499 3.229094 -1.042514
v 0.889710 3.683592 -1.210300
v 0.758669 2.751475 -1.056055
v 0.574995 2.946537 -1.463742
v 0.775894 3.194247 -0.851968
v 0.592218 3.389307 -1.259655
v 1.082854 2.890060 -0.624994
v 0.761828 3.101748 -0.324789
v 1.441984 2.987128 -0.309405
v 1.120958 3.198818 -0.009199
v 0.532190 2.668884 -0.789383
v 0.858985 3.007778 -0.917248
v 0.203999 3.018788 -0.700775
v 0.530792 3.357682 -0.828639
v 0.623825 2.692101 -0.904028
v 0.406238 3.042601 -1.164411
v 0.773729 3.025304 -0.580768
v 0.556144 3.375805 -0.841151
v 0.798750 3.151120 -0.608563
v 0.602726 2.725199 -0.473806
v 1.005376 3.195148 -0.168835
v 0.809354 2.769227 -0.034078
v 1.605860 3.326313 -1.403134
v 1.297683 3.677015 -1.261609
v 1.229084 3.057317 -1.556998
v 0.920907 3.408017 -1.415474
v 0.901670 2.849189 -0.479326
v 0.416510 2.798071 -0.480383
v 0.858029 3.257960 -0.216658
v 0.372869 3.206844 -0.217713
v 1.106405 2.836257 -0.090157
v 1.173247 2.931244 -0.563975
v 0.904969 3.276525 -0.030313
v 0.971811 3.371511 -0.504131
v 0.623154 3.437138 -0.998658
v 0.804928 3.825205 -0.765515
v 0.843789 3.141822 -0.679122
v 1.025563 3.529889 -0.445981
v 1.282950 3.419649 -0.509200
v 1.023362 3.830265 -0.464455
v 0.879597 3.179030 -0.641117
v 0.620010 3.589645 -0.596375
v 0.980742 3.088541 -0.156922
v 0.544039 3.271677 -0.274166
v 1.194915 3.496279 -0.317775
v 0.758211 3.679413 -0.435020
v 1.008453 3.222815 -0.194111
v 1.032204 3.489424 -0.601971
v 0.564437 3.402848 -0.102284
v 0.588188 3.669456 -0.510144
v 1.876967 3.309883 -0.956439
v 1.422177 3.657523 -1.294751
v 1.382247 2.867240 -0.750051
v 0.927457 3.214884 -1.088361
vn -0.9985 0.0551 -0.0001
vn -0.7055 0.0414 0.7075
vn -0.9991 0.0422 -0.0004
vn -0.7050 0.0312 0.7085
vn -0.9996 0.0278 -0.0009
vn -0.7053 0.0418 -0.7077
vn -0.7066 0.0545 -0.7055
vn -0.0011 0.0443 -0.9990
vn 0.0023 0.0343 -0.9994
vn -0.7046 0.0331 -0.7089
vn 0.0045 0.0365 -0.9993
vn 0.7080 0.0308 -0.7056
vn 0.7061 0.0399 -0.7070
vn 0.9994 0.0341 -0.0001
vn 0.9997 0.0259 -0.0003
vn 0.7082 0.0432 -0.7047
vn 0.9991 0.0421 -0.0008
vn 0.7086 0.0412 0.7044
vn 0.7081 0.0303 0.7054
vn 0.0023 0.0338 0.9994
vn 0.7060 0.0401 0.7070
vn 0.0044 0.0339 0.9994
vn -0.0011 0.0445 0.9990
vn -0.0000 0.0778 0.9970
vn 0.7047 0.0683 0.7062
vn -0.0013 0.0661 0.9978
vn -0.7066 0.0545 0.7055
vn -0.7060 0.0721 0.7046
vn -0.7099 0.0529 -0.7023
vn -0.9999 0.0153 -0.0044
vn -0.9996 0.0280 0.0020
vn -0.7084 0.0152 0.7057
vn -0.7049 0.0469 0.7078
vn -0.9986 0.0525 0.0080
vn 0.9968 0.0798 -0.0000
vn 0.7047 0.0682 -0.7062
vn 0.9980 0.0637 -0.0000
vn -0.0000 0.0778 -0.9970
vn -0.7060 0.0720 -0.7046
vn -0.0013 0.0660 -0.9978
vn -0.9971 0.0760 -0.0000
vn -0.9977 0.0685 -0.0000
vn 0.7047 0.0598 0.7069
vn 0.9998 0.0196 -0.0006
vn 0.9988 0.0487 -0.0005
vn 0.7043 0.0581 -0.7075
vn 0.7049 0.0924 -0.7033
vn 0.9542 0.2993 -0.0001
vn 0.7049 0.0924 0.7032
vn -0.0004 0.0196 0.9998
vn -0.0047 0.0130 0.9999
vn 0.7032 0.0321 0.7103
vn -0.0054 0.0348 0.9994
vn 0.7041 0.0699 -0.7067
vn -0.0008 0.0584 -0.9983
vn -0.0051 0.0672 -0.9977
vn -0.7049 0.0382 -0.7082
vn -0.7123 0.0562 -0.6997
vn -0.0054 0.0474 -0.9989
vn 0.9980 0.0628 -0.0035
vn 0.9986 0.0522 0.0026
vn 0.7077 0.0397 -0.7054
vn 0.9995 0.0295 0.0078
vn 0.7007 0.0311 0.7128
vn 0.0068 0.3251 -0.9457
vn 0.0275 0.9996 -0.0000
vn -0.9364 0.3508 -0.0001
vn 0.0068 0.3252 0.9456
vn -0.7057 0.0830 -0.7037
vn -0.9998 0.0197 -0.0005
vn -0.9964 0.0844 -0.0005
vn -0.7061 0.0847 0.7031
vn -0.6999 0.1328 0.7018
vn -0.6997 0.1328 -0.7019
vn -0.0023 0.0679 0.9977
vn -0.7084 0.0231 0.7054
vn -0.0025 0.0228 0.9997
vn -0.0025 0.0166 -0.9999
vn -0.0023 0.0655 -0.9978
vn -0.7080 0.0187 -0.7059
vn 0.7070 0.0152 -0.7070
vn 0.0026 0.0127 -0.9999
vn 0.0009 0.0092 -1.0000
vn -0.7048 0.0224 -0.7091
vn -0.7063 0.0082 -0.7079
vn 0.7055 0.0186 -0.7084
vn 0.0009 0.0202 0.9998
vn -0.7054 0.0380 0.7078
vn 0.0029 0.0348 0.9994
vn 0.7079 0.0229 0.7060
vn 0.7059 0.0231 0.7079
vn -0.7070 0.0160 0.7070
vn -0.9995 0.0308 -0.0003
vn -1.0000 0.0098 -0.0009
vn 0.9998 0.0196 -0.0010
vn 0.7090 0.0280 0.7047
vn 0.9999 0.0168 -0.0002
vn 0.7082 0.0126 -0.7059
vn 0.7074 0.0508 0.7050
vn 0.9983 0.0580 -0.0022
vn 0.7060 0.0578 -0.7059
vn 0.7076 0.0445 0.7052
vn 0.0025 0.0429 -0.9991
vn -0.7051 0.0297 -0.7085
vn 0.7032 0.0713 -0.7074
vn 0.0024 0.0330 0.9995
vn -0.7069 0.0225 0.7069
vn -0.9998 0.0177 -0.0026
vn -0.7093 0.0114 0.7048
vn 0.7057 0.0335 0.7077
vn 0.9999 0.0163 0.0040
vn 0.7082 0.0155 -0.7058
vn -0.9984 0.0566 0.0041
vn -0.7041 0.0617 0.7074
vn -0.7074 0.0439 -0.7055
vn -0.0007 0.0492 0.9988
vn -0.0011 0.0236 -0.9997
vn 0.3555 0.9287 -0.1054
vn 0.1081 0.7695 -0.6294
vn 0.0556 0.6885 -0.7231
vn 0.4420 0.8874 -0.1310
vn 0.4477 0.6843 0.5756
vn 0.4397 0.7674 0.4666
vn 0.3432 0.9336 -0.1028
vn -0.3855 -0.9157 0.1136
vn -0.1017 -0.6586 0.7456
vn -0.3995 -0.9091 0.1185
vn -0.1580 -0.6237 0.7655
vn -0.4856 -0.8622 0.1442
vn -0.5554 -0.6201 -0.5541
vn -0.4985 -0.6542 -0.5687
vn 0.3103 0.1415 0.9400
vn 0.2658 0.0157 0.9639
vn 0.5096 0.6293 0.5867
vn 0.2640 -0.0040 0.9645
vn -0.0513 -0.6024 0.7966
vn -0.3112 0.0237 -0.9500
vn -0.4846 -0.5954 -0.6409
vn -0.3122 0.0024 -0.9500
vn 0.1019 0.6335 -0.7670
vn -0.2605 0.1503 -0.9537
vn 0.7779 0.5843 -0.2313
vn 0.3494 0.4215 -0.8368
vn 0.7739 0.5900 -0.2301
vn 0.3446 0.4297 -0.8346
vn 0.7658 0.6014 -0.2277
vn 0.7452 0.4289 0.5106
vn 0.7505 0.4207 0.5097
vn -0.7787 -0.5831 0.2316
vn -0.3568 -0.4109 0.8390
vn -0.3546 -0.4143 0.8383
vn -0.7711 -0.5940 0.2293
vn -0.7556 -0.4135 -0.5081
vn -0.7578 -0.4101 -0.5075
vn -0.7821 -0.5781 0.2326
vn 0.2829 0.0026 0.9592
vn 0.7538 0.4167 0.5081
vn 0.2846 0.0035 0.9586
vn -0.3470 -0.4211 0.8380
vn 0.2837 0.0024 0.9589
vn -0.2872 0.0035 -0.9579
vn -0.2881 0.0037 -0.9576
vn -0.7491 -0.4203 -0.5120
vn -0.2863 0.0046 -0.9581
vn 0.3531 0.4175 -0.8373
vn -0.3210 -0.0151 -0.9469
vn -0.6937 -0.5141 -0.5045
vn 0.2358 0.4968 -0.8352
vn 0.6560 0.4940 0.5706
vn 0.2517 -0.0184 0.9676
vn -0.3030 -0.5159 0.8013
vn -0.6759 -0.7090 0.2012
vn 0.6624 0.7229 -0.1965
vn 0.2202 -0.1322 0.9664
vn -0.4386 -0.4758 0.7624
vn 0.2425 -0.1480 0.9588
vn 0.7679 0.2570 0.5867
vn 0.7713 0.2597 0.5811
vn 0.1680 0.0222 0.9855
vn -0.4830 -0.3926 0.7827
vn -0.4753 -0.4191 0.7736
vn 0.4440 0.4890 -0.7508
vn -0.2623 0.1625 -0.9512
vn -0.2441 0.1999 -0.9489
vn -0.7855 -0.2600 -0.5617
vn -0.8007 -0.1867 -0.5693
vn -0.8095 -0.1591 -0.5651
vn -0.2871 0.3475 -0.8927
vn 0.4495 0.4898 -0.7470
vn 0.8540 0.5063 -0.1194
vn 0.7676 0.2791 0.5769
vn 0.8315 0.5402 -0.1296
vn 0.4163 0.4981 -0.7607
vn 0.7900 0.6070 -0.0862
vn -0.8471 -0.5139 0.1355
vn -0.8869 -0.4408 0.1384
vn -0.9462 -0.2666 0.1831
vn -0.7616 -0.6107 0.2170
vn -0.3228 -0.4607 0.8268
vn -0.7659 -0.6068 0.2125
vn -0.7827 -0.3720 -0.4989
vn -0.7566 -0.4043 -0.5140
vn 0.7592 0.4217 0.4958
vn 0.7466 0.6232 -0.2328
vn 0.3004 0.4670 -0.8317
vn 0.2921 0.5024 -0.8138
vn 0.7558 0.6203 -0.2099
vn -0.3200 0.0388 -0.9466
vn -0.3508 0.0847 -0.9326
vn 0.3184 -0.0295 0.9475
vn 0.3368 -0.0812 0.9381
vn -0.3099 -0.4925 0.8132
vn -0.4068 0.8784 0.2507
vn -0.7842 -0.3233 -0.5296
vn -0.8014 -0.5730 0.1713
vn -0.3674 -0.4977 0.7857
vn 0.7903 0.5891 -0.1684
vn 0.7733 0.3789 0.5084
vn 0.3511 0.5111 -0.7845
vn 0.7723 0.3354 0.5395
vn -0.3112 0.1268 -0.9418
vn 0.2965 -0.1179 0.9477
vn 0.7539 -0.6449 0.1257
vn 0.8949 -0.1542 -0.4187
vn 0.8926 -0.1408 -0.4284
vn 0.8965 -0.1379 -0.4210
vn 0.7589 -0.6373 0.1338
vn 0.1854 -0.7676 0.6136
vn 0.1792 -0.7724 0.6093
vn 0.1937 -0.7751 0.6014
vn 0.7534 -0.6456 0.1249
vn -0.7483 0.6529 -0.1170
vn -0.8874 0.1481 0.4366
vn -0.7489 0.6521 -0.1179
vn -0.7540 0.6447 -0.1258
vn -0.1739 0.7798 -0.6014
vn -0.4896 -0.4572 0.7424
vn -0.5040 -0.4450 0.7403
vn -0.5032 -0.4461 0.7401
vn -0.8911 0.1427 0.4307
vn -0.8833 0.1325 0.4496
vn 0.5087 0.4517 -0.7329
vn -0.1552 0.7773 -0.6097
vn -0.1776 0.7744 -0.6072
vn 0.5095 0.4506 -0.7331
vn 0.5229 0.4393 -0.7305
vn -0.4964 -0.4197 0.7599
vn -0.9669 -0.0765 0.2433
vn -0.5028 -0.4405 0.7437
vn 0.2663 -0.5067 0.8199
vn 0.2709 -0.4905 0.8282
vn -0.4641 -0.2815 0.8399
vn -0.9636 -0.0482 0.2629
vn -0.9643 -0.0591 0.2580
vn 0.9715 0.1177 -0.2059
vn 0.5099 0.4561 -0.7294
vn 0.5156 0.4763 -0.7122
vn -0.2549 0.5539 -0.7926
vn -0.2505 0.5729 -0.7804
vn -0.2515 0.5823 -0.7731
vn 0.5283 0.5971 -0.6037
vn 0.9725 0.1307 -0.1925
vn 0.8620 -0.2862 0.4184
vn 0.2611 -0.5354 0.8032
vn 0.8607 -0.3147 0.4001
vn 0.9695 0.0918 -0.2273
vn 0.8557 -0.1556 0.4935
vn -0.8595 0.3311 -0.3894
vn -0.8582 0.3459 -0.3793
vn -0.8321 0.4780 -0.2811
vn -0.8272 0.4938 -0.2680
vn -0.9318 0.0039 0.3631
vn -0.9678 -0.0793 0.2390
vn -0.8596 0.3302 -0.3899
vn -0.2573 0.5499 -0.7947
vn -0.1849 0.6652 -0.7234
vn 0.2645 -0.6637 0.6997
vn 0.8281 -0.4910 0.2705
vn 0.9521 -0.0549 -0.3007
vn 0.8596 -0.3302 0.3899
vn 0.5410 0.4301 -0.7227
vn 0.5062 0.4483 -0.7367
vn 0.9677 0.0794 -0.2392
vn -0.4708 -0.4657 0.7493
vn 0.2570 -0.5499 0.7947
vn -0.5065 -0.4483 0.7365
vn 0.0580 0.8346 0.5478
vn -0.2564 0.5512 -0.7940
vn -0.8595 0.3309 -0.3894
vn -0.9675 -0.0784 0.2405
vn 0.8598 -0.3274 0.3918
vn 0.9682 0.0816 -0.2366
vn 0.2581 -0.5471 0.7963
vn 0.5073 0.4500 -0.7349
vn -0.5054 -0.4466 0.7383
vn -0.5092 -0.4145 0.7543
vn -0.9403 -0.3210 0.1128
vn -0.5065 -0.4387 0.7423
vn 0.2211 -0.2571 0.9408
vn 0.2194 -0.2391 0.9459
vn -0.5315 -0.2616 0.8057
vn -0.9487 -0.2901 0.1259
vn -0.9455 -0.3014 0.1235
vn 0.9262 0.3673 -0.0851
vn 0.5062 0.4579 -0.7308
vn 0.5028 0.4815 -0.7179
vn -0.2283 0.3094 -0.9231
vn -0.2316 0.3307 -0.9149
vn -0.2366 0.3404 -0.9100
vn 0.4608 0.6170 -0.6379
vn 0.9211 0.3821 -0.0749
vn 0.8049 0.0609 0.5903
vn 0.2271 -0.2884 0.9302
vn 0.8149 0.0307 0.5788
vn 0.9355 0.3388 -0.1003
vn 0.7492 0.1943 0.6332
vn -0.8203 -0.0131 -0.5718
vn -0.8249 0.0030 -0.5653
vn -0.8552 0.1514 -0.4957
vn -0.2768 0.8935 0.3535
vn -0.2287 0.3063 -0.9241
vn -0.8203 -0.0132 -0.5719
vn -0.8203 -0.0132 -0.5718
vn -0.9398 -0.3234 0.1105
vn 0.8191 0.0170 0.5734
vn 0.2726 -0.2895 0.9175
vn 0.8202 0.0132 0.5719
vn 0.9487 0.3091 -0.0661
vn 0.9388 0.3272 -0.1073
vn 0.2288 -0.3015 0.9256
vn 0.5435 0.4485 -0.7096
vn 0.5065 0.4505 -0.7352
vn -0.1887 0.3190 -0.9288
vn -0.5062 -0.4461 0.7380
vn -0.9296 -0.3370 0.1491
vn -0.4681 -0.4472 0.7621
vn -0.4802 -0.4319 0.7634
vn -0.8532 0.1920 0.4849
vn -0.4942 -0.4415 0.7489
vn 0.1793 -0.7885 0.5883
vn 0.1889 -0.7812 0.5950
vn -0.3823 -0.3462 0.8568
vn -0.8366 0.2087 0.5066
vn -0.8421 0.2015 0.5003
vn 0.8842 -0.1644 -0.4372
vn 0.5184 0.4550 -0.7241
vn 0.5316 0.4639 -0.7086
vn -0.1411 0.8225 -0.5510
vn -0.1286 0.8333 -0.5377
vn -0.1244 0.8392 -0.5294
vn 0.6101 0.5324 -0.5868
vn 0.8906 -0.1599 -0.4257
vn 0.7321 -0.6749 0.0925
vn 0.1648 -0.8029 0.5729
vn 0.7205 -0.6894 0.0757
vn 0.8722 -0.1766 -0.4561
vn 0.7903 -0.5829 0.1885
vn -0.7038 0.7084 -0.0527
vn -0.6948 0.7181 -0.0405
vn -0.6003 0.7965 0.0721
vn 0.4889 0.5544 0.6735
vn -0.5930 0.8012 0.0800
vn 0.0936 0.9377 -0.3345
vn -0.3798 0.8829 0.2762
vn -0.6297 0.2974 0.7177
vn -0.7718 0.2124 0.5994
vn -0.0252 0.8733 -0.4866
vn 0.0984 -0.8881 0.4491
vn 0.3886 -0.8812 -0.2692
vn 0.5997 -0.7969 -0.0728
vn 0.7861 -0.2791 -0.5514
vn 0.5358 0.4183 -0.7334
vn 0.6277 -0.3329 -0.7037
vn 0.5110 0.4291 -0.7448
vn -0.5015 -0.4673 0.7281
vn -0.4760 -0.4775 0.7385
vn -0.0680 -0.9488 0.3083
vn -0.5619 0.3217 0.7621
vn -0.5070 -0.4449 0.7383
vn -0.5055 -0.4515 0.7353
vn -0.1620 -0.9480 0.2739
vn -0.1414 -0.9528 0.2687
vn 0.5072 0.4451 -0.7380
vn 0.5558 -0.3124 -0.7704
vn 0.5057 0.4517 -0.7350
vn 0.1487 0.9508 -0.2716
vn 0.5641 -0.3281 -0.7577
vn 0.2799 -0.8934 -0.3514
vn 0.2955 -0.8927 -0.3401
vn -0.2889 0.8931 0.3450
vn 0.1619 0.9503 -0.2658
vn -0.2736 0.8936 0.3558
vn -0.5509 0.3192 0.7711
vn -0.6568 0.2678 0.7049
vn 0.0400 0.6022 0.7973
vn 0.0307 0.6175 0.7859
vn 0.0284 0.6261 0.7792
vn -0.7075 0.3761 0.5983
vn -0.9613 -0.2099 0.1785
vn -0.9575 -0.2181 0.1889
vn -0.6471 0.2535 0.7190
vn 0.6287 -0.2312 -0.7424
vn -0.0691 -0.5556 -0.8286
vn 0.6182 -0.2166 -0.7556
vn -0.0771 -0.5458 -0.8343
vn 0.5428 -0.0990 -0.8340
vn 0.9257 0.2852 -0.2485
vn 0.9297 0.2759 -0.2439
vn 0.9373 0.2613 -0.2306
vn -0.7094 -0.5542 -0.4355
vn -0.9498 -0.2365 0.2050
vn -0.7453 -0.4330 -0.5070
vn -0.0584 -0.5751 -0.8160
vn -0.7017 -0.5739 -0.4222
vn 0.6904 0.6003 0.4036
vn 0.6842 0.6139 0.3937
vn 0.6160 0.7301 0.2956
vn -0.3318 0.7700 -0.5450
vn 0.6106 0.7376 0.2884
vn 0.7678 0.4499 -0.4562
vn 0.8812 0.3219 -0.3461
vn -0.0594 0.6793 0.7314
vn -0.1437 0.7961 0.5878
vn 0.4433 0.8917 0.0912
vn -0.4504 -0.8873 -0.0989
vn -0.8867 -0.3696 0.2777
vn -0.6155 -0.7308 -0.2950
vn -0.0200 -0.6989 -0.7150
vn 0.6082 -0.2671 -0.7475
vn 0.1131 -0.8126 -0.5717
vn 0.6312 -0.2627 -0.7298
vn -0.6446 0.2220 0.7316
vn -0.6667 0.2173 0.7129
vn -0.7635 -0.4796 0.4325
vn -0.6370 0.2461 0.7305
vn -0.1846 0.8321 0.5229
vn -0.6392 0.2390 0.7309
vn -0.7122 -0.4965 0.4962
vn -0.7065 -0.4861 0.5144
vn 0.6368 -0.2458 -0.7308
vn 0.1981 -0.8298 -0.5217
vn 0.1768 -0.8343 -0.5222
vn 0.7108 0.4919 -0.5027
vn 0.6390 -0.2387 -0.7312
vn -0.3609 -0.9326 -0.0058
vn -0.3740 -0.9272 -0.0189
vn 0.3684 0.9296 0.0133
vn 0.7019 0.4932 -0.5139
vn -0.1963 0.8344 0.5150
vn 0.3557 0.9346 0.0005
vn -0.5242 -0.4125 0.7450
vn 0.2195 -0.2816 0.9341
vn 0.2111 -0.2634 0.9413
vn 0.2093 -0.2530 0.9445
vn -0.5710 -0.2629 0.7777
vn -0.9539 -0.2767 0.1165
vn -0.9501 -0.2900 0.1154
vn -0.5151 -0.4323 0.7401
vn 0.4974 0.4642 -0.7329
vn -0.2451 0.3342 -0.9101
vn 0.4877 0.4834 -0.7270
vn -0.2522 0.3446 -0.9043
vn 0.4213 0.6158 -0.6658
vn 0.9215 0.3775 -0.0915
vn 0.9247 0.3683 -0.0967
vn 0.9316 0.3489 -0.1019
vn -0.8279 0.0137 -0.5607
vn -0.9432 -0.3137 0.1089
vn -0.8541 0.1430 -0.5001
vn -0.2359 0.3126 -0.9201
vn -0.8216 -0.0086 -0.5700
vn 0.8122 0.0392 0.5821
vn 0.8068 0.0552 0.5882
vn 0.7450 0.2026 0.6355
vn -0.2792 0.8934 0.3519
vn 0.7936 0.0919 0.6015
vn 0.9266 0.3617 -0.1032
vn 0.8056 0.0587 0.5895
vn 0.2102 -0.2726 0.9389
vn -0.8087 -0.0496 -0.5862
vn -0.9201 -0.3816 0.0877
vn -0.9336 -0.3454 0.0952
vn -0.2270 0.2802 -0.9327
vn -0.2096 0.2475 -0.9460
vn -0.7925 -0.0948 -0.6025
vn 0.5040 0.4484 -0.7382
vn 0.4977 0.4552 -0.7383
vn 0.9195 0.3819 -0.0934
vn -0.5150 -0.4414 0.7348
vn 0.2050 -0.2508 0.9461
vn -0.5087 -0.4483 0.7350
vn -0.5067 -0.4484 0.7363
vn 0.1620 -0.2540 0.9535
vn 0.2044 -0.2384 0.9494
vn -0.9157 -0.3928 0.0844
vn -0.5472 -0.4538 0.7033
vn 0.4640 0.4416 -0.7679
vn -0.2048 0.2366 -0.9498
vn 0.5060 0.4482 -0.7369
vn 0.9161 0.3917 -0.0859
vn 0.9056 0.4044 -0.1282
vn -0.7866 -0.1100 -0.6076
vn -0.9242 -0.3808 0.0298
vn -0.2551 0.2116 -0.9435
vn -0.7854 -0.1128 -0.6086
vn 0.7864 0.1104 0.6078
vn 0.7876 0.1074 0.6068
vn 0.5502 0.7964 0.2509
vn 0.1691 0.8858 -0.4322
vn 0.1757 0.8838 -0.4336
vn 0.1706 0.8835 -0.4362
vn 0.4607 0.8296 0.3156
vn 0.5637 0.2302 0.7933
vn 0.5722 0.2315 0.7868
vn 0.5554 0.7946 0.2451
vn -0.5843 -0.7833 -0.2121
vn -0.2130 -0.8556 0.4718
vn -0.5893 -0.7811 -0.2062
vn -0.2165 -0.8500 0.4803
vn -0.6673 -0.7321 -0.1370
vn -0.6215 -0.2130 -0.7539
vn -0.6206 -0.2186 -0.7530
vn -0.6250 -0.2137 -0.7508
vn 0.2586 -0.4364 0.8618
vn 0.5938 0.2169 0.7749
vn 0.1764 -0.3894 0.9040
vn -0.1892 -0.8671 0.4608
vn 0.2883 -0.4528 0.8437
vn -0.3091 0.4638 -0.8302
vn -0.2992 0.4586 -0.8368
vn -0.3846 0.5022 -0.7745
vn -0.7723 0.4197 0.4769
vn -0.5283 0.5652 -0.6336
vn -0.9059 -0.0298 -0.4225
vn -0.7862 -0.1665 -0.5952
vn 0.0297 0.9630 -0.2679
vn -0.1802 0.9748 -0.1314
vn -0.7008 0.6123 -0.3661
vn 0.6787 -0.6091 0.4103
vn 0.7514 0.0891 0.6538
vn 0.5029 -0.5552 0.6624
vn 0.0125 -0.9339 0.3573
vn -0.5542 -0.8118 -0.1838
vn 0.1423 -0.9744 0.1743
vn -0.5908 -0.7782 -0.2128
vn 0.5488 0.7995 0.2443
vn 0.5843 0.7643 0.2729
vn 0.8810 0.0484 0.4706
vn 0.5512 0.7953 0.2522
vn -0.0781 0.9965 -0.0297
vn -0.1716 0.9827 -0.0699
vn 0.8960 0.0716 0.4383
vn 0.6033 0.7489 0.2743
vn -0.5340 -0.8257 -0.1819
vn 0.1350 -0.9819 0.1331
vn -0.5883 -0.7823 -0.2049
vn -0.9260 -0.0617 -0.3725
vn -0.9161 -0.1637 -0.3659
vn 0.6959 -0.6117 0.3762
vn 0.8966 0.0479 0.4401
vn 0.1561 -0.9773 0.1431
vn 0.6959 -0.6117 0.3763
vn -0.7297 0.6142 -0.3006
vn -0.7280 0.6141 -0.3048
vn 0.5381 0.8055 0.2482
vn 0.7059 0.1829 0.6843
vn 0.5554 0.7971 0.2370
vn 0.0460 0.9437 -0.3275
vn 0.0340 0.9464 -0.3211
vn 0.4109 0.8474 0.3362
vn 0.6831 0.1936 0.7042
vn 0.6912 0.1917 0.6968
vn -0.7476 -0.1549 -0.6458
vn -0.5844 -0.7810 -0.2202
vn -0.6010 -0.7715 -0.2087
vn -0.0958 -0.9270 0.3627
vn -0.1120 -0.9204 0.3746
vn -0.1185 -0.9163 0.3827
vn -0.7062 -0.6992 -0.1118
vn -0.7559 -0.1471 -0.6380
vn -0.4759 0.5440 -0.6910
vn 0.0655 0.9372 -0.3427
vn -0.4590 0.5367 -0.7080
vn -0.7309 -0.1653 -0.6622
vn -0.5679 0.5795 -0.5845
vn 0.4354 -0.5262 0.7304
vn 0.4229 -0.5204 0.7419
vn 0.3000 -0.4590 0.8363
vn -0.6910 0.3098 0.6531
vn 0.2910 -0.4542 0.8420
vn -0.3704 -0.7825 0.5005
vn 0.0492 -0.3106 0.9493
vn 0.4439 0.3448 0.8271
vn 0.6141 0.2763 0.7393
vn -0.2263 -0.8872 0.4021
vn 0.1649 0.8739 -0.4572
vn -0.0585 0.3165 -0.9468
vn -0.6093 -0.1980 -0.7678
vn -0.5882 -0.7661 -0.2589
vn -0.4313 -0.3139 -0.8458
vn -0.5675 -0.7847 -0.2495
vn 0.5723 0.7933 0.2077
vn 0.5508 0.8108 0.1979
vn 0.3518 0.7704 -0.5317
vn 0.3688 0.3766 0.8498
vn 0.5694 0.7885 0.2324
vn 0.5703 0.7900 0.2251
vn 0.4426 0.7296 -0.5214
vn 0.4251 0.7305 -0.5344
vn -0.5697 -0.7884 -0.2321
vn -0.3655 -0.3892 -0.8455
vn -0.5707 -0.7898 -0.2249
vn -0.4312 -0.7309 0.5289
vn -0.3691 -0.3691 -0.8530
vn 0.0539 0.2417 -0.9688
vn 0.0381 0.2526 -0.9668
vn -0.0449 -0.2480 0.9677
vn -0.4439 -0.7242 0.5277
vn -0.0603 -0.2373 0.9696
vn 0.3586 0.3867 0.8496
vn 0.5687 -0.6844 -0.4562
vn 0.0552 -0.5182 -0.8535
vn -0.0247 -0.4836 -0.8750
vn 0.5251 -0.7395 -0.4212
vn 0.8488 -0.4836 0.2139
vn 0.8451 -0.5182 0.1312
vn 0.5751 -0.6755 -0.4614
vn -0.5530 0.7052 0.4436
vn 0.0524 0.5168 0.8545
vn -0.5459 0.7143 0.4379
vn 0.0786 0.5515 0.8304
vn -0.5038 0.7634 0.4042
vn -0.7936 0.5515 -0.2569
vn -0.8228 0.5168 -0.2365
vn 0.6855 -0.0412 0.7269
vn 0.6399 0.0155 0.7683
vn 0.8186 -0.5130 0.2583
vn 0.6307 0.0213 0.7758
vn 0.1031 0.4786 0.8720
vn -0.6112 0.0156 -0.7913
vn -0.8288 0.4786 -0.2898
vn -0.6205 0.0212 -0.7839
vn -0.0746 -0.5130 -0.8551
vn -0.5609 -0.0412 -0.8268
vn 0.5980 -0.6421 -0.4797
vn -0.0373 -0.5055 -0.8620
vn -0.0094 -0.4512 -0.8924
vn 0.6120 -0.6201 -0.4909
vn 0.8691 -0.4512 0.2027
vn 0.8334 -0.5055 0.2234
vn 0.5492 -0.7102 -0.4405
vn -0.5299 0.7339 0.4250
vn 0.0401 0.4822 0.8751
vn -0.5762 0.6741 0.4622
vn 0.0289 0.4671 0.8837
vn -0.5912 0.6524 0.4742
vn -0.8564 0.4671 -0.2199
vn -0.8456 0.4822 -0.2290
vn 0.6443 0.0018 0.7648
vn 0.6397 0.0138 0.7685
vn 0.8789 -0.4339 0.1979
vn 0.6377 0.0156 0.7701
vn 0.0833 0.5164 0.8523
vn -0.6115 0.0138 -0.7911
vn -0.8139 0.5164 -0.2662
vn -0.6134 0.0156 -0.7896
vn -0.0026 -0.4340 -0.9009
vn -0.6068 0.0018 -0.7949
vn -0.7775 0.5603 -0.2856
vn -0.6150 0.0065 -0.7885
vn -0.0857 -0.5447 -0.8343
vn 0.6363 0.0065 0.7714
vn 0.7958 -0.5447 0.2646
vn 0.1102 0.5603 0.8209
vn -0.4780 0.7903 0.3834
vn 0.4959 -0.7719 -0.3978
vn -0.0771 0.2493 0.9653
vn 0.6351 0.0046 0.7725
vn 0.6299 0.0187 0.7764
vn 0.9566 -0.2630 0.1258
vn 0.9697 -0.2097 0.1256
vn 0.9718 -0.1998 0.1253
vn 0.6427 0.1025 0.7592
vn -0.0800 0.2481 0.9654
vn -0.6213 0.0187 -0.7834
vn 0.0847 -0.2630 -0.9611
vn -0.6163 0.0046 -0.7875
vn -0.9591 0.2493 -0.1341
vn -0.9598 0.2481 -0.1314
vn -0.6017 0.1025 -0.7921
vn 0.0885 -0.1998 -0.9758
vn 0.0877 -0.2097 -0.9738
vn 0.7248 -0.3695 -0.5815
vn 0.7429 -0.3049 -0.5959
vn 0.7622 -0.2123 -0.6115
vn -0.7329 0.3425 0.5879
vn -0.9483 0.2799 -0.1494
vn -0.7169 0.3942 0.5750
vn -0.0599 0.2799 0.9582
vn -0.7111 0.4111 0.5704
vn -0.5873 0.6582 0.4711
vn 0.0210 0.4714 0.8817
vn -0.5669 0.6869 0.4548
vn -0.8561 0.4714 -0.2118
vn 0.8636 -0.4543 0.2187
vn 0.5938 -0.6484 -0.4763
vn -0.0262 -0.4543 -0.8905
vn -0.0463 -0.4959 -0.8671
vn 0.5599 -0.6963 -0.4491
vn 0.8364 -0.4959 0.2333
vn -0.6267 0.0100 -0.7792
vn -0.8447 0.4873 -0.2216
vn -0.6317 -0.0040 -0.7752
vn 0.6248 0.0100 0.7808
vn 0.6197 -0.0040 0.7848
vn 0.0331 0.4873 0.8726
vn 0.2453 0.9493 -0.1967
vn -0.5540 0.7040 0.4444
vn 0.0381 0.5017 0.8642
vn -0.5447 0.7159 0.4369
vn -0.8354 0.5017 -0.2246
vn 0.8279 -0.5118 0.2296
vn 0.5491 -0.7103 -0.4404
vn -0.0446 -0.5118 -0.8580
vn -0.0345 -0.5165 -0.8556
vn 0.5495 -0.7097 -0.4408
vn 0.8277 -0.5165 0.2193
vn -0.6297 -0.0064 -0.7768
vn -0.8271 0.5177 -0.2191
vn -0.6278 -0.0015 -0.7784
vn 0.6217 -0.0064 0.7832
vn 0.6237 -0.0015 0.7817
vn 0.0345 0.5177 0.8549
vn 0.1644 -0.9856 -0.0396
vn -0.0427 -0.7109 -0.7020
vn -0.0466 -0.6993 -0.7133
vn -0.0377 -0.6999 -0.7133
vn 0.1760 -0.9835 -0.0424
vn 0.2914 -0.6999 0.6521
vn 0.2835 -0.6993 0.6562
vn 0.2818 -0.7109 0.6444
vn 0.1632 -0.9858 -0.0393
vn -0.1519 0.9877 0.0366
vn 0.0583 0.7011 0.7106
vn -0.1531 0.9875 0.0369
vn -0.1646 0.9856 0.0396
vn -0.2719 0.7011 -0.6592
vn 0.2425 -0.0179 0.9700
vn 0.2396 0.0008 0.9709
vn 0.2394 -0.0005 0.9709
vn 0.0498 0.6997 0.7127
vn 0.0648 0.6867 0.7240
vn -0.2290 0.0009 -0.9734
vn -0.2722 0.6867 -0.6740
vn -0.2803 0.6997 -0.6571
vn -0.2292 -0.0005 -0.9734
vn -0.2260 -0.0179 -0.9740
vn 0.2686 0.0142 0.9631
vn -0.2204 0.5905 0.7763
vn 0.2446 0.0033 0.9696
vn 0.5952 -0.5636 0.5729
vn 0.6101 -0.5548 0.5657
vn 0.4009 0.0939 0.9113
vn -0.1919 0.6091 0.7695
vn -0.2003 0.6015 0.7733
vn 0.2689 -0.5636 -0.7811
vn -0.2239 0.0033 -0.9746
vn -0.1996 0.0142 -0.9798
vn -0.5498 0.5905 -0.5907
vn -0.5307 0.6015 -0.5971
vn -0.5214 0.6091 -0.5976
vn -0.0583 0.0939 -0.9939
vn 0.2854 -0.5548 -0.7815
vn 0.5883 -0.7961 -0.1418
vn 0.5682 -0.5811 0.5826
vn 0.5617 -0.8162 -0.1354
vn 0.2404 -0.5811 -0.7775
vn 0.6980 -0.6961 -0.1682
vn -0.5460 0.8274 0.1316
vn -0.5314 0.8373 0.1281
vn -0.3889 0.9165 0.0937
vn -0.3700 0.9247 0.0892
vn -0.0759 0.6251 0.7769
vn -0.2253 0.5891 0.7760
vn -0.5468 0.8268 0.1318
vn -0.5540 0.5891 -0.5882
vn -0.4214 0.6251 -0.6570
vn 0.4346 -0.6772 0.5937
vn 0.3735 -0.9233 -0.0900
vn 0.1165 -0.6772 -0.7265
vn 0.5469 -0.8268 -0.1318
vn -0.2156 -0.0369 -0.9758
vn -0.2344 0.0001 -0.9721
vn 0.2251 -0.5890 -0.7762
vn 0.2526 -0.0370 0.9669
vn 0.5540 -0.5890 0.5884
vn 0.2342 0.0001 0.9722
vn 0.7971 0.5725 -0.1921
vn -0.5526 0.5895 -0.5891
vn -0.5461 0.8273 0.1316
vn -0.2236 0.5895 0.7762
vn 0.5496 -0.8249 -0.1325
vn 0.2283 -0.5876 -0.7763
vn 0.5568 -0.5876 0.5870
vn -0.2318 0.0006 -0.9728
vn 0.2367 0.0006 0.9716
vn 0.3947 0.8179 0.4186
vn -0.3839 0.8186 0.4272
vn 0.3895 0.8074 0.4431
vn 0.9305 0.3306 0.1576
vn 0.9315 0.3360 0.1397
vn 0.4047 0.8748 0.2663
vn -0.3816 0.8349 0.3967
vn -0.3804 0.8302 0.4076
vn 0.3927 -0.7885 -0.4733
vn -0.3827 -0.7996 -0.4628
vn -0.3770 -0.7880 -0.4867
vn -0.9268 -0.3114 -0.2098
vn -0.9247 -0.3026 -0.2310
vn -0.9247 -0.2953 -0.2404
vn -0.3520 -0.6999 -0.6214
vn 0.3964 -0.7776 -0.4881
vn 0.9223 -0.3279 -0.2045
vn 0.9292 0.3177 0.1886
vn 0.9223 -0.3446 -0.1749
vn 0.3890 -0.8065 -0.4451
vn 0.9095 -0.2495 -0.3326
vn -0.9218 0.3540 0.1578
vn -0.9211 0.3626 0.1419
vn -0.9000 0.4359 -0.0062
vn 0.0215 0.4831 -0.8753
vn -0.9274 -0.3118 -0.2066
vn -0.3851 0.8168 0.4296
vn 0.9220 -0.3519 -0.1616
vn 0.9441 0.2729 0.1849
vn 0.9218 -0.3540 -0.1578
vn 0.4285 -0.8000 -0.4199
vn 0.3866 -0.8140 -0.4336
vn 0.9281 0.3129 0.2017
vn -0.3434 -0.8190 -0.4598
vn -0.3851 -0.8027 -0.4553
vn -0.9109 -0.3466 -0.2238
vn 0.3871 0.8044 0.4507
vn -0.3459 0.8292 0.4390
vn 0.4280 0.7865 0.4453
vn -0.6143 -0.0057 0.7891
vn -0.4821 0.7100 0.5132
vn -0.6316 -0.0033 0.7753
vn -0.3734 -0.7110 0.5959
vn -0.3611 -0.7121 0.6021
vn -0.4804 -0.0091 0.8770
vn -0.4576 0.7110 0.5339
vn -0.4668 0.7095 0.5279
vn 0.5255 -0.7110 -0.4672
vn 0.6595 -0.0033 -0.7517
vn 0.6760 -0.0057 -0.7369
vn 0.4260 0.7101 -0.5607
vn 0.4430 0.7095 -0.5481
vn 0.4504 0.7110 -0.5400
vn 0.7850 -0.0092 -0.6194
vn 0.5337 -0.7121 -0.4561
vn 0.0915 -0.9928 0.0774
vn -0.3944 -0.7118 0.5812
vn 0.0725 -0.9955 0.0613
vn 0.5076 -0.7118 -0.4855
vn 0.2003 -0.9650 0.1693
vn -0.0465 0.9981 -0.0393
vn -0.0327 0.9991 -0.0277
vn 0.0944 0.9923 0.0798
vn 0.7615 0.0740 0.6439
vn 0.1024 0.9909 0.0870
vn 0.6844 0.6379 -0.3531
vn 0.3183 0.9066 0.2771
vn -0.2386 0.6348 0.7349
vn -0.4038 0.6695 0.6235
vn 0.5483 0.6691 -0.5016
vn -0.5057 -0.7287 0.4617
vn -0.3151 -0.9105 -0.2678
vn -0.0952 -0.9922 -0.0805
vn 0.3712 -0.7287 -0.5755
vn 0.6474 -0.0420 -0.7610
vn 0.2117 -0.6602 -0.7206
vn 0.6360 -0.0167 -0.7715
vn -0.6557 -0.0191 0.7548
vn -0.6427 -0.0419 0.7649
vn -0.6743 -0.6622 0.3267
vn -0.1745 0.6040 0.7777
vn -0.6490 -0.0092 0.7607
vn -0.6499 -0.0095 0.7599
vn -0.7407 -0.6108 0.2797
vn -0.7311 -0.6211 0.2826
vn 0.6450 -0.0008 -0.7641
vn 0.1696 -0.5960 -0.7848
vn 0.6495 0.0073 -0.7603
vn 0.7342 0.6171 -0.2830
vn 0.1657 -0.6134 -0.7722
vn -0.4019 -0.8456 -0.3514
vn -0.3923 -0.8557 -0.3376
vn 0.3844 0.8525 0.3542
vn 0.7404 0.6177 -0.2650
vn 0.3825 0.8421 0.3801
vn -0.1734 0.5900 0.7886
vn 0.2477 0.0384 0.9681
vn 0.7569 -0.3668 0.5409
vn 0.7664 -0.3478 0.5400
vn 0.7724 -0.3389 0.5372
vn 0.3130 0.1803 0.9325
vn -0.3967 0.4350 0.8083
vn -0.4011 0.4227 0.8127
vn 0.2398 0.0177 0.9707
vn -0.2287 0.0177 -0.9733
vn -0.7273 0.4227 -0.5408
vn -0.2205 0.0384 -0.9746
vn -0.7213 0.4350 -0.5389
vn -0.1461 0.1803 -0.9727
vn 0.4429 -0.3390 -0.8300
vn 0.4362 -0.3478 -0.8299
vn 0.4274 -0.3668 -0.8263
vn -0.7966 0.5732 0.1920
vn -0.4128 0.4006 0.8180
vn -0.7076 0.6858 0.1705
vn -0.7402 0.4006 -0.5401
vn -0.8103 0.5525 0.1953
vn 0.8282 -0.5237 -0.1996
vn 0.8372 -0.5083 -0.2018
vn 0.9077 -0.3582 -0.2187
vn 0.5199 0.8450 -0.1253
vn 0.8602 -0.4659 -0.2073
vn 0.4303 -0.3513 -0.8315
vn 0.8404 -0.5026 -0.2026
vn 0.7619 -0.3513 0.5442
vn -0.8327 0.5161 0.2007
vn -0.4441 0.3423 0.8280
vn -0.4312 0.3736 0.8213
vn -0.7580 0.3736 -0.5347
vn -0.7726 0.3423 -0.5348
vn -0.8550 0.4760 0.2061
vn -0.2342 0.0089 -0.9722
vn -0.2356 0.0137 -0.9717
vn 0.4452 -0.3272 -0.8335
vn 0.2329 0.0137 0.9724
vn 0.7760 -0.3272 0.5392
vn 0.2344 0.0089 0.9721
vn 0.2366 0.0096 0.9716
vn 0.7639 -0.2979 0.5724
vn 0.7840 -0.3155 0.5346
vn -0.4489 0.3332 0.8292
vn 0.1902 0.0339 0.9812
vn -0.2777 0.0339 -0.9601
vn -0.7773 0.3332 -0.5337
vn -0.2320 0.0096 -0.9727
vn 0.4544 -0.3155 -0.8331
vn 0.4193 -0.2979 -0.8576
vn -0.8619 0.4626 0.2077
vn -0.4929 0.3487 0.7972
vn -0.8019 0.3487 -0.4851
vn -0.8632 0.4601 0.2080
vn 0.8705 -0.4451 -0.2098
vn 0.8689 -0.4485 -0.2094
vn -0.8838 -0.4376 -0.1658
vn -0.3408 -0.7415 -0.5779
vn -0.8835 -0.4384 -0.1649
vn -0.9348 0.1114 0.3373
vn -0.9298 0.1244 0.3464
vn -0.9322 0.1277 0.3386
vn -0.8860 -0.4296 -0.1747
vn -0.3299 -0.7373 -0.5896
vn -0.3256 -0.7432 -0.5845
vn 0.3230 0.7511 0.5757
vn 0.8812 0.4461 0.1562
vn 0.8815 0.4453 0.1571
vn 0.9274 -0.1166 -0.3555
vn 0.8838 0.4374 0.1659
vn -0.4466 0.6109 0.6537
vn -0.4300 0.6194 0.6568
vn 0.3037 0.7541 0.5824
vn 0.3248 0.7454 0.5822
vn -0.4311 0.6185 0.6570
vn 0.4278 -0.6123 -0.6649
vn 0.9204 -0.1316 -0.3681
vn 0.4110 -0.6206 -0.6678
vn 0.4267 -0.6132 -0.6648
vn 0.9291 -0.1224 -0.3490
vn -0.4285 0.6434 0.6344
vn 0.3264 0.5267 0.7849
vn 0.3281 0.5452 0.7714
vn 0.3322 0.5535 0.7638
vn -0.4003 0.7551 0.5192
vn -0.9166 0.3893 0.0908
vn -0.9201 0.3775 0.1048
vn -0.4297 0.6237 0.6530
vn 0.4280 -0.6080 -0.6687
vn -0.3228 -0.4803 -0.8156
vn 0.4286 -0.5874 -0.6864
vn -0.3223 -0.4641 -0.8251
vn 0.4402 -0.4518 -0.7759
vn 0.9353 -0.3126 -0.1657
vn 0.9327 -0.3230 -0.1603
vn 0.9295 -0.3394 -0.1444
vn -0.8703 -0.0856 -0.4850
vn -0.9267 0.3536 0.1276
vn -0.8240 0.0332 -0.5656
vn -0.3266 -0.5080 -0.7970
vn -0.8780 -0.1121 -0.4654
vn 0.8820 0.1274 0.4537
vn 0.8854 0.1413 0.4429
vn 0.9029 0.2681 0.3361
vn 0.9033 0.2837 0.3219
vn 0.9264 -0.2616 -0.2710
vn 0.9293 -0.3419 -0.1399
vn 0.8818 0.1266 0.4543
vn 0.3274 0.5223 0.7874
vn 0.2938 0.6468 0.7038
vn -0.9543 0.2132 0.2095
vn -0.9032 -0.2808 -0.3245
vn -0.8818 -0.1265 -0.4543
vn -0.3718 -0.6232 -0.6880
vn 0.3911 -0.6245 -0.6761
vn -0.3272 -0.5224 -0.7874
vn 0.4290 -0.6159 -0.6608
vn -0.4659 0.6062 0.6446
vn -0.4288 0.6158 0.6610
vn -0.9292 0.3421 0.1402
vn 0.2068 0.7791 -0.5918
vn 0.9293 -0.3411 -0.1415
vn 0.8820 0.1272 0.4538
vn 0.3270 0.5238 0.7866
vn -0.8811 -0.1239 -0.4564
vn -0.9288 0.3441 0.1375
vn -0.3274 -0.5195 -0.7893
vn 0.4285 -0.6141 -0.6628
vn -0.4293 0.6176 0.6590
vn -0.4153 0.6455 0.6410
vn 0.2263 0.3074 0.9243
vn 0.2357 0.3264 0.9154
vn 0.2435 0.3342 0.9105
vn -0.3329 0.7595 0.5588
vn -0.7918 0.6098 -0.0337
vn -0.8015 0.5976 -0.0233
vn -0.4257 0.6246 0.6547
vn 0.4319 -0.6071 -0.6670
vn -0.2041 -0.2601 -0.9438
vn 0.4419 -0.5853 -0.6798
vn -0.1975 -0.2436 -0.9496
vn 0.5075 -0.4474 -0.7364
vn 0.8466 -0.5319 -0.0189
vn 0.8403 -0.5418 -0.0163
vn 0.8294 -0.5587 -0.0051
vn -0.7106 0.2217 -0.6677
vn -0.8191 0.5736 -0.0077
vn -0.6186 0.3329 -0.7117
vn -0.2190 -0.2880 -0.9323
vn -0.7291 0.1959 -0.6558
vn 0.7394 -0.1809 0.6485
vn 0.7487 -0.1671 0.6415
vn 0.8222 -0.0370 0.5680
vn 0.5286 0.7643 -0.3693
vn 0.7394 -0.1810 0.6485
vn 0.8281 -0.5606 -0.0027
vn 0.2257 0.3043 0.9254
vn -0.7372 0.1843 -0.6501
vn -0.8368 0.5459 -0.0415
vn -0.8259 0.5638 -0.0005
vn -0.2244 -0.2998 -0.9272
vn -0.2641 -0.2764 -0.9240
vn -0.7394 0.1810 -0.6485
vn 0.3944 -0.6069 -0.6900
vn 0.4295 -0.6138 -0.6624
vn 0.8178 -0.5740 -0.0414
vn -0.4283 0.6179 0.6593
vn 0.1903 0.3272 0.9256
vn -0.4624 0.6235 0.6304
vn -0.3321 -0.4906 0.8056
vn 0.2387 0.0123 0.9710
vn 0.2220 0.0250 0.9747
vn 0.2153 0.0336 0.9760
vn -0.4472 -0.3793 0.8100
vn -0.7139 -0.6816 0.1608
vn -0.7041 -0.6913 0.1622
vn -0.3142 -0.5040 0.8045
vn 0.2830 0.5240 -0.8033
vn -0.2883 0.0244 -0.9572
vn 0.2648 0.5367 -0.8011
vn -0.3000 0.0309 -0.9535
vn 0.1381 0.6282 -0.7657
vn 0.6353 0.7566 -0.1548
vn 0.6429 0.7494 -0.1583
vn 0.6587 0.7353 -0.1598
vn -0.6785 -0.4782 -0.5577
vn -0.6863 -0.7095 0.1601
vn -0.7685 -0.3700 -0.5221
vn -0.2690 0.0087 -0.9631
vn -0.6614 -0.4958 -0.5627
vn 0.6375 0.5195 0.5689
vn 0.6247 0.5316 0.5720
vn 0.4962 0.6360 0.5910
vn -0.7017 0.6893 0.1801
vn 0.4866 0.6427 0.5917
vn 0.3701 0.9139 -0.1664
vn 0.5461 0.8153 -0.1927
vn 0.1057 0.0574 0.9927
vn -0.0565 0.1796 0.9821
vn 0.2202 0.7826 0.5822
vn -0.2308 -0.7786 -0.5836
vn -0.5692 -0.8145 0.1125
vn -0.4953 -0.6366 -0.5910
vn -0.1635 -0.1162 -0.9797
vn 0.2712 0.4921 -0.8272
vn 0.0406 -0.2138 -0.9760
vn 0.2979 0.4961 -0.8156
vn -0.2993 -0.5319 0.7921
vn -0.3256 -0.5352 0.7794
vn -0.3698 -0.9202 0.1287
vn -0.2988 -0.5108 0.8061
vn -0.1284 0.2216 0.9666
vn -0.2989 -0.5171 0.8021
vn -0.2937 -0.9434 0.1542
vn -0.2832 -0.9433 0.1732
vn 0.2984 0.5111 -0.8060
vn 0.1402 -0.2144 -0.9666
vn 0.1224 -0.2271 -0.9662
vn 0.2907 0.9430 -0.1618
vn 0.2985 0.5174 -0.8020
vn -0.1022 -0.8204 -0.5625
vn -0.1205 -0.8155 -0.5661
vn 0.1127 0.8176 0.5646
vn 0.2778 0.9459 -0.1674
vn -0.1426 0.2223 0.9645
vn 0.0948 0.8223 0.5610
vn -0.5852 0.4135 0.6975
vn -0.9150 0.4024 0.0280
vn -0.5646 0.4440 0.6958
vn 0.1487 0.2182 0.9645
vn 0.1493 0.2223 0.9635
vn -0.4881 0.5303 0.6932
vn -0.9244 0.3796 0.0374
vn -0.9246 0.3792 0.0370
vn 0.9465 -0.3183 -0.0531
vn 0.5837 -0.4200 -0.6949
vn 0.6218 -0.3543 -0.6985
vn -0.1131 -0.1972 -0.9738
vn -0.0936 -0.1581 -0.9830
vn -0.0878 -0.1463 -0.9853
vn 0.6477 -0.2230 -0.7285
vn 0.9525 -0.2996 -0.0552
vn 0.7833 -0.0996 0.6136
vn 0.1658 0.2215 0.9610
vn 0.7723 -0.1316 0.6215
vn 0.8051 0.0267 0.5925
vn -0.7465 0.1508 -0.6480
vn -0.7489 0.1537 -0.6446
vn -0.6569 0.2650 -0.7058
vn 0.3333 0.9182 -0.2139
vn -0.6929 0.1969 -0.6936
vn -0.2763 -0.3553 -0.8930
vn -0.6426 0.2946 -0.7072
vn -0.8086 0.5872 -0.0365
vn -0.1542 -0.3018 -0.9408
vn 0.2682 0.2578 0.9282
vn 0.6423 -0.3233 0.6949
vn 0.7282 -0.2430 0.6409
vn 0.6151 -0.7852 0.0719
vn 0.7937 -0.6083 -0.0076
vn 0.9219 -0.3849 -0.0454
vn 0.2313 -0.7831 -0.5773
vn 0.4387 -0.6205 -0.6500
vn -0.4006 0.6274 0.6678
vn -0.6165 0.7830 -0.0826
vn -0.2152 0.7824 0.5845
vn -0.1505 0.8135 0.5618
vn -0.4871 0.8733 0.0129
vn -0.1123 0.8010 0.5880
vn 0.2961 0.3760 0.8780
vn 0.3139 0.3406 0.8863
vn -0.5445 0.8335 -0.0937
vn 0.5453 -0.8333 0.0910
vn 0.1459 -0.8219 -0.5506
vn 0.1550 -0.8142 -0.5594
vn -0.3118 -0.3489 -0.8838
vn 0.5954 -0.2806 0.7528
vn 0.6144 -0.3441 0.7100
vn 0.5620 -0.8079 0.1774
vn 0.2979 0.3230 0.8983
vn -0.6160 0.3367 -0.7121
vn -0.3454 -0.3049 -0.8875
vn -0.6210 0.4098 -0.6682
vn -0.6233 0.6012 0.5000
vn 0.0145 0.4130 0.9106
vn -0.8858 0.4131 -0.2116
vn 0.8943 -0.4232 0.1455
vn 0.6444 -0.5634 -0.5169
vn 0.0519 -0.4232 -0.9046
vn -0.6039 -0.0280 -0.7966
vn 0.6467 -0.0280 0.7623
vn 0.4974 -0.6950 0.5192
vn 0.8593 -0.5007 -0.1039
vn 0.8626 -0.4920 -0.1177
vn 0.8661 -0.4874 -0.1110
vn 0.5032 -0.6862 0.5253
vn -0.1481 -0.4874 0.8605
vn -0.1547 -0.4920 0.8568
vn -0.1407 -0.5007 0.8541
vn 0.4968 -0.6958 0.5186
vn -0.4911 0.7043 -0.5126
vn -0.8568 0.5006 0.1241
vn -0.4917 0.7034 -0.5133
vn -0.4975 0.6948 -0.5193
vn 0.1607 0.5006 -0.8507
vn -0.7099 -0.0094 0.7042
vn -0.7194 0.0039 0.6946
vn -0.7190 0.0027 0.6950
vn -0.8610 0.4943 0.1196
vn -0.8596 0.4908 0.1421
vn 0.7248 0.0039 -0.6889
vn 0.1789 0.4908 -0.8527
vn 0.1565 0.4943 -0.8551
vn 0.7252 0.0027 -0.6885
vn 0.7340 -0.0094 -0.6790
vn -0.7246 -0.0089 0.6892
vn -0.9896 0.1416 -0.0259
vn -0.7678 -0.1376 0.6258
vn -0.0482 -0.2259 0.9730
vn -0.0165 -0.1752 0.9844
vn -0.6477 0.1799 0.7404
vn -0.9615 0.2744 0.0128
vn -0.9718 0.2354 0.0107
vn 0.9856 -0.1640 0.0418
vn 0.7783 0.1586 -0.6075
vn 0.7516 0.0743 -0.6555
vn 0.0762 0.3587 -0.9303
vn 0.0566 0.2947 -0.9539
vn 0.0540 0.2744 -0.9601
vn 0.7675 0.1799 -0.6153
vn 0.9842 -0.1752 0.0257
vn 0.6547 -0.2888 0.6986
vn -0.0978 -0.3430 0.9342
vn 0.6381 -0.3350 0.6933
vn 0.6852 -0.1370 0.7153
vn -0.6579 0.3435 -0.6702
vn -0.6528 0.3548 -0.6693
vn -0.5980 0.5027 -0.6242
vn -0.5606 0.5385 -0.6291
vn -0.9601 0.2788 0.0231
vn -0.6398 0.3594 -0.6793
vn 0.1211 0.4415 -0.8891
vn 0.2002 0.4486 -0.8710
vn -0.0638 -0.4696 0.8805
vn 0.6098 -0.5204 0.5978
vn 0.9547 -0.2973 -0.0090
vn 0.9944 -0.0696 0.0792
vn 0.6434 -0.3570 0.6772
vn 0.7884 0.1010 -0.6069
vn 0.7955 0.2514 -0.5513
vn -0.7445 -0.1440 0.6519
vn -0.1176 -0.4410 0.8898
vn -0.7963 -0.2521 0.5498
vn 0.2234 0.9464 0.2331
vn 0.1103 0.4289 -0.8966
vn -0.6470 0.3542 -0.6752
vn -0.9940 0.0708 -0.0836
vn -0.9944 0.0805 -0.0689
vn 0.6381 -0.3564 0.6825
vn 0.9933 -0.0796 0.0835
vn 0.9894 -0.1269 0.0700
vn -0.1190 -0.4260 0.8969
vn 0.7947 0.2390 -0.5580
vn -0.7917 -0.2333 0.5647
vn -0.6181 0.4929 0.6124
vn -0.9199 0.3779 -0.1053
vn -0.5514 0.6020 0.5776
vn 0.0889 0.3988 0.9127
vn 0.0679 0.3801 0.9224
vn -0.5798 0.5817 0.5705
vn -0.9550 0.2882 -0.0697
vn -0.9483 0.3069 -0.0815
vn 0.9677 -0.2481 0.0457
vn 0.5710 -0.5772 -0.5838
vn 0.6523 -0.4244 -0.6280
vn -0.0821 -0.4432 -0.8926
vn -0.0336 -0.3318 -0.9427
vn -0.0278 -0.2855 -0.9580
vn 0.7123 -0.2176 -0.6673
vn 0.9816 -0.1851 0.0472
vn 0.7265 0.0545 0.6850
vn 0.7273 0.0924 0.6800
vn 0.9199 -0.3862 0.0688
vn 0.7439 0.2318 0.6268
vn -0.6956 -0.0377 -0.7174
vn -0.7002 -0.0657 -0.7110
vn -0.6467 0.1208 -0.7531
vn 0.2488 0.9111 -0.3286
vn -0.7100 -0.0605 -0.7016
vn -0.1855 -0.5243 -0.8311
vn -0.7520 0.0042 -0.6591
vn -0.8745 0.4704 -0.1179
vn -0.1405 -0.5183 -0.8436
vn 0.1586 0.5181 0.8405
vn 0.6683 0.1136 0.7351
vn 0.7186 0.0476 0.6938
vn 0.8743 -0.4300 0.2252
vn 0.8721 -0.4781 0.1048
vn 0.1324 0.4555 0.8803
vn 0.4856 -0.7231 -0.4912
vn 0.4867 -0.6910 -0.5344
vn -0.4780 0.6989 0.5321
vn -0.8228 0.5683 -0.0037
vn -0.4225 0.7229 0.5467
vn 0.2969 0.3075 0.9040
vn -0.4526 0.4626 0.7624
vn 0.2871 0.2896 0.9131
vn 0.8643 -0.0235 0.5025
vn 0.8691 -0.0134 0.4944
vn 0.3503 0.4380 0.8279
vn -0.4423 0.4906 0.7508
vn -0.4443 0.4810 0.7558
vn 0.4775 -0.4068 -0.7788
vn -0.2685 -0.2608 -0.9273
vn -0.2583 -0.2426 -0.9351
vn -0.8434 0.0754 -0.5320
vn -0.8358 0.0931 -0.5411
vn -0.8330 0.1035 -0.5435
vn -0.1942 -0.1015 -0.9757
vn 0.4841 -0.3948 -0.7809
vn 0.9300 -0.3171 -0.1859
vn 0.8567 -0.0452 0.5138
vn 0.9237 -0.3397 -0.1773
vn 0.4686 -0.4297 -0.7719
vn 0.9550 -0.1824 -0.2338
vn -0.9141 0.3702 0.1652
vn -0.9087 0.3861 0.1588
vn -0.8443 0.5270 0.0973
vn 0.2832 0.8920 -0.3523
vn -0.8389 0.5363 0.0929
vn -0.6635 0.3263 -0.6733
vn -0.6616 0.7495 -0.0244
vn -0.2666 0.7195 0.6413
vn -0.3604 0.5682 0.7398
vn -0.7700 0.1624 -0.6170
vn 0.8096 -0.1977 0.5527
vn 0.6694 -0.7426 0.0200
vn 0.8438 -0.5278 -0.0969
vn 0.4322 -0.5716 -0.6975
vn -0.2389 -0.2902 -0.9266
vn 0.2933 -0.7308 -0.6164
vn -0.2668 -0.2935 -0.9180
vn 0.2888 0.2569 0.9223
vn 0.3163 0.2598 0.9124
vn 0.6750 -0.3526 0.6481
vn -0.2173 0.7722 0.5971
vn 0.2761 0.2787 0.9198
vn 0.2798 0.2723 0.9207
vn 0.5979 -0.3829 0.7042
vn 0.6119 -0.3891 0.6886
vn -0.2759 -0.2783 -0.9200
vn 0.2040 -0.7731 -0.6006
vn -0.2796 -0.2719 -0.9208
vn -0.6072 0.3859 -0.6945
vn 0.2247 -0.7727 -0.5937
vn 0.5691 -0.8190 0.0731
vn 0.5839 -0.8091 0.0657
vn -0.5776 0.8134 -0.0689
vn -0.5957 0.3906 -0.7018
vn -0.5631 0.8229 -0.0762
vn -0.2046 0.7782 0.5938
vn 0.4288 -0.3093 0.8488
vn 0.8940 0.1471 0.4232
vn 0.8854 0.1621 0.4356
vn 0.8815 0.1715 0.4399
vn 0.3517 -0.1867 0.9173
vn -0.2984 -0.5612 0.7720
vn -0.2905 -0.5716 0.7674
vn 0.4402 -0.3246 0.8372
vn -0.4605 0.3479 -0.8166
vn -0.9175 -0.1034 -0.3840
vn -0.4713 0.3627 -0.8039
vn -0.9225 -0.0952 -0.3740
vn -0.5310 0.4724 -0.7035
vn 0.2481 0.6445 -0.7233
vn 0.2508 0.6360 -0.7298
vn 0.2606 0.6201 -0.7400
vn -0.8354 -0.4856 0.2575
vn -0.2795 -0.5918 0.7561
vn -0.8722 -0.3636 0.3271
vn -0.9087 -0.1220 -0.3992
vn -0.8273 -0.5056 0.2449
vn 0.8153 0.5325 -0.2275
vn 0.8086 0.5464 -0.2182
vn 0.7346 0.6661 -0.1291
vn -0.3531 0.7837 0.5110
vn 0.7926 0.5773 -0.1963
vn 0.2506 0.6288 -0.7360
vn 0.8072 0.5493 -0.2162
vn 0.8878 0.1529 0.4340
vn -0.8110 -0.5414 0.2215
vn -0.2485 -0.6496 0.7186
vn -0.2676 -0.6202 0.7374
vn -0.8965 -0.1507 -0.4167
vn -0.8795 -0.1751 -0.4424
vn -0.7920 -0.5789 0.1938
vn -0.4523 0.3354 -0.8264
vn -0.4597 0.3384 -0.8211
vn 0.2435 0.6469 -0.7227
vn 0.4412 -0.3345 0.8327
vn 0.8787 0.1701 0.4460
vn 0.4459 -0.3407 0.8277
vn 0.4401 -0.3462 0.8285
vn 0.8596 0.1455 0.4898
vn 0.8728 0.1760 0.4552
vn -0.2460 -0.6596 0.7102
vn 0.3964 -0.3788 0.8363
vn -0.4850 0.3096 -0.8179
vn -0.8727 -0.1794 -0.4540
vn -0.4485 0.3378 -0.8275
vn 0.2419 0.6565 -0.7145
vn 0.2012 0.6496 -0.7332
vn -0.7870 -0.5898 0.1809
vn -0.2965 -0.6708 0.6798
vn -0.8800 -0.2047 -0.4286
vn -0.7929 -0.5863 0.1659
vn 0.7847 0.5920 -0.1840
vn 0.7859 0.5897 -0.1859
vn -0.5109 -0.6950 -0.5059
vn -0.8563 -0.5007 0.1266
vn -0.8592 -0.4920 0.1405
vn -0.8629 -0.4874 0.1338
vn -0.5169 -0.6862 -0.5118
vn 0.1253 -0.4874 -0.8641
vn 0.1320 -0.4920 -0.8605
vn 0.1181 -0.5007 -0.8575
vn -0.5103 -0.6958 -0.5053
vn 0.5044 0.7043 0.4995
vn 0.8532 0.5006 -0.1466
vn 0.5051 0.7034 0.5001
vn 0.5110 0.6948 0.5060
vn -0.1383 0.5005 0.8546
vn 0.6911 -0.0094 -0.7227
vn 0.7008 0.0039 -0.7133
vn 0.7004 0.0027 -0.7137
vn 0.8576 0.4943 -0.1423
vn 0.8555 0.4908 -0.1647
vn -0.7064 0.0039 0.7078
vn -0.1563 0.4908 0.8571
vn -0.1338 0.4943 0.8589
vn -0.7068 0.0027 0.7074
vn -0.7159 -0.0094 0.6982
vn 0.7061 -0.0089 -0.7080
vn 0.9899 0.1416 -0.0003
vn 0.7510 -0.1376 -0.6458
vn 0.0225 -0.2259 -0.9739
vn -0.0095 -0.1752 -0.9845
vn 0.6279 0.1799 -0.7572
vn 0.9609 0.2744 -0.0381
vn 0.9712 0.2354 -0.0363
vn -0.9863 -0.1640 -0.0158
vn -0.7620 0.1586 0.6278
vn -0.7340 0.0743 0.6751
vn -0.0517 0.3587 0.9320
vn -0.0314 0.2947 0.9551
vn -0.0287 0.2744 0.9612
vn -0.7510 0.1799 0.6353
vn -0.9845 -0.1752 0.0002
vn -0.6729 -0.2888 -0.6811
vn 0.0732 -0.3430 -0.9365
vn -0.6561 -0.3350 -0.6762
vn -0.7039 -0.1370 -0.6970
vn 0.6754 0.3435 0.6526
vn 0.6703 0.3548 0.6518
vn 0.6143 0.5027 0.6082
vn 0.5770 0.5385 0.6141
vn 0.9591 0.2788 -0.0484
vn 0.6575 0.3594 0.6622
vn -0.0977 0.4415 0.8919
vn -0.1772 0.4486 0.8760
vn 0.0406 -0.4696 -0.8819
vn -0.6253 -0.5204 -0.5815
vn -0.9542 -0.2974 0.0342
vn -0.9962 -0.0696 -0.0530
vn -0.6610 -0.3570 -0.6600
vn -0.7721 0.1010 0.6275
vn -0.7807 0.2514 0.5721
vn 0.7271 -0.1440 -0.6713
vn 0.0941 -0.4410 -0.8926
vn 0.7816 -0.2521 -0.5706
vn -0.2294 0.9464 -0.2272
vn -0.0866 0.4289 0.8992
vn 0.6646 0.3542 0.6579
vn 0.9958 0.0708 0.0574
vn 0.9958 0.0805 0.0426
vn -0.6559 -0.3564 -0.6655
vn -0.9952 -0.0796 -0.0573
vn -0.9909 -0.1269 -0.0439
vn 0.0953 -0.4260 -0.8997
vn -0.7797 0.2390 0.5787
vn 0.7765 -0.2333 -0.5853
vn 0.6017 0.4929 -0.6285
vn 0.9223 0.3778 0.0810
vn 0.5359 0.6020 -0.5919
vn -0.1130 0.3988 -0.9100
vn -0.0922 0.3801 -0.9203
vn 0.5645 0.5817 -0.5856
vn 0.9565 0.2882 0.0445
vn 0.9501 0.3069 0.0565
vn -0.9685 -0.2481 -0.0201
vn -0.5554 -0.5771 0.5987
vn -0.6355 -0.4244 0.6450
vn 0.1056 -0.4432 0.8902
vn 0.0584 -0.3318 0.9415
vn 0.0530 -0.2854 0.9569
vn -0.6945 -0.2177 0.6858
vn -0.9825 -0.1851 -0.0212
vn -0.7443 0.0545 -0.6656
vn -0.7450 0.0924 -0.6606
vn -0.9214 -0.3862 -0.0445
vn -0.7601 0.2318 -0.6070
vn 0.7143 -0.0377 0.6988
vn 0.7187 -0.0658 0.6923
vn 0.6664 0.1208 0.7358
vn -0.2400 0.9111 0.3351
vn 0.7282 -0.0605 0.6827
vn 0.2073 -0.5243 0.8259
vn 0.7692 0.0042 0.6390
vn 0.8773 0.4704 0.0948
vn 0.1627 -0.5183 0.8396
vn -0.1807 0.5181 -0.8360
vn -0.6875 0.1136 -0.7173
vn -0.7367 0.0476 -0.6746
vn -0.8799 -0.4300 -0.2021
vn -0.8745 -0.4781 -0.0817
vn -0.1556 0.4555 -0.8765
vn -0.4725 -0.7231 0.5039
vn -0.4724 -0.6910 0.5471
vn 0.4638 0.6989 -0.5445
vn 0.8226 0.5683 -0.0180
vn 0.4080 0.7229 -0.5576
vn -0.3207 0.3075 -0.8959
vn 0.4324 0.4626 -0.7740
vn -0.3111 0.2896 -0.9052
vn -0.8772 -0.0235 -0.4795
vn -0.8818 -0.0133 -0.4714
vn -0.3721 0.4380 -0.8184
vn 0.4223 0.4906 -0.7622
vn 0.4242 0.4810 -0.7673
vn -0.4567 -0.4068 0.7912
vn 0.2928 -0.2608 0.9199
vn 0.2829 -0.2426 0.9280
vn 0.8571 0.0754 0.5096
vn 0.8498 0.0931 0.5188
vn 0.8471 0.1035 0.5213
vn 0.2198 -0.1015 0.9702
vn -0.4633 -0.3948 0.7934
vn -0.9248 -0.3171 0.2104
vn -0.8700 -0.0452 -0.4911
vn -0.9187 -0.3397 0.2015
vn -0.4480 -0.4297 0.7840
vn -0.9485 -0.1823 0.2589
vn 0.9095 0.3702 -0.1893
vn 0.9042 0.3861 -0.1827
vn 0.8414 0.5270 -0.1195
vn -0.2739 0.8920 0.3597
vn 0.8361 0.5363 -0.1149
vn 0.6810 0.3263 0.6556
vn 0.6620 0.7495 0.0070
vn 0.2496 0.7195 -0.6481
vn 0.3408 0.5682 -0.7490
vn 0.7860 0.1623 0.5965
vn -0.8239 -0.1977 -0.5311
vn -0.6697 -0.7426 -0.0024
vn -0.8410 -0.5278 0.1191
vn -0.4137 -0.5716 0.7086
vn 0.2633 -0.2902 0.9200
vn -0.2769 -0.7308 0.6239
vn 0.2909 -0.2935 0.9106
vn -0.3130 0.2569 -0.9143
vn -0.3402 0.2598 -0.9037
vn -0.6919 -0.3526 -0.6301
vn 0.2015 0.7722 -0.6026
vn -0.3003 0.2787 -0.9122
vn -0.3039 0.2723 -0.9130
vn -0.6163 -0.3828 -0.6882
vn -0.6298 -0.3891 -0.6723
vn 0.3001 -0.2783 0.9124
vn -0.1881 -0.7731 0.6057
vn 0.3038 -0.2719 0.9131
vn 0.6253 0.3859 0.6782
vn -0.2090 -0.7727 0.5994
vn -0.5708 -0.8190 -0.0581
vn -0.5855 -0.8091 -0.0503
vn 0.5792 0.8134 0.0536
vn 0.6141 0.3906 0.6858
vn 0.5649 0.8229 0.0612
vn 0.1888 0.7781 -0.5990
vn -0.4510 -0.3093 -0.8372
vn -0.9049 0.1471 -0.3995
vn -0.8966 0.1621 -0.4121
vn -0.8928 0.1715 -0.4165
vn -0.3758 -0.1867 -0.9077
vn 0.2779 -0.5612 -0.7797
vn 0.2701 -0.5716 -0.7748
vn -0.4621 -0.3246 -0.8253
vn 0.4818 0.3479 0.8042
vn 0.9273 -0.1034 0.3597
vn 0.4923 0.3628 0.7912
vn 0.9321 -0.0951 0.3496
vn 0.5493 0.4724 0.6893
vn -0.2289 0.6445 0.7296
vn -0.2314 0.6360 0.7362
vn -0.2410 0.6201 0.7466
vn 0.8283 -0.4856 -0.2794
vn 0.2594 -0.5917 -0.7632
vn 0.8633 -0.3636 -0.3500
vn 0.9189 -0.1219 0.3752
vn 0.8205 -0.5056 -0.2667
vn -0.8090 0.5325 0.2489
vn -0.8026 0.5464 0.2395
vn -0.7309 0.6661 0.1485
vn 0.3395 0.7837 -0.5201
vn -0.7871 0.5773 0.2172
vn -0.2311 0.6288 0.7424
vn -0.8012 0.5493 0.2374
vn -0.8990 0.1529 -0.4104
vn 0.8049 -0.5414 -0.2429
vn 0.2295 -0.6496 -0.7249
vn 0.2480 -0.6202 -0.7442
vn 0.9071 -0.1507 0.3929
vn 0.8909 -0.1751 0.4191
vn 0.7866 -0.5789 -0.2147
vn 0.4739 0.3354 0.8142
vn 0.4811 0.3384 0.8087
vn -0.2244 0.6469 0.7289
vn -0.4630 -0.3345 -0.8208
vn -0.8902 0.1701 -0.4226
vn -0.4676 -0.3408 -0.8156
vn -0.4618 -0.3462 -0.8166
vn -0.8722 0.1455 -0.4669
vn -0.8845 0.1760 -0.4321
vn 0.2272 -0.6596 -0.7165
vn -0.4183 -0.3789 -0.8255
vn 0.5063 0.3096 0.8048
vn 0.8844 -0.1794 0.4308
vn 0.4702 0.3378 0.8154
vn -0.2230 0.6565 0.7206
vn -0.1818 0.6496 0.7382
vn 0.7820 -0.5898 -0.2016
vn 0.2784 -0.6708 -0.6874
vn 0.8910 -0.2047 0.4052
vn 0.7883 -0.5863 -0.1868
vn -0.7795 0.5920 0.2046
vn -0.7808 0.5897 0.2066
vn -0.1821 0.6428 0.7441
vn 0.2806 0.7341 0.6184
vn 0.1551 0.8575 0.4906
vn -0.3314 0.5368 0.7759
vn -0.1838 0.6748 0.7147
vn -0.4204 0.6817 0.5988
vn -0.2549 0.7121 0.6542
vn -0.2761 0.6710 0.6881
vn -0.0385 0.7448 0.6661
vn 0.5004 0.3573 0.7886
vn -0.0203 0.6728 0.7395
vn 0.1398 0.3542 0.9247
vn -0.3182 0.5396 0.7795
vn -0.6006 0.2415 0.7622
vn -0.4128 0.2538 0.8747
vn -0.3405 0.8111 0.4756
vn -0.7437 0.6225 0.2436
vn -0.5294 0.6328 0.5651
vn -0.3747 0.4879 0.7884
vn -0.3587 0.4789 0.8012
vn -0.1569 0.4012 0.9025
vn -0.7553 0.5268 0.3899
vn -0.3613 0.8793 0.3103
vn -0.6722 0.7222 0.1632
vn -0.4645 0.3195 0.8259
vn -0.4651 0.6782 0.5690
vn -0.6196 0.4258 0.6594
vn -0.3166 0.7610 0.5663
vn -0.5035 0.8607 0.0757
vn -0.4243 0.7913 0.4403
vn -0.2917 0.7748 0.5609
vn -0.3689 0.5673 0.7363
vn -0.1300 0.7103 0.6918
vn -0.3533 0.7818 0.5138
vn -0.3538 0.6219 0.6986
vn -0.1191 0.7246 0.6788
vn -0.4255 0.6091 0.6693
vn -0.7928 0.5297 0.3014
vn -0.6838 0.3480 0.6413
vn -0.4559 0.4394 0.7740
vn -0.6163 0.7063 0.3482
vn -0.5953 0.5636 0.5727
vn -0.2498 0.8958 0.3676
vn -0.3458 0.9383 -0.0031
vn -0.4588 0.8836 0.0940
vn -0.0621 0.9118 0.4058
vn -0.4810 0.8762 -0.0299
vn -0.2971 0.9250 0.2368
vn -0.2461 0.6094 0.7538
vn -0.5924 0.6160 0.5192
vn -0.5666 0.4173 0.7105
vn -0.3002 0.7868 0.5393
vn -0.4485 0.6193 0.6445
vn -0.1115 0.7490 0.6532
vn -0.2054 0.9588 0.1964
vn -0.0638 0.7972 0.6003
vn -0.0124 0.8268 0.5623
vn -0.0516 0.6265 0.7777
vn -0.0338 0.9085 0.4166
vn -0.3019 0.7919 0.5308
vn 0.1507 0.7525 0.6411
vn -0.2076 0.8660 0.4548
vn -0.2825 0.7363 0.6148
vn 0.1534 0.7476 0.6462
vn 0.0022 0.9793 0.2024
vn 0.0833 0.6912 0.7178
vn -0.0348 0.8061 0.5907
vn 0.1292 0.8347 0.5354
vn 0.2310 0.8602 0.4547
vn 0.0280 0.6886 0.7246
vn -0.2264 0.8454 0.4838
vn -0.2114 0.7958 0.5674
vn 0.3520 0.8547 0.3817
vn -0.1953 0.9524 0.2339
vn -0.1576 0.8573 0.4901
vn 0.2023 0.9438 0.2614
vn -0.1210 0.9715 0.2037
vn 0.1422 0.8861 0.4411
vn 0.1229 0.7977 0.5903
vn -0.1616 0.9623 0.2188
vn -0.1372 0.7690 0.6244
vn -0.3415 0.7889 0.5108
vn -0.4231 0.8977 -0.1232
vn -0.6857 0.6637 0.2989
vn 0.3697 0.9114 0.1808
vn -0.2902 0.8604 0.4188
vn 0.1476 0.7997 0.5820
vn -0.0987 0.8201 0.5636
vn 0.1633 0.5755 0.8013
vn 0.0751 0.8726 0.4826
vn -0.2352 0.6350 0.7359
vn -0.5787 0.3438 0.7395
vn -0.4407 0.4489 0.7774
vn -0.3307 0.7035 0.6291
vn -0.3671 0.3656 0.8553
vn -0.2588 0.4997 0.8266
vn 0.1505 0.8168 0.5570
vn 0.3068 0.3731 0.8756
vn 0.3171 0.8505 0.4195
vn -0.0199 0.8923 0.4511
vn -0.4586 0.8750 0.1552
vn -0.3780 0.7939 0.4763
vn -0.0426 0.9652 0.2580
vn -0.5103 0.7580 0.4062
vn -0.2307 0.8780 0.4194
vn -0.0080 0.7672 0.6413
vn -0.1945 0.8521 0.4860
vn -0.0784 0.6953 0.7145
vn -0.0182 0.8669 0.4982
vn -0.2239 0.7672 0.6011
vn -0.0206 0.6888 0.7247
vn -0.0365 0.6104 0.7913
vn 0.0527 0.8837 0.4650
vn -0.1183 0.7195 0.6844
vn -0.0800 0.7277 0.6812
vn 0.2686 0.8221 0.5020
vn -0.0166 0.9098 0.4146
vn 0.2563 0.7556 0.6028
vn -0.1575 0.9432 0.2925
vn -0.0937 0.7838 0.6139
vn -0.2126 0.9159 0.3404
vn 0.0856 0.9955 0.0408
vn -0.4376 0.7814 0.4450
vn 0.2071 0.8452 0.4926
vn -0.1573 0.8591 0.4871
vn 0.0655 0.6303 0.7736
vn 0.0730 0.7481 0.6595
vn -0.2257 0.5876 0.7770
vn -0.2050 0.4833 0.8511
vn -0.5249 0.5076 0.6832
vn -0.0829 0.6046 0.7922
vn -0.3712 0.6776 0.6349
vn 0.1147 0.8940 0.4332
vn 0.1849 0.5338 0.8251
vn 0.4567 0.7887 0.4114
vn 0.2392 0.9348 0.2627
vn 0.1738 0.5768 0.7982
vn 0.2637 0.8032 0.5341
vn -0.0987 0.9110 0.4005
vn 0.1295 0.6828 0.7191
vn 0.1699 0.7749 0.6087
vn -0.2930 0.8466 0.4444
vn -0.2239 0.8001 0.5564
vn -0.0543 0.9202 0.3876
vn -0.1747 0.8232 0.5402
vn -0.4512 0.6620 0.5985
vn -0.2643 0.6265 0.7333
vn -0.1840 0.7540 0.6306
vn -0.5009 0.7807 0.3737
vn -0.4605 0.7058 0.5383
vn -0.2650 0.7573 0.5969
vn -0.3478 0.7012 0.6224
vn -0.1188 0.8115 0.5722
vn -0.4065 0.6520 0.6401
vn -0.6183 0.6949 0.3673
vn -0.4675 0.5442 0.6966
vn -0.5059 0.8393 0.1991
vn -0.3747 0.8852 0.2757
vn -0.1590 0.9501 0.2683
vn -0.1324 0.9459 0.2963
vn -0.3438 0.8404 0.4189
vn 0.0617 0.9189 0.3895
vn -0.4053 0.8283 0.3868
vn -0.7364 0.5364 0.4124
vn -0.5295 0.7326 0.4277
vn -0.4654 0.8553 0.2277
vn -0.6533 0.7045 0.2772
vn -0.4632 0.7436 0.4821
vn -0.4390 0.8508 0.2890
vn -0.3440 0.8436 0.4122
vn -0.4585 0.8733 0.1646
vn -0.3848 0.7992 0.4618
vn -0.6068 0.7825 0.1394
vn -0.3869 0.7914 0.4734
vn -0.5068 0.7162 0.4798
vn -0.7386 0.5137 0.4365
vn -0.4866 0.5570 0.6730
vn -0.4909 0.6029 0.6289
vn -0.3493 0.5218 0.7783
vn -0.2706 0.5571 0.7851
vn 0.1317 0.9409 0.3119
vn 0.0270 0.6892 0.7241
vn 0.1326 0.8668 0.4808
vn 0.2663 0.7149 0.6466
vn -0.1014 0.9048 0.4136
vn -0.0195 0.8559 0.5168
vn -0.0432 0.4909 0.8702
vn -0.1868 0.7694 0.6109
vn -0.1937 0.6239 0.7571
vn -0.6639 0.5703 0.4837
vn -0.4154 0.4533 0.7886
vn -0.4869 0.5001 0.7161
vn -0.7811 0.3984 0.4809
vn -0.3710 0.5047 0.7795
vn -0.5798 0.6231 0.5250
vn -0.4249 0.6653 0.6139
vn -0.6521 0.2588 0.7126
vn -0.3770 0.4000 0.8354
vn -0.4003 0.6795 0.6148
vn -0.1504 0.7501 0.6440
vn -0.4441 0.7746 0.4503
vn -0.3367 0.7406 0.5815
vn -0.0092 0.8309 0.5563
vn -0.2448 0.8888 0.3874
vn 0.0222 0.8931 0.4493
vn -0.4090 0.7463 0.5252
vn -0.2741 0.7613 0.5875
vn -0.1571 0.8157 0.5567
vn -0.2193 0.8909 0.3977
vn -0.4729 0.7947 0.3804
vn 0.0205 0.8496 0.5270
vn -0.4629 0.8352 0.2969
vn -0.1777 0.6887 0.7029
vn -0.3112 0.7656 0.5630
vn -0.0330 0.9558 0.2920
vn -0.1800 0.9355 0.3042
vn 0.2902 0.9292 0.2290
vn 0.1400 0.7622 0.6320
vn 0.5008 0.7597 0.4147
vn 0.3687 0.5801 0.7263
vn 0.0046 0.9058 0.4237
vn -0.1089 0.6811 0.7241
vn 0.2603 0.7439 0.6155
vn 0.4804 0.4096 0.7755
vn 0.5027 0.4827 0.7171
vn 0.4093 0.6577 0.6323
vn 0.0087 0.7882 0.6153
vn 0.1009 0.6843 0.7222
vn -0.4239 0.6821 0.5958
vn -0.8214 0.3424 0.4562
vn -0.5811 0.4549 0.6748
vn -0.2257 0.9614 0.1572
vn 0.0631 0.7093 0.7021
vn 0.2597 0.8167 0.5153
vn -0.0594 0.7287 0.6823
vn 0.0289 0.6743 0.7379
vn -0.1283 0.8190 0.5592
vn -0.1234 0.5921 0.7963
vn -0.4826 0.6612 0.5744
vn -0.4485 0.4739 0.7578
vn 0.4993 0.6493 0.5738
vn 0.2499 0.6590 0.7094
vn 0.4885 0.4095 0.7705
vn -0.1689 0.7556 0.6328
vn 0.1186 0.8747 0.4700
vn -0.0607 0.9140 0.4012
vn -0.0726 0.8680 0.4912
vn 0.3766 0.8511 0.3657
vn 0.3351 0.8841 0.3256
vn -0.6577 0.6481 0.3839
vn -0.5240 0.4215 0.7401
vn -0.3802 0.6759 0.6313
vn -0.3178 0.8966 0.3085
vn -0.5022 0.8199 0.2748
vn -0.2144 0.7137 0.6668
vn -0.2122 0.8973 0.3870
vn -0.4495 0.8343 0.3193
vn -0.5612 0.6606 0.4987
vn -0.5500 0.7710 0.3212
vn -0.7973 0.2782 0.5357
vn -0.5823 0.6005 0.5480
vn 0.2314 0.7679 0.5973
vn 0.1730 0.6073 0.7754
vn 0.1780 0.5779 0.7964
vn -0.5402 0.8253 0.1646
vn -0.8179 0.3693 0.4412
vn -0.5346 0.6549 0.5342
vn -0.6285 0.5774 0.5212
vn -0.5701 0.5685 0.5931
vn -0.3986 0.6464 0.6506
vn -0.2819 0.8759 0.3917
vn -0.2953 0.8641 0.4075
vn -0.0816 0.9605 0.2662
vn -0.2931 0.8698 0.3970
vn -0.5001 0.6983 0.5121
vn -0.3728 0.6993 0.6099
vn -0.5552 0.7145 0.4258
vn -0.5712 0.7508 0.3316
vn -0.5448 0.5943 0.5916
vn -0.3679 0.7651 0.5284
vn -0.6346 0.7536 0.1713
vn -0.5446 0.7145 0.4393
vn -0.2458 0.8575 0.4520
vn -0.6569 0.7532 0.0328
vn -0.5533 0.6406 0.5325
vn -0.3003 0.8513 0.4303
vn -0.8030 0.5440 0.2434
vn -0.5862 0.5340 0.6093
vn -0.5743 0.7111 0.4056
vn -0.5299 0.7813 0.3297
vn -0.7496 0.6433 0.1557
vn -0.3105 0.6861 0.6579
vn -0.3938 0.2724 0.8779
vn -0.1543 0.4902 0.8579
vn -0.3754 0.6600 0.6508
vn -0.5825 0.5403 0.6073
vn -0.2911 0.5236 0.8007
vn -0.6048 0.3863 0.6963
vn -0.3789 0.6187 0.6882
vn -0.6143 0.4394 0.6554
vn -0.1633 0.7541 0.6361
vn 0.3585 0.6160 0.7014
vn 0.1297 0.8801 0.4567
vn -0.0318 0.6827 0.7300
vn -0.4487 0.6605 0.6020
vn -0.3237 0.4868 0.8113
vn -0.1375 0.6036 0.7853
vn -0.4907 0.6722 0.5544
vn -0.3921 0.4881 0.7798
vn -0.1215 0.6878 0.7157
vn -0.5402 0.6567 0.5262
vn -0.3919 0.5057 0.7686
vn -0.5825 0.5745 0.5750
vn -0.6504 0.6254 0.4312
vn -0.4883 0.4412 0.7529
vn -0.3792 0.7826 0.4938
vn -0.6815 0.3767 0.6274
vn -0.4177 0.5588 0.7164
vn -0.3394 0.8167 0.4667
vn -0.2486 0.9668 0.0590
vn -0.5373 0.8400 0.0755
vn -0.0619 0.9111 0.4075
vn -0.4787 0.8775 -0.0286
vn -0.4671 0.8372 0.2846
vn -0.4587 0.6548 0.6007
vn -0.4370 0.5779 0.6892
vn -0.2245 0.7002 0.6778
vn -0.4076 0.5750 0.7094
vn -0.3199 0.8135 0.4857
vn -0.5696 0.6544 0.4973
vn -0.0359 0.9070 0.4196
vn -0.2768 0.8469 0.4541
vn -0.0615 0.7568 0.6507
vn -0.0616 0.7874 0.6133
vn -0.0104 0.8346 0.5508
vn -0.2937 0.8034 0.5180
vn -0.2307 0.8320 0.5045
vn 0.1825 0.7994 0.5724
vn 0.0832 0.8572 0.5082
vn 0.1923 0.6702 0.7169
vn -0.0131 0.9808 0.1947
vn 0.0157 0.8662 0.4994
vn -0.0123 0.6424 0.7663
vn 0.0528 0.9142 0.4018
vn -0.1937 0.7834 0.5906
vn -0.2618 0.6479 0.7153
vn 0.0559 0.8285 0.5572
vn -0.2036 0.8761 0.4370
vn 0.2384 0.9138 0.3287
vn -0.2482 0.9325 0.2626
vn -0.1278 0.9178 0.3758
vn 0.0769 0.9727 0.2192
vn -0.1647 0.9573 0.2376
vn 0.1763 0.8584 0.4818
vn 0.1406 0.7680 0.6249
vn -0.1522 0.9650 0.2133
vn -0.1187 0.8662 0.4854
vn -0.4976 0.8252 0.2671
vn -0.1936 0.9635 0.1851
vn -0.3665 0.9275 -0.0733
vn -0.1065 0.6420 0.7593
vn 0.0855 0.7803 0.6195
vn 0.0652 0.8843 0.4624
vn -0.2730 0.3890 0.8798
vn -0.4853 0.5916 0.6438
vn -0.4649 0.3467 0.8146
vn -0.4585 0.8750 0.1553
vn -0.2759 0.8849 0.3753
vn -0.3137 0.7744 0.5495
vn -0.2777 0.9390 0.2028
vn -0.4887 0.7777 0.3953
vn -0.0336 0.8798 0.4741
vn -0.2558 0.7176 0.6478
vn -0.0784 0.6949 0.7148
vn -0.0266 0.7341 0.6785
vn -0.1884 0.9253 0.3291
vn -0.1702 0.8787 0.4460
vn 0.1305 0.7639 0.6320
vn -0.0525 0.7957 0.6034
vn -0.1237 0.6171 0.7771
vn 0.0901 0.7370 0.6698
vn 0.0116 0.8477 0.5303
vn -0.0774 0.6025 0.7943
vn 0.1866 0.8348 0.5180
vn -0.1871 0.9230 0.3362
vn -0.0948 0.7437 0.6618
vn -0.3338 0.8068 0.4875
vn 0.0062 0.9946 0.1039
vn -0.3253 0.8735 0.3622
vn 0.3700 0.6576 0.6562
vn -0.1196 0.9315 0.3436
vn 0.0408 0.7282 0.6841
vn -0.1726 0.7267 0.6649
vn 0.0005 0.5494 0.8356
vn 0.0496 0.8066 0.5890
vn -0.5204 0.5182 0.6787
vn -0.0828 0.5946 0.7998
vn -0.3394 0.7355 0.5864
vn 0.3848 0.8398 0.3830
vn -0.1251 0.6261 0.7696
vn 0.2908 0.6969 0.6556
vn -0.4269 0.2451 0.8704
vn -0.8101 0.4093 0.4198
vn -0.6399 0.2840 0.7140
vn -0.3102 0.6488 0.6949
vn -0.1880 0.3382 0.9221
vn -0.0807 0.4823 0.8723
vn 0.4476 0.5574 0.6992
vn 0.0306 0.8952 0.4447
vn 0.1468 0.6544 0.7417
vn 0.2214 0.6890 0.6901
vn -0.2294 0.9110 0.3427
vn -0.1172 0.8046 0.5822
vn -0.1685 0.8948 0.4135
vn -0.4036 0.7083 0.5792
vn -0.0505 0.9016 0.4297
vn -0.2548 0.6623 0.7046
vn -0.3264 0.8699 0.3698
vn -0.3359 0.8155 0.4713
vn -0.5067 0.6384 0.5794
vn -0.1256 0.8858 0.4468
vn -0.4260 0.8384 0.3400
vn -0.1290 0.7245 0.6771
vn -0.4425 0.7056 0.5535
vn -0.4167 0.5384 0.7324
vn -0.2058 0.9237 0.3230
vn -0.5923 0.7893 0.1620
vn -0.7489 0.6322 0.1985
vn -0.1010 0.9683 0.2285
vn -0.5262 0.6241 0.5776
vn 0.1161 0.8722 0.4752
vn -0.7007 0.5000 0.5089
vn -0.5062 0.8000 0.3221
vn -0.6987 0.5916 0.4024
vn -0.6818 0.6884 0.2476
vn -0.4415 0.8633 0.2447
vn -0.5751 0.8180 -0.0028
vn -0.3113 0.9172 0.2487
vn -0.4641 0.7205 0.5153
vn -0.2449 0.8171 0.5219
vn -0.4700 0.6999 0.5378
vn -0.4859 0.8609 0.1506
vn -0.6816 0.6937 0.2328
vn -0.6719 0.4582 0.5819
vn -0.5400 0.7564 0.3692
vn -0.7450 0.6155 0.2572
vn -0.3355 0.3836 0.8604
vn -0.4758 0.6849 0.5518
vn -0.4252 0.5464 0.7216
vn 0.1240 0.9438 0.3064
vn 0.0301 0.6748 0.7374
vn 0.2532 0.7209 0.6451
vn 0.0187 0.6931 0.7206
vn 0.1755 0.8715 0.4579
vn -0.0977 0.9194 0.3809
vn -0.2136 0.6595 0.7207
vn -0.0522 0.6310 0.7740
vn -0.1673 0.7672 0.6192
vn -0.6077 0.3325 0.7212
vn -0.5656 0.6433 0.5160
vn -0.7473 0.4687 0.4710
vn -0.5105 0.4778 0.7149
vn -0.5948 0.4458 0.6690
vn -0.3730 0.4214 0.8266
vn -0.2605 0.8469 0.4635
vn 0.0194 0.7130 0.7009
vn -0.0366 0.7646 0.6435
vn 0.0758 0.8005 0.5945
vn -0.2982 0.8620 0.4100
vn -0.3153 0.6695 0.6726
vn -0.1220 0.9118 0.3921
vn -0.3202 0.7688 0.5535
vn 0.0911 0.8441 0.5284
vn 0.0521 0.7710 0.6347
vn -0.3644 0.8923 0.2665
vn -0.1472 0.8294 0.5389
vn -0.3534 0.6901 0.6315
vn -0.0413 0.9633 0.2652
vn -0.2526 0.8828 0.3961
vn 0.6642 0.6476 0.3734
vn 0.0436 0.8400 0.5408
vn 0.0403 0.6610 0.7493
vn 0.2165 0.8029 0.5555
vn 0.0672 0.7876 0.6126
vn -0.1066 0.7376 0.6668
vn 0.4879 0.5119 0.7070
vn 0.1111 0.7775 0.6190
vn 0.4544 0.3654 0.8124
vn 0.4455 0.6043 0.6605
vn -0.0008 0.8217 0.5699
vn 0.1398 0.5553 0.8198
vn -0.4953 0.5440 0.6773
vn -0.7537 0.4870 0.4412
vn -0.6210 0.3360 0.7081
vn 0.2506 0.5039 0.8266
vn 0.3773 0.8400 0.3900
vn 0.0554 0.7814 0.6216
vn 0.1197 0.9192 0.3751
vn -0.3504 0.6892 0.6342
vn 0.0714 0.6807 0.7290
vn -0.0487 0.5539 0.8311
vn -0.0035 0.8130 0.5823
vn -0.1347 0.7819 0.6087
vn -0.3608 0.6925 0.6247
vn -0.2621 0.5611 0.7852
vn -0.1199 0.6756 0.7275
vn -0.1863 0.6640 0.7242
vn 0.0755 0.9114 0.4045
vn -0.0535 0.8551 0.5157
vn 0.4853 0.7906 0.3735
vn -0.2436 0.8473 0.4720
vn -0.0656 0.6621 0.7465
vn -0.4491 0.5147 0.7304
vn -0.6818 0.5335 0.5005
vn -0.5239 0.4221 0.7398
vn -0.2042 0.7496 0.6297
vn -0.4908 0.8618 -0.1278
vn -0.6045 0.6516 0.4583
vn -0.3704 0.6818 0.6308
vn -0.2300 0.9450 0.2328
vn -0.5293 0.7003 0.4790
vn -0.7889 0.4873 0.3744
vn -0.6475 0.5921 0.4797
vn -0.4586 0.7589 0.4624
vn 0.3568 0.5650 0.7440
vn 0.0922 0.7957 0.5986
vn 0.1740 0.5901 0.7884
vn -0.6377 0.6621 0.3936
vn -0.7930 0.5927 0.1405
vn -0.6222 0.5085 0.5952
vn -0.4586 0.4995 0.7350
vn -0.6958 0.6080 0.3825
vn -0.7360 0.3586 0.5742
vn -0.2074 0.9266 0.3135
vn -0.3987 0.7604 0.5127
vn -0.0832 0.9554 0.2833
vn -0.3601 0.8410 0.4038
vn -0.4112 0.7516 0.5158
vn -0.3803 0.6857 0.6206
vn -0.4763 0.6981 0.5345
vn -0.6496 0.7377 0.1838
vn -0.6864 0.5425 0.4843
vn -0.3456 0.7929 0.5019
vn -0.6728 0.7203 0.1690
vn -0.6290 0.6105 0.4814
vn -0.4087 0.9093 0.0790
vn -0.8577 0.5091 0.0716
vn -0.6225 0.6982 0.3535
vn 0.6004 0.6428 -0.4757
vn 0.1579 0.7341 -0.6605
vn 0.1786 0.8575 -0.4825
vn 0.7378 0.5368 -0.4093
vn 0.5838 0.6748 -0.4515
vn 0.6994 0.6817 -0.2148
vn 0.6027 0.7121 -0.3601
vn 0.6402 0.6711 -0.3738
vn 0.4391 0.7449 -0.5023
vn 0.0888 0.3573 -0.9297
vn 0.4700 0.6728 -0.5714
vn 0.4569 0.3542 -0.8160
vn 0.7296 0.5396 -0.4202
vn 0.9419 0.2415 -0.2332
vn 0.8627 0.2538 -0.4373
vn 0.5607 0.8111 -0.1666
vn 0.7367 0.6225 0.2641
vn 0.7648 0.6328 -0.1213
vn 0.7797 0.4879 -0.3925
vn 0.7749 0.4789 -0.4126
vn 0.6777 0.4012 -0.6163
vn 0.8356 0.5268 0.1557
vn 0.4757 0.8793 -0.0233
vn 0.6308 0.7222 0.2837
vn 0.8939 0.4258 -0.1404
vn 0.6511 0.6424 -0.4043
vn 0.7164 0.6782 -0.1638
vn 0.5975 0.7610 -0.2529
vn 0.4440 0.8607 0.2492
vn 0.6052 0.7913 -0.0873
vn 0.5271 0.7104 -0.4664
vn 0.8174 0.5587 -0.1403
vn 0.7431 0.5672 -0.3550
vn 0.5943 0.7818 -0.1888
vn 0.7080 0.6220 -0.3344
vn 0.5106 0.7246 -0.4629
vn 0.7466 0.6091 -0.2674
vn 0.8110 0.5297 0.2485
vn 0.9334 0.3481 -0.0868
vn 0.7484 0.6394 -0.1762
vn 0.8214 0.5636 -0.0869
vn 0.8349 0.4394 -0.3313
vn 0.2772 0.9192 -0.2799
vn 0.4200 0.8835 0.2074
vn 0.4228 0.8958 -0.1368
vn 0.2981 0.9118 -0.2823
vn 0.3615 0.8762 0.3188
vn 0.3799 0.9250 -0.0045
vn 0.6568 0.6094 -0.4441
vn 0.7863 0.6160 -0.0464
vn 0.8834 0.4173 -0.2132
vn 0.5680 0.7867 -0.2416
vn 0.7496 0.6193 -0.2336
vn 0.4888 0.7490 -0.4474
vn 0.3549 0.8268 -0.4365
vn 0.3718 0.9158 -0.1516
vn 0.4187 0.7973 -0.4348
vn 0.5180 0.6266 -0.5823
vn 0.2823 0.9085 -0.3082
vn 0.5641 0.7919 -0.2338
vn 0.2743 0.7525 -0.5987
vn 0.4431 0.8660 -0.2318
vn 0.6004 0.7363 -0.3119
vn 0.1192 0.9408 -0.3172
vn 0.3747 0.6912 -0.6179
vn 0.2755 0.7475 -0.6045
vn 0.3900 0.8061 -0.4451
vn 0.2266 0.8347 -0.5020
vn 0.0966 0.8602 -0.5007
vn 0.4227 0.6886 -0.5892
vn 0.4756 0.8454 -0.2431
vn 0.5151 0.7958 -0.3183
vn -0.0436 0.8547 -0.5173
vn 0.2978 0.9524 -0.0650
vn 0.4252 0.8573 -0.2903
vn 0.0007 0.9438 -0.3305
vn 0.2206 0.9715 -0.0866
vn 0.1584 0.8861 -0.4356
vn 0.1043 0.9521 -0.2873
vn 0.4915 0.7690 -0.4088
vn 0.2653 0.7977 -0.5416
vn 0.7248 0.6637 0.1847
vn 0.2212 0.9738 -0.0521
vn 0.2584 0.8977 0.3569
vn -0.1809 0.9114 -0.3696
vn 0.4862 0.8605 -0.1526
vn 0.2407 0.7997 -0.5501
vn 0.4238 0.8201 -0.3844
vn 0.3628 0.5754 -0.7330
vn 0.2368 0.8726 -0.4272
vn 0.6373 0.6350 -0.4366
vn 0.9108 0.3438 -0.2287
vn 0.8250 0.4489 -0.3433
vn 0.6472 0.7035 -0.2938
vn 0.8148 0.3656 -0.4500
vn 0.7116 0.4997 -0.4939
vn 0.2230 0.8168 -0.5322
vn 0.2950 0.3731 -0.8796
vn 0.0071 0.8505 -0.5260
vn 0.2926 0.8922 -0.3440
vn 0.4574 0.8750 0.1588
vn 0.5907 0.7939 -0.1441
vn 0.4395 0.8780 -0.1894
vn 0.4534 0.8885 0.0710
vn 0.6522 0.7580 -0.0076
vn 0.3998 0.7672 -0.5015
vn 0.4518 0.8521 -0.2644
vn 0.5003 0.6953 -0.5160
vn 0.4609 0.6888 -0.5596
vn 0.3270 0.9350 -0.1371
vn 0.5457 0.7672 -0.3373
vn 0.5132 0.7196 -0.4678
vn 0.1358 0.8471 -0.5137
vn 0.2437 0.8837 -0.3995
vn 0.3794 0.5780 -0.7225
vn 0.2675 0.9098 -0.3172
vn 0.4812 0.7277 -0.4888
vn 0.1675 0.7556 -0.6332
vn 0.3039 0.9432 -0.1344
vn 0.4506 0.7838 -0.4273
vn 0.6186 0.7814 -0.0827
vn -0.0478 0.9891 -0.1394
vn -0.0425 0.9955 -0.0848
vn 0.1388 0.8452 -0.5160
vn 0.4231 0.8590 -0.2881
vn 0.4230 0.6303 -0.6510
vn 0.3471 0.7481 -0.5655
vn 0.6550 0.5877 -0.4750
vn 0.6842 0.4833 -0.5462
vn 0.8337 0.5076 -0.2175
vn 0.5516 0.6046 -0.5746
vn 0.6827 0.6776 -0.2735
vn 0.1753 0.8940 -0.4124
vn 0.3605 0.5338 -0.7649
vn -0.1080 0.7887 -0.6052
vn 0.1197 0.8032 -0.5836
vn 0.3094 0.7451 -0.5909
vn 0.3526 0.5768 -0.7369
vn 0.4566 0.8784 -0.1412
vn 0.2394 0.7749 -0.5851
vn 0.3237 0.9110 -0.2556
vn 0.5039 0.8466 -0.1711
vn 0.5183 0.8001 -0.3019
vn 0.2807 0.9202 -0.2728
vn 0.4695 0.8232 -0.3193
vn 0.7235 0.6620 -0.1957
vn 0.6587 0.6265 -0.4168
vn 0.5323 0.7540 -0.3850
vn 0.6248 0.7807 0.0124
vn 0.6940 0.7058 -0.1424
vn 0.5755 0.7573 -0.3086
vn 0.6566 0.7011 -0.2780
vn 0.4449 0.8115 -0.3788
vn 0.7138 0.6519 -0.2559
vn 0.7136 0.6949 0.0894
vn 0.7966 0.5442 -0.2632
vn 0.5217 0.8393 0.1532
vn 0.4651 0.8852 0.0122
vn 0.2902 0.9501 -0.1143
vn 0.2863 0.9459 -0.1527
vn 0.5285 0.8404 -0.1198
vn 0.1903 0.9189 -0.3454
vn 0.5574 0.8283 -0.0567
vn 0.8345 0.5364 0.1262
vn 0.6805 0.7326 -0.0127
vn 0.4580 0.8107 0.3647
vn 0.6616 0.7436 -0.0964
vn 0.5072 0.8553 0.1058
vn 0.5240 0.8507 0.0411
vn 0.5246 0.8436 -0.1144
vn 0.4630 0.8733 0.1515
vn 0.5872 0.7992 -0.1285
vn 0.5647 0.7825 0.2623
vn 0.5959 0.7914 -0.1364
vn 0.6946 0.7162 -0.0678
vn 0.8511 0.5137 0.1086
vn 0.7972 0.5570 -0.2329
vn 0.7735 0.6029 -0.1955
vn 0.7534 0.5218 -0.4002
vn 0.6955 0.5571 -0.4538
vn 0.0874 0.9409 -0.3271
vn 0.4230 0.6892 -0.5883
vn 0.1903 0.8668 -0.4609
vn 0.1867 0.7149 -0.6738
vn 0.3339 0.9048 -0.2643
vn 0.3325 0.8559 -0.3961
vn 0.6176 0.6239 -0.4789
vn 0.5138 0.6567 -0.5520
vn 0.5223 0.7694 -0.3677
vn 0.8239 0.5001 -0.2667
vn 0.8257 0.5626 0.0407
vn 0.8120 0.4533 -0.3677
vn 0.9144 0.3540 -0.1962
vn 0.7800 0.6231 -0.0587
vn 0.9118 0.3984 0.0995
vn 0.8103 0.4000 -0.4283
vn 0.8700 0.4895 0.0590
vn 0.9522 0.2588 -0.1625
vn 0.6934 0.6795 -0.2398
vn 0.5140 0.7501 -0.4162
vn 0.6269 0.7746 -0.0830
vn 0.6227 0.7406 -0.2525
vn 0.3487 0.8309 -0.4336
vn 0.4310 0.8888 -0.1557
vn 0.2583 0.8931 -0.3683
vn 0.6453 0.7462 -0.1637
vn 0.5770 0.7613 -0.2957
vn 0.4657 0.8157 -0.3432
vn 0.4173 0.8909 -0.1793
vn 0.6069 0.7947 -0.0102
vn 0.3072 0.8496 -0.4287
vn 0.5477 0.8352 0.0496
vn 0.5716 0.6887 -0.4460
vn 0.5872 0.7089 -0.3908
vn 0.3288 0.9355 -0.1297
vn 0.5912 0.7656 -0.2536
vn -0.0886 0.9292 -0.3589
vn 0.2773 0.7622 -0.5850
vn -0.1410 0.7597 -0.6348
vn 0.1546 0.5801 -0.7997
vn 0.2564 0.9058 -0.3374
vn 0.5304 0.6811 -0.5049
vn 0.1722 0.7439 -0.6457
vn 0.0966 0.4096 -0.9071
vn 0.0431 0.4827 -0.8747
vn 0.0649 0.6577 -0.7505
vn 0.3706 0.7882 -0.4912
vn 0.3635 0.6842 -0.6322
vn 0.7004 0.6821 -0.2103
vn 0.9285 0.3424 0.1438
vn 0.8729 0.4549 -0.1762
vn 0.1112 0.8167 -0.5662
vn 0.4771 0.8527 -0.2128
vn 0.3810 0.7093 -0.5930
vn 0.4656 0.7287 -0.5022
vn 0.4299 0.6743 -0.6004
vn 0.4445 0.8190 -0.3628
vn 0.8191 0.4739 -0.3231
vn 0.5466 0.7572 -0.3575
vn 0.7335 0.6612 -0.1574
vn -0.0421 0.6493 -0.7594
vn 0.2380 0.6590 -0.7135
vn 0.0871 0.4095 -0.9081
vn 0.5216 0.7556 -0.3961
vn 0.1948 0.8747 -0.4438
vn 0.2941 0.9140 -0.2795
vn 0.6041 0.7484 -0.2737
vn -0.0648 0.8842 -0.4627
vn 0.3588 0.8680 -0.3433
vn 0.7549 0.6481 0.1005
vn 0.8680 0.4215 -0.2627
vn 0.6876 0.6759 -0.2651
vn 0.2981 0.8842 0.3596
vn 0.5785 0.7137 -0.3949
vn 0.4403 0.8965 -0.0486
vn 0.4050 0.8973 -0.1753
vn 0.5508 0.8343 0.0237
vn 0.7491 0.6606 -0.0494
vn 0.6313 0.7710 0.0840
vn 0.9582 0.2782 0.0663
vn 0.7960 0.6005 -0.0754
vn 0.1839 0.7679 -0.6136
vn 0.3392 0.6074 -0.7184
vn 0.3482 0.5778 -0.7382
vn 0.7499 0.6549 -0.0937
vn 0.6576 0.5677 0.4953
vn 0.9165 0.3693 0.1535
vn 0.8721 0.4601 0.1669
vn 0.7140 0.6464 -0.2689
vn 0.8160 0.5774 -0.0260
vn 0.2278 0.9605 -0.1602
vn 0.6775 0.7277 -0.1070
vn 0.4832 0.8641 -0.1406
vn 0.4750 0.8698 -0.1336
vn 0.7091 0.6983 -0.0975
vn 0.6686 0.6993 -0.2528
vn 0.6996 0.7145 0.0045
vn 0.6545 0.7508 0.0887
vn 0.7932 0.5943 -0.1328
vn 0.6148 0.7651 -0.1915
vn 0.6062 0.7536 0.2542
vn 0.6995 0.7145 -0.0126
vn 0.4714 0.8575 -0.2059
vn 0.5389 0.7532 0.3772
vn 0.7636 0.6406 -0.0810
vn 0.5012 0.8513 -0.1555
vn 0.7834 0.5440 0.3006
vn 0.8367 0.5340 -0.1214
vn 0.6874 0.6433 0.3371
vn 0.5494 0.8014 -0.2364
vn 0.6207 0.7814 0.0647
vn 0.6482 0.4902 -0.5827
vn 0.8780 0.4447 -0.1770
vn 0.8496 0.2724 -0.4515
vn 0.6957 0.6600 -0.2834
vn 0.8326 0.5403 -0.1220
vn 0.7211 0.5237 -0.4536
vn 0.9049 0.3863 -0.1786
vn 0.7215 0.6187 -0.3108
vn 0.8872 0.4394 -0.1405
vn 0.5194 0.7541 -0.4020
vn 0.1474 0.6160 -0.7738
vn 0.1778 0.8801 -0.4402
vn 0.4731 0.6827 -0.5569
vn 0.7237 0.6605 -0.2000
vn 0.7534 0.4868 -0.4420
vn 0.5905 0.6036 -0.5356
vn 0.7277 0.6722 -0.1366
vn 0.7881 0.4881 -0.3751
vn 0.5351 0.6878 -0.4905
vn 0.7495 0.6567 -0.0839
vn 0.7811 0.5057 -0.3663
vn 0.8128 0.5745 -0.0966
vn 0.7781 0.6254 0.0587
vn 0.8476 0.4412 -0.2948
vn 0.6024 0.7826 -0.1572
vn 0.9231 0.3769 -0.0771
vn 0.7694 0.5588 -0.3095
vn 0.5544 0.8167 -0.1602
vn 0.2325 0.9668 0.1059
vn 0.4705 0.8400 0.2701
vn 0.2990 0.9111 -0.2837
vn 0.3604 0.8775 0.3163
vn 0.5435 0.8371 0.0619
vn 0.7308 0.6548 -0.1928
vn 0.7680 0.5779 -0.2760
vn 0.5932 0.7001 -0.3974
vn 0.7571 0.5751 -0.3100
vn 0.5507 0.8135 -0.1872
vn 0.7550 0.6544 -0.0432
vn 0.2857 0.9070 -0.3093
vn 0.4973 0.8468 -0.1887
vn 0.4480 0.7568 -0.4760
vn 0.4250 0.7874 -0.4465
vn 0.3463 0.8346 -0.4284
vn 0.5498 0.8034 -0.2287
vn 0.4917 0.8320 -0.2568
vn 0.2072 0.7994 -0.5640
vn 0.2462 0.8572 -0.4523
vn 0.2881 0.6702 -0.6840
vn 0.1298 0.9808 -0.1457
vn 0.2941 0.8662 -0.4040
vn 0.4800 0.6423 -0.5975
vn 0.2048 0.9142 -0.3496
vn 0.5154 0.7834 -0.3475
vn 0.6456 0.6479 -0.4042
vn 0.2978 0.8285 -0.4742
vn 0.4289 0.8761 -0.2201
vn 0.0136 0.9139 -0.4058
vn 0.3570 0.9325 -0.0551
vn 0.3315 0.9178 -0.2183
vn 0.0738 0.9727 -0.2202
vn 0.2758 0.9573 -0.0865
vn 0.1565 0.8584 -0.4886
vn 0.2724 0.7680 -0.5797
vn 0.2511 0.9650 -0.0750
vn 0.3916 0.8662 -0.3104
vn 0.5568 0.8252 0.0945
vn 0.2665 0.9635 -0.0273
vn 0.2444 0.9275 0.2828
vn 0.5500 0.6420 -0.5342
vn 0.3126 0.7803 -0.5417
vn 0.2323 0.8843 -0.4051
vn 0.7555 0.3890 -0.5272
vn 0.7783 0.5916 -0.2105
vn 0.8670 0.3467 -0.3579
vn 0.4573 0.8750 0.1587
vn 0.4481 0.8849 -0.1269
vn 0.5849 0.7744 -0.2414
vn 0.3437 0.9390 0.0103
vn 0.6286 0.7777 -0.0123
vn 0.3174 0.8798 -0.3537
vn 0.5995 0.7176 -0.3545
vn 0.5005 0.6949 -0.5163
vn 0.3993 0.7415 -0.5391
vn 0.4080 0.8787 -0.2477
vn 0.4374 0.7341 -0.5195
vn 0.2848 0.7638 -0.5792
vn 0.4117 0.7957 -0.4442
vn 0.5745 0.6171 -0.5377
vn 0.3399 0.7370 -0.5842
vn 0.3162 0.8478 -0.4258
vn 0.5486 0.6025 -0.5797
vn 0.1706 0.8348 -0.5235
vn 0.3540 0.9230 -0.1507
vn 0.4809 0.7437 -0.4644
vn 0.5628 0.8068 -0.1801
vn 0.0588 0.9946 -0.0858
vn 0.4791 0.8735 -0.0863
vn 0.3876 0.7282 -0.5652
vn -0.0241 0.9769 -0.2123
vn 0.3053 0.9315 -0.1979
vn 0.5443 0.7267 -0.4191
vn 0.5124 0.5493 -0.6601
vn 0.3223 0.8066 -0.4955
vn 0.8274 0.5182 -0.2166
vn 0.5561 0.5946 -0.5807
vn 0.6278 0.7355 -0.2547
vn -0.0686 0.8398 -0.5385
vn 0.5711 0.6261 -0.5309
vn 0.1727 0.6969 -0.6960
vn 0.8815 0.4718 0.0195
vn 0.9435 0.2840 -0.1710
vn 0.8712 0.2451 -0.4253
vn 0.6713 0.6488 -0.3583
vn 0.7143 0.3382 -0.6127
vn 0.5990 0.4823 -0.6392
vn 0.0756 0.5575 -0.8267
vn 0.2487 0.8952 -0.3699
vn 0.3393 0.6544 -0.6757
vn 0.2487 0.6890 -0.6807
vn 0.3914 0.9110 -0.1298
vn 0.4497 0.8046 -0.3878
vn 0.3035 0.9016 -0.3083
vn 0.6444 0.7501 -0.1488
vn 0.6742 0.7082 -0.2095
vn 0.6047 0.6750 -0.4227
vn 0.5544 0.8155 -0.1660
vn 0.6336 0.6623 -0.3999
vn 0.5957 0.6739 -0.4370
vn 0.5450 0.8384 -0.0070
vn 0.7556 0.6384 -0.1466
vn 0.5174 0.7245 -0.4554
vn 0.6890 0.7056 -0.1655
vn 0.7785 0.5384 -0.3225
vn 0.7132 0.6322 0.3029
vn 0.3208 0.9465 -0.0359
vn 0.5671 0.7893 0.2355
vn 0.2200 0.9683 -0.1185
vn 0.7699 0.6241 -0.1332
vn 0.1999 0.8722 -0.4464
vn 0.8656 0.4999 0.0281
vn 0.5973 0.8000 0.0563
vn 0.7987 0.5915 0.1111
vn 0.6715 0.7348 -0.0963
vn 0.4524 0.8180 0.3551
vn 0.6902 0.6884 0.2229
vn 0.3985 0.9172 -0.0055
vn 0.6826 0.7205 -0.1220
vn 0.5136 0.8171 -0.2618
vn 0.7012 0.6999 -0.1363
vn 0.4761 0.8609 0.1793
vn 0.6810 0.6937 0.2345
vn 0.8876 0.4582 -0.0472
vn 0.6529 0.7564 0.0399
vn 0.7461 0.6155 0.2541
vn 0.7665 0.5496 -0.3323
vn 0.7785 0.5464 -0.3088
vn 0.7929 0.3836 -0.4735
vn 0.0902 0.9438 -0.3180
vn 0.4288 0.6748 -0.6007
vn 0.1959 0.7209 -0.6648
vn 0.4274 0.6931 -0.5805
vn 0.1425 0.8715 -0.4693
vn 0.3109 0.9194 -0.2408
vn 0.6110 0.6594 -0.4380
vn 0.5162 0.6310 -0.5791
vn 0.5121 0.7672 -0.3862
vn 0.9224 0.3325 -0.1965
vn 0.7632 0.6433 -0.0602
vn 0.8791 0.4687 0.0865
vn 0.8418 0.4778 -0.2512
vn 0.8802 0.4457 -0.1632
vn 0.8018 0.4214 -0.4238
vn 0.4901 0.8469 -0.2061
vn 0.4147 0.7129 -0.5655
vn 0.4239 0.7646 -0.4856
vn 0.6617 0.6695 -0.3376
vn 0.1671 0.9593 -0.2275
vn 0.4870 0.8620 -0.1408
vn 0.3370 0.9118 -0.2347
vn 0.5925 0.7688 -0.2406
vn 0.2522 0.8441 -0.4732
vn 0.3484 0.7710 -0.5331
vn 0.4512 0.8923 0.0132
vn 0.4469 0.8294 -0.3352
vn 0.6666 0.6901 -0.2818
vn 0.1953 0.9633 -0.1841
vn 0.4425 0.8828 -0.1577
vn -0.2954 0.6476 -0.7024
vn 0.2974 0.8400 -0.4537
vn 0.4280 0.6610 -0.6163
vn 0.1699 0.8029 -0.5714
vn 0.3228 0.7876 -0.5249
vn 0.4933 0.7376 -0.4611
vn 0.1438 0.7769 -0.6130
vn 0.1398 0.3654 -0.9203
vn 0.0486 0.5119 -0.8577
vn 0.3927 0.5553 -0.7331
vn 0.0015 0.8404 -0.5420
vn 0.3503 0.8217 -0.4495
vn 0.8067 0.5440 -0.2309
vn 0.8659 0.4870 0.1142
vn 0.9249 0.3360 -0.1779
vn 0.3094 0.5039 -0.8065
vn -0.0586 0.8399 -0.5395
vn 0.3377 0.7814 -0.5248
vn 0.1358 0.9192 -0.3696
vn 0.6659 0.6892 -0.2857
vn 0.3910 0.6808 -0.6193
vn 0.5485 0.5539 -0.6263
vn 0.3600 0.8130 -0.4577
vn 0.4799 0.7819 -0.3979
vn 0.6683 0.6925 -0.2718
vn 0.6888 0.5611 -0.4591
vn 0.5412 0.6756 -0.5007
vn 0.5915 0.6640 -0.4575
vn 0.1886 0.9114 -0.3657
vn 0.3587 0.8551 -0.3744
vn 0.5099 0.6621 -0.5492
vn 0.0473 0.9506 -0.3068
vn 0.4820 0.8473 -0.2232
vn 0.8027 0.5147 -0.3011
vn 0.8455 0.5335 0.0232
vn 0.8677 0.4221 -0.2626
vn 0.5476 0.7496 -0.3719
vn 0.3091 0.8618 0.4021
vn 0.7585 0.6516 0.0090
vn 0.6796 0.6818 -0.2707
vn 0.3244 0.9450 -0.0427
vn 0.7119 0.7003 -0.0535
vn 0.8527 0.4872 0.1886
vn 0.8056 0.5921 0.0185
vn 0.6458 0.7589 -0.0836
vn 0.1750 0.5650 -0.8063
vn 0.2946 0.7957 -0.5292
vn 0.3464 0.5900 -0.7293
vn 0.7451 0.6621 0.0804
vn 0.7124 0.5926 0.3758
vn 0.8565 0.5085 -0.0881
vn 0.9334 0.3587 -0.0017
vn 0.6448 0.7555 -0.1160
vn 0.7841 0.6080 0.1249
vn 0.3562 0.9267 -0.1202
vn 0.6294 0.7604 -0.1602
vn 0.2395 0.9554 -0.1726
vn 0.5322 0.8410 -0.0978
vn 0.6412 0.7516 -0.1549
vn 0.6811 0.6857 -0.2567
vn 0.7040 0.6982 -0.1297
vn 0.6257 0.7377 0.2535
vn 0.8392 0.5425 0.0388
vn 0.5808 0.7929 -0.1842
vn 0.6348 0.7203 0.2795
vn 0.7921 0.6104 0.0059
vn 0.3711 0.9093 0.1884
vn 0.7211 0.5091 0.4698
vn 0.7084 0.6982 0.1028
vn -0.4796 0.6428 -0.5973
vn -0.6614 0.7341 -0.1536
vn -0.4837 0.8575 -0.1755
vn -0.4141 0.5368 -0.7351
vn -0.4553 0.6748 -0.5808
vn -0.2194 0.6816 -0.6980
vn -0.3641 0.7121 -0.6003
vn -0.3780 0.6711 -0.6378
vn -0.5051 0.7449 -0.4358
vn -0.9303 0.3573 -0.0827
vn -0.5745 0.6728 -0.4662
vn -0.8189 0.3542 -0.4517
vn -0.4249 0.5396 -0.7269
vn -0.2394 0.2415 -0.9404
vn -0.4430 0.2538 -0.8599
vn -0.1702 0.8111 -0.5596
vn 0.2594 0.6225 -0.7383
vn -0.1263 0.6327 -0.7640
vn -0.3977 0.4879 -0.7771
vn -0.4175 0.4789 -0.7722
vn -0.6207 0.4012 -0.6737
vn 0.1503 0.5268 -0.8366
vn -0.0264 0.8793 -0.4755
vn 0.2794 0.7222 -0.6327
vn -0.3727 0.3195 -0.8712
vn -0.1685 0.6782 -0.7153
vn -0.1462 0.4259 -0.8929
vn -0.2568 0.7610 -0.5958
vn 0.2463 0.8607 -0.4456
vn -0.0913 0.7913 -0.6046
vn -0.4699 0.7103 -0.5241
vn -0.1456 0.5587 -0.8165
vn -0.3598 0.5672 -0.7408
vn -0.1928 0.7818 -0.5930
vn -0.3391 0.6220 -0.7058
vn -0.4662 0.7247 -0.5075
vn 0.0054 0.7989 -0.6015
vn -0.0929 0.3481 -0.9329
vn -0.2722 0.6091 -0.7449
vn -0.3368 0.4394 -0.8328
vn 0.0987 0.7063 -0.7010
vn -0.0921 0.5637 -0.8208
vn -0.2817 0.9192 -0.2752
vn 0.2046 0.8836 -0.4213
vn -0.1397 0.8958 -0.4219
vn -0.2843 0.9118 -0.2962
vn 0.3164 0.8762 -0.3635
vn -0.0070 0.9250 -0.3799
vn -0.4484 0.6094 -0.6539
vn -0.0516 0.6160 -0.7860
vn -0.2190 0.4173 -0.8820
vn -0.2453 0.7868 -0.5664
vn -0.2385 0.6193 -0.7481
vn -0.4506 0.7489 -0.4859
vn -0.4387 0.8268 -0.3520
vn -0.1540 0.9158 -0.3708
vn -0.4375 0.7972 -0.4159
vn -0.5857 0.6266 -0.5142
vn -0.3100 0.9085 -0.2802
vn -0.2375 0.7919 -0.5626
vn -0.3160 0.7363 -0.5983
vn -0.4408 0.8761 -0.1955
vn -0.2346 0.8660 -0.4415
vn -0.6063 0.7475 -0.2715
vn -0.1620 0.9793 -0.1214
vn -0.6204 0.6912 -0.3706
vn -0.4476 0.8061 -0.3871
vn -0.5035 0.8347 -0.2233
vn -0.5014 0.8602 -0.0934
vn -0.5921 0.6886 -0.4187
vn -0.2462 0.8454 -0.4740
vn -0.3216 0.7958 -0.5130
vn -0.2931 0.8573 -0.4233
vn -0.2522 0.9673 0.0259
vn -0.0668 0.9524 -0.2973
vn -0.3305 0.9438 0.0016
vn -0.0880 0.9715 -0.2200
vn -0.4366 0.8861 -0.1555
vn -0.5433 0.7977 -0.2618
vn -0.0753 0.9623 -0.2613
vn -0.4120 0.7690 -0.4888
vn -0.1976 0.7890 -0.5818
vn 0.3552 0.8977 -0.2608
vn 0.1800 0.6637 -0.7260
vn -0.3684 0.9114 0.1834
vn -0.1556 0.8605 -0.4851
vn -0.5516 0.7997 -0.2370
vn -0.3872 0.8202 -0.4212
vn -0.7353 0.5754 -0.3580
vn -0.4287 0.8726 -0.2340
vn -0.4408 0.6350 -0.6344
vn -0.2347 0.3438 -0.9092
vn -0.3487 0.4489 -0.8227
vn -0.2980 0.7035 -0.6452
vn -0.4553 0.3656 -0.8118
vn -0.4986 0.4996 -0.7083
vn -0.5336 0.8168 -0.2195
vn -0.8815 0.3731 -0.2893
vn -0.5259 0.8505 -0.0036
vn -0.3459 0.8922 -0.2903
vn 0.1558 0.8750 -0.4584
vn -0.1480 0.7939 -0.5897
vn -0.1924 0.8780 -0.4383
vn 0.0681 0.8885 -0.4538
vn -0.0118 0.7581 -0.6521
vn -0.5041 0.7672 -0.3965
vn -0.2672 0.8521 -0.4500
vn -0.5193 0.6953 -0.4970
vn -0.5625 0.6888 -0.4573
vn -0.1392 0.9350 -0.3262
vn -0.3408 0.7672 -0.5434
vn -0.6057 0.6103 -0.5105
vn -0.4011 0.8837 -0.2411
vn -0.4711 0.7195 -0.5103
vn -0.4919 0.7277 -0.4780
vn -0.5618 0.8221 -0.0923
vn -0.3189 0.9098 -0.2655
vn -0.6343 0.7556 -0.1633
vn -0.1363 0.9432 -0.3029
vn -0.4302 0.7838 -0.4478
vn -0.1409 0.9159 -0.3758
vn -0.0845 0.9955 0.0431
vn -0.0868 0.7814 -0.6180
vn -0.5169 0.8452 -0.1354
vn -0.2908 0.8590 -0.4213
vn -0.6538 0.6302 -0.4187
vn -0.5677 0.7482 -0.3434
vn -0.4793 0.5876 -0.6519
vn -0.5506 0.4833 -0.6806
vn -0.2228 0.5076 -0.8323
vn -0.5781 0.6046 -0.5480
vn -0.2780 0.6776 -0.6809
vn -0.4135 0.8940 -0.1726
vn -0.7673 0.5338 -0.3554
vn -0.6045 0.7887 0.1120
vn -0.5843 0.8032 -0.1157
vn -0.5929 0.7451 -0.3055
vn -0.7392 0.5768 -0.3478
vn -0.1443 0.8784 -0.4556
vn -0.5866 0.7748 -0.2356
vn -0.2577 0.9110 -0.3220
vn -0.1744 0.8466 -0.5029
vn -0.3053 0.8001 -0.5163
vn -0.2746 0.9202 -0.2789
vn -0.3224 0.8232 -0.4674
vn -0.2004 0.6619 -0.7223
vn -0.4211 0.6265 -0.6559
vn -0.3884 0.7540 -0.5297
vn 0.0084 0.7807 -0.6248
vn -0.1469 0.7058 -0.6930
vn -0.3124 0.7573 -0.5735
vn -0.2823 0.7011 -0.6547
vn -0.3817 0.8115 -0.4424
vn -0.2606 0.6520 -0.7121
vn 0.0847 0.6949 -0.7141
vn -0.2684 0.5442 -0.7949
vn 0.1498 0.8393 -0.5227
vn 0.0092 0.8852 -0.4651
vn -0.1161 0.9501 -0.2894
vn -0.1546 0.9459 -0.2853
vn -0.1232 0.8405 -0.5277
vn -0.3468 0.9189 -0.1879
vn -0.0603 0.8283 -0.5570
vn 0.1208 0.5364 -0.8353
vn -0.0172 0.7326 -0.6804
vn 0.3617 0.8107 -0.4604
vn -0.1007 0.7436 -0.6609
vn 0.1026 0.8553 -0.5078
vn 0.0377 0.8508 -0.5242
vn -0.1178 0.8437 -0.5238
vn 0.1486 0.8733 -0.4640
vn 0.1561 0.8037 -0.5742
vn -0.1402 0.7914 -0.5950
vn -0.1323 0.7992 -0.5863
vn -0.0723 0.7162 -0.6941
vn 0.1030 0.5137 -0.8518
vn -0.2381 0.5570 -0.7957
vn -0.2004 0.6029 -0.7722
vn -0.4051 0.5218 -0.7508
vn -0.4584 0.5571 -0.6925
vn -0.3277 0.9409 -0.0852
vn -0.5911 0.6892 -0.4191
vn -0.4622 0.8668 -0.1873
vn -0.3983 0.8559 -0.3299
vn -0.6904 0.7143 -0.1144
vn -0.2665 0.9048 -0.3321
vn -0.4828 0.6239 -0.6145
vn -0.5553 0.6567 -0.5102
vn -0.3711 0.7694 -0.5199
vn -0.2721 0.5001 -0.8221
vn 0.0352 0.5626 -0.8260
vn -0.3730 0.4533 -0.8095
vn 0.0937 0.3984 -0.9124
vn -0.3928 0.5047 -0.7687
vn -0.0638 0.6231 -0.7796
vn -0.2286 0.6652 -0.7108
vn -0.1687 0.2588 -0.9511
vn -0.4336 0.4000 -0.8075
vn -0.2443 0.6795 -0.6918
vn -0.4195 0.7501 -0.5113
vn -0.0871 0.7746 -0.6264
vn -0.2566 0.7406 -0.6210
vn -0.4359 0.8309 -0.3458
vn -0.1585 0.8888 -0.4300
vn -0.3700 0.8931 -0.2557
vn -0.1679 0.7462 -0.6442
vn -0.2994 0.7613 -0.5751
vn -0.3463 0.8157 -0.4634
vn -0.1820 0.8909 -0.4161
vn -0.0141 0.7947 -0.6068
vn -0.4307 0.8496 -0.3044
vn 0.0461 0.8352 -0.5480
vn -0.4497 0.6887 -0.5687
vn -0.2575 0.7656 -0.5895
vn -0.2118 0.9558 -0.2040
vn -0.1319 0.9355 -0.3279
vn -0.3583 0.9292 0.0909
vn -0.5867 0.7622 -0.2734
vn -0.6339 0.7597 0.1451
vn -0.8007 0.5801 -0.1494
vn -0.3390 0.9058 -0.2542
vn -0.5083 0.6811 -0.5270
vn -0.6468 0.7439 -0.1680
vn -0.9078 0.4096 -0.0907
vn -0.8750 0.4827 -0.0374
vn -0.7509 0.6577 -0.0600
vn -0.4936 0.7882 -0.3674
vn -0.6346 0.6842 -0.3594
vn -0.1819 0.4549 -0.8718
vn 0.2137 0.5807 -0.7855
vn 0.1378 0.3424 -0.9294
vn 0.0126 0.9614 -0.2748
vn -0.5955 0.7093 -0.3772
vn -0.5669 0.8168 -0.1076
vn -0.5053 0.7287 -0.4622
vn -0.6032 0.6743 -0.4260
vn -0.3657 0.8190 -0.4421
vn -0.3285 0.4739 -0.8170
vn -0.3611 0.7572 -0.5443
vn -0.1622 0.6612 -0.7325
vn -0.7591 0.6493 0.0471
vn -0.7150 0.6590 -0.2334
vn -0.9086 0.4096 -0.0813
vn -0.3995 0.7556 -0.5190
vn -0.4451 0.8747 -0.1919
vn -0.2814 0.9140 -0.2923
vn -0.2777 0.7484 -0.6023
vn -0.4623 0.8841 0.0678
vn -0.3457 0.8680 -0.3565
vn 0.0956 0.6481 -0.7555
vn -0.2685 0.4215 -0.8662
vn -0.2696 0.6759 -0.6859
vn 0.3576 0.8842 -0.3004
vn -0.3987 0.7137 -0.5759
vn -0.0514 0.8965 -0.4400
vn -0.1780 0.8973 -0.4039
vn 0.0201 0.8343 -0.5510
vn -0.0543 0.6606 -0.7488
vn 0.0798 0.7710 -0.6319
vn 0.0599 0.2782 -0.9587
vn -0.0806 0.6005 -0.7955
vn -0.6148 0.7679 -0.1798
vn -0.7206 0.6074 -0.3345
vn -0.7404 0.5779 -0.3433
vn -0.0986 0.6548 -0.7493
vn 0.4910 0.5677 -0.6608
vn 0.1475 0.3693 -0.9175
vn -0.0314 0.5774 -0.8159
vn -0.1238 0.5685 -0.8133
vn -0.2737 0.6465 -0.7122
vn -0.1393 0.8759 -0.4620
vn -0.1438 0.8641 -0.4823
vn -0.1617 0.9605 -0.2267
vn -0.1367 0.8698 -0.4741
vn -0.1021 0.6983 -0.7085
vn -0.2572 0.6992 -0.6671
vn -0.0000 0.7145 -0.6997
vn 0.0844 0.7508 -0.6551
vn -0.1380 0.5943 -0.7923
vn -0.1955 0.7651 -0.6135
vn 0.2502 0.7536 -0.6078
vn -0.0172 0.7145 -0.6994
vn -0.2090 0.8576 -0.4700
vn 0.3737 0.7532 -0.5413
vn -0.0860 0.6406 -0.7631
vn -0.1588 0.8513 -0.5001
vn 0.2954 0.5440 -0.7853
vn -0.1269 0.5340 -0.8359
vn 0.3326 0.6433 -0.6896
vn -0.2400 0.8014 -0.5478
vn 0.0606 0.7814 -0.6211
vn -0.5869 0.4902 -0.6444
vn -0.1828 0.4447 -0.8768
vn -0.4571 0.2724 -0.8467
vn -0.0100 0.6680 -0.7441
vn -0.4583 0.5236 -0.7182
vn -0.2880 0.6600 -0.6939
vn -0.1846 0.3863 -0.9037
vn -0.3155 0.6187 -0.7194
vn -0.1463 0.4394 -0.8863
vn -0.4414 0.8801 -0.1749
vn -0.6943 0.5375 -0.4786
vn -0.7748 0.6160 -0.1423
vn -0.2851 0.8326 -0.4748
vn -0.4469 0.4868 -0.7505
vn -0.5600 0.6827 -0.4694
vn -0.2440 0.8201 -0.5176
vn -0.3802 0.4881 -0.7856
vn -0.5395 0.6036 -0.5870
vn -0.4940 0.6878 -0.5319
vn -0.0888 0.6567 -0.7489
vn -0.3714 0.5057 -0.7787
vn -0.1019 0.5745 -0.8121
vn 0.0537 0.6254 -0.7785
vn -0.3003 0.4412 -0.8456
vn -0.3144 0.5588 -0.7674
vn 0.1357 0.6032 -0.7860
vn -0.0832 0.3768 -0.9225
vn -0.1638 0.8167 -0.5533
vn 0.1044 0.9668 -0.2332
vn 0.2670 0.8400 -0.4723
vn 0.0584 0.8371 -0.5439
vn 0.0108 0.9741 -0.2259
vn 0.3139 0.8775 -0.3625
vn -0.1976 0.6548 -0.7295
vn -0.2810 0.5780 -0.7662
vn -0.4012 0.7002 -0.5905
vn -0.3150 0.5750 -0.7551
vn -0.1908 0.8135 -0.5494
vn -0.0481 0.6544 -0.7546
vn -0.3112 0.9070 -0.2837
vn -0.1919 0.8469 -0.4960
vn -0.4789 0.7568 -0.4448
vn -0.4493 0.7874 -0.4221
vn -0.4307 0.8346 -0.3435
vn -0.2323 0.8034 -0.5483
vn -0.2600 0.8320 -0.4900
vn -0.5654 0.7994 -0.2034
vn -0.4539 0.8572 -0.2432
vn -0.6859 0.6702 -0.2835
vn -0.1466 0.9808 -0.1288
vn -0.4059 0.8662 -0.2915
vn -0.6006 0.6423 -0.4761
vn -0.3510 0.9142 -0.2024
vn -0.3509 0.7833 -0.5131
vn -0.4084 0.6479 -0.6430
vn -0.4761 0.8286 -0.2946
vn -0.2229 0.8762 -0.4274
vn -0.4059 0.9138 -0.0108
vn -0.0574 0.9324 -0.3568
vn -0.2204 0.9178 -0.3301
vn -0.2207 0.9726 -0.0724
vn -0.0883 0.9573 -0.2752
vn -0.4896 0.8584 -0.1533
vn -0.5814 0.7680 -0.2686
vn -0.0767 0.9650 -0.2506
vn -0.3129 0.8662 -0.3896
vn 0.0908 0.8253 -0.5574
vn -0.0290 0.9635 -0.2663
vn 0.2812 0.9275 -0.2462
vn -0.6301 0.5741 -0.5228
vn -0.4066 0.8843 -0.2297
vn -0.5378 0.6420 -0.5465
vn -0.5321 0.3890 -0.7520
vn -0.2156 0.5916 -0.7769
vn -0.3636 0.3467 -0.8646
vn 0.1557 0.8750 -0.4584
vn -0.1298 0.8849 -0.4473
vn -0.2452 0.7744 -0.5833
vn 0.0080 0.9390 -0.3438
vn -0.0164 0.7777 -0.6285
vn -0.3559 0.8798 -0.3150
vn -0.3584 0.7176 -0.5972
vn -0.5195 0.6949 -0.4972
vn -0.5417 0.7415 -0.3958
vn -0.2503 0.8787 -0.4065
vn -0.5223 0.7341 -0.4339
vn -0.5809 0.7639 -0.2811
vn -0.4469 0.7957 -0.4088
vn -0.5414 0.6171 -0.5710
vn -0.5864 0.7370 -0.3361
vn -0.4278 0.8478 -0.3134
vn -0.5833 0.6024 -0.5449
vn -0.4674 0.7437 -0.4779
vn -0.2701 0.9628 0.0016
vn -0.1530 0.9230 -0.3530
vn -0.0895 0.8735 -0.4786
vn -0.1643 0.9736 0.1587
vn -0.0863 0.9946 -0.0581
vn -0.7459 0.6576 -0.1058
vn -0.1999 0.9315 -0.3040
vn -0.5677 0.7282 -0.3839
vn -0.4226 0.7267 -0.5415
vn -0.6634 0.5494 -0.5080
vn -0.4976 0.8067 -0.3189
vn -0.2219 0.5182 -0.8260
vn -0.5844 0.5946 -0.5523
vn -0.2588 0.7355 -0.6262
vn -0.5381 0.8398 0.0723
vn -0.5346 0.6261 -0.5676
vn -0.6972 0.6968 -0.1682
vn 0.0136 0.4718 -0.8816
vn -0.1772 0.2840 -0.9423
vn -0.4310 0.2451 -0.8684
vn -0.3627 0.6488 -0.6690
vn -0.6174 0.3383 -0.7102
vn -0.6431 0.4823 -0.5948
vn -0.8272 0.5575 -0.0702
vn -0.3715 0.8952 -0.2463
vn -0.6779 0.6544 -0.3348
vn -0.6824 0.6890 -0.2442
vn -0.1324 0.9110 -0.3905
vn -0.3908 0.8046 -0.4471
vn -0.2256 0.8948 -0.3853
vn -0.2140 0.7083 -0.6727
vn -0.3103 0.9016 -0.3015
vn -0.4266 0.6750 -0.6019
vn -0.1696 0.8155 -0.5533
vn -0.4041 0.6623 -0.6310
vn -0.4409 0.6739 -0.5929
vn -0.0106 0.8384 -0.5449
vn -0.1515 0.6384 -0.7547
vn -0.4588 0.7245 -0.5144
vn -0.1700 0.7056 -0.6879
vn -0.3276 0.5384 -0.7764
vn 0.2982 0.6322 -0.7151
vn -0.0380 0.9465 -0.3205
vn 0.2318 0.7894 -0.5685
vn -0.1199 0.9683 -0.2192
vn -0.1382 0.6241 -0.7690
vn -0.4477 0.8722 -0.1970
vn 0.0225 0.5000 -0.8657
vn 0.0524 0.8000 -0.5977
vn 0.1058 0.5915 -0.7994
vn -0.1007 0.7348 -0.6708
vn 0.3522 0.8180 -0.4547
vn 0.2184 0.6884 -0.6917
vn -0.0080 0.9172 -0.3984
vn -0.1266 0.7205 -0.6818
vn -0.2652 0.8171 -0.5119
vn -0.1409 0.6999 -0.7002
vn 0.1762 0.8609 -0.4773
vn 0.2300 0.6937 -0.6826
vn -0.0530 0.4582 -0.8873
vn 0.0356 0.7564 -0.6532
vn 0.2492 0.6155 -0.7477
vn -0.3373 0.5496 -0.7643
vn -0.3139 0.5464 -0.7765
vn -0.4787 0.3836 -0.7898
vn -0.3186 0.9438 -0.0882
vn -0.6035 0.6748 -0.4248
vn -0.6660 0.7209 -0.1916
vn -0.5832 0.6931 -0.4236
vn -0.4702 0.8715 -0.1393
vn -0.2428 0.9194 -0.3093
vn -0.4420 0.6594 -0.6081
vn -0.5825 0.6310 -0.5124
vn -0.3895 0.7672 -0.5096
vn -0.2026 0.3325 -0.9211
vn -0.0653 0.6433 -0.7628
vn 0.0808 0.4687 -0.8797
vn -0.2567 0.4778 -0.8401
vn -0.1689 0.4457 -0.8791
vn -0.4290 0.4214 -0.7990
vn -0.2093 0.8469 -0.4888
vn -0.5682 0.7129 -0.4110
vn -0.4883 0.7646 -0.4206
vn -0.5179 0.8005 -0.3016
vn -0.1440 0.8620 -0.4861
vn -0.3419 0.6695 -0.6595
vn -0.2369 0.9118 -0.3354
vn -0.2444 0.7688 -0.5909
vn -0.4747 0.8441 -0.2491
vn -0.0554 0.9283 -0.3678
vn -0.3381 0.8294 -0.4447
vn -0.5354 0.7710 -0.3449
vn -0.2907 0.8488 -0.4417
vn -0.1606 0.8828 -0.4415
vn -0.2861 0.6901 -0.6647
vn -0.5237 0.8389 0.1481
vn -0.6191 0.6610 -0.4240
vn -0.7005 0.6476 0.2998
vn -0.5725 0.8029 -0.1662
vn -0.5270 0.7876 -0.3194
vn -0.4643 0.7376 -0.4903
vn -0.8580 0.5119 -0.0430
vn -0.5588 0.7775 -0.2884
vn -0.9212 0.3654 -0.1338
vn -0.7356 0.5554 -0.3879
vn -0.5420 0.8404 0.0021
vn -0.4518 0.8217 -0.3474
vn -0.2361 0.5440 -0.8052
vn 0.1085 0.4870 -0.8666
vn -0.1841 0.3360 -0.9237
vn -0.8085 0.5039 -0.3041
vn -0.5391 0.8400 0.0621
vn -0.5270 0.7814 -0.3342
vn -0.3705 0.9192 -0.1333
vn -0.2900 0.6892 -0.6640
vn -0.6219 0.6808 -0.3869
vn -0.6416 0.6420 -0.4197
vn -0.4011 0.7819 -0.4773
vn -0.6299 0.5539 -0.5444
vn -0.2762 0.6924 -0.6665
vn -0.4636 0.5611 -0.6858
vn -0.5043 0.6756 -0.5379
vn -0.4614 0.6640 -0.5884
vn -0.3670 0.9114 -0.1862
vn -0.3767 0.8551 -0.3563
vn -0.5916 0.7906 0.1577
vn -0.2263 0.8473 -0.4805
vn -0.5525 0.6622 -0.5063
vn 0.0958 0.6476 -0.7559
vn -0.2683 0.4221 -0.8659
vn -0.3063 0.5147 -0.8008
vn 0.0041 0.6516 -0.7586
vn -0.0198 0.9456 -0.3246
vn 0.4000 0.8619 -0.3117
vn -0.2752 0.6818 -0.6778
vn -0.0448 0.9450 -0.3241
vn -0.0581 0.7003 -0.7115
vn 0.1830 0.4873 -0.8539
vn 0.0132 0.5921 -0.8058
vn -0.0878 0.7589 -0.6452
vn -0.8075 0.5650 -0.1696
vn -0.5311 0.7957 -0.2911
vn -0.7316 0.5900 -0.3417
vn 0.0757 0.6621 -0.7456
vn 0.3711 0.5927 -0.7148
vn -0.0937 0.5085 -0.8559
vn -0.0078 0.3586 -0.9334
vn -0.1202 0.7555 -0.6440
vn 0.1199 0.6080 -0.7849
vn -0.1227 0.9266 -0.3554
vn -0.1643 0.7604 -0.6283
vn -0.1742 0.9554 -0.2384
vn -0.1013 0.8410 -0.5315
vn -0.1591 0.7516 -0.6402
vn -0.2612 0.6857 -0.6794
vn -0.1343 0.6982 -0.7032
vn 0.2494 0.7377 -0.6273
vn 0.0333 0.5425 -0.8394
vn 0.0007 0.6104 -0.7921
vn 0.0897 0.8989 -0.4289
vn 0.2753 0.7203 -0.6366
vn 0.1860 0.9093 -0.3724
vn 0.4652 0.5091 -0.7242
vn 0.0982 0.6982 -0.7091
vn 0.7474 0.6428 0.1678
vn 0.6129 0.7341 -0.2925
vn 0.4875 0.8575 -0.1645
vn 0.7821 0.5368 0.3164
vn 0.7182 0.6748 0.1700
vn 0.6068 0.6816 0.4088
vn 0.6667 0.7449 0.0256
vn 0.6548 0.5867 0.4764
vn 0.6932 0.6711 0.2628
vn 0.7788 0.3573 -0.5155
vn 0.7398 0.6728 0.0062
vn 0.9218 0.3542 -0.1576
vn 0.7854 0.5396 0.3032
vn 0.7737 0.2415 0.5858
vn 0.8825 0.2538 0.3959
vn 0.4821 0.8110 0.3313
vn 0.2578 0.6225 0.7389
vn 0.5752 0.6327 0.5185
vn 0.7955 0.4879 0.3594
vn 0.8080 0.4789 0.3431
vn 0.9053 0.4012 0.1395
vn 0.4042 0.5268 0.7477
vn 0.3172 0.8793 0.3552
vn 0.1761 0.7222 0.6688
vn 0.8347 0.3195 0.4486
vn 0.5779 0.6782 0.4541
vn 0.6712 0.4258 0.6068
vn 0.5723 0.7610 0.3056
vn 0.0854 0.8606 0.5020
vn 0.4484 0.7913 0.4157
vn 0.6941 0.7103 0.1166
vn 0.6230 0.5587 0.5474
vn 0.7433 0.5672 0.3547
vn 0.5205 0.7818 0.3434
vn 0.7052 0.6220 0.3404
vn 0.6810 0.7246 0.1060
vn 0.6774 0.6091 0.4125
vn 0.3165 0.5297 0.7869
vn 0.6544 0.3481 0.6713
vn 0.7826 0.4394 0.4409
vn 0.3600 0.7063 0.6095
vn 0.5839 0.5637 0.5842
vn 0.3918 0.9192 0.0395
vn 0.1028 0.8836 0.4569
vn 0.3722 0.8958 0.2427
vn 0.4070 0.9118 0.0543
vn -0.0206 0.8762 0.4815
vn 0.2425 0.9250 0.2925
vn 0.7584 0.6094 0.2315
vn 0.5305 0.6160 0.5823
vn 0.7212 0.4173 0.5529
vn 0.5450 0.7867 0.2898
vn 0.6530 0.6193 0.4360
vn 0.6551 0.7490 0.0989
vn 0.5626 0.8268 0.0015
vn 0.3517 0.9158 0.1939
vn 0.6014 0.7972 0.0522
vn 0.7785 0.6266 0.0366
vn 0.4170 0.9085 0.0257
vn 0.5365 0.7919 0.2916
vn 0.6381 0.7525 -0.1630
vn 0.4588 0.8660 0.1988
vn 0.6201 0.7363 0.2708
vn 0.3216 0.9409 -0.1067
vn 0.7161 0.6912 -0.0971
vn 0.6433 0.7475 -0.1659
vn 0.5913 0.8061 0.0234
vn 0.5328 0.8347 -0.1395
vn 0.4502 0.8602 -0.2397
vn 0.7240 0.6885 -0.0419
vn 0.4882 0.8454 0.2169
vn 0.5713 0.7959 0.2004
vn 0.3748 0.8547 -0.3592
vn 0.2378 0.9524 0.1907
vn 0.4931 0.8573 0.1481
vn 0.2574 0.9438 -0.2073
vn 0.2060 0.9715 0.1171
vn 0.4383 0.8861 -0.1507
vn 0.2890 0.9521 -0.0995
vn 0.6269 0.7690 0.1251
vn 0.5880 0.7977 -0.1342
vn 0.3121 0.6637 0.6798
vn 0.1796 0.9738 0.1393
vn -0.1150 0.8977 0.4253
vn -0.0160 0.9771 0.2121
vn 0.5790 0.7997 -0.1588
vn 0.1736 0.9114 -0.3731
vn 0.5654 0.8201 0.0878
vn 0.7980 0.5755 -0.1787
vn 0.4811 0.8726 -0.0844
vn 0.7857 0.4489 0.4257
vn 0.7211 0.6126 0.3235
vn 0.7505 0.3438 0.5644
vn 0.6353 0.7035 0.3184
vn 0.8622 0.3656 0.3506
vn 0.8315 0.4997 0.2428
vn 0.5540 0.8168 -0.1612
vn 0.8695 0.3731 -0.3236
vn 0.4135 0.8505 -0.3252
vn 0.4514 0.8923 0.0112
vn 0.1640 0.8750 0.4555
vn 0.4835 0.7939 0.3687
vn 0.4237 0.8780 0.2226
vn 0.2298 0.8885 0.3972
vn 0.4159 0.7581 0.5024
vn 0.6413 0.7673 -0.0044
vn 0.4895 0.8521 0.1851
vn 0.7158 0.6953 0.0646
vn 0.4984 0.8669 0.0085
vn 0.6053 0.7672 0.2122
vn 0.7248 0.6889 0.0067
vn 0.7918 0.6104 0.0213
vn 0.4640 0.8837 -0.0617
vn 0.6865 0.7195 0.1051
vn 0.8004 0.5780 -0.1592
vn 0.4150 0.9098 0.0086
vn 0.6826 0.7277 0.0668
vn 0.5977 0.7556 -0.2679
vn 0.2956 0.9432 0.1517
vn 0.6156 0.7838 0.0817
vn 0.3444 0.9159 0.2060
vn 0.0392 0.9955 -0.0865
vn 0.4533 0.7814 0.4290
vn 0.4884 0.8453 -0.2166
vn 0.4901 0.8590 0.1479
vn 0.7722 0.6303 -0.0804
vn 0.6580 0.7482 -0.0856
vn 0.7812 0.5876 0.2107
vn 0.8549 0.4833 0.1886
vn 0.6933 0.5076 0.5115
vn 0.7936 0.6046 0.0678
vn 0.6419 0.6776 0.3589
vn 0.4309 0.8940 -0.1230
vn 0.8214 0.5338 -0.2007
vn 0.4027 0.7887 -0.4645
vn 0.5291 0.8032 -0.2739
vn 0.6540 0.7451 -0.1310
vn 0.7947 0.5768 -0.1892
vn 0.3969 0.8784 0.2661
vn 0.6055 0.7749 -0.1817
vn 0.4023 0.9110 0.0910
vn 0.4500 0.8466 0.2844
vn 0.5606 0.8001 0.2132
vn 0.3886 0.9202 0.0468
vn 0.5435 0.8232 0.1643
vn 0.6071 0.6620 0.4396
vn 0.7382 0.6265 0.2501
vn 0.6340 0.7540 0.1718
vn 0.3831 0.7807 0.4936
vn 0.5471 0.7058 0.4501
vn 0.6019 0.7573 0.2535
vn 0.6290 0.7012 0.3358
vn 0.5744 0.8114 0.1079
vn 0.6478 0.6520 0.3941
vn 0.3791 0.6949 0.6110
vn 0.7055 0.5442 0.4540
vn 0.2089 0.8393 0.5020
vn 0.2829 0.8852 0.3694
vn 0.2713 0.9501 0.1538
vn 0.2988 0.9459 0.1266
vn 0.4254 0.8405 0.3356
vn 0.3884 0.9189 -0.0692
vn 0.3946 0.8283 0.3978
vn 0.4265 0.5364 0.7283
vn 0.4378 0.7326 0.5212
vn 0.0044 0.8107 0.5855
vn 0.4909 0.7437 0.4538
vn 0.2366 0.8553 0.4609
vn 0.2975 0.8508 0.4332
vn 0.4188 0.8436 0.3360
vn 0.1734 0.8733 0.4553
vn 0.4691 0.7992 0.3758
vn 0.1511 0.7825 0.6040
vn 0.4807 0.7914 0.3776
vn 0.4894 0.7162 0.4975
vn 0.4507 0.5137 0.7300
vn 0.6822 0.5570 0.4736
vn 0.6383 0.6029 0.4787
vn 0.7849 0.5218 0.3342
vn 0.7902 0.5571 0.2554
vn 0.4781 0.8668 -0.1418
vn 0.6754 0.7374 0.0070
vn 0.7234 0.6892 -0.0410
vn 0.5171 0.8559 0.0095
vn 0.6110 0.7143 -0.3411
vn 0.4155 0.9048 0.0934
vn 0.8708 0.4909 0.0264
vn 0.6143 0.7694 0.1750
vn 0.7607 0.6239 0.1792
vn 0.7254 0.5001 0.4730
vn 0.4875 0.5626 0.6677
vn 0.7965 0.4533 0.4002
vn 0.4958 0.3984 0.7717
vn 0.7865 0.5047 0.3559
vn 0.5361 0.6230 0.5696
vn 0.6220 0.6652 0.4130
vn 0.7250 0.2588 0.6383
vn 0.8425 0.4000 0.3608
vn 0.7615 0.6297 0.1536
vn 0.4588 0.7746 0.4354
vn 0.6224 0.6795 0.3884
vn 0.5879 0.7406 0.3255
vn 0.5564 0.8309 -0.0015
vn 0.3921 0.8888 0.2373
vn 0.4487 0.8931 -0.0308
vn 0.5330 0.7463 0.3987
vn 0.5927 0.7613 0.2628
vn 0.5597 0.8156 0.1463
vn 0.4018 0.8909 0.2116
vn 0.3895 0.7947 0.4655
vn 0.5265 0.8496 -0.0306
vn 0.3058 0.8352 0.4571
vn 0.7062 0.6887 0.1641
vn 0.5689 0.7656 0.3003
vn 0.2926 0.9558 0.0273
vn 0.3076 0.9355 0.1741
vn 0.2234 0.9292 -0.2945
vn 0.6292 0.7622 -0.1522
vn 0.4050 0.7597 -0.5087
vn 0.7191 0.5801 -0.3826
vn 0.4236 0.9058 -0.0128
vn 0.7260 0.6811 0.0950
vn 0.7073 0.4827 -0.5164
vn 0.5941 0.7965 -0.1123
vn 0.7661 0.4097 -0.4952
vn 0.6243 0.6577 -0.4214
vn 0.6150 0.7882 -0.0205
vn 0.7202 0.6842 -0.1148
vn 0.6859 0.4549 0.5680
vn 0.3229 0.5807 0.7473
vn 0.4719 0.3424 0.8124
vn 0.5102 0.8167 -0.2695
vn 0.4655 0.8527 0.2372
vn 0.7007 0.7093 -0.0766
vn 0.6833 0.7287 0.0462
vn 0.7372 0.6743 -0.0431
vn 0.5616 0.8190 0.1176
vn 0.7663 0.4739 0.4338
vn 0.6217 0.7572 0.2003
vn 0.5836 0.6612 0.4714
vn 0.5640 0.6493 -0.5102
vn 0.7045 0.6590 -0.2635
vn 0.7610 0.4096 -0.5031
vn 0.6361 0.7556 0.1567
vn 0.4676 0.8747 -0.1276
vn 0.4023 0.9140 0.0530
vn 0.4926 0.8680 0.0631
vn 0.3584 0.8511 -0.3836
vn 0.3191 0.8841 -0.3413
vn 0.3965 0.6481 0.6502
vn 0.7500 0.4215 0.5098
vn 0.6385 0.6759 0.3680
vn -0.0922 0.8842 0.4579
vn 0.6708 0.7137 0.2015
vn 0.3146 0.8966 0.3118
vn 0.3910 0.8973 0.2047
vn 0.3279 0.8343 0.4432
vn 0.5094 0.6606 0.5515
vn 0.3316 0.7710 0.5437
vn 0.5510 0.2782 0.7868
vn 0.5591 0.6005 0.5716
vn 0.5928 0.7679 -0.2429
vn 0.7719 0.6074 -0.1879
vn 0.7929 0.5778 -0.1933
vn 0.5444 0.6549 0.5242
vn 0.0283 0.5677 0.8228
vn 0.4569 0.3693 0.8092
vn 0.5333 0.5774 0.6182
vn 0.6039 0.5685 0.5586
vn 0.6581 0.6465 0.3860
vn 0.3970 0.8759 0.2743
vn 0.4132 0.8641 0.2873
vn 0.2678 0.9605 0.0764
vn 0.4025 0.8698 0.2854
vn 0.5217 0.6983 0.4901
vn 0.6170 0.6993 0.3610
vn 0.4364 0.7145 0.5469
vn 0.3425 0.7508 0.5647
vn 0.6020 0.5943 0.5334
vn 0.5354 0.7651 0.3576
vn 0.1835 0.7536 0.6312
vn 0.4496 0.7145 0.5360
vn 0.4565 0.8575 0.2371
vn 0.0454 0.7532 0.6562
vn 0.5431 0.6406 0.5429
vn 0.6205 0.5340 0.5743
vn 0.0521 0.8282 0.5580
vn 0.2588 0.5440 0.7982
vn 0.1701 0.6433 0.7465
vn 0.5293 0.8014 0.2785
vn 0.3399 0.7813 0.5235
vn 0.6637 0.6861 0.2979
vn 0.8853 0.2724 0.3768
vn 0.8607 0.4902 0.1377
vn 0.4719 0.6680 0.5754
vn 0.8061 0.5237 0.2756
vn 0.6579 0.6600 0.3628
vn 0.7079 0.3863 0.5913
vn 0.6954 0.6187 0.3656
vn 0.6671 0.4394 0.6016
vn 0.4541 0.8801 -0.1386
vn 0.8412 0.5375 -0.0589
vn 0.6944 0.6160 -0.3719
vn 0.7305 0.6827 0.0177
vn 0.6105 0.6606 0.4370
vn 0.8174 0.4868 0.3080
vn 0.5135 0.8201 0.2524
vn 0.7872 0.4881 0.3770
vn 0.7878 0.6036 0.1224
vn 0.4509 0.8448 0.2880
vn 0.7760 0.5057 0.3770
vn 0.7179 0.6878 0.1077
vn 0.5861 0.5745 0.5713
vn 0.4436 0.6254 0.6420
vn 0.7623 0.4412 0.4736
vn 0.5010 0.7826 0.3696
vn 0.6404 0.3768 0.6693
vn 0.7244 0.5588 0.4037
vn 0.4731 0.8167 0.3303
vn 0.0638 0.9668 0.2474
vn 0.0858 0.8400 0.5357
vn 0.4086 0.9111 0.0541
vn -0.0194 0.8775 0.4792
vn 0.2936 0.8372 0.4615
vn 0.6094 0.6548 0.4470
vn 0.6975 0.5780 0.4236
vn 0.6820 0.7001 0.2114
vn 0.7171 0.5751 0.3938
vn 0.4918 0.8135 0.3105
vn 0.5083 0.6544 0.5599
vn 0.4202 0.9070 0.0278
vn 0.4594 0.8469 0.2680
vn 0.6518 0.7568 0.0490
vn 0.6144 0.7874 0.0497
vn 0.5509 0.8346 -0.0001
vn 0.5235 0.8034 0.2837
vn 0.5088 0.8320 0.2209
vn 0.5688 0.7994 -0.1936
vn 0.5065 0.8572 -0.0929
vn 0.7130 0.6702 -0.2061
vn 0.1949 0.9808 0.0093
vn 0.4990 0.8662 -0.0253
vn 0.7664 0.6423 -0.0024
vn 0.4007 0.9142 -0.0606
vn 0.5943 0.7833 0.1822
vn 0.7828 0.6197 -0.0571
vn 0.4408 0.8762 0.1951
vn 0.7202 0.6479 0.2479
vn 0.3782 0.9178 0.1206
vn 0.1845 0.9311 -0.3147
vn 0.2674 0.9324 0.2431
vn 0.2177 0.9727 -0.0811
vn 0.2406 0.9573 0.1601
vn 0.4783 0.8584 -0.1855
vn 0.6220 0.7680 -0.1526
vn 0.2162 0.9650 0.1481
vn 0.4876 0.8662 0.1094
vn 0.2766 0.8252 0.4924
vn 0.1888 0.9635 0.1900
vn -0.0662 0.9275 0.3678
vn 0.8186 0.5741 0.0157
vn 0.4611 0.8843 -0.0741
vn 0.7612 0.6420 0.0918
vn 0.8849 0.3890 0.2560
vn 0.6530 0.5916 0.4728
vn 0.8234 0.3467 0.4491
vn 0.1641 0.8751 0.4554
vn 0.3804 0.8849 0.2687
vn 0.5555 0.7744 0.3030
vn 0.2081 0.9391 0.2736
vn 0.4047 0.7777 0.4810
vn 0.4747 0.8798 0.0243
vn 0.6526 0.7176 0.2433
vn 0.7163 0.6948 0.0647
vn 0.6703 0.7415 -0.0285
vn 0.4492 0.8787 0.1616
vn 0.6789 0.7341 0.0134
vn 0.6294 0.7638 -0.1426
vn 0.6044 0.7956 0.0409
vn 0.7793 0.6171 0.1087
vn 0.6680 0.7370 -0.1030
vn 0.5299 0.8478 -0.0219
vn 0.7957 0.6025 0.0621
vn 0.5143 0.8348 -0.1965
vn 0.3398 0.9230 0.1805
vn 0.6634 0.7437 0.0820
vn 0.4939 0.8068 0.3244
vn 0.1038 0.9946 -0.0083
vn 0.3684 0.8735 0.3183
vn 0.6491 0.6576 -0.3825
vn 0.3458 0.9315 0.1130
vn 0.6832 0.7282 -0.0540
vn 0.6681 0.7267 0.1598
vn 0.8354 0.5493 -0.0166
vn 0.5880 0.8066 -0.0609
vn 0.6886 0.5181 0.5073
vn 0.8012 0.5946 0.0673
vn 0.5928 0.7355 0.3281
vn 0.5720 0.8159 -0.0846
vn 0.6499 0.6969 -0.3033
vn 0.3755 0.8398 -0.3920
vn 0.5392 0.4718 0.6976
vn 0.7262 0.2840 0.6261
vn 0.8785 0.2451 0.4100
vn 0.7007 0.6488 0.2967
vn 0.9256 0.3382 0.1702
vn 0.8737 0.4823 0.0639
vn 0.6904 0.5575 -0.4609
vn 0.4440 0.8952 -0.0391
vn 0.7388 0.6544 -0.1611
vn 0.6857 0.6890 -0.2347
vn 0.3470 0.9110 0.2227
vn 0.5843 0.8046 0.1058
vn 0.4306 0.9016 0.0422
vn 0.5208 0.7501 0.4075
vn 0.5869 0.7082 0.3925
vn 0.7089 0.6750 0.2045
vn 0.4777 0.8155 0.3268
vn 0.7094 0.6623 0.2412
vn 0.7144 0.6739 0.1885
vn 0.3481 0.8384 0.4194
vn 0.5891 0.6384 0.4954
vn 0.6794 0.7245 0.1160
vn 0.5619 0.7056 0.4317
vn 0.7403 0.5384 0.4026
vn 0.2129 0.6322 0.7450
vn 0.2297 0.9465 0.2269
vn 0.1734 0.7893 0.5891
vn 0.2304 0.9683 0.0966
vn 0.5877 0.6241 0.5149
vn 0.4729 0.8722 -0.1252
vn 0.5224 0.5000 0.6907
vn 0.3318 0.8000 0.4999
vn 0.4158 0.5915 0.6909
vn 0.4971 0.7348 0.4616
vn 0.0083 0.8180 0.5751
vn 0.2607 0.6884 0.6769
vn 0.2547 0.9172 0.3065
vn 0.5241 0.7205 0.4541
vn 0.5265 0.8171 0.2348
vn 0.5468 0.6999 0.4595
vn 0.1600 0.8609 0.4830
vn 0.2459 0.6937 0.6770
vn 0.6400 0.6313 0.4380
vn 0.2715 0.6155 0.7399
vn 0.5948 0.4582 0.6605
vn 0.7403 0.5496 0.3871
vn 0.7296 0.5464 0.4112
vn 0.8667 0.3836 0.3188
vn 0.3041 0.9438 -0.1298
vn 0.7367 0.6748 -0.0443
vn 0.6401 0.7209 -0.2656
vn 0.7201 0.6931 -0.0327
vn 0.4544 0.8715 -0.1843
vn 0.3827 0.9194 0.0903
vn 0.7247 0.6594 0.1997
vn 0.7749 0.6310 0.0373
vn 0.6223 0.7672 0.1554
vn 0.7328 0.3325 0.5937
vn 0.5268 0.6433 0.5556
vn 0.4854 0.4687 0.7380
vn 0.7246 0.4778 0.4966
vn 0.6803 0.4458 0.5818
vn 0.8337 0.4214 0.3570
vn 0.4685 0.8469 0.2516
vn 0.7004 0.7130 -0.0329
vn 0.6441 0.7646 0.0242
vn 0.6785 0.6695 0.3024
vn 0.2820 0.9593 -0.0131
vn 0.4157 0.8620 0.2902
vn 0.3943 0.9118 0.1144
vn 0.5596 0.7688 0.3095
vn 0.5266 0.8441 -0.1013
vn 0.6336 0.7710 -0.0643
vn 0.2734 0.8923 0.3591
vn 0.5417 0.8294 0.1368
vn 0.5027 0.8488 0.1640
vn 0.4008 0.8828 0.2450
vn 0.6382 0.6901 0.3412
vn 0.3606 0.6476 -0.6713
vn 0.5399 0.8400 -0.0540
vn 0.7484 0.6610 -0.0547
vn 0.5512 0.8029 -0.2272
vn 0.6111 0.7876 -0.0790
vn 0.6687 0.7376 0.0937
vn 0.5671 0.7769 -0.2736
vn 0.8035 0.3654 -0.4700
vn 0.6975 0.5119 -0.5014
vn 0.8169 0.5554 -0.1556
vn 0.4224 0.8404 -0.3396
vn 0.5698 0.8217 -0.0102
vn 0.6867 0.5439 0.4822
vn 0.4557 0.4870 0.7451
vn 0.7200 0.3360 0.6072
vn 0.8217 0.5038 -0.2664
vn 0.3827 0.8399 -0.3848
vn 0.6204 0.7814 -0.0674
vn 0.3728 0.9192 -0.1269
vn 0.6408 0.6892 0.3382
vn 0.7274 0.6808 -0.0854
vn 0.8319 0.5539 0.0327
vn 0.5823 0.8130 -0.0079
vn 0.6112 0.7819 0.1229
vn 0.6303 0.5759 0.5207
vn 0.7296 0.6756 0.1059
vn 0.6316 0.6924 0.3487
vn 0.7276 0.6640 0.1723
vn 0.4030 0.9114 -0.0834
vn 0.5167 0.8551 0.0436
vn 0.3641 0.7906 -0.4923
vn 0.4766 0.8473 0.2344
vn 0.7476 0.6621 0.0512
vn 0.3966 0.6476 0.6506
vn 0.7498 0.4221 0.5096
vn 0.7389 0.5147 0.4349
vn 0.4699 0.6516 0.5955
vn 0.2179 0.9457 0.2413
vn -0.1183 0.8619 0.4931
vn 0.6379 0.6818 0.3582
vn 0.2371 0.9450 0.2253
vn 0.4891 0.7003 0.5199
vn 0.3895 0.4873 0.7816
vn 0.4922 0.5921 0.6381
vn 0.4711 0.7589 0.4496
vn 0.7370 0.5650 -0.3709
vn 0.5967 0.7957 -0.1037
vn 0.7849 0.5900 -0.1892
vn 0.4058 0.6621 0.6300
vn 0.1557 0.5927 0.7902
vn 0.6071 0.5086 0.6106
vn 0.5882 0.3586 0.7248
vn 0.4956 0.7555 0.4285
vn 0.3958 0.6080 0.6883
vn 0.3175 0.9266 0.2013
vn 0.5203 0.7604 0.3887
vn 0.2848 0.9554 0.0777
vn 0.4107 0.8410 0.3523
vn 0.5236 0.7516 0.4012
vn 0.6278 0.6857 0.3682
vn 0.5436 0.6982 0.4659
vn 0.1963 0.7377 0.6459
vn 0.4975 0.5425 0.6769
vn 0.4935 0.6104 0.6196
vn 0.1974 0.8989 0.3912
vn 0.1818 0.7203 0.6694
vn 0.0868 0.9093 0.4071
vn 0.0881 0.5091 0.8562
vn 0.3655 0.6982 0.6156
vn 0.7049 0.0833 0.7044
vn -0.7045 0.0817 0.7050
vn 0.7049 0.0833 -0.7044
vn -0.7045 0.0817 -0.7050
vn 0.1327 0.5538 0.8220
vn -0.1543 0.5538 -0.8182
vn 0.0335 0.5929 0.8046
vn -0.0429 0.5282 0.8481
vn -0.4890 0.5867 0.6455
vn 0.3222 0.7650 0.5576
vn -0.4657 0.6190 0.6324
vn -0.6463 0.7630 0.0124
vn -0.5471 0.5333 0.6453
vn -0.3273 0.7411 0.5863
vn -0.2660 0.6424 0.7187
vn -0.4482 0.8939 0.0029
vn -0.5593 0.5587 0.6124
vn -0.5692 0.6145 0.5462
vn -0.4806 0.7989 0.3616
vn -0.4829 0.6394 0.5983
vn -0.0471 0.9192 0.3910
vn -0.2835 0.9542 0.0957
vn -0.3285 0.7762 0.5381
vn -0.5594 0.6676 0.4913
vn -0.2007 0.9158 0.3479
vn 0.1944 0.7689 0.6090
vn 0.1131 0.8760 0.4688
vn 0.1005 0.9409 0.3236
vn -0.2150 0.7126 0.6678
vn 0.1137 0.6961 0.7089
vn 0.1740 0.9673 0.1844
vn -0.1881 0.9804 -0.0594
vn 0.0940 0.9521 0.2910
vn -0.1427 0.9738 0.1769
vn -0.2117 0.9771 -0.0201
vn -0.0342 0.6052 0.7953
vn -0.3374 0.6126 0.7148
vn -0.4756 0.6429 0.6005
vn 0.1445 0.5186 0.8427
vn -0.1568 0.9697 0.1872
vn -0.4016 0.8885 0.2221
vn -0.1707 0.9333 0.3158
vn -0.1741 0.9350 0.3090
vn 0.2080 0.8471 0.4891
vn 0.1438 0.5780 0.8033
vn 0.2000 0.9549 0.2195
vn 0.1232 0.9891 0.0807
vn 0.0969 0.9830 0.1562
vn -0.0286 0.7725 0.6343
vn -0.2857 0.4879 0.8248
vn -0.1212 0.6997 0.7041
vn 0.1183 0.7451 0.6564
vn -0.2737 0.8784 0.3917
vn -0.4634 0.6897 0.5564
vn -0.3059 0.8838 0.3539
vn -0.1347 0.8573 0.4968
vn -0.5155 0.5869 0.6244
vn -0.5140 0.7610 0.3958
vn -0.7506 0.6442 0.1472
vn -0.6420 0.6974 0.3184
vn -0.7061 0.5984 0.3785
vn -0.5854 0.8107 -0.0069
vn -0.2709 0.7716 0.5755
vn -0.5507 0.8037 0.2255
vn -0.6835 0.6844 0.2539
vn -0.6177 0.5664 0.5455
vn -0.0200 0.7374 0.6751
vn 0.3293 0.7143 0.6175
vn -0.0670 0.6567 0.7512
vn -0.6769 0.5627 0.4745
vn -0.6016 0.3540 0.7161
vn -0.7231 0.4895 0.4873
vn -0.1683 0.6297 0.7584
vn -0.0248 0.6633 0.7479
vn 0.0334 0.9471 0.3191
vn 0.0736 0.8674 0.4922
vn -0.1855 0.9557 0.2285
vn -0.2238 0.7089 0.6689
vn -0.2020 0.8140 0.5446
vn 0.3988 0.8307 0.3884
vn 0.1008 0.7965 0.5961
vn 0.4410 0.7521 0.4898
vn -0.7534 0.5807 0.3084
vn -0.2461 0.8527 0.4608
vn 0.0707 0.5811 0.8108
vn -0.2121 0.7572 0.6178
vn 0.1431 0.8617 0.4869
vn -0.0371 0.6512 0.7580
vn -0.3090 0.7485 0.5868
vn -0.7639 0.3644 0.5325
vn -0.4560 0.8842 -0.1010
vn 0.0863 0.9838 0.1568
vn -0.7588 0.5276 0.3820
vn 0.2395 0.8404 0.4862
vn -0.8231 0.5677 0.0124
vn -0.7910 0.4601 0.4034
vn -0.4693 0.7277 0.5003
vn -0.3712 0.8997 0.2295
vn -0.5487 0.8151 0.1860
vn -0.4839 0.8536 0.1931
vn -0.3203 0.9453 0.0617
vn -0.5589 0.8282 0.0413
vn -0.2887 0.8014 0.5238
vn -0.5846 0.4447 0.6786
vn -0.5844 0.6680 0.4607
vn -0.2692 0.6302 0.7282
vn 0.0427 0.5375 0.8422
vn -0.2033 0.8326 0.5152
vn -0.2622 0.8201 0.5086
vn -0.2967 0.8448 0.4453
vn -0.6690 0.6846 0.2894
vn -0.7063 0.6032 0.3705
vn -0.0523 0.9365 0.3467
vn -0.1858 0.9741 0.1288
vn -0.6538 0.5150 0.5544
vn -0.1107 0.7595 0.6411
vn -0.1869 0.9634 0.1922
vn 0.2039 0.7552 0.6230
vn -0.2653 0.7723 0.5772
vn 0.2505 0.8566 0.4510
vn 0.2956 0.8077 0.5101
vn 0.0420 0.6197 0.7837
vn 0.3111 0.9311 0.1906
vn -0.1711 0.9849 -0.0256
vn 0.1825 0.9172 0.3543
vn -0.3866 0.7278 0.5665
vn -0.0315 0.5740 0.8182
vn -0.3036 0.7011 0.6452
vn -0.2089 0.9572 0.2003
vn -0.0405 0.9635 0.2646
vn -0.1706 0.9334 0.3157
vn 0.0155 0.7415 0.6707
vn 0.1465 0.8946 0.4222
vn 0.1824 0.8877 0.4227
vn 0.1658 0.9628 0.2133
vn 0.2260 0.9736 0.0338
vn 0.1493 0.9769 0.1528
vn -0.2387 0.4966 0.8345
vn -0.2967 0.4127 0.8612
vn 0.0735 0.8159 0.5735
vn -0.7079 0.4718 0.5257
vn -0.3662 0.4886 0.7920
vn 0.2995 0.9123 0.2792
vn 0.0463 0.8585 0.5107
vn -0.4175 0.7501 0.5129
vn -0.2181 0.6750 0.7048
vn -0.2022 0.6739 0.7106
vn -0.2109 0.8538 0.4760
vn -0.2313 0.9465 0.2252
vn -0.5148 0.8065 0.2906
vn -0.4427 0.7974 0.4101
vn -0.4711 0.7348 0.4881
vn -0.5209 0.8382 0.1616
vn -0.3050 0.8663 0.3957
vn -0.4504 0.6313 0.6313
vn -0.4013 0.5496 0.7327
vn -0.0424 0.8716 0.4885
vn 0.3001 0.6615 0.6873
vn -0.0589 0.4833 0.8735
vn -0.3882 0.4319 0.8141
vn -0.7344 0.4684 0.4912
vn -0.2987 0.8388 0.4552
vn 0.0077 0.9593 0.2822
vn -0.4349 0.8248 0.3614
vn -0.2581 0.9283 0.2678
vn -0.1735 0.8488 0.4994
vn 0.4362 0.8389 0.3255
vn 0.4601 0.7863 0.4123
vn 0.2626 0.7769 0.5723
vn 0.3314 0.8404 0.4288
vn -0.6620 0.6882 0.2970
vn 0.5869 0.4824 0.6503
vn -0.2136 0.9641 0.1580
vn 0.0573 0.6420 0.7646
vn -0.5327 0.5759 0.6202
vn -0.0500 0.7916 0.6090
vn 0.1509 0.9506 0.2712
vn -0.6581 0.6476 0.3840
vn -0.2456 0.9457 0.2131
vn 0.1047 0.9823 0.1556
vn -0.8527 0.3423 0.3947
vn 0.2471 0.8340 0.4934
vn -0.7091 0.7035 0.0483
vn -0.4380 0.7555 0.4872
vn -0.4274 0.7742 0.4669
vn -0.3607 0.9045 0.2275
vn -0.4246 0.8583 0.2881
vn -0.3950 0.8988 0.1898
vn -0.6083 0.7547 -0.2459
vn 0.4672 0.5929 -0.6558
vn 0.5543 0.5282 -0.6433
vn 0.7822 0.5867 -0.2096
vn 0.0878 0.7650 -0.6380
vn 0.7558 0.6190 -0.2135
vn 0.5179 0.7630 0.3868
vn 0.8279 0.5333 -0.1738
vn 0.6182 0.7411 -0.2621
vn 0.8736 0.3195 -0.3671
vn 0.3557 0.8939 0.2728
vn 0.5745 0.7748 -0.2639
vn 0.7846 0.6145 -0.0820
vn 0.6014 0.7989 0.0094
vn 0.7003 0.7063 0.1033
vn 0.2712 0.9383 0.2147
vn 0.2826 0.9542 0.0984
vn 0.5896 0.7763 -0.2232
vn 0.7433 0.6675 -0.0446
vn 0.2827 0.9588 -0.0291
vn 0.2202 0.7689 -0.6002
vn 0.1985 0.8761 -0.4394
vn 0.1225 0.9793 -0.1612
vn 0.5796 0.7126 -0.3953
vn 0.3452 0.6961 -0.6295
vn -0.0242 0.9673 -0.2524
vn 0.1119 0.9804 0.1623
vn 0.2619 0.9623 -0.0736
vn 0.5831 0.7890 -0.1938
vn 0.1548 0.9771 0.1458
vn 0.5150 0.6052 -0.6070
vn 0.7050 0.6126 -0.3573
vn 0.7440 0.6429 -0.1822
vn 0.4030 0.5186 -0.7541
vn 0.2386 0.9697 -0.0516
vn 0.1920 0.9652 -0.1776
vn 0.3286 0.9333 -0.1446
vn 0.3201 0.8669 -0.3822
vn 0.5144 0.6104 -0.6023
vn 0.0960 0.8221 -0.5612
vn -0.0232 0.9549 -0.2961
vn 0.3767 0.9159 -0.1384
vn 0.0194 0.9829 -0.1829
vn 0.4120 0.7725 -0.4833
vn 0.7318 0.4879 -0.4759
vn 0.5277 0.6997 -0.4816
vn -0.0277 0.9348 -0.3542
vn 0.3390 0.6828 -0.6472
vn 0.7074 0.6896 -0.1550
vn 0.4587 0.8838 -0.0917
vn 0.4114 0.8573 -0.3096
vn 0.7902 0.5868 -0.1767
vn 0.6487 0.7610 0.0029
vn 0.6829 0.6442 0.3444
vn 0.7024 0.6974 0.1425
vn 0.7898 0.5984 0.1345
vn 0.6859 0.7045 0.1821
vn 0.5672 0.7716 -0.2881
vn 0.5732 0.8037 0.1599
vn 0.6955 0.6844 0.2188
vn 0.8225 0.5664 -0.0517
vn 0.4301 0.7375 -0.5207
vn 0.1189 0.7143 -0.6896
vn 0.5681 0.4909 -0.6605
vn 0.8210 0.5703 0.0255
vn 0.7713 0.5047 -0.3878
vn 0.7123 0.6652 -0.2240
vn 0.5982 0.6297 -0.4955
vn 0.4786 0.6633 -0.5753
vn 0.1695 0.9471 -0.2725
vn 0.2439 0.8674 -0.4338
vn 0.2867 0.9557 -0.0666
vn 0.2052 0.9558 -0.2104
vn 0.4937 0.8140 -0.3061
vn -0.0765 0.8307 -0.5514
vn 0.2862 0.7965 -0.5325
vn -0.0476 0.7521 -0.6573
vn 0.7841 0.5808 0.2188
vn 0.2747 0.9614 0.0144
vn 0.4416 0.5811 -0.6836
vn 0.5861 0.5921 -0.5530
vn 0.1857 0.8617 -0.4722
vn 0.4945 0.6512 -0.5757
vn -0.0729 0.8511 -0.5199
vn 0.9300 0.3644 0.0483
vn 0.5652 0.8199 0.0913
vn 0.0281 0.9839 -0.1767
vn 0.8335 0.5276 0.1640
vn 0.1092 0.8404 -0.5308
vn 0.5275 0.8253 0.2016
vn 0.8141 0.5685 -0.1184
vn 0.4629 0.8759 -0.1363
vn 0.4340 0.8997 0.0466
vn 0.5473 0.8151 0.1898
vn 0.5006 0.8536 0.1444
vn 0.2908 0.9453 0.1479
vn 0.4667 0.8282 0.3103
vn 0.7024 0.7111 0.0322
vn 0.6489 0.6861 -0.3289
vn 0.7442 0.6679 -0.0050
vn 0.6594 0.6302 -0.4098
vn 0.4831 0.5375 -0.6912
vn 0.4766 0.8327 -0.2820
vn 0.5191 0.8201 -0.2407
vn 0.5075 0.8448 -0.1695
vn 0.7058 0.6846 0.1821
vn 0.7851 0.6032 0.1409
vn 0.2540 0.9365 -0.2418
vn 0.2257 0.9741 0.0123
vn 0.8564 0.5150 -0.0365
vn 0.4808 0.7595 -0.4382
vn 0.2656 0.9634 -0.0371
vn 0.2213 0.7552 -0.6170
vn 0.5637 0.7723 -0.2930
vn 0.0790 0.8566 -0.5099
vn 0.0797 0.8077 -0.5841
vn 0.4478 0.6197 -0.6446
vn -0.1287 0.9311 -0.3414
vn 0.1194 0.9849 0.1252
vn 0.0733 0.9172 -0.3917
vn 0.6528 0.7278 -0.2101
vn 0.5269 0.5741 -0.6267
vn 0.6355 0.7011 -0.3232
vn 0.2878 0.9572 -0.0300
vn 0.1944 0.9635 -0.1842
vn 0.3284 0.9334 -0.1447
vn 0.3508 0.9253 -0.1441
vn 0.1434 0.8946 -0.4233
vn 0.1154 0.8877 -0.4457
vn 0.0001 0.9628 -0.2701
vn -0.1577 0.9735 -0.1654
vn 0.1106 0.6576 -0.7452
vn 0.7006 0.4965 -0.5124
vn 0.7627 0.4127 -0.4979
vn 0.2939 0.8158 -0.4980
vn 0.8972 0.4093 0.1657
vn 0.7752 0.4885 -0.4006
vn -0.0650 0.9123 -0.4043
vn 0.2769 0.8586 -0.4315
vn 0.3868 0.8948 -0.2231
vn 0.4847 0.8699 -0.0917
vn 0.3733 0.8858 -0.2757
vn 0.4586 0.8538 -0.2465
vn 0.3608 0.9237 -0.1288
vn 0.5848 0.8066 0.0864
vn 0.6012 0.7974 -0.0521
vn 0.4987 0.8633 0.0777
vn 0.5105 0.8382 0.1921
vn 0.4836 0.8663 -0.1252
vn 0.7430 0.6314 -0.2221
vn 0.7143 0.6849 -0.1437
vn 0.3333 0.8716 -0.3596
vn 0.1848 0.6615 -0.7268
vn 0.5826 0.4833 -0.6535
vn 0.8062 0.4319 -0.4044
vn 0.8813 0.4684 0.0628
vn 0.5151 0.8388 -0.1761
vn 0.3050 0.8005 -0.5159
vn 0.5651 0.8248 -0.0186
vn 0.3681 0.9283 -0.0531
vn 0.4436 0.8488 -0.2878
vn -0.1447 0.8389 -0.5247
vn -0.1102 0.7863 -0.6079
vn 0.2921 0.7775 -0.5569
vn 0.0536 0.6043 -0.7949
vn 0.7048 0.6882 0.1718
vn -0.0643 0.4824 -0.8736
vn 0.2657 0.9640 0.0064
vn 0.4239 0.6420 -0.6389
vn 0.8012 0.5759 -0.1628
vn 0.4132 0.7916 -0.4501
vn -0.1539 0.7906 -0.5926
vn 0.7553 0.6476 0.1007
vn 0.3247 0.9456 -0.0177
vn 0.0128 0.9823 -0.1871
vn 0.9155 0.3422 0.2116
vn 0.1076 0.8340 -0.5412
vn 0.5895 0.7034 0.3970
vn 0.8131 0.4995 -0.2989
vn 0.6240 0.7742 -0.1064
vn 0.4245 0.9045 0.0418
vn 0.5120 0.8583 0.0331
vn 0.4283 0.8989 0.0925
vn 0.3294 0.7547 0.5674
vn -0.6589 0.5929 -0.4629
vn -0.6469 0.5282 -0.5501
vn -0.2148 0.5866 -0.7808
vn -0.6386 0.7650 -0.0836
vn -0.2185 0.6190 -0.7544
vn 0.3834 0.7630 -0.5204
vn -0.1792 0.5333 -0.8268
vn -0.2661 0.7411 -0.6164
vn -0.4086 0.6424 -0.6484
vn 0.2705 0.8939 -0.3573
vn -0.2676 0.7748 -0.5728
vn -0.0871 0.6145 -0.7841
vn 0.2432 0.5297 -0.8126
vn -0.1811 0.6394 -0.7472
vn 0.2129 0.9383 -0.2726
vn 0.0966 0.9542 -0.2832
vn -0.2271 0.7762 -0.5881
vn -0.0495 0.6676 -0.7429
vn -0.0309 0.9588 -0.2825
vn -0.6016 0.7689 -0.2163
vn -0.6005 0.7525 -0.2704
vn -0.3180 0.9408 -0.1171
vn -0.3991 0.7126 -0.5770
vn -0.6317 0.6961 -0.3411
vn -0.5170 0.8547 0.0470
vn 0.1617 0.9803 -0.1130
vn -0.2880 0.9521 -0.1024
vn -0.0535 0.9738 -0.2209
vn 0.1448 0.9771 -0.1558
vn -0.6103 0.6052 -0.5111
vn -0.3619 0.6126 -0.7026
vn -0.1870 0.6429 -0.7427
vn -0.7567 0.5186 -0.3981
vn -0.0532 0.9697 -0.2383
vn -0.1787 0.9652 -0.1908
vn -0.1468 0.9333 -0.3276
vn -0.3843 0.8669 -0.3176
vn -0.5147 0.8471 -0.1326
vn -0.7249 0.5780 -0.3747
vn -0.2959 0.9549 0.0252
vn -0.1390 0.9891 0.0487
vn -0.1830 0.9829 -0.0182
vn -0.4859 0.7725 -0.4087
vn -0.4807 0.4879 -0.7286
vn -0.4850 0.6997 -0.5246
vn -0.3540 0.9348 0.0300
vn -0.6494 0.6828 -0.3348
vn -0.1596 0.6896 -0.7063
vn -0.0947 0.8838 -0.4581
vn -0.3123 0.8573 -0.4092
vn -0.1818 0.5869 -0.7890
vn -0.0013 0.7610 -0.6487
vn 0.3399 0.6442 -0.6852
vn 0.1379 0.6974 -0.7033
vn 0.1293 0.5984 -0.7907
vn 0.1776 0.7045 -0.6871
vn -0.2918 0.7716 -0.5653
vn 0.2586 0.7825 -0.5664
vn 0.2142 0.6844 -0.6969
vn -0.0570 0.5665 -0.8221
vn -0.5235 0.7375 -0.4267
vn -0.6751 0.7149 -0.1821
vn -0.6643 0.4909 -0.5637
vn 0.0201 0.5703 -0.8212
vn -0.2022 0.3540 -0.9131
vn 0.0533 0.4895 -0.8704
vn -0.4994 0.6297 -0.5950
vn -0.5784 0.6633 -0.4749
vn -0.2736 0.9471 -0.1677
vn -0.4354 0.8674 -0.2411
vn -0.0686 0.9557 -0.2863
vn -0.3946 0.7089 -0.5846
vn -0.3093 0.8140 -0.4917
vn -0.5509 0.8307 0.0801
vn -0.5344 0.7966 -0.2827
vn -0.6570 0.7521 0.0519
vn -0.2148 0.6820 -0.6990
vn -0.2158 0.8527 -0.4756
vn -0.6863 0.5812 -0.4372
vn -0.5569 0.5921 -0.5824
vn -0.4734 0.8617 -0.1827
vn -0.5790 0.6512 -0.4907
vn -0.5194 0.8511 0.0763
vn 0.0422 0.3644 -0.9303
vn 0.0875 0.8199 -0.5658
vn -0.1769 0.9839 -0.0269
vn 0.1586 0.5276 -0.8346
vn -0.5316 0.8404 -0.1057
vn 0.1980 0.8253 -0.5289
vn 0.1611 0.4600 -0.8732
vn -0.1115 0.7277 -0.6768
vn 0.0437 0.8997 -0.4344
vn 0.1863 0.8151 -0.5486
vn 0.1411 0.8536 -0.5015
vn 0.1460 0.9453 -0.2917
vn 0.3073 0.8282 -0.4687
vn 0.0276 0.7111 -0.7026
vn -0.3331 0.6861 -0.6468
vn -0.1274 0.5402 -0.8318
vn -0.4141 0.6302 -0.6567
vn -0.4054 0.7541 -0.5167
vn -0.2046 0.6605 -0.7224
vn -0.1414 0.6722 -0.7267
vn -0.1730 0.8448 -0.5064
vn 0.1776 0.6846 -0.7069
vn -0.1612 0.7826 -0.6013
vn -0.2433 0.9365 -0.2524
vn -0.2857 0.9111 -0.2971
vn -0.0421 0.5150 -0.8561
vn -0.4413 0.7595 -0.4779
vn -0.0388 0.9634 -0.2653
vn -0.6185 0.7552 -0.2173
vn -0.2966 0.7723 -0.5618
vn -0.5104 0.8566 -0.0756
vn -0.5847 0.8077 -0.0759
vn -0.6475 0.6197 -0.4435
vn -0.3406 0.9311 0.1309
vn 0.1244 0.9849 -0.1202
vn -0.3922 0.9171 -0.0709
vn -0.2143 0.7278 -0.6514
vn -0.5437 0.7803 -0.3091
vn -0.3274 0.7011 -0.6334
vn -0.0318 0.9572 -0.2876
vn -0.1854 0.9635 -0.1932
vn -0.1467 0.9334 -0.3274
vn -0.1464 0.9253 -0.3498
vn -0.4242 0.8945 -0.1408
vn -0.4464 0.8877 -0.1125
vn -0.5246 0.8348 -0.1670
vn -0.1838 0.8068 -0.5616
vn -0.2121 0.9769 0.0255
vn -0.5170 0.4966 -0.6972
vn -0.5028 0.4127 -0.7596
vn -0.4999 0.8159 -0.2906
vn 0.1598 0.4093 -0.8983
vn -0.4056 0.4885 -0.7725
vn -0.4038 0.9123 0.0678
vn -0.4334 0.8585 -0.2740
vn -0.1530 0.7501 -0.6434
vn -0.0948 0.8699 -0.4841
vn -0.2782 0.8858 -0.3715
vn -0.2494 0.8538 -0.4570
vn -0.1312 0.9237 -0.3599
vn 0.0826 0.8065 -0.5854
vn -0.0562 0.7974 -0.6009
vn 0.0746 0.8633 -0.4992
vn 0.1887 0.8382 -0.5117
vn -0.1284 0.8663 -0.4828
vn -0.2270 0.6313 -0.7416
vn -0.1484 0.6849 -0.7134
vn -0.3618 0.8716 -0.3309
vn -0.7280 0.6615 -0.1801
vn -0.6573 0.4833 -0.5783
vn -0.4098 0.4319 -0.8035
vn 0.0569 0.4684 -0.8817
vn -0.1796 0.8388 -0.5140
vn -0.2286 0.9593 -0.1656
vn -0.0223 0.8248 -0.5650
vn 0.0102 0.8923 -0.4513
vn -0.1853 0.9633 -0.1941
vn -0.4557 0.8400 -0.2945
vn -0.6072 0.7863 0.1142
vn -0.6139 0.7769 -0.1398
vn -0.7953 0.6043 -0.0484
vn 0.1671 0.6882 -0.7060
vn -0.8731 0.4824 0.0701
vn 0.0046 0.9640 -0.2658
vn -0.4600 0.8130 -0.3570
vn -0.1680 0.5759 -0.8001
vn -0.4528 0.7916 -0.4102
vn -0.3071 0.9506 -0.0453
vn 0.0177 0.5335 -0.8456
vn -0.3754 0.7495 -0.5452
vn -0.1873 0.9822 -0.0116
vn 0.2056 0.3422 -0.9168
vn -0.5419 0.8340 -0.1041
vn 0.3932 0.7034 -0.5921
vn -0.3042 0.4995 -0.8111
vn -0.1105 0.7741 -0.6233
vn 0.0390 0.9045 -0.4247
vn 0.0298 0.8583 -0.5123
vn -0.1880 0.7929 -0.5796
vn 0.5653 0.7546 -0.3331
vn 0.8038 0.5929 -0.0491
vn 0.8487 0.5282 0.0266
vn 0.6589 0.7121 0.2423
vn 0.5513 0.7650 -0.3330
vn 0.6413 0.6190 0.4534
vn 0.0248 0.7629 0.6460
vn 0.6557 0.5333 0.5345
vn 0.5924 0.7411 0.3159
vn 0.7237 0.6424 0.2521
vn 0.0114 0.8939 0.4480
vn 0.5664 0.7748 0.2808
vn 0.5571 0.6145 0.5586
vn 0.3708 0.7989 0.4735
vn 0.6075 0.6394 0.4712
vn 0.0036 0.9383 0.3459
vn 0.1011 0.9542 0.2816
vn 0.5443 0.7762 0.3181
vn 0.5020 0.6676 0.5498
vn 0.2004 0.9588 0.2016
vn 0.6052 0.7689 -0.2061
vn 0.4665 0.8761 -0.1221
vn 0.2022 0.9793 -0.0061
vn 0.6717 0.7127 0.2020
vn 0.7065 0.6961 -0.1273
vn 0.1810 0.9673 -0.1775
vn -0.0559 0.9803 0.1892
vn 0.2218 0.9623 0.1574
vn 0.5173 0.7889 0.3316
vn 0.4243 0.8605 0.2821
vn 0.7958 0.6053 0.0188
vn 0.7402 0.6350 0.2210
vn 0.6094 0.6429 0.4640
vn 0.8398 0.5186 -0.1607
vn 0.1902 0.9697 0.1531
vn 0.2588 0.9652 0.0377
vn 0.3191 0.9333 0.1646
vn 0.3123 0.9350 0.1681
vn 0.4849 0.8471 -0.2174
vn 0.4967 0.8221 -0.2782
vn 0.2156 0.9549 -0.2042
vn 0.0783 0.9891 -0.1247
vn 0.1543 0.9830 -0.0999
vn 0.6347 0.7725 0.0164
vn 0.8301 0.4879 0.2698
vn 0.7063 0.6997 0.1076
vn 0.2580 0.9348 -0.2442
vn 0.7164 0.6829 -0.1432
vn 0.5653 0.6896 0.4526
vn 0.3597 0.8838 0.2991
vn 0.4994 0.8573 0.1251
vn 0.6342 0.5869 0.5034
vn 0.4057 0.7610 0.5063
vn 0.1615 0.6442 0.7476
vn 0.3307 0.6974 0.6359
vn 0.3920 0.5984 0.6988
vn 0.2897 0.7045 0.6478
vn 0.5806 0.7716 0.2598
vn 0.2362 0.8037 0.5461
vn 0.2672 0.6844 0.6784
vn 0.5573 0.5664 0.6071
vn 0.3093 0.9409 -0.1377
vn 0.6413 0.7149 -0.2787
vn 0.7523 0.6567 0.0525
vn 0.4964 0.5703 0.6545
vn 0.7275 0.3540 0.5877
vn 0.5012 0.4895 0.7136
vn 0.6468 0.7501 0.1380
vn 0.7483 0.6633 0.0105
vn 0.3184 0.9471 -0.0395
vn 0.4907 0.8674 -0.0831
vn 0.2321 0.9557 0.1811
vn 0.6731 0.7089 0.2109
vn 0.5484 0.8140 0.1915
vn 0.3806 0.8308 -0.4062
vn 0.6104 0.7438 -0.2722
vn 0.4812 0.7521 -0.4503
vn 0.6039 0.6821 0.4124
vn 0.1615 0.9614 0.2226
vn 0.8092 0.5812 -0.0863
vn 0.7986 0.5921 0.1080
vn 0.4840 0.8617 -0.1525
vn 0.7586 0.6512 0.0225
vn 0.5927 0.7484 0.2976
vn 0.5472 0.3644 0.7535
vn 0.2844 0.8199 0.4969
vn 0.1551 0.9838 -0.0893
vn 0.3965 0.5276 0.7513
vn 0.4815 0.8404 -0.2488
vn 0.1750 0.8253 0.5370
vn 0.4186 0.4600 0.7831
vn 0.5092 0.7277 0.4596
vn 0.2366 0.8997 0.3667
vn 0.1964 0.8151 0.5450
vn 0.2025 0.8536 0.4800
vn 0.0679 0.9453 0.3191
vn 0.4360 0.8513 0.2919
vn 0.4166 0.7111 0.5664
vn 0.6897 0.4447 0.5714
vn 0.6184 0.5403 0.5707
vn 0.7333 0.6302 0.2551
vn 0.6392 0.7541 0.1510
vn 0.5190 0.8326 0.1933
vn 0.5637 0.6722 0.4799
vn 0.5365 0.6567 0.5300
vn 0.3022 0.6846 0.6633
vn 0.3840 0.6032 0.6991
vn 0.3476 0.9365 0.0455
vn 0.1323 0.9741 0.1832
vn 0.5669 0.5150 0.6430
vn 0.6431 0.7595 0.0983
vn 0.1958 0.9634 0.1832
vn 0.6189 0.7552 -0.2159
vn 0.5822 0.7723 0.2541
vn 0.4461 0.8566 -0.2592
vn 0.5044 0.8077 -0.3053
vn 0.5560 0.8285 -0.0666
vn 0.3241 0.9138 -0.2447
vn -0.0223 0.9849 0.1716
vn 0.3507 0.9172 -0.1892
vn 0.5738 0.7278 0.3756
vn 0.6178 0.7803 -0.0975
vn 0.6509 0.7011 0.2910
vn 0.2042 0.9572 0.2050
vn 0.2654 0.9635 0.0352
vn 0.3189 0.9334 0.1645
vn 0.3326 0.9253 0.1821
vn 0.4193 0.8946 -0.1546
vn 0.4191 0.8877 -0.1905
vn 0.2101 0.9628 -0.1697
vn 0.0295 0.9735 -0.2266
vn 0.1499 0.9769 -0.1521
vn 0.8389 0.4966 0.2226
vn 0.8668 0.4127 0.2801
vn 0.7719 0.6261 0.1103
vn 0.4353 0.4093 0.8019
vn 0.7989 0.4885 0.3509
vn 0.2734 0.9123 -0.3048
vn 0.5097 0.8585 -0.0561
vn 0.4167 0.8948 0.1605
vn 0.3760 0.8699 0.3193
vn 0.4492 0.8857 0.1169
vn 0.4800 0.8538 0.2017
vn 0.3269 0.9237 0.1995
vn 0.3006 0.8065 0.5091
vn 0.4186 0.7974 0.4347
vn 0.2530 0.8633 0.4367
vn 0.1716 0.8382 0.5177
vn 0.4014 0.8663 0.2973
vn 0.3795 0.7564 0.5328
vn 0.5609 0.6849 0.4651
vn 0.4892 0.8716 0.0331
vn 0.6814 0.6615 -0.3132
vn 0.8745 0.4833 0.0420
vn 0.8214 0.4319 0.3726
vn 0.5054 0.4684 0.7247
vn 0.4608 0.8388 0.2898
vn 0.5930 0.8005 -0.0872
vn 0.3698 0.8248 0.4277
vn 0.2726 0.9283 0.2529
vn 0.2658 0.9633 0.0360
vn 0.3171 0.8389 -0.4424
vn 0.4034 0.7863 -0.4679
vn 0.6168 0.7775 -0.1230
vn 0.6518 0.6043 -0.4582
vn 0.3097 0.6882 0.6561
vn 0.6388 0.4824 -0.5993
vn 0.1621 0.9641 0.2106
vn 0.7633 0.6420 -0.0721
vn 0.7901 0.5611 0.2469
vn 0.6098 0.7916 0.0383
vn 0.2683 0.9506 -0.1561
vn 0.5136 0.5335 0.6720
vn 0.6335 0.7496 0.1920
vn 0.1536 0.9823 -0.1077
vn 0.4110 0.3423 0.8449
vn 0.4885 0.8340 -0.2566
vn 0.0619 0.7034 0.7080
vn 0.7437 0.4995 0.4443
vn 0.4751 0.7741 0.4183
vn 0.2344 0.9045 0.3562
vn 0.2962 0.8583 0.4189
vn 0.5084 0.7929 0.3359
vn -0.2341 0.7547 0.6129
vt 0.073142 -3.073743
vt 0.179846 -2.624193
vt 0.073142 -2.624193
vt 0.179846 -2.007089
vt 0.073142 -2.007089
vt 0.926858 -2.007089
vt 0.820136 -2.624193
vt 0.926858 -2.624193
vt 0.820136 -3.073743
vt 0.926858 -3.073743
vt 0.713423 -3.073743
vt 0.713423 -2.624193
vt 0.820136 -2.007089
vt 0.713423 -2.007089
vt 0.606748 -2.624193
vt 0.606748 -3.073743
vt 0.500025 -3.073743
vt 0.500025 -2.624193
vt 0.606748 -2.007089
vt 0.500025 -2.007089
vt 0.393317 -2.007089
vt 0.393317 -2.624193
vt 0.286599 -2.624193
vt 0.393317 -3.073743
vt 0.286599 -2.007089
vt 0.286599 -3.073743
vt 0.286599 -3.522884
vt 0.393317 -3.343270
vt 0.286599 -3.343270
vt 0.179846 -3.073743
vt 0.179846 -3.343270
vt 0.820136 -0.083826
vt 0.926858 -0.521958
vt 0.926858 -0.083826
vt 0.073142 -0.521958
vt 0.179846 -0.083826
vt 0.073142 -0.083826
vt 0.179846 0.323905
vt 0.073142 0.323905
vt 0.926858 0.323905
vt 0.500025 -3.522884
vt 0.606748 -3.343270
vt 0.500025 -3.343270
vt 0.713423 -3.522884
vt 0.820136 -3.343270
vt 0.713423 -3.343270
vt 0.073142 -3.522884
vt 0.073142 -3.343270
vt 0.926858 -3.343270
vt 0.926858 -3.522884
vt 0.393317 4.135228
vt 0.500025 3.648838
vt 0.500025 4.135228
vt 0.606748 4.135228
vt 0.606748 4.322885
vt 0.500025 4.322885
vt 0.393317 4.322885
vt 0.286599 -0.521958
vt 0.286599 -0.083826
vt 0.393317 -0.083826
vt 0.286599 0.323905
vt 0.606748 -0.083826
vt 0.713423 -0.521958
vt 0.713423 -0.083826
vt 0.820136 -0.521958
vt 0.820136 0.323905
vt 0.713423 0.323905
vt 0.500025 -0.521958
vt 0.500025 -0.083826
vt 0.606748 0.323905
vt 0.500025 0.323905
vt 0.393317 0.323905
vt 0.121001 0.814772
vt 0.161640 0.825184
vt 0.113861 0.885474
vt 0.198260 0.847995
vt 0.038666 0.831873
vt 0.079109 0.816872
vt 0.820136 4.135228
vt 0.926858 3.648838
vt 0.926858 4.135228
vt 0.073142 3.648838
vt 0.179846 4.135228
vt 0.073142 4.135228
vt 0.179846 4.322885
vt 0.073142 4.322885
vt 0.820136 4.322885
vt 0.286599 4.135228
vt 0.179846 3.648838
vt 0.286599 3.648838
vt 0.286599 4.322885
vt 0.713423 3.648838
vt 0.713423 4.135228
vt 0.820136 3.648838
vt 0.713423 4.322885
vt 0.606748 2.762181
vt 0.713423 1.764835
vt 0.713423 2.762181
vt 0.820136 1.764835
vt 0.820136 2.762181
vt 0.606748 3.648838
vt 0.286599 2.762181
vt 0.179846 1.764835
vt 0.286599 1.764835
vt 0.393317 2.762181
vt 0.393317 3.648838
vt 0.179846 2.762181
vt 0.926858 1.764835
vt 0.926858 2.762181
vt 0.073142 1.764835
vt 0.073142 2.762181
vt 0.500025 2.762181
vt 0.393317 1.764835
vt 0.500025 1.764835
vt 0.606748 1.764835
vt 0.393317 -1.234697
vt 0.500025 -1.234697
vt 0.606748 -1.234697
vt 0.393317 -0.521958
vt 0.713423 -1.234697
vt 0.820136 -1.234697
vt 0.606748 -0.521958
vt 0.286599 -1.234697
vt 0.179846 -1.234697
vt 0.926858 -1.234697
vt 0.073142 -1.234697
vt 0.179846 -0.521958
vt 0.393317 0.946118
vt 0.500025 0.946118
vt 0.606748 0.946118
vt 0.926858 0.946118
vt 0.179846 0.946118
vt 0.073142 0.946118
vt 0.820136 0.946118
vt 0.286599 0.946118
vt 0.713423 0.946118
vt 0.788784 1.983917
vt 0.785547 2.248286
vt 0.758312 1.983662
vt 0.762775 1.773120
vt 0.564033 1.780916
vt 0.584929 1.990178
vt 0.554598 1.993089
vt 0.578469 2.256039
vt 0.541466 2.260661
vt 0.680488 2.212583
vt 0.640367 1.965507
vt 0.670607 1.960520
vt 0.637873 1.767645
vt 0.662948 1.765150
vt 0.688127 1.765853
vt 0.701118 1.963403
vt 0.611193 2.238189
vt 0.612801 1.978119
vt 0.589413 1.779797
vt 0.613533 1.773732
vt 0.643682 2.219692
vt 0.729549 1.973915
vt 0.717692 2.217158
vt 0.712855 1.770078
vt 0.737391 1.774174
vt 0.751469 2.233178
vt 0.747264 1.538861
vt 0.709102 1.246179
vt 0.731399 1.243591
vt 0.695302 0.961182
vt 0.716662 0.958727
vt 0.553953 1.250503
vt 0.568114 0.965719
vt 0.576383 1.251342
vt 0.561194 1.546133
vt 0.643148 1.259283
vt 0.631054 1.553864
vt 0.620687 1.258666
vt 0.631992 0.973022
vt 0.665493 1.256923
vt 0.678228 1.552024
vt 0.654696 1.554331
vt 0.598527 1.255033
vt 0.584618 1.546706
vt 0.589313 0.969037
vt 0.610515 0.972389
vt 0.607732 1.550312
vt 0.701199 1.546665
vt 0.687309 1.251581
vt 0.653424 0.970947
vt 0.674368 0.966126
vt 0.723959 1.541265
vt 0.704919 1.675042
vt 0.682470 1.676881
vt 0.728148 1.672914
vt 0.590726 1.678214
vt 0.614042 1.678501
vt 0.636564 1.678608
vt 0.659527 1.678052
vt 0.751733 1.671108
vt 0.567083 1.678327
vt 0.574693 0.193303
vt 0.594328 0.393183
vt 0.577004 0.397513
vt 0.559774 0.196729
vt 0.569479 0.086969
vt 0.581618 0.048051
vt 0.590058 0.083505
vt 0.589471 0.189558
vt 0.650177 0.193123
vt 0.648287 0.395552
vt 0.635029 0.190910
vt 0.630615 0.392389
vt 0.620000 0.188352
vt 0.610894 0.082671
vt 0.616458 0.046650
vt 0.631684 0.084473
vt 0.544531 0.197091
vt 0.559660 0.401957
vt 0.541466 0.403639
vt 0.665402 0.192235
vt 0.665873 0.398394
vt 0.633770 0.044260
vt 0.612398 0.391531
vt 0.604691 0.187845
vt 0.598985 0.046004
vt 0.628391 0.872441
vt 0.607109 0.871100
vt 0.625834 0.806009
vt 0.646639 0.806021
vt 0.649407 0.871380
vt 0.564882 0.865109
vt 0.546684 0.964998
vt 0.543650 0.865209
vt 0.690507 0.862537
vt 0.711231 0.859184
vt 0.687129 0.799439
vt 0.707573 0.795655
vt 0.543788 0.802340
vt 0.670046 0.867300
vt 0.667030 0.803322
vt 0.585996 0.867823
vt 0.584992 0.802197
vt 0.605273 0.804336
vt 0.597083 -0.001229
vt 0.564169 0.047060
vt 0.640061 0.622045
vt 0.620084 0.621362
vt 0.600300 0.621374
vt 0.542205 0.626612
vt 0.564533 0.801027
vt 0.678456 0.622472
vt 0.698103 0.620462
vt 0.684052 0.397971
vt 0.562073 0.624792
vt 0.659342 0.622681
vt 0.581281 0.622755
vt 1.195096 0.336883
vt 1.204202 0.000889
vt 1.213407 0.336091
vt 1.220453 0.588331
vt 1.203252 0.589345
vt 1.340793 0.334917
vt 1.322230 0.586958
vt 1.322468 0.334620
vt 1.322625 -0.000709
vt 1.342402 -0.001229
vt 1.263463 0.003705
vt 1.286209 0.333216
vt 1.267908 0.333164
vt 1.271268 0.582193
vt 1.249615 0.333709
vt 1.302921 0.001063
vt 1.304340 0.333886
vt 1.305219 0.584885
vt 1.288370 0.582690
vt 1.283226 0.002902
vt 1.231509 0.334869
vt 1.243684 0.003436
vt 1.254186 0.583152
vt 1.237402 0.585800
vt 1.223947 0.002128
vt 1.308360 1.320203
vt 1.294820 1.134856
vt 1.310561 1.131336
vt 1.321860 1.317831
vt 1.310390 1.415411
vt 1.298542 1.449790
vt 1.291860 1.417876
vt 1.294944 1.322864
vt 1.240542 1.318928
vt 1.246806 1.132197
vt 1.254101 1.320935
vt 1.262636 1.135290
vt 1.267584 1.323233
vt 1.273230 1.418128
vt 1.267412 1.450210
vt 1.254640 1.416163
vt 1.335517 1.317973
vt 1.326302 1.127923
vt 1.342402 1.127019
vt 1.226894 1.319439
vt 1.230978 1.129209
vt 1.251871 1.451965
vt 1.278743 1.136186
vt 1.281276 1.323938
vt 1.282993 1.451195
vt 1.272485 0.672405
vt 1.290307 0.672130
vt 1.290020 0.738090
vt 1.273387 0.739256
vt 1.256729 0.738539
vt 1.254663 0.672611
vt 1.324484 0.671667
vt 1.339453 0.587507
vt 1.341475 0.671678
vt 1.220485 0.673070
vt 1.203501 0.673539
vt 1.206922 0.732627
vt 1.339650 0.730836
vt 1.237199 0.672847
vt 1.240364 0.735601
vt 1.223773 0.733003
vt 1.307771 0.671895
vt 1.322815 0.731667
vt 1.306300 0.734712
vt 1.283564 1.493499
vt 1.314125 1.451126
vt 1.258947 0.916239
vt 1.275788 0.917190
vt 1.292598 0.915785
vt 1.342371 0.907108
vt 1.208957 0.908908
vt 1.225842 0.909714
vt 1.214860 1.128740
vt 1.325515 0.908370
vt 1.242400 0.912962
vt 1.309050 0.912063
vt 3.619689 0.500942
vt 3.603703 0.357374
vt 3.615832 0.354371
vt 3.629915 0.498066
vt 3.633391 0.573115
vt 3.628827 0.601259
vt 3.619720 0.578017
vt 3.609490 0.504033
vt 3.651116 0.498058
vt 3.665099 0.354354
vt 3.661344 0.500927
vt 3.677229 0.357348
vt 3.671545 0.504011
vt 3.661367 0.578003
vt 3.652276 0.601251
vt 3.647693 0.573110
vt 3.640515 0.497160
vt 3.628000 0.351477
vt 3.640463 0.350519
vt 3.652928 0.351467
vt 3.640551 0.598248
vt 3.689670 0.358636
vt 3.681975 0.505876
vt 3.591263 0.358670
vt 3.599063 0.505905
vt 3.617709 0.606465
vt 3.663398 0.606449
vt 3.640563 0.634317
vt 3.679110 0.187107
vt 3.692182 0.006114
vt 3.692182 0.188125
vt 3.588505 0.006150
vt 3.601703 0.187135
vt 3.588632 0.188161
vt 3.640404 0.180524
vt 3.627248 -0.000304
vt 3.640341 -0.001229
vt 3.653434 -0.000314
vt 3.653489 0.181454
vt 3.627320 0.181464
vt 3.666268 0.002437
vt 3.666299 0.184271
vt 3.679095 0.005194
vt 3.614513 0.184290
vt 3.601591 0.005221
vt 3.614416 0.002456
vt 2.993721 0.497280
vt 2.976949 0.391406
vt 2.989058 0.388439
vt 3.003955 0.494286
vt 3.007829 0.569534
vt 3.003407 0.597764
vt 2.994166 0.574542
vt 2.983532 0.500514
vt 3.025304 0.494180
vt 3.039150 0.388191
vt 3.035567 0.497072
vt 3.051288 0.391037
vt 3.045788 0.500205
vt 3.035889 0.574335
vt 3.026878 0.597647
vt 3.022177 0.569462
vt 3.014625 0.493311
vt 3.001403 0.385660
vt 3.014087 0.384804
vt 3.026779 0.385535
vt 3.015128 0.594689
vt 3.063776 0.392248
vt 3.056216 0.502149
vt 2.964475 0.392740
vt 2.973124 0.502561
vt 2.992301 0.603033
vt 3.038036 0.602806
vt 3.015307 0.630818
vt 3.064274 0.332340
vt 3.051718 0.271004
vt 3.064819 0.270268
vt 2.963382 0.332840
vt 2.975329 0.271383
vt 2.976362 0.332584
vt 3.051292 0.332213
vt 3.001304 0.331804
vt 3.013553 0.277017
vt 3.013823 0.331640
vt 3.026343 0.331679
vt 3.038539 0.331924
vt 3.026573 0.276232
vt 3.039235 0.273677
vt 2.987838 0.273932
vt 2.989112 0.332170
vt 3.000525 0.276362
vt 2.974266 0.150672
vt 2.985820 -0.000708
vt 2.987028 0.152839
vt 2.998996 -0.000622
vt 2.999772 0.155017
vt 3.038844 0.152582
vt 3.025355 -0.000753
vt 3.038529 -0.000970
vt 3.051584 0.150289
vt 3.026122 0.154886
vt 3.012176 -0.000645
vt 3.012951 0.155698
vt 3.064670 0.149573
vt 3.051676 -0.001184
vt 3.064819 -0.001229
vt 2.961174 0.150086
vt 2.972672 -0.000792
vt 2.962222 0.270777
vt 3.178044 0.130618
vt 3.173470 0.238610
vt 3.167514 0.129354
vt 3.157105 0.055533
vt 3.159436 0.028995
vt 3.094400 0.130868
vt 3.114337 0.058610
vt 3.104396 0.134441
vt 3.086967 0.240135
vt 3.136595 0.241868
vt 3.125613 0.135698
vt 3.136003 0.133370
vt 3.128573 0.060427
vt 3.135575 0.033277
vt 3.142664 0.057057
vt 3.146332 0.130791
vt 3.148687 0.239213
vt 3.114966 0.135991
vt 3.099126 0.243383
vt 3.123527 0.034194
vt 3.124281 0.244251
vt 3.111666 0.244678
vt 3.161067 0.238153
vt 3.156862 0.129380
vt 3.147320 0.030154
vt 3.135885 -0.001229
vt 3.112360 0.029047
vt 3.162363 0.297326
vt 3.149426 0.358498
vt 3.149107 0.297555
vt 3.175668 0.297203
vt 3.175676 0.358038
vt 3.162562 0.359159
vt 3.111068 0.352816
vt 3.097933 0.297709
vt 3.110766 0.297996
vt 3.123577 0.298058
vt 3.136063 0.297836
vt 3.124149 0.353463
vt 3.136884 0.355897
vt 3.188168 0.354993
vt 3.188796 0.297198
vt 3.185721 0.240689
vt 3.085466 0.297132
vt 3.098010 0.353696
vt 3.085324 0.356389
vt 3.190387 0.630164
vt 3.176233 0.479015
vt 3.188917 0.476563
vt 3.098433 0.474837
vt 3.085748 0.477132
vt 3.098467 0.630408
vt 3.085324 0.630573
vt 3.137398 0.477004
vt 3.124761 0.630393
vt 3.124698 0.474767
vt 3.150118 0.479236
vt 3.137906 0.630543
vt 3.111614 0.630354
vt 3.111562 0.474055
vt 3.163181 0.479919
vt 3.151028 0.630700
vt 3.177270 0.630510
vt 3.164150 0.630690
vt 3.094988 0.760875
vt 3.090460 0.868376
vt 3.084470 0.759611
vt 3.074099 0.685906
vt 3.076435 0.659410
vt 3.011453 0.761150
vt 3.031389 0.688978
vt 3.021435 0.764727
vt 3.004092 0.870656
vt 3.053349 0.872039
vt 3.042607 0.765973
vt 3.052985 0.763637
vt 3.045599 0.690793
vt 3.052605 0.663678
vt 3.059674 0.687424
vt 3.063305 0.761050
vt 3.065515 0.869146
vt 3.031982 0.766276
vt 3.016147 0.874061
vt 3.040573 0.664590
vt 3.041119 0.874756
vt 3.028591 0.875399
vt 3.077975 0.867906
vt 3.073827 0.759638
vt 3.064335 0.660563
vt 3.052928 0.629219
vt 3.029423 0.659446
vt 3.079622 0.978884
vt 3.066228 0.925799
vt 3.079298 0.924770
vt 3.092423 0.925394
vt 3.027577 0.931611
vt 3.014423 0.984225
vt 3.014550 0.930607
vt 3.040594 0.930895
vt 3.040630 0.984198
vt 3.027522 0.984954
vt 3.053590 0.981987
vt 3.053373 0.928380
vt 3.066509 0.979704
vt 3.105360 0.927647
vt 3.092728 0.979549
vt 3.102783 0.870524
vt 3.001829 0.927757
vt 3.001461 0.982054
vt 3.105655 1.082196
vt 3.092844 1.202698
vt 3.092798 1.079694
vt 3.105655 0.981693
vt 3.001857 1.082423
vt 3.014722 1.084874
vt 3.002353 1.206054
vt 3.053980 1.205901
vt 3.040915 1.084795
vt 3.053771 1.082264
vt 3.066631 1.079732
vt 3.066703 1.202717
vt 3.027821 1.085661
vt 3.015098 1.209159
vt 3.041251 1.209081
vt 3.028177 1.210167
vt 3.079773 1.201647
vt 3.079714 1.078872
vt 1.811726 0.187980
vt 1.818659 0.336090
vt 1.801269 0.186076
vt 1.783217 0.080408
vt 1.782863 0.043268
vt 1.729531 0.194295
vt 1.741025 0.087835
vt 1.739569 0.197777
vt 1.732937 0.344261
vt 1.782258 0.342342
vt 1.760742 0.197063
vt 1.770543 0.192933
vt 1.755392 0.088246
vt 1.759268 0.047995
vt 1.768809 0.082339
vt 1.780272 0.188630
vt 1.793804 0.338470
vt 1.750204 0.198644
vt 1.745053 0.346921
vt 1.747462 0.051046
vt 1.770488 0.345931
vt 1.757822 0.347362
vt 1.806141 0.336403
vt 1.790634 0.186281
vt 1.770648 0.043402
vt 1.755901 -0.001229
vt 1.735849 0.046808
vt 1.812499 0.402902
vt 1.802993 0.457864
vt 1.798549 0.403636
vt 1.826296 0.400621
vt 1.832326 0.454046
vt 1.817884 0.457760
vt 1.763383 0.448519
vt 1.747441 0.402169
vt 1.760805 0.401045
vt 1.774226 0.401040
vt 1.785932 0.402528
vt 1.778760 0.449303
vt 1.790858 0.453556
vt 1.842993 0.446761
vt 1.838518 0.396921
vt 1.830788 0.337710
vt 1.735892 0.404641
vt 1.748126 0.450647
vt 1.736443 0.455929
vt 1.864859 0.570574
vt 1.874136 0.729071
vt 1.850128 0.574573
vt 1.749303 0.579579
vt 1.734198 0.580756
vt 1.729531 0.743581
vt 1.812248 0.741632
vt 1.785003 0.578619
vt 1.800144 0.579007
vt 1.815403 0.579093
vt 1.832237 0.734603
vt 1.767142 0.578825
vt 1.749938 0.749338
vt 1.792134 0.748343
vt 1.771086 0.750888
vt 1.852989 0.730360
vt 1.832855 0.577494
vt 3.152794 1.013909
vt 3.140267 0.934827
vt 3.149311 0.932612
vt 3.160439 1.011673
vt 3.163332 1.067879
vt 3.160029 1.088965
vt 3.153126 1.071619
vt 3.145184 1.016325
vt 3.176385 1.011594
vt 3.186728 0.932426
vt 3.184051 1.013754
vt 3.195794 0.934552
vt 3.191685 1.016094
vt 3.184291 1.071465
vt 3.177561 1.088878
vt 3.174049 1.067826
vt 3.168408 1.010945
vt 3.158532 0.930536
vt 3.168006 0.929896
vt 3.177486 0.930442
vt 3.168784 1.086668
vt 3.205121 0.935457
vt 3.199474 1.017546
vt 3.130949 0.935824
vt 3.137409 1.017854
vt 3.151733 1.092901
vt 3.185895 1.092731
vt 3.168917 1.113655
vt 3.205493 0.890709
vt 3.196115 0.844895
vt 3.205901 0.844345
vt 3.130133 0.891083
vt 3.139057 0.845178
vt 3.139828 0.890891
vt 3.195797 0.890614
vt 3.158459 0.890308
vt 3.167608 0.849386
vt 3.167810 0.890186
vt 3.177161 0.890216
vt 3.186270 0.890399
vt 3.177333 0.848800
vt 3.186791 0.846891
vt 3.148401 0.847081
vt 3.149352 0.890582
vt 3.157877 0.848896
vt 3.138263 0.755014
vt 3.146893 0.641942
vt 3.147796 0.756633
vt 3.156735 0.642006
vt 3.157315 0.758259
vt 3.186499 0.756441
vt 3.176423 0.641908
vt 3.186264 0.641746
vt 3.196015 0.754728
vt 3.176997 0.758161
vt 3.166579 0.641989
vt 3.167158 0.758767
vt 3.205789 0.754193
vt 3.196084 0.641587
vt 3.205901 0.641553
vt 3.128484 0.754576
vt 3.137073 0.641879
vt 3.129267 0.844725
vt 0.234803 0.266118
vt 0.246784 0.011159
vt 0.270341 0.265063
vt 0.257816 0.472088
vt 0.508078 0.462490
vt 0.479732 0.257032
vt 0.515248 0.255362
vt 0.483773 0.002069
vt 0.524412 -0.001229
vt 0.366377 0.035257
vt 0.411015 0.273366
vt 0.375657 0.277204
vt 0.414154 0.469006
vt 0.383087 0.470921
vt 0.351963 0.471392
vt 0.340108 0.276086
vt 0.445244 0.015417
vt 0.445266 0.264911
vt 0.476422 0.463147
vt 0.445224 0.465989
vt 0.406868 0.029435
vt 0.305311 0.270279
vt 0.325560 0.032554
vt 0.320754 0.470763
vt 0.289430 0.470319
vt 0.286222 0.021516
vt 0.296406 0.886586
vt 0.302614 0.680279
vt 0.322085 0.884396
vt 0.317525 1.081003
vt 0.495184 1.074189
vt 0.475578 0.878509
vt 0.501350 0.878725
vt 0.479358 0.673500
vt 0.508647 0.673186
vt 0.391079 0.679315
vt 0.424529 0.881415
vt 0.398880 0.882698
vt 0.428512 1.072565
vt 0.406181 1.073073
vt 0.383877 1.074277
vt 0.373208 0.883383
vt 0.450062 0.675453
vt 0.450071 0.879782
vt 0.472933 1.073471
vt 0.450725 1.072861
vt 0.420788 0.677717
vt 0.347615 0.883712
vt 0.361335 0.679997
vt 0.361752 1.076274
vt 0.339656 1.078583
vt 0.331974 0.679982
vt 0.356477 0.574024
vt 0.325958 0.575124
vt 0.295582 0.576473
vt 0.448028 0.570442
vt 0.478418 0.569461
vt 0.417514 0.571683
vt 0.386994 0.572815
vt 0.265194 0.578119
vt 0.273387 0.682209
vt 0.508843 0.568774
vt 0.466874 2.153134
vt 0.477629 1.773644
vt 0.486023 2.155544
vt 0.499984 1.776994
vt 0.505150 2.158167
vt 0.497892 2.431035
vt 0.484227 2.524526
vt 0.471430 2.426921
vt 0.409486 2.158479
vt 0.366571 1.782110
vt 0.388604 1.777059
vt 0.428393 2.154610
vt 0.444821 2.427941
vt 0.439538 2.526240
vt 0.418752 2.434070
vt 0.390615 2.162560
vt 0.522533 1.778169
vt 0.524412 2.159380
vt 0.344178 1.785010
vt 0.371503 2.165245
vt 0.417696 2.532328
vt 0.447596 2.152878
vt 0.410491 1.772092
vt 0.432904 1.769832
vt 0.455426 1.770369
vt 0.461762 2.522229
vt 0.408795 1.141233
vt 0.429919 1.141085
vt 0.410907 1.196291
vt 0.387722 1.142703
vt 0.472197 1.143846
vt 0.493417 1.144272
vt 0.345781 1.148695
vt 0.324655 1.150744
vt 0.347603 1.206366
vt 0.326180 1.208029
vt 0.474796 1.201488
vt 0.366792 1.145647
vt 0.389593 1.198223
vt 0.368598 1.202294
vt 0.451014 1.142417
vt 0.453552 1.199036
vt 0.432307 1.196584
vt 0.466563 2.647430
vt 0.506471 2.528924
vt 0.416724 1.347952
vt 0.439333 1.348982
vt 0.423008 1.511785
vt 0.394260 1.350710
vt 0.483374 1.358358
vt 0.496284 1.201504
vt 0.506049 1.358919
vt 0.351067 1.363432
vt 0.328501 1.365728
vt 0.356283 1.532272
vt 0.332699 1.535117
vt 0.491106 1.527101
vt 0.372698 1.357136
vt 0.399861 1.515208
vt 0.378329 1.524037
vt 0.461324 1.353737
vt 0.468493 1.520579
vt 0.446348 1.513425
vt 1.376800 0.336883
vt 1.385907 0.000889
vt 1.395111 0.336092
vt 1.402157 0.588332
vt 1.384956 0.589345
vt 1.522498 0.334917
vt 1.503935 0.586958
vt 1.504172 0.334620
vt 1.504329 -0.000709
vt 1.524106 -0.001229
vt 1.445167 0.003705
vt 1.467913 0.333216
vt 1.449612 0.333165
vt 1.452973 0.582193
vt 1.431319 0.333710
vt 1.484626 0.001063
vt 1.486044 0.333887
vt 1.486923 0.584885
vt 1.470074 0.582691
vt 1.464931 0.002902
vt 1.413213 0.334869
vt 1.425388 0.003436
vt 1.435891 0.583152
vt 1.419107 0.585800
vt 1.405651 0.002128
vt 1.490065 1.320204
vt 1.476524 1.134856
vt 1.492265 1.131337
vt 1.503565 1.317831
vt 1.492095 1.415411
vt 1.480246 1.449790
vt 1.473565 1.417876
vt 1.476648 1.322865
vt 1.422246 1.318928
vt 1.428511 1.132197
vt 1.435805 1.320935
vt 1.444340 1.135291
vt 1.449289 1.323233
vt 1.454934 1.418128
vt 1.449116 1.450210
vt 1.436345 1.416163
vt 1.517221 1.317973
vt 1.508006 1.127923
vt 1.524106 1.127019
vt 1.408598 1.319439
vt 1.412683 1.129209
vt 1.433575 1.451965
vt 1.460447 1.136187
vt 1.462980 1.323939
vt 1.464697 1.451196
vt 1.454190 0.672405
vt 1.472011 0.672131
vt 1.471724 0.738090
vt 1.455092 0.739256
vt 1.438434 0.738539
vt 1.436367 0.672612
vt 1.506189 0.671667
vt 1.521157 0.587507
vt 1.523180 0.671678
vt 1.402190 0.673070
vt 1.385205 0.673540
vt 1.388626 0.732627
vt 1.521354 0.730837
vt 1.418903 0.672847
vt 1.422068 0.735601
vt 1.405477 0.733003
vt 1.489476 0.671895
vt 1.504520 0.731667
vt 1.488005 0.734712
vt 1.465268 1.493499
vt 1.495829 1.451125
vt 1.440651 0.916240
vt 1.457493 0.917191
vt 1.474302 0.915786
vt 1.524076 0.907109
vt 1.390661 0.908908
vt 1.407546 0.909715
vt 1.396565 1.128740
vt 1.507219 0.908370
vt 1.424105 0.912962
vt 1.490754 0.912063
vt 3.493894 0.500942
vt 3.477908 0.357374
vt 3.490036 0.354371
vt 3.504120 0.498066
vt 3.507596 0.573115
vt 3.503032 0.601260
vt 3.493925 0.578017
vt 3.483696 0.504033
vt 3.525321 0.498059
vt 3.539304 0.354354
vt 3.535549 0.500927
vt 3.551434 0.357348
vt 3.545750 0.504012
vt 3.535572 0.578003
vt 3.526481 0.601252
vt 3.521899 0.573111
vt 3.514720 0.497160
vt 3.502205 0.351477
vt 3.514669 0.350520
vt 3.527133 0.351468
vt 3.514756 0.598248
vt 3.563875 0.358636
vt 3.556179 0.505877
vt 3.465468 0.358671
vt 3.473267 0.505906
vt 3.491915 0.606466
vt 3.537602 0.606450
vt 3.514768 0.634318
vt 3.553314 0.187108
vt 3.566386 0.006114
vt 3.566386 0.188125
vt 3.462710 0.006150
vt 3.475909 0.187135
vt 3.462837 0.188161
vt 3.514609 0.180524
vt 3.501453 -0.000304
vt 3.514546 -0.001229
vt 3.527639 -0.000314
vt 3.527695 0.181454
vt 3.501525 0.181464
vt 3.540473 0.002438
vt 3.540504 0.184272
vt 3.553300 0.005194
vt 3.488718 0.184290
vt 3.475796 0.005221
vt 3.488621 0.002456
vt 0.155118 0.901151
vt 0.138423 0.795264
vt 0.150534 0.792307
vt 0.165355 0.898164
vt 0.169174 0.973415
vt 0.164733 1.001642
vt 0.155507 0.978413
vt 0.144927 0.904378
vt 0.186704 0.898073
vt 0.200627 0.792094
vt 0.196965 0.900974
vt 0.212763 0.794949
vt 0.207183 0.904114
vt 0.197231 0.978236
vt 0.188203 1.001542
vt 0.183522 0.973354
vt 0.176025 0.897197
vt 0.162881 0.789537
vt 0.175566 0.788689
vt 0.188257 0.789429
vt 0.176455 0.998575
vt 0.225249 0.796169
vt 0.217610 0.906065
vt 0.125947 0.796590
vt 0.134517 0.906417
vt 0.153622 1.006903
vt 0.199358 1.006709
vt 0.176608 1.034705
vt 0.225791 0.736261
vt 0.213266 0.674904
vt 0.226363 0.674157
vt 0.124898 0.736690
vt 0.137027 0.675210
vt 0.137877 0.736447
vt 0.212810 0.736125
vt 0.162823 0.735677
vt 0.175118 0.680891
vt 0.175342 0.735522
vt 0.187861 0.735572
vt 0.200057 0.735826
vt 0.188139 0.680117
vt 0.200804 0.677572
vt 0.149480 0.677767
vt 0.150629 0.736037
vt 0.162091 0.680219
vt 0.136483 0.554470
vt 0.148224 0.403084
vt 0.149005 0.556653
vt 0.160795 0.403212
vt 0.161447 0.558860
vt 0.200514 0.556464
vt 0.187136 0.403112
vt 0.200311 0.402905
vt 0.213155 0.554171
vt 0.187791 0.558758
vt 0.173957 0.403210
vt 0.174618 0.559559
vt 0.226223 0.553434
vt 0.213254 0.402688
vt 0.226363 0.402613
vt 0.123263 0.553876
vt 0.135558 0.402978
vt 0.123888 0.674592
vt 2.908636 0.129294
vt 2.906861 0.236864
vt 2.898089 0.128303
vt 2.885825 0.054891
vt 2.887479 0.028345
vt 2.825147 0.131721
vt 2.843212 0.059063
vt 2.835217 0.135040
vt 2.820629 0.241343
vt 2.869881 0.241512
vt 2.856411 0.135742
vt 2.866724 0.133140
vt 2.857464 0.060511
vt 2.863768 0.033225
vt 2.871446 0.056782
vt 2.876971 0.130289
vt 2.881959 0.238301
vt 2.845799 0.136317
vt 2.832763 0.244454
vt 2.851764 0.034448
vt 2.857733 0.244535
vt 2.845233 0.245489
vt 2.894374 0.236732
vt 2.887452 0.128606
vt 2.875414 0.029810
vt 2.863204 -0.001229
vt 2.840486 0.029592
vt 2.899341 0.347570
vt 2.884148 0.294976
vt 2.897203 0.293556
vt 2.910349 0.293765
vt 2.845593 0.301722
vt 2.833079 0.354583
vt 2.832540 0.300967
vt 2.858613 0.300733
vt 2.859777 0.354171
vt 2.846436 0.355170
vt 2.872925 0.351587
vt 2.871345 0.297901
vt 2.886017 0.348874
vt 2.923364 0.295556
vt 2.912717 0.347737
vt 2.919230 0.238676
vt 2.819757 0.298340
vt 2.819875 0.352415
vt 2.931423 0.449566
vt 2.923572 0.570164
vt 2.917484 0.447551
vt 2.925968 0.349334
vt 2.819956 0.452667
vt 2.833773 0.455365
vt 2.819757 0.576275
vt 2.879018 0.575501
vt 2.861915 0.454974
vt 2.875656 0.451892
vt 2.889382 0.448724
vt 2.893535 0.571420
vt 2.847856 0.456116
vt 2.834405 0.579877
vt 2.864468 0.579484
vt 2.849453 0.580929
vt 2.908504 0.569618
vt 2.903397 0.447257
vt 1.576515 0.335686
vt 1.547827 0.000807
vt 1.567578 -0.000325
vt 1.587360 -0.000238
vt 1.594826 0.334988
vt 1.600463 0.587267
vt 1.583226 0.588223
vt 1.565964 0.587703
vt 1.558191 0.335925
vt 1.631047 0.332791
vt 1.646602 0.002882
vt 1.649347 0.332340
vt 1.667651 0.332485
vt 1.651361 0.581392
vt 1.607096 0.001103
vt 1.612934 0.333858
vt 1.626826 0.002511
vt 1.634260 0.582249
vt 1.617446 0.584802
vt 1.685784 0.333252
vt 1.666370 0.002180
vt 1.686074 0.000442
vt 1.703915 0.334081
vt 1.685317 0.584314
vt 1.668470 0.582004
vt 1.631649 1.319600
vt 1.642133 1.134354
vt 1.645096 1.322343
vt 1.645196 1.417344
vt 1.637638 1.448352
vt 1.626869 1.413869
vt 1.618142 1.317151
vt 1.626333 1.131144
vt 1.690037 1.130718
vt 1.699364 1.317907
vt 1.685928 1.320610
vt 1.578497 1.325598
vt 1.608692 1.417041
vt 1.608107 1.455305
vt 1.663871 1.418390
vt 1.672460 1.322900
vt 1.674292 1.134143
vt 1.604428 1.317250
vt 1.610519 1.128054
vt 1.622099 1.447945
vt 1.590873 1.319689
vt 1.578413 1.129358
vt 1.594406 1.127479
vt 1.658228 1.135368
vt 1.658750 1.323521
vt 1.652939 1.451616
vt 1.652484 0.671593
vt 1.670197 0.671416
vt 1.669557 0.737143
vt 1.652906 0.738349
vt 1.636226 0.737646
vt 1.634781 0.671707
vt 1.600875 0.671940
vt 1.584013 0.672244
vt 1.586292 0.731636
vt 1.567154 0.672677
vt 1.687543 0.671300
vt 1.702323 0.586506
vt 1.704132 0.671202
vt 1.702371 0.730607
vt 1.685848 0.733716
vt 1.617447 0.671833
vt 1.619828 0.734712
vt 1.603200 0.732064
vt 1.668592 1.452333
vt 1.640278 1.492716
vt 1.672471 0.914905
vt 1.655652 0.916301
vt 1.638805 0.915339
vt 1.588816 0.907985
vt 1.605694 0.908794
vt 1.571976 0.909578
vt 1.569442 0.733335
vt 1.705414 0.907478
vt 1.688935 0.911178
vt 1.705786 1.127379
vt 1.622254 0.912051
vt 3.430415 0.130718
vt 3.425730 0.275957
vt 3.419919 0.129328
vt 3.409741 0.055540
vt 3.412148 0.029031
vt 3.346846 0.130800
vt 3.367007 0.058493
vt 3.356880 0.134246
vt 3.339341 0.278398
vt 3.388599 0.279202
vt 3.378042 0.135390
vt 3.388419 0.133092
vt 3.381218 0.060308
vt 3.388295 0.033226
vt 3.395308 0.056986
vt 3.398751 0.130570
vt 3.400789 0.276408
vt 3.367429 0.135722
vt 3.351466 0.281489
vt 3.376251 0.034107
vt 3.376390 0.281895
vt 3.363906 0.282645
vt 3.413254 0.275312
vt 3.409284 0.129252
vt 3.400042 0.030146
vt 3.388716 -0.001229
vt 3.365108 0.028939
vt 3.414669 0.627161
vt 3.401515 0.446296
vt 3.414594 0.445319
vt 3.427684 0.446177
vt 3.362792 0.452754
vt 3.349742 0.633603
vt 3.349710 0.451773
vt 3.375878 0.451864
vt 3.375921 0.633601
vt 3.362830 0.634521
vt 3.388752 0.630846
vt 3.388698 0.449090
vt 3.401580 0.628087
vt 3.440517 0.448868
vt 3.427755 0.628070
vt 3.438007 0.278319
vt 3.336915 0.448905
vt 3.336915 0.630849
vt 3.303840 0.130618
vt 3.299265 0.238610
vt 3.293310 0.129354
vt 3.282901 0.055534
vt 3.285232 0.028995
vt 3.220196 0.130868
vt 3.240134 0.058610
vt 3.230192 0.134440
vt 3.212763 0.240135
vt 3.262389 0.241868
vt 3.251409 0.135698
vt 3.261799 0.133370
vt 3.254370 0.060427
vt 3.261372 0.033277
vt 3.268461 0.057057
vt 3.272129 0.130791
vt 3.274483 0.239213
vt 3.240762 0.135991
vt 3.224922 0.243382
vt 3.249324 0.034194
vt 3.250077 0.244250
vt 3.237462 0.244677
vt 3.286863 0.238153
vt 3.282659 0.129380
vt 3.273117 0.030154
vt 3.261682 -0.001229
vt 3.238156 0.029048
vt 3.288158 0.297326
vt 3.275221 0.358498
vt 3.274902 0.297555
vt 3.301464 0.297203
vt 3.301472 0.358037
vt 3.288357 0.359159
vt 3.236864 0.352815
vt 3.223729 0.297709
vt 3.236561 0.297995
vt 3.249373 0.298058
vt 3.261858 0.297836
vt 3.249945 0.353462
vt 3.262679 0.355897
vt 3.313962 0.354992
vt 3.314592 0.297198
vt 3.311517 0.240689
vt 3.211262 0.297132
vt 3.223805 0.353696
vt 3.211119 0.356388
vt 3.316182 0.630163
vt 3.302028 0.479014
vt 3.314712 0.476563
vt 3.224228 0.474836
vt 3.211543 0.477132
vt 3.224263 0.630408
vt 3.211119 0.630573
vt 3.263193 0.477004
vt 3.250556 0.630393
vt 3.250493 0.474767
vt 3.275913 0.479235
vt 3.263701 0.630543
vt 3.237409 0.630353
vt 3.237358 0.474055
vt 3.288977 0.479918
vt 3.276823 0.630700
vt 3.303065 0.630510
vt 3.289945 0.630690
vt 2.851667 1.057922
vt 2.834921 0.938440
vt 2.847043 0.935552
vt 2.861293 1.053433
vt 2.865453 1.138040
vt 2.861611 1.170682
vt 2.852009 1.143570
vt 2.841399 1.060761
vt 2.881745 1.047788
vt 2.895380 0.928814
vt 2.892145 1.050231
vt 2.906997 0.933276
vt 2.901852 1.054703
vt 2.892597 1.139603
vt 2.884353 1.165584
vt 2.879239 1.134029
vt 2.871209 1.049508
vt 2.858698 0.931156
vt 2.870487 0.927430
vt 2.872297 1.164732
vt 2.918758 0.937465
vt 2.911331 1.059453
vt 2.830791 1.059978
vt 2.849787 1.173741
vt 2.894335 1.172978
vt 2.873198 1.205872
vt 2.920719 0.875458
vt 2.909384 0.823681
vt 2.922171 0.820893
vt 2.819809 0.822706
vt 2.832875 0.874842
vt 2.819757 0.876087
vt 2.822515 0.937383
vt 2.908373 0.874458
vt 2.858456 0.869287
vt 2.870747 0.818135
vt 2.871197 0.868660
vt 2.883361 0.821467
vt 2.883544 0.869722
vt 2.883033 0.926110
vt 2.896346 0.823464
vt 2.895919 0.872066
vt 2.845883 0.872017
vt 2.832190 0.818548
vt 2.845035 0.815881
vt 2.844867 0.715283
vt 2.831919 0.595423
vt 2.844646 0.592158
vt 2.857792 0.591886
vt 2.857977 0.715471
vt 2.832007 0.717982
vt 2.882879 0.723852
vt 2.895334 0.603882
vt 2.895814 0.726372
vt 2.908995 0.726067
vt 2.870358 0.595736
vt 2.870571 0.719273
vt 2.882544 0.600720
vt 2.858169 0.815460
vt 2.921476 0.722109
vt 2.908497 0.604082
vt 2.921031 0.600136
vt 2.819818 0.600543
vt 2.819757 0.722799
vt 0.426579 1.604906
vt 0.451299 1.606359
vt 0.402043 1.608248
vt 0.497884 1.618447
vt 0.514838 1.528131
vt 0.521816 1.619739
vt 0.356521 1.623868
vt 0.332758 1.626990
vt 0.378890 1.616034
vt 0.474980 1.612349
vt 0.975452 0.447261
vt 0.987012 0.001793
vt 0.999728 0.446181
vt 1.009350 0.780152
vt 0.986476 0.781660
vt 1.168625 0.444459
vt 1.144221 0.779168
vt 1.144329 0.444092
vt 1.144017 -0.000509
vt 1.170237 -0.001229
vt 1.065585 0.005434
vt 1.096260 0.442274
vt 1.071995 0.442229
vt 1.076928 0.772355
vt 1.047741 0.442974
vt 1.117896 0.001871
vt 1.120296 0.443143
vt 1.121760 0.776412
vt 1.099508 0.773297
vt 1.091788 0.004340
vt 1.023731 0.444535
vt 1.039362 0.005108
vt 1.054206 0.773373
vt 1.031877 0.776726
vt 1.013192 0.003406
vt 1.125979 1.746077
vt 1.107749 1.504757
vt 1.128831 1.501596
vt 1.143828 1.742775
vt 1.128672 1.871241
vt 1.112942 1.916599
vt 1.104058 1.874424
vt 1.108103 1.749163
vt 1.036066 1.742165
vt 1.044859 1.493276
vt 1.054092 1.744496
vt 1.065709 1.498259
vt 1.071904 1.747836
vt 1.079386 1.874378
vt 1.071688 1.917049
vt 1.054786 1.871752
vt 1.161816 1.742063
vt 1.149441 1.496327
vt 1.170237 1.491771
vt 1.002499 1.493803
vt 1.017978 1.743787
vt 1.051126 1.919380
vt 1.086484 1.502937
vt 1.089989 1.749661
vt 1.092295 1.918409
vt 1.077647 0.891626
vt 1.101397 0.894425
vt 1.079748 0.979147
vt 1.058658 0.972637
vt 1.055081 0.888722
vt 1.147412 0.894385
vt 1.166968 0.779800
vt 1.169750 0.891780
vt 1.010651 0.890018
vt 0.988802 0.893383
vt 1.014704 0.966844
vt 0.992883 0.972373
vt 1.165800 0.969147
vt 1.032578 0.888415
vt 1.037154 0.967659
vt 1.125078 0.895455
vt 1.144844 0.976125
vt 1.123345 0.981624
vt 1.093117 1.974494
vt 1.133640 1.918378
vt 1.061291 1.207896
vt 1.082623 1.214684
vt 1.101352 0.983656
vt 1.104579 1.218747
vt 1.169491 1.202961
vt 1.017347 1.200458
vt 0.995414 1.205287
vt 1.023592 1.490803
vt 1.148338 1.210163
vt 1.039653 1.202241
vt 1.126833 1.216326
vt 2.243911 0.620862
vt 2.222981 0.436392
vt 2.238810 0.431207
vt 2.257512 0.617247
vt 2.262170 0.717475
vt 2.256151 0.754954
vt 2.244096 0.724008
vt 2.230499 0.625314
vt 2.285513 0.618902
vt 2.303225 0.439751
vt 2.299010 0.622956
vt 2.319471 0.442641
vt 2.312619 0.626774
vt 2.299278 0.724285
vt 2.287239 0.754994
vt 2.281105 0.717799
vt 2.271547 0.430412
vt 2.271614 0.616861
vt 2.287437 0.434914
vt 2.271656 0.750983
vt 2.326477 0.628446
vt 2.335890 0.441079
vt 2.207277 0.441555
vt 2.216803 0.628650
vt 2.241443 0.761878
vt 2.302026 0.761874
vt 2.271745 0.798829
vt 2.337968 0.233326
vt 2.320571 0.018111
vt 2.337246 0.013088
vt 2.204758 0.013468
vt 2.220735 0.226871
vt 2.204758 0.233840
vt 2.321181 0.237622
vt 2.254502 0.219305
vt 2.270856 0.003740
vt 2.271368 0.223604
vt 2.286667 0.011064
vt 2.287337 0.230365
vt 2.255213 0.428377
vt 2.303191 0.016636
vt 2.303858 0.235816
vt 2.237210 0.221209
vt 2.220464 0.006017
vt 2.236888 0.000325
vt 2.096321 0.659437
vt 2.074094 0.519123
vt 2.090141 0.515192
vt 2.109884 0.655468
vt 2.115018 0.755193
vt 2.109158 0.792606
vt 2.096910 0.761830
vt 2.082817 0.663723
vt 2.138178 0.655328
vt 2.156528 0.514862
vt 2.151780 0.659162
vt 2.172615 0.518635
vt 2.165325 0.663314
vt 2.152206 0.761556
vt 2.140264 0.792451
vt 2.134033 0.755099
vt 2.124025 0.654177
vt 2.106502 0.511509
vt 2.123312 0.510374
vt 2.140132 0.511342
vt 2.124691 0.788530
vt 2.189164 0.520239
vt 2.179145 0.665890
vt 2.057561 0.520892
vt 2.069023 0.666436
vt 2.094439 0.799590
vt 2.155051 0.799289
vt 2.124928 0.836413
vt 2.189824 0.440844
vt 2.173184 0.359557
vt 2.190547 0.358582
vt 2.056114 0.441507
vt 2.071947 0.360059
vt 2.073315 0.441168
vt 2.172620 0.440676
vt 2.106371 0.440134
vt 2.122604 0.367526
vt 2.122963 0.439916
vt 2.139555 0.439969
vt 2.155718 0.440294
vt 2.139860 0.366486
vt 2.156640 0.363099
vt 2.088525 0.363437
vt 2.090213 0.440619
vt 2.105339 0.366657
vt 2.070539 0.200083
vt 2.085851 -0.000539
vt 2.087452 0.202955
vt 2.103313 -0.000425
vt 2.104341 0.205841
vt 2.156122 0.202615
vt 2.138245 -0.000598
vt 2.155706 -0.000885
vt 2.173007 0.199575
vt 2.139263 0.205668
vt 2.120780 -0.000455
vt 2.121807 0.206743
vt 2.190349 0.198626
vt 2.173129 -0.001169
vt 2.190547 -0.001229
vt 2.053188 0.199306
vt 2.068426 -0.000650
vt 2.054576 0.359256
vt 2.636091 0.173246
vt 2.630104 0.315717
vt 2.622151 0.171573
vt 2.608396 0.073893
vt 2.611490 0.038779
vt 2.525384 0.173623
vt 2.551794 0.077971
vt 2.538613 0.178362
vt 2.515644 0.318750
vt 2.580924 0.320577
vt 2.566672 0.180009
vt 2.580426 0.176912
vt 2.570628 0.080374
vt 2.579908 0.044438
vt 2.589280 0.075909
vt 2.594102 0.173483
vt 2.597045 0.316741
vt 2.552591 0.180412
vt 2.531621 0.323262
vt 2.563963 0.045649
vt 2.564716 0.324178
vt 2.548113 0.325032
vt 2.613559 0.315095
vt 2.608047 0.171610
vt 2.595454 0.040309
vt 2.580332 -0.001229
vt 2.549186 0.038834
vt 2.615768 0.462172
vt 2.597999 0.391823
vt 2.615320 0.390456
vt 2.632715 0.391280
vt 2.546776 0.399532
vt 2.529472 0.469040
vt 2.529512 0.398199
vt 2.564028 0.398584
vt 2.564093 0.469194
vt 2.546780 0.470088
vt 2.581269 0.466295
vt 2.580962 0.395247
vt 2.598390 0.463264
vt 2.649859 0.394265
vt 2.633117 0.463012
vt 2.646436 0.318561
vt 2.512652 0.394425
vt 2.512257 0.466241
vt 2.650256 0.598505
vt 2.633237 0.758492
vt 2.633194 0.595622
vt 2.650256 0.465746
vt 2.513057 0.598823
vt 2.530245 0.601772
vt 2.514078 0.762086
vt 2.581893 0.763044
vt 2.564512 0.602407
vt 2.581555 0.599192
vt 2.598597 0.595831
vt 2.598753 0.758818
vt 2.547396 0.603117
vt 2.531246 0.765611
vt 2.565014 0.766976
vt 2.548163 0.767541
vt 2.616075 0.757395
vt 2.615935 0.594684
vt 0.751816 0.447261
vt 0.763376 0.001793
vt 0.776092 0.446181
vt 0.785714 0.780153
vt 0.762840 0.781661
vt 0.944989 0.444459
vt 0.920585 0.779168
vt 0.920693 0.444092
vt 0.920381 -0.000509
vt 0.946601 -0.001229
vt 0.841949 0.005434
vt 0.872624 0.442274
vt 0.848359 0.442229
vt 0.853292 0.772355
vt 0.824105 0.442974
vt 0.894261 0.001871
vt 0.896660 0.443143
vt 0.898124 0.776412
vt 0.875873 0.773297
vt 0.868152 0.004340
vt 0.800096 0.444535
vt 0.815726 0.005108
vt 0.830570 0.773373
vt 0.808241 0.776726
vt 0.789556 0.003406
vt 0.902343 1.746077
vt 0.884113 1.504758
vt 0.905195 1.501597
vt 0.920192 1.742776
vt 0.905036 1.871242
vt 0.889306 1.916599
vt 0.880422 1.874425
vt 0.884467 1.749163
vt 0.812431 1.742166
vt 0.821223 1.493276
vt 0.830456 1.744496
vt 0.842073 1.498259
vt 0.848268 1.747836
vt 0.855750 1.874379
vt 0.848052 1.917050
vt 0.831150 1.871753
vt 0.938180 1.742063
vt 0.925806 1.496327
vt 0.946601 1.491771
vt 0.778863 1.493803
vt 0.794343 1.743787
vt 0.827490 1.919380
vt 0.862848 1.502938
vt 0.866354 1.749661
vt 0.868659 1.918409
vt 0.854012 0.891626
vt 0.877761 0.894425
vt 0.856112 0.979147
vt 0.835022 0.972638
vt 0.831445 0.888722
vt 0.923776 0.894385
vt 0.943332 0.779800
vt 0.946115 0.891780
vt 0.787015 0.890018
vt 0.765166 0.893383
vt 0.791068 0.966844
vt 0.769247 0.972373
vt 0.942165 0.969147
vt 0.808943 0.888415
vt 0.813518 0.967659
vt 0.901442 0.895455
vt 0.921209 0.976125
vt 0.899710 0.981624
vt 0.869481 1.974494
vt 0.910003 1.918378
vt 0.837656 1.207897
vt 0.858987 1.214684
vt 0.877716 0.983656
vt 0.880943 1.218747
vt 0.945855 1.202961
vt 0.793710 1.200458
vt 0.771779 1.205287
vt 0.799956 1.490803
vt 0.924702 1.210163
vt 0.816017 1.202242
vt 0.903197 1.216326
vt 2.397659 0.620863
vt 2.376730 0.436392
vt 2.392559 0.431207
vt 2.411260 0.617247
vt 2.415918 0.717476
vt 2.409899 0.754955
vt 2.397844 0.724008
vt 2.384247 0.625314
vt 2.439261 0.618902
vt 2.456974 0.439751
vt 2.452758 0.622956
vt 2.473219 0.442642
vt 2.466367 0.626775
vt 2.453026 0.724286
vt 2.440987 0.754994
vt 2.434852 0.717799
vt 2.425296 0.430412
vt 2.425363 0.616862
vt 2.441186 0.434914
vt 2.425404 0.750983
vt 2.480225 0.628446
vt 2.489639 0.441080
vt 2.361026 0.441555
vt 2.370551 0.628650
vt 2.395191 0.761879
vt 2.455773 0.761874
vt 2.425493 0.798829
vt 2.491717 0.233326
vt 2.474320 0.018112
vt 2.490996 0.013088
vt 2.358508 0.013468
vt 2.374485 0.226871
vt 2.358508 0.233840
vt 2.474930 0.237623
vt 2.408251 0.219305
vt 2.424606 0.003740
vt 2.425117 0.223604
vt 2.440417 0.011064
vt 2.441086 0.230365
vt 2.408962 0.428377
vt 2.456941 0.016636
vt 2.457607 0.235817
vt 2.390960 0.221209
vt 2.374213 0.006017
vt 2.390638 0.000325
vt 1.942570 0.659437
vt 1.920343 0.519123
vt 1.936391 0.515192
vt 1.956133 0.655468
vt 1.961267 0.755193
vt 1.955407 0.792606
vt 1.943159 0.761831
vt 1.929067 0.663722
vt 1.984427 0.655328
vt 2.002778 0.514862
vt 1.998029 0.659162
vt 2.018864 0.518635
vt 2.011574 0.663314
vt 1.998455 0.761557
vt 1.986512 0.792452
vt 1.980282 0.755099
vt 1.970274 0.654177
vt 1.952752 0.511509
vt 1.969561 0.510373
vt 1.986382 0.511342
vt 1.970940 0.788531
vt 2.035413 0.520240
vt 2.025394 0.665890
vt 1.903811 0.520892
vt 1.915273 0.666436
vt 1.940688 0.799590
vt 2.001300 0.799290
vt 1.971177 0.836413
vt 2.036074 0.440845
vt 2.019434 0.359557
vt 2.036797 0.358582
vt 1.902364 0.441507
vt 1.918197 0.360059
vt 1.919565 0.441168
vt 2.018870 0.440676
vt 1.952621 0.440134
vt 1.968854 0.367526
vt 1.969212 0.439916
vt 1.985805 0.439969
vt 2.001967 0.440294
vt 1.986109 0.366486
vt 2.002890 0.363099
vt 1.934775 0.363437
vt 1.936463 0.440619
vt 1.951588 0.366657
vt 1.916789 0.200083
vt 1.932101 -0.000539
vt 1.933702 0.202955
vt 1.949563 -0.000425
vt 1.950591 0.205841
vt 2.002373 0.202615
vt 1.984496 -0.000598
vt 2.001956 -0.000885
vt 2.019257 0.199575
vt 1.985513 0.205668
vt 1.967030 -0.000455
vt 1.968057 0.206743
vt 2.036599 0.198626
vt 2.019379 -0.001169
vt 2.036797 -0.001229
vt 1.899438 0.199306
vt 1.914676 -0.000650
vt 1.900825 0.359256
vt 2.789842 0.173246
vt 2.783855 0.315717
vt 2.775902 0.171573
vt 2.762146 0.073893
vt 2.765240 0.038779
vt 2.679134 0.173623
vt 2.705544 0.077971
vt 2.692363 0.178362
vt 2.669394 0.318750
vt 2.734673 0.320577
vt 2.720422 0.180009
vt 2.734177 0.176912
vt 2.724378 0.080374
vt 2.733659 0.044438
vt 2.743030 0.075908
vt 2.747853 0.173483
vt 2.750795 0.316741
vt 2.706341 0.180412
vt 2.685370 0.323261
vt 2.717713 0.045649
vt 2.718466 0.324177
vt 2.701863 0.325032
vt 2.767309 0.315095
vt 2.761797 0.171610
vt 2.749204 0.040309
vt 2.734082 -0.001229
vt 2.702936 0.038833
vt 2.769517 0.462172
vt 2.751749 0.391823
vt 2.769070 0.390456
vt 2.786464 0.391280
vt 2.700526 0.399532
vt 2.683222 0.469040
vt 2.683261 0.398198
vt 2.717778 0.398583
vt 2.717842 0.469194
vt 2.700530 0.470088
vt 2.735018 0.466294
vt 2.734712 0.395246
vt 2.752139 0.463264
vt 2.803609 0.394265
vt 2.786866 0.463012
vt 2.800186 0.318561
vt 2.666402 0.394425
vt 2.666007 0.466241
vt 2.804005 0.598505
vt 2.786985 0.758491
vt 2.786944 0.595622
vt 2.804005 0.465747
vt 2.666806 0.598823
vt 2.683995 0.601772
vt 2.667827 0.762086
vt 2.735642 0.763044
vt 2.718261 0.602407
vt 2.735304 0.599191
vt 2.752346 0.595830
vt 2.752502 0.758818
vt 2.701145 0.603117
vt 2.684995 0.765610
vt 2.718763 0.766976
vt 2.701912 0.767541
vt 2.769823 0.757395
vt 2.769684 0.594684
vt 0.999900 0.000100
vt 0.000100 0.999900
vt 0.999900 0.999900
vt 0.000100 0.000100
vt 0.393317 -3.522884
vt 0.179846 -3.522884
vt 0.606748 -3.522884
vt 0.820136 -3.522884
vt 0.150879 0.770831
vt 0.199703 0.785799
vt 0.049679 0.770670
vt 0.100514 0.765765
vt 0.926858 4.322885
vt 0.822813 2.249645
vt 1.184419 0.000903
vt 2.959529 -0.000707
vt 3.105569 1.205865
vt 1.895267 0.730667
vt 3.127256 0.641943
vt 0.206012 0.010983
vt 1.366123 0.000903
vt 0.122148 0.403064
vt 2.938380 0.573017
vt 1.705786 -0.001229
vt 3.440581 0.630815
vt 0.960783 0.001842
vt 2.254206 -0.001229
vt 2.051008 -0.000537
vt 2.650146 0.761821
vt 0.737147 0.001842
vt 2.407955 -0.001229
vt 1.897258 -0.000537
vt 2.803894 0.761821
s 1
usemtl BirchTree_Bark.005
f 402/1/1 384/2/2 1/3/3
f 1/3/3 1200/4/4 385/5/5
f 385/6/5 396/7/6 1/8/3
f 1/8/3 1208/9/7 402/10/1
f 401/11/8 396/7/6 2/12/9
f 2/12/9 1202/13/10 388/14/11
f 388/14/11 397/15/12 2/12/9
f 2/12/9 1209/16/13 401/11/8
f 400/17/14 397/15/12 3/18/15
f 3/18/15 1206/19/16 391/20/17
f 3/18/15 1204/21/18 398/22/19
f 398/22/19 400/17/14 3/18/15
f 4/23/20 1210/24/21 398/22/19
f 398/22/19 394/25/22 4/23/20
f 4/23/20 1200/4/4 384/2/2
f 384/2/2 399/26/23 4/23/20
f 393/27/24 392/28/25 5/29/26
f 5/29/26 1210/24/21 399/26/23
f 5/29/26 1207/30/27 395/31/28
f 395/31/28 393/27/24 5/29/26
f 428/32/29 434/33/30 6/34/31
f 434/35/30 407/36/32 6/37/31
f 6/37/31 1211/38/33 403/39/34
f 403/40/34 428/32/29 6/34/31
f 390/41/35 389/42/36 7/43/37
f 7/43/37 1209/16/13 400/17/14
f 7/43/37 1210/24/21 392/28/25
f 392/28/25 390/41/35 7/43/37
f 387/44/38 386/45/39 8/46/40
f 8/46/40 1208/9/7 401/11/8
f 8/46/40 1209/16/13 389/42/36
f 389/42/36 387/44/38 8/46/40
f 383/47/41 395/31/28 9/48/42
f 9/48/42 1207/30/27 402/1/1
f 9/49/42 1208/9/7 386/45/39
f 386/45/39 383/50/41 9/49/42
f 420/51/43 426/52/44 10/53/45
f 426/52/44 415/54/46 10/53/45
f 10/53/45 1217/55/47 413/56/48
f 10/53/45 1218/57/49 420/51/43
f 407/36/32 433/58/50 11/59/51
f 433/58/50 409/60/52 11/59/51
f 409/60/52 406/61/53 11/59/51
f 11/59/51 1211/38/33 407/36/32
f 430/62/54 432/63/55 12/64/56
f 12/64/56 1224/65/57 428/32/29
f 12/64/56 1212/66/58 404/67/59
f 404/67/59 430/62/54 12/64/56
f 409/60/52 431/68/60 13/69/61
f 431/68/60 430/62/54 13/69/61
f 13/69/61 1213/70/62 405/71/63
f 13/69/61 1214/72/64 409/60/52
f 413/73/48 412/74/65 14/75/66
f 412/74/65 411/76/67 14/75/66
f 411/77/67 414/78/68 14/75/66
f 414/78/68 413/73/48 14/75/66
f 422/79/69 425/80/70 15/81/71
f 425/82/70 417/83/72 15/84/71
f 15/84/71 1215/85/73 411/86/67
f 15/81/71 1216/87/74 422/79/69
f 16/88/75 1221/89/76 424/90/77
f 424/90/77 420/51/43 16/88/75
f 16/88/75 1218/57/49 414/91/68
f 16/88/75 1215/85/73 417/83/72
f 415/54/46 423/92/78 17/93/79
f 17/93/79 1222/94/80 422/79/69
f 17/93/79 1216/87/74 412/95/65
f 17/93/79 1217/55/47 415/54/46
f 419/96/81 442/97/82 18/98/83
f 18/98/83 1228/99/84 436/100/85
f 436/100/85 423/92/78 18/98/83
f 18/98/83 1219/101/86 419/96/81
f 19/102/87 1230/103/88 441/104/89
f 441/104/89 435/105/90 19/102/87
f 19/102/87 1220/106/91 424/90/77
f 424/90/77 421/107/92 19/102/87
f 436/100/85 440/108/93 20/109/94
f 440/110/93 421/107/92 20/111/94
f 20/111/94 1221/89/76 425/82/70
f 20/109/94 1222/94/80 436/100/85
f 21/112/95 1227/113/96 439/114/97
f 21/112/95 1229/115/98 419/96/81
f 419/96/81 426/52/44 21/112/95
f 426/52/44 435/105/90 21/112/95
f 429/116/99 391/20/17 22/117/100
f 22/117/100 1206/19/16 410/118/101
f 410/118/101 431/68/60 22/117/100
f 22/117/100 1225/119/102 429/116/99
f 410/118/101 388/14/11 23/120/103
f 388/14/11 408/121/104 23/120/103
f 23/120/103 1224/65/57 432/63/55
f 23/120/103 1226/122/105 410/118/101
f 24/123/106 1200/4/4 394/25/22
f 394/25/22 429/116/99 24/123/106
f 429/116/99 433/58/50 24/123/106
f 433/58/50 427/124/107 24/123/106
f 25/125/108 1202/13/10 385/6/5
f 385/5/5 427/124/107 25/126/108
f 25/126/108 1223/127/109 434/35/30
f 434/33/30 408/121/104 25/125/108
f 416/128/110 405/71/63 26/129/111
f 26/129/111 1213/70/62 437/130/112
f 437/130/112 439/114/97 26/129/111
f 26/129/111 1227/113/96 416/128/110
f 27/131/113 1212/66/58 403/40/34
f 403/39/34 438/132/114 27/133/113
f 27/133/113 1230/103/88 440/110/93
f 440/108/93 418/134/115 27/131/113
f 438/132/114 406/61/53 28/135/116
f 28/135/116 1214/72/64 416/128/110
f 416/128/110 441/104/89 28/135/116
f 28/135/116 1230/103/88 438/132/114
f 29/136/117 1213/70/62 404/67/59
f 404/67/59 418/134/115 29/136/117
f 29/136/117 1228/99/84 442/97/82
f 442/97/82 437/130/112 29/136/117
f 30/137/118 1234/138/119 451/139/120
f 451/139/120 449/140/121 30/137/118
f 449/141/121 452/142/122 30/143/118
f 30/143/118 1233/144/123 445/145/124
f 443/146/125 453/147/126 31/148/127
f 31/148/127 1235/149/128 447/150/129
f 31/148/127 1236/151/130 454/152/131
f 454/152/131 443/146/125 31/148/127
f 446/153/132 452/142/122 32/154/133
f 32/154/133 1237/155/134 450/156/135
f 450/156/135 453/147/126 32/154/133
f 32/154/133 1231/157/136 446/153/132
f 33/158/137 1232/159/138 454/152/131
f 454/152/131 448/160/139 33/158/137
f 33/158/137 1238/161/140 451/139/120
f 451/139/120 444/162/141 33/158/137
f 470/163/142 463/164/143 34/165/144
f 34/165/144 1242/166/145 457/167/146
f 34/168/144 1241/169/147 460/170/148
f 460/170/148 470/171/142 34/168/144
f 35/172/149 1245/173/150 465/174/151
f 465/174/151 455/175/152 35/172/149
f 455/175/152 462/176/153 35/172/149
f 35/172/149 1246/177/154 469/178/155
f 36/179/156 1244/180/157 460/170/148
f 460/170/148 458/181/158 36/179/156
f 36/179/156 1239/182/159 465/174/151
f 465/174/151 468/183/160 36/179/156
f 467/184/161 462/176/153 37/185/162
f 37/185/162 1240/186/163 456/187/164
f 456/187/164 463/164/143 37/185/162
f 37/185/162 1243/188/165 467/184/161
f 38/189/166 1236/151/130 466/190/167
f 38/189/166 1246/177/154 467/184/161
f 467/184/161 459/191/168 38/189/166
f 459/191/168 448/160/139 38/189/166
f 450/156/135 464/192/169 39/193/170
f 464/192/169 468/183/160 39/193/170
f 39/193/170 1245/173/150 461/194/171
f 39/193/170 1235/149/128 450/156/135
f 447/150/129 461/194/171 40/195/172
f 461/194/171 469/178/155 40/195/172
f 469/178/155 466/190/167 40/195/172
f 466/190/167 447/150/129 40/195/172
f 41/196/173 1238/161/140 459/191/168
f 41/196/173 1243/188/165 470/163/142
f 41/197/173 1244/180/157 464/192/169
f 41/197/173 1237/155/134 449/141/121
f 42/198/174 1257/199/175 494/200/176
f 494/200/176 475/201/177 42/198/174
f 42/198/174 1249/202/178 474/203/179
f 42/198/174 1247/204/180 489/205/181
f 490/206/182 493/207/183 43/208/184
f 43/208/184 1256/209/185 477/210/186
f 43/208/184 1248/211/187 472/212/188
f 43/208/184 1250/213/189 490/206/182
f 44/214/190 1255/215/191 492/216/192
f 44/217/190 1258/218/193 490/206/182
f 44/217/190 1250/213/189 473/219/194
f 44/214/190 1249/202/178 475/201/177
f 477/210/186 491/220/195 45/221/196
f 491/220/195 489/205/181 45/221/196
f 45/221/196 1247/204/180 471/222/197
f 45/221/196 1248/211/187 477/210/186
f 46/223/198 1240/186/163 455/175/152
f 46/223/198 1239/182/159 476/224/199
f 476/224/199 483/225/200 46/223/198
f 46/223/198 1253/226/201 481/227/202
f 479/228/203 457/229/146 47/230/204
f 457/167/146 478/231/205 47/232/204
f 47/232/204 1254/233/206 484/234/207
f 484/235/207 479/228/203 47/230/204
f 48/236/208 1242/166/145 456/187/164
f 456/187/164 481/227/202 48/236/208
f 48/236/208 1253/226/201 485/237/209
f 485/237/209 478/231/205 48/236/208
f 476/224/199 458/181/158 49/238/210
f 49/238/210 1241/169/147 479/228/203
f 479/228/203 486/239/211 49/238/210
f 49/238/210 1252/240/212 476/224/199
f 472/212/188 471/222/197 50/241/213
f 471/222/197 474/203/179 50/241/213
f 474/203/179 473/242/194 50/241/213
f 473/219/194 472/212/188 50/241/213
f 488/243/214 483/225/200 51/244/215
f 51/244/215 1252/240/212 480/245/216
f 51/244/215 1257/199/175 491/220/195
f 51/244/215 1256/209/185 488/243/214
f 52/246/217 1251/247/218 484/235/207
f 484/234/207 482/248/219 52/249/217
f 482/248/219 492/250/192 52/249/217
f 492/216/192 487/251/220 52/246/217
f 53/252/221 1254/233/206 485/237/209
f 485/237/209 488/243/214 53/252/221
f 488/243/214 493/207/183 53/252/221
f 53/252/221 1258/218/193 482/248/219
f 480/245/216 486/239/211 54/253/222
f 486/239/211 487/251/220 54/253/222
f 54/253/222 1255/215/191 494/200/176
f 494/200/176 480/245/216 54/253/222
f 55/254/223 1263/255/224 501/256/225
f 55/254/223 1262/257/226 497/258/227
f 55/259/223 1261/260/228 499/261/229
f 55/259/223 1264/262/230 506/263/231
f 505/264/232 502/265/233 56/266/234
f 502/265/233 495/267/235 56/266/234
f 495/267/235 500/268/236 56/266/234
f 500/268/236 505/264/232 56/266/234
f 504/269/237 499/261/229 57/270/238
f 499/261/229 498/271/239 57/270/238
f 57/270/238 1259/272/240 502/265/233
f 57/270/238 1265/273/241 504/269/237
f 58/274/242 1266/275/243 500/268/236
f 58/274/242 1260/276/244 496/277/245
f 496/277/245 501/256/225 58/274/242
f 501/256/225 503/278/246 58/274/242
f 59/279/247 1277/280/248 530/281/249
f 530/281/249 511/282/250 59/279/247
f 59/279/247 1269/283/251 510/284/252
f 59/279/247 1267/285/253 525/286/254
f 526/287/255 529/288/256 60/289/257
f 60/289/257 1276/290/258 513/291/259
f 60/289/257 1268/292/260 508/293/261
f 60/289/257 1270/294/262 526/287/255
f 61/295/263 1275/296/264 528/297/265
f 61/298/263 1278/299/266 526/287/255
f 61/298/263 1270/294/262 509/300/267
f 61/295/263 1269/283/251 511/282/250
f 513/291/259 527/301/268 62/302/269
f 527/301/268 525/286/254 62/302/269
f 62/302/269 1267/285/253 507/303/270
f 62/302/269 1268/292/260 513/291/259
f 63/304/271 1260/276/244 495/267/235
f 63/304/271 1259/272/240 512/305/272
f 63/304/271 1272/306/273 519/307/274
f 63/304/271 1273/308/275 517/309/276
f 515/310/277 497/311/227 64/312/278
f 497/258/227 514/313/279 64/314/278
f 514/313/279 520/315/280 64/314/278
f 520/316/280 515/310/277 64/312/278
f 65/317/281 1262/257/226 496/277/245
f 496/277/245 517/309/276 65/317/281
f 517/309/276 521/318/282 65/317/281
f 65/317/281 1274/319/283 514/313/279
f 512/305/272 498/271/239 66/320/284
f 66/320/284 1261/260/228 515/310/277
f 66/320/284 1271/321/285 522/322/286
f 522/322/286 512/305/272 66/320/284
f 508/293/261 507/303/270 67/323/287
f 507/303/270 510/284/252 67/323/287
f 510/284/252 509/324/267 67/323/287
f 509/300/267 508/293/261 67/323/287
f 524/325/288 519/307/274 68/326/289
f 519/307/274 516/327/290 68/326/289
f 68/326/289 1277/280/248 527/301/268
f 68/326/289 1276/290/258 524/325/288
f 69/328/291 1271/321/285 520/316/280
f 69/329/291 1274/319/283 518/330/292
f 518/330/292 528/331/265 69/329/291
f 528/297/265 523/332/293 69/328/291
f 518/330/292 521/318/282 70/333/294
f 70/333/294 1273/308/275 524/325/288
f 524/325/288 529/288/256 70/333/294
f 70/333/294 1278/299/266 518/330/292
f 71/334/295 1272/306/273 522/322/286
f 522/322/286 523/332/293 71/334/295
f 71/334/295 1275/296/264 530/281/249
f 530/281/249 516/327/290 71/334/295
f 72/335/296 1289/336/297 550/337/298
f 550/337/298 535/338/299 72/335/296
f 72/335/296 1281/339/300 534/340/301
f 72/335/296 1279/341/302 545/342/303
f 546/343/304 549/344/305 73/345/306
f 73/345/306 1288/346/307 536/347/308
f 73/345/306 1280/348/309 532/349/310
f 73/345/306 1282/350/311 546/343/304
f 74/351/312 1287/352/313 548/353/314
f 74/351/312 1290/354/315 546/343/304
f 74/351/312 1282/350/311 533/355/316
f 74/351/312 1281/339/300 535/338/299
f 536/347/308 547/356/317 75/357/318
f 547/358/317 545/342/303 75/359/318
f 75/359/318 1279/341/302 531/360/319
f 75/357/318 1280/348/309 536/347/308
f 532/349/310 531/361/319 76/362/320
f 531/360/319 534/340/301 76/362/320
f 534/340/301 533/355/316 76/362/320
f 533/355/316 532/349/310 76/362/320
f 544/363/321 539/364/322 77/365/323
f 539/366/322 537/367/324 77/368/323
f 77/368/323 1289/336/297 547/358/317
f 77/365/323 1288/346/307 544/363/321
f 78/369/325 1283/370/326 540/371/327
f 78/369/325 1286/372/328 538/373/329
f 538/373/329 548/353/314 78/369/325
f 548/353/314 543/374/330 78/369/325
f 538/373/329 541/375/331 79/376/332
f 79/376/332 1285/377/333 544/363/321
f 544/363/321 549/344/305 79/376/332
f 79/376/332 1290/354/315 538/373/329
f 80/378/334 1284/379/335 542/380/336
f 542/380/336 543/374/330 80/378/334
f 80/378/334 1287/352/313 550/337/298
f 550/337/298 537/367/324 80/378/334
f 81/381/337 1301/382/338 570/383/339
f 570/383/339 555/384/340 81/381/337
f 81/381/337 1293/385/341 554/386/342
f 81/381/337 1291/387/343 565/388/344
f 566/389/345 569/390/346 82/391/347
f 82/391/347 1300/392/348 556/393/349
f 82/391/347 1292/394/350 552/395/351
f 82/391/347 1294/396/352 566/389/345
f 83/397/353 1299/398/354 568/399/355
f 83/397/353 1302/400/356 566/389/345
f 83/397/353 1294/396/352 553/401/357
f 83/397/353 1293/385/341 555/384/340
f 556/393/349 567/402/358 84/403/359
f 567/404/358 565/388/344 84/405/359
f 84/405/359 1291/387/343 551/406/360
f 84/403/359 1292/394/350 556/393/349
f 552/395/351 551/407/360 85/408/361
f 551/406/360 554/386/342 85/408/361
f 554/386/342 553/401/357 85/408/361
f 553/401/357 552/395/351 85/408/361
f 86/409/362 1306/410/363 578/411/364
f 86/412/362 1303/413/365 571/414/366
f 86/412/362 1301/382/338 567/404/358
f 86/409/362 1300/392/348 564/415/367
f 563/416/368 577/417/369 87/418/370
f 577/417/369 572/419/371 87/418/370
f 572/419/371 568/399/355 87/418/370
f 568/399/355 563/416/368 87/418/370
f 88/420/372 1304/421/373 576/422/374
f 576/422/374 564/415/367 88/420/372
f 564/415/367 569/390/346 88/420/372
f 88/420/372 1302/400/356 572/419/371
f 571/414/366 575/423/375 89/424/376
f 89/424/376 1305/425/377 563/416/368
f 89/424/376 1299/398/354 570/383/339
f 570/383/339 571/414/366 89/424/376
f 557/426/378 562/427/379 90/428/380
f 90/428/380 1295/429/381 573/430/382
f 573/430/382 575/423/375 90/428/380
f 90/428/380 1303/413/365 557/426/378
f 91/431/383 1298/432/384 561/433/385
f 561/433/385 574/434/386 91/431/383
f 91/431/383 1306/410/363 576/422/374
f 576/422/374 558/435/387 91/431/383
f 573/430/382 560/436/388 92/437/389
f 560/436/388 558/435/387 92/437/389
f 92/437/389 1304/421/373 577/417/369
f 92/437/389 1305/425/377 573/430/382
f 93/438/390 1297/439/391 559/440/392
f 93/441/390 1296/442/393 557/426/378
f 557/426/378 578/443/364 93/441/390
f 578/411/364 574/434/386 93/438/390
f 94/444/394 1317/445/395 593/446/396
f 94/444/394 1307/447/397 582/448/398
f 94/449/394 1309/450/399 583/451/400
f 583/451/400 598/452/401 94/449/394
f 597/453/402 594/454/403 95/455/404
f 95/455/404 1310/456/405 580/457/406
f 95/455/404 1308/458/407 584/459/408
f 95/455/404 1316/460/409 597/453/402
f 96/461/410 1315/462/411 583/451/400
f 96/461/410 1309/450/399 581/463/412
f 96/461/410 1310/456/405 594/454/403
f 96/461/410 1318/464/413 596/465/414
f 595/466/415 584/459/408 97/467/416
f 97/467/416 1308/458/407 579/468/417
f 97/467/416 1307/447/397 593/446/396
f 593/446/396 595/466/415 97/467/416
f 579/468/417 580/457/406 98/469/418
f 580/457/406 581/463/412 98/469/418
f 581/463/412 582/470/398 98/469/418
f 582/448/398 579/468/417 98/469/418
f 99/471/419 1322/472/420 592/473/421
f 99/471/419 1316/460/409 595/466/415
f 99/471/419 1317/445/395 599/474/422
f 99/471/419 1319/475/423 606/476/424
f 605/477/425 591/478/426 100/479/427
f 591/478/426 596/465/414 100/479/427
f 596/465/414 600/480/428 100/479/427
f 600/480/428 605/477/425 100/479/427
f 101/481/429 1320/482/430 600/480/428
f 101/481/429 1318/464/413 597/453/402
f 597/453/402 592/473/421 101/481/429
f 592/473/421 604/483/431 101/481/429
f 603/484/432 599/474/422 102/485/433
f 599/474/422 598/486/401 102/485/433
f 102/487/433 1315/462/411 591/478/426
f 102/487/433 1321/488/434 603/489/432
f 590/490/435 585/491/436 103/492/437
f 103/492/437 1319/475/423 603/484/432
f 603/489/432 601/493/438 103/494/437
f 103/494/437 1311/495/439 590/496/435
f 104/497/440 1314/498/441 586/499/442
f 586/499/442 604/483/431 104/497/440
f 104/497/440 1322/472/420 602/500/443
f 602/500/443 589/501/444 104/497/440
f 588/502/445 601/493/438 105/503/446
f 105/503/446 1321/488/434 605/477/425
f 105/503/446 1320/482/430 586/499/442
f 586/499/442 588/502/445 105/503/446
f 106/504/447 1313/505/448 602/500/443
f 602/500/443 606/476/424 106/504/447
f 606/476/424 585/491/436 106/504/447
f 106/504/447 1312/506/449 587/507/450
f 107/508/451 1333/509/452 621/510/453
f 107/508/451 1323/511/454 610/512/455
f 107/513/451 1325/514/456 611/515/457
f 611/515/457 626/516/458 107/513/451
f 625/517/459 622/518/460 108/519/461
f 108/519/461 1326/520/462 608/521/463
f 108/519/461 1324/522/464 612/523/465
f 108/519/461 1332/524/466 625/517/459
f 109/525/467 1331/526/468 611/515/457
f 109/525/467 1325/514/456 609/527/469
f 109/525/467 1326/520/462 622/518/460
f 109/525/467 1334/528/470 624/529/471
f 623/530/472 612/523/465 110/531/473
f 110/531/473 1324/522/464 607/532/474
f 110/531/473 1323/511/454 621/510/453
f 621/510/453 623/530/472 110/531/473
f 607/532/474 608/521/463 111/533/475
f 608/521/463 609/527/469 111/533/475
f 609/527/469 610/534/455 111/533/475
f 610/512/455 607/532/474 111/533/475
f 634/535/476 620/536/477 112/537/478
f 112/537/478 1332/524/466 623/530/472
f 112/537/478 1333/509/452 627/538/479
f 627/538/479 634/535/476 112/537/478
f 113/539/480 1337/540/481 619/541/482
f 619/541/482 624/529/471 113/539/480
f 624/529/471 628/542/483 113/539/480
f 113/539/480 1336/543/484 633/544/485
f 632/545/486 628/542/483 114/546/487
f 114/546/487 1334/528/470 625/517/459
f 625/517/459 620/536/477 114/546/487
f 114/546/487 1338/547/488 632/545/486
f 115/548/489 1335/549/490 627/538/479
f 627/538/479 626/550/458 115/548/489
f 115/551/489 1331/526/468 619/541/482
f 619/541/482 631/552/491 115/551/489
f 116/553/492 1328/554/493 613/555/494
f 613/555/494 631/556/491 116/553/492
f 116/557/492 1337/540/481 629/558/495
f 629/558/495 618/559/496 116/557/492
f 617/560/497 614/561/498 117/562/499
f 117/562/499 1336/543/484 632/545/486
f 632/545/486 630/563/500 117/562/499
f 117/562/499 1329/564/501 617/560/497
f 118/565/502 1327/566/503 629/558/495
f 629/558/495 633/544/485 118/565/502
f 633/544/485 614/561/498 118/565/502
f 118/565/502 1330/567/504 616/568/505
f 615/569/506 630/563/500 119/570/507
f 119/570/507 1338/547/488 634/535/476
f 119/570/507 1335/549/490 613/555/494
f 613/555/494 615/569/506 119/570/507
f 120/571/508 1349/572/509 649/573/510
f 120/571/508 1339/574/511 638/575/512
f 120/576/508 1341/577/513 639/578/514
f 639/578/514 654/579/515 120/576/508
f 653/580/516 650/581/517 121/582/518
f 121/582/518 1342/583/519 636/584/520
f 121/582/518 1340/585/521 640/586/522
f 121/582/518 1348/587/523 653/580/516
f 122/588/524 1347/589/525 639/578/514
f 122/588/524 1341/577/513 637/590/526
f 122/588/524 1342/583/519 650/581/517
f 122/588/524 1350/591/527 652/592/528
f 651/593/529 640/586/522 123/594/530
f 123/594/530 1340/585/521 635/595/531
f 123/594/530 1339/574/511 649/573/510
f 649/573/510 651/593/529 123/594/530
f 635/595/531 636/584/520 124/596/532
f 636/584/520 637/590/526 124/596/532
f 637/590/526 638/597/512 124/596/532
f 638/575/512 635/595/531 124/596/532
f 125/598/533 1354/599/534 648/600/535
f 125/598/533 1348/587/523 651/593/529
f 125/598/533 1349/572/509 655/601/536
f 125/598/533 1351/602/537 662/603/538
f 661/604/539 647/605/540 126/606/541
f 647/605/540 652/592/528 126/606/541
f 652/592/528 656/607/542 126/606/541
f 656/607/542 661/604/539 126/606/541
f 127/608/543 1352/609/544 656/607/542
f 127/608/543 1350/591/527 653/580/516
f 653/580/516 648/600/535 127/608/543
f 648/600/535 660/610/545 127/608/543
f 659/611/546 655/601/536 128/612/547
f 655/601/536 654/613/515 128/612/547
f 128/614/547 1347/589/525 647/605/540
f 128/614/547 1353/615/548 659/616/546
f 129/617/549 1344/618/550 641/619/551
f 129/617/549 1351/602/537 659/611/546
f 659/616/546 657/620/552 129/621/549
f 657/620/552 646/622/553 129/621/549
f 645/623/554 642/624/555 130/625/556
f 642/624/555 660/610/545 130/625/556
f 130/625/556 1354/599/534 658/626/557
f 130/625/556 1345/627/558 645/623/554
f 131/628/559 1343/629/560 657/620/552
f 131/628/559 1353/615/548 661/604/539
f 131/628/559 1352/609/544 642/624/555
f 131/628/559 1346/630/561 644/631/562
f 643/632/563 658/626/557 132/633/564
f 658/626/557 662/603/538 132/633/564
f 662/603/538 641/619/551 132/633/564
f 641/619/551 643/632/563 132/633/564
f 133/634/565 1365/635/566 682/636/567
f 682/636/567 667/637/568 133/634/565
f 133/634/565 1357/638/569 666/639/570
f 133/634/565 1355/640/571 677/641/572
f 678/642/573 681/643/574 134/644/575
f 134/644/575 1364/645/576 668/646/577
f 134/644/575 1356/647/578 664/648/579
f 134/644/575 1358/649/580 678/642/573
f 135/650/581 1363/651/582 680/652/583
f 135/650/581 1366/653/584 678/642/573
f 135/650/581 1358/649/580 665/654/585
f 135/650/581 1357/638/569 667/637/568
f 668/646/577 679/655/586 136/656/587
f 679/657/586 677/641/572 136/658/587
f 136/658/587 1355/640/571 663/659/588
f 136/656/587 1356/647/578 668/646/577
f 664/648/579 663/660/588 137/661/589
f 663/659/588 666/639/570 137/661/589
f 666/639/570 665/654/585 137/661/589
f 665/654/585 664/648/579 137/661/589
f 138/662/590 1370/663/591 690/664/592
f 138/665/590 1367/666/593 683/667/594
f 138/665/590 1365/635/566 679/657/586
f 138/662/590 1364/645/576 676/668/595
f 675/669/596 689/670/597 139/671/530
f 689/670/597 684/672/598 139/671/530
f 684/672/598 680/652/583 139/671/530
f 680/652/583 675/669/596 139/671/530
f 140/673/599 1368/674/600 688/675/601
f 688/675/601 676/668/595 140/673/599
f 676/668/595 681/643/574 140/673/599
f 140/673/599 1366/653/584 684/672/598
f 683/667/594 687/676/602 141/677/603
f 141/677/603 1369/678/604 675/669/596
f 141/677/603 1363/651/582 682/636/567
f 682/636/567 683/667/594 141/677/603
f 669/679/605 674/680/606 142/681/607
f 142/681/607 1359/682/608 685/683/609
f 685/683/609 687/676/602 142/681/607
f 142/681/607 1367/666/593 669/679/605
f 143/684/610 1362/685/611 673/686/612
f 673/686/612 686/687/613 143/684/610
f 143/684/610 1370/663/591 688/675/601
f 688/675/601 670/688/614 143/684/610
f 685/683/609 672/689/615 144/690/616
f 672/689/615 670/688/614 144/690/616
f 144/690/616 1368/674/600 689/670/597
f 144/690/616 1369/678/604 685/683/609
f 145/691/617 1361/692/618 671/693/619
f 145/694/617 1360/695/620 669/679/605
f 669/679/605 690/696/592 145/694/617
f 690/664/592 686/687/613 145/691/617
f 146/697/621 1374/698/622 699/699/623
f 699/699/623 697/700/624 146/697/621
f 697/701/624 700/702/625 146/703/621
f 146/703/621 1373/704/626 693/705/627
f 691/706/628 701/707/629 147/708/630
f 147/708/630 1375/709/631 695/710/632
f 147/708/630 1376/711/633 702/712/634
f 702/712/634 691/706/628 147/708/630
f 694/713/635 700/702/625 148/714/636
f 148/714/636 1377/715/637 698/716/638
f 698/716/638 701/707/629 148/714/636
f 148/714/636 1371/717/639 694/713/635
f 149/718/640 1372/719/641 702/712/634
f 702/712/634 696/720/642 149/718/640
f 149/718/640 1378/721/643 699/699/623
f 699/699/623 692/722/644 149/718/640
f 150/723/645 1383/724/646 711/725/647
f 711/725/647 705/726/648 150/723/645
f 705/727/648 708/728/649 150/729/645
f 150/729/645 1384/730/650 718/731/651
f 717/732/652 713/733/653 151/734/654
f 151/734/654 1379/735/655 703/736/656
f 151/734/654 1380/737/657 710/738/658
f 710/738/658 717/732/652 151/734/654
f 716/739/659 708/728/649 152/740/660
f 152/740/660 1381/741/661 706/742/662
f 706/742/662 713/733/653 152/740/660
f 152/740/660 1385/743/663 716/739/659
f 153/744/664 1386/745/665 710/738/658
f 710/738/658 704/746/666 153/744/664
f 153/744/664 1382/747/667 711/725/647
f 711/725/647 715/748/668 153/744/664
f 696/720/642 714/749/669 154/750/670
f 154/750/670 1386/745/665 715/748/668
f 715/748/668 707/751/671 154/750/670
f 154/750/670 1378/721/643 696/720/642
f 155/752/672 1377/715/637 712/753/673
f 712/753/673 716/739/659 155/752/672
f 155/752/672 1385/743/663 709/754/674
f 709/754/674 698/716/638 155/752/672
f 156/755/675 1375/709/631 709/754/674
f 709/754/674 717/732/652 156/755/675
f 717/732/652 714/749/669 156/755/675
f 156/755/675 1376/711/633 695/710/632
f 697/700/624 707/751/671 157/756/676
f 157/756/676 1383/724/646 718/757/651
f 157/758/676 1384/730/650 712/753/673
f 712/753/673 697/701/624 157/758/676
f 969/759/677 974/760/678 158/761/679
f 158/761/679 1527/762/680 723/763/681
f 158/761/679 1389/764/682 722/765/683
f 158/761/679 1387/766/684 969/759/677
f 159/767/685 1530/768/686 973/769/687
f 973/769/687 725/770/688 159/767/685
f 159/767/685 1388/771/689 720/772/690
f 159/767/685 1390/773/691 970/774/692
f 723/763/681 972/775/693 160/776/694
f 972/777/693 970/774/692 160/778/694
f 160/778/694 1390/773/691 721/779/695
f 160/776/694 1389/764/682 723/763/681
f 161/780/696 1528/781/697 971/782/698
f 161/780/696 1529/783/699 969/759/677
f 161/780/696 1387/766/684 719/784/700
f 161/780/696 1388/771/689 725/770/688
f 162/785/701 1380/737/657 703/736/656
f 162/785/701 1379/735/655 724/786/702
f 724/786/702 731/787/703 162/785/701
f 731/787/703 729/788/704 162/785/701
f 727/789/705 705/727/648 163/790/706
f 705/726/648 726/791/707 163/792/706
f 163/792/706 1394/793/708 732/794/709
f 163/790/706 1391/795/710 727/789/705
f 164/796/711 1382/747/667 704/746/666
f 704/746/666 729/788/704 164/796/711
f 164/796/711 1393/797/712 733/798/713
f 733/798/713 726/791/707 164/796/711
f 724/786/702 706/742/662 165/799/714
f 165/799/714 1381/741/661 727/789/705
f 727/789/705 734/800/715 165/799/714
f 165/799/714 1392/801/716 724/786/702
f 720/772/690 719/784/700 166/802/717
f 719/784/700 722/765/683 166/802/717
f 722/765/683 721/803/695 166/802/717
f 721/779/695 720/772/690 166/802/717
f 167/804/718 1393/797/712 731/787/703
f 167/804/718 1392/801/716 728/805/719
f 728/805/719 739/806/720 167/804/718
f 739/806/720 736/807/721 167/804/718
f 735/808/722 732/809/709 168/810/723
f 732/794/709 730/811/724 168/812/723
f 168/812/723 1398/813/725 740/814/726
f 168/810/723 1395/815/727 735/808/722
f 169/816/728 1394/793/708 733/798/713
f 733/798/713 736/807/721 169/816/728
f 169/816/728 1396/817/729 741/818/730
f 741/818/730 730/811/724 169/816/728
f 728/805/719 734/800/715 170/819/731
f 170/819/731 1391/795/710 735/808/722
f 735/808/722 742/820/732 170/819/731
f 170/819/731 1397/821/733 728/805/719
f 171/822/734 1403/823/735 749/824/736
f 171/822/734 1402/825/737 745/826/738
f 171/827/734 1401/828/739 747/829/740
f 171/827/734 1404/830/741 754/831/742
f 753/832/743 750/833/744 172/834/745
f 750/833/744 743/835/746 172/834/745
f 743/835/746 748/836/747 172/834/745
f 748/836/747 753/832/743 172/834/745
f 752/837/748 747/829/740 173/838/749
f 747/829/740 746/839/750 173/838/749
f 173/838/749 1399/840/751 750/833/744
f 173/838/749 1405/841/752 752/837/748
f 174/842/753 1406/843/754 748/836/747
f 174/842/753 1400/844/755 744/845/756
f 744/845/756 749/824/736 174/842/753
f 749/824/736 751/846/757 174/842/753
f 175/847/758 1417/848/759 778/849/760
f 778/849/760 759/850/761 175/847/758
f 175/847/758 1409/851/762 758/852/763
f 175/847/758 1407/853/764 773/854/765
f 774/855/766 777/856/767 176/857/768
f 176/857/768 1416/858/769 761/859/770
f 176/857/768 1408/860/771 756/861/772
f 176/857/768 1410/862/773 774/855/766
f 177/863/774 1415/864/775 776/865/776
f 177/866/774 1418/867/777 774/855/766
f 177/866/774 1410/862/773 757/868/778
f 177/863/774 1409/851/762 759/850/761
f 761/859/770 775/869/779 178/870/780
f 775/869/779 773/854/765 178/870/780
f 178/870/780 1407/853/764 755/871/781
f 178/870/780 1408/860/771 761/859/770
f 179/872/782 1400/844/755 743/835/746
f 179/872/782 1399/840/751 760/873/783
f 179/872/782 1412/874/784 767/875/785
f 179/872/782 1413/876/786 765/877/787
f 763/878/788 745/879/738 180/880/789
f 745/826/738 762/881/790 180/882/789
f 762/881/790 768/883/791 180/882/789
f 768/884/791 763/878/788 180/880/789
f 181/885/792 1402/825/737 744/845/756
f 744/845/756 765/877/787 181/885/792
f 765/877/787 769/886/793 181/885/792
f 181/885/792 1414/887/794 762/881/790
f 760/873/783 746/839/750 182/888/795
f 182/888/795 1401/828/739 763/878/788
f 182/888/795 1411/889/796 770/890/797
f 770/890/797 760/873/783 182/888/795
f 756/861/772 755/871/781 183/891/798
f 755/871/781 758/852/763 183/891/798
f 758/852/763 757/892/778 183/891/798
f 757/868/778 756/861/772 183/891/798
f 772/893/799 767/875/785 184/894/800
f 767/875/785 764/895/801 184/894/800
f 184/894/800 1417/848/759 775/869/779
f 184/894/800 1416/858/769 772/893/799
f 185/896/802 1411/889/796 768/884/791
f 185/897/802 1414/887/794 766/898/803
f 766/898/803 776/899/776 185/897/802
f 776/865/776 771/900/804 185/896/802
f 766/898/803 769/886/793 186/901/805
f 186/901/805 1413/876/786 772/893/799
f 772/893/799 777/856/767 186/901/805
f 186/901/805 1418/867/777 766/898/803
f 187/902/806 1412/874/784 770/890/797
f 770/890/797 771/900/804 187/902/806
f 187/902/806 1415/864/775 778/849/760
f 778/849/760 764/895/801 187/902/806
f 188/903/807 1429/904/808 798/905/809
f 798/905/809 783/906/810 188/903/807
f 188/903/807 1421/907/811 782/908/812
f 188/903/807 1419/909/813 793/910/814
f 794/911/815 797/912/816 189/913/817
f 189/913/817 1428/914/818 784/915/819
f 189/913/817 1420/916/820 780/917/821
f 189/913/817 1422/918/822 794/911/815
f 190/919/823 1427/920/824 796/921/825
f 190/919/823 1430/922/826 794/911/815
f 190/919/823 1422/918/822 781/923/827
f 190/919/823 1421/907/811 783/906/810
f 784/915/819 795/924/828 191/925/829
f 795/926/828 793/910/814 191/927/829
f 191/927/829 1419/909/813 779/928/830
f 191/925/829 1420/916/820 784/915/819
f 780/917/821 779/929/830 192/930/831
f 779/928/830 782/908/812 192/930/831
f 782/908/812 781/923/827 192/930/831
f 781/923/827 780/917/821 192/930/831
f 792/931/832 787/932/828 193/933/828
f 787/934/828 785/935/833 193/936/828
f 193/936/828 1429/904/808 795/926/828
f 193/933/828 1428/914/818 792/931/832
f 194/937/834 1423/938/835 788/939/836
f 194/937/834 1426/940/837 786/941/838
f 786/941/838 796/921/825 194/937/834
f 796/921/825 791/942/839 194/937/834
f 786/941/838 789/943/840 195/944/841
f 195/944/841 1425/945/842 792/931/832
f 792/931/832 797/912/816 195/944/841
f 195/944/841 1430/922/826 786/941/838
f 196/946/843 1424/947/844 790/948/845
f 790/948/845 791/942/839 196/946/843
f 196/946/843 1427/920/824 798/905/809
f 798/905/809 785/935/833 196/946/843
f 197/949/846 1441/950/847 818/951/848
f 818/951/848 803/952/849 197/949/846
f 197/949/846 1433/953/850 802/954/851
f 197/949/846 1431/955/852 813/956/853
f 814/957/854 817/958/855 198/959/856
f 198/959/856 1440/960/857 804/961/858
f 198/959/856 1432/962/859 800/963/860
f 198/959/856 1434/964/861 814/957/854
f 199/965/862 1439/966/863 816/967/864
f 199/965/862 1442/968/865 814/957/854
f 199/965/862 1434/964/861 801/969/866
f 199/965/862 1433/953/850 803/952/849
f 804/961/858 815/970/867 200/971/868
f 815/972/867 813/956/853 200/973/868
f 200/973/868 1431/955/852 799/974/869
f 200/971/868 1432/962/859 804/961/858
f 800/963/860 799/975/869 201/976/870
f 799/974/869 802/954/851 201/976/870
f 802/954/851 801/969/866 201/976/870
f 801/969/866 800/963/860 201/976/870
f 202/977/871 1446/978/872 826/979/873
f 202/980/871 1443/981/874 819/982/875
f 202/980/871 1441/950/847 815/972/867
f 202/977/871 1440/960/857 812/983/876
f 811/984/877 825/985/878 203/986/879
f 825/985/878 820/987/880 203/986/879
f 820/987/880 816/967/864 203/986/879
f 816/967/864 811/984/877 203/986/879
f 204/988/881 1444/989/882 824/990/883
f 824/990/883 812/983/876 204/988/881
f 812/983/876 817/958/855 204/988/881
f 204/988/881 1442/968/865 820/987/880
f 819/982/875 823/991/884 205/992/885
f 205/992/885 1445/993/886 811/984/877
f 205/992/885 1439/966/863 818/951/848
f 818/951/848 819/982/875 205/992/885
f 805/994/887 810/995/888 206/996/889
f 206/996/889 1435/997/890 821/998/891
f 821/998/891 823/991/884 206/996/889
f 206/996/889 1443/981/874 805/994/887
f 207/999/892 1438/1000/893 809/1001/894
f 809/1001/894 822/1002/895 207/999/892
f 207/999/892 1446/978/872 824/990/883
f 824/990/883 806/1003/896 207/999/892
f 821/998/891 808/1004/897 208/1005/898
f 808/1004/897 806/1003/896 208/1005/898
f 208/1005/898 1444/989/882 825/985/878
f 208/1005/898 1445/993/886 821/998/891
f 209/1006/899 1437/1007/900 807/1008/901
f 209/1009/899 1436/1010/902 805/994/887
f 805/994/887 826/1011/873 209/1009/899
f 826/979/873 822/1002/895 209/1006/899
f 210/1012/903 1457/1013/904 841/1014/905
f 210/1012/903 1447/1015/906 830/1016/907
f 210/1017/903 1449/1018/908 831/1019/909
f 831/1019/909 846/1020/910 210/1017/903
f 845/1021/911 842/1022/912 211/1023/913
f 211/1023/913 1450/1024/914 828/1025/915
f 211/1023/913 1448/1026/916 832/1027/917
f 211/1023/913 1456/1028/918 845/1021/911
f 212/1029/919 1455/1030/920 831/1019/909
f 212/1029/919 1449/1018/908 829/1031/921
f 212/1029/919 1450/1024/914 842/1022/912
f 212/1029/919 1458/1032/922 844/1033/923
f 843/1034/924 832/1027/917 213/1035/925
f 213/1035/925 1448/1026/916 827/1036/926
f 213/1035/925 1447/1015/906 841/1014/905
f 841/1014/905 843/1034/924 213/1035/925
f 827/1036/926 828/1025/915 214/1037/927
f 828/1025/915 829/1031/921 214/1037/927
f 829/1031/921 830/1038/907 214/1037/927
f 830/1016/907 827/1036/926 214/1037/927
f 854/1039/928 840/1040/929 215/1041/930
f 215/1041/930 1456/1028/918 843/1034/924
f 215/1041/930 1457/1013/904 847/1042/931
f 847/1042/931 854/1039/928 215/1041/930
f 216/1043/932 1461/1044/933 839/1045/934
f 839/1045/934 844/1033/923 216/1043/932
f 844/1033/923 848/1046/935 216/1043/932
f 216/1043/932 1460/1047/936 853/1048/937
f 852/1049/938 848/1046/935 217/1050/939
f 217/1050/939 1458/1032/922 845/1021/911
f 845/1021/911 840/1040/929 217/1050/939
f 217/1050/939 1462/1051/940 852/1049/938
f 218/1052/941 1459/1053/942 847/1042/931
f 847/1042/931 846/1054/910 218/1052/941
f 218/1055/941 1455/1030/920 839/1045/934
f 839/1045/934 851/1056/943 218/1055/941
f 219/1057/944 1452/1058/945 833/1059/946
f 833/1059/946 851/1060/943 219/1057/944
f 219/1061/944 1461/1044/933 849/1062/947
f 849/1062/947 838/1063/948 219/1061/944
f 837/1064/949 834/1065/950 220/1066/951
f 220/1066/951 1460/1047/936 852/1049/938
f 852/1049/938 850/1067/952 220/1066/951
f 220/1066/951 1453/1068/953 837/1064/949
f 221/1069/954 1451/1070/955 849/1062/947
f 849/1062/947 853/1048/937 221/1069/954
f 853/1048/937 834/1065/950 221/1069/954
f 221/1069/954 1454/1071/956 836/1072/957
f 835/1073/958 850/1067/952 222/1074/959
f 222/1074/959 1462/1051/940 854/1039/928
f 222/1074/959 1459/1053/942 833/1059/946
f 833/1059/946 835/1073/958 222/1074/959
f 223/1075/960 1467/1076/961 866/1077/962
f 223/1075/960 1468/1078/963 859/1079/964
f 223/1075/960 1465/1080/965 857/1081/966
f 223/1075/960 1466/1082/967 861/1083/968
f 862/1084/969 865/1085/970 224/1086/971
f 865/1085/970 860/1087/972 224/1086/971
f 860/1087/972 855/1088/973 224/1086/971
f 855/1088/973 862/1084/969 224/1086/971
f 859/1079/964 864/1089/974 225/1090/975
f 225/1090/975 1469/1091/976 862/1084/969
f 225/1090/975 1463/1092/977 858/1093/978
f 858/1093/978 859/1079/964 225/1090/975
f 226/1094/979 1470/1095/980 863/1096/981
f 863/1096/981 861/1097/968 226/1094/979
f 861/1097/968 856/1098/982 226/1094/979
f 226/1094/979 1464/1099/983 860/1087/972
f 227/1100/984 1481/1101/985 885/1102/986
f 227/1100/984 1471/1103/987 870/1104/988
f 227/1100/984 1473/1105/989 871/1106/990
f 871/1106/990 890/1107/991 227/1100/984
f 889/1108/992 886/1109/993 228/1110/994
f 228/1111/994 1474/1112/995 868/1113/996
f 228/1110/994 1472/1114/997 873/1115/998
f 228/1110/994 1480/1116/999 889/1108/992
f 229/1117/1000 1479/1118/1001 871/1106/990
f 229/1117/1000 1473/1105/989 869/1119/1002
f 229/1117/1000 1474/1112/995 886/1120/993
f 229/1117/1000 1482/1121/1003 888/1122/1004
f 887/1123/1005 873/1115/998 230/1124/1006
f 230/1124/1006 1472/1114/997 867/1125/1007
f 230/1124/1006 1471/1103/987 885/1102/986
f 885/1102/986 887/1123/1005 230/1124/1006
f 231/1126/1008 1464/1099/983 877/1127/1009
f 231/1126/1008 1477/1128/1010 879/1129/1011
f 231/1126/1008 1476/1130/1012 872/1131/1013
f 231/1126/1008 1463/1092/977 855/1088/973
f 857/1081/966 875/1132/1014 232/1133/1015
f 875/1132/1014 880/1134/1016 232/1133/1015
f 880/1134/1016 874/1135/1017 232/1133/1015
f 874/1135/1017 857/1081/966 232/1133/1015
f 233/1136/1018 1466/1137/967 874/1138/1017
f 233/1136/1018 1478/1139/1019 881/1140/1020
f 881/1140/1020 877/1127/1009 233/1136/1018
f 877/1127/1009 856/1098/982 233/1136/1018
f 858/1093/978 872/1131/1013 234/1141/1021
f 872/1131/1013 882/1142/1022 234/1141/1021
f 234/1141/1021 1475/1143/1023 875/1132/1014
f 234/1141/1021 1465/1080/965 858/1093/978
f 867/1125/1007 868/1144/996 235/1145/1024
f 868/1113/996 869/1119/1002 235/1145/1024
f 869/1119/1002 870/1104/988 235/1145/1024
f 870/1104/988 867/1125/1007 235/1145/1024
f 879/1129/1011 884/1146/1025 236/1147/1026
f 236/1147/1026 1480/1116/999 887/1123/1005
f 236/1147/1026 1481/1101/985 876/1148/1027
f 876/1148/1027 879/1129/1011 236/1147/1026
f 237/1149/1028 1475/1143/1023 883/1150/1029
f 883/1150/1029 888/1122/1004 237/1149/1028
f 888/1122/1004 878/1151/1030 237/1149/1028
f 237/1149/1028 1478/1152/1019 880/1134/1016
f 881/1140/1020 878/1153/1030 238/1154/1031
f 238/1154/1031 1482/1155/1003 889/1108/992
f 889/1108/992 884/1146/1025 238/1154/1031
f 238/1154/1031 1477/1128/1010 881/1140/1020
f 239/1156/1032 1476/1130/1012 876/1148/1027
f 876/1148/1027 890/1107/991 239/1156/1032
f 239/1156/1032 1479/1118/1001 883/1150/1029
f 883/1150/1029 882/1142/1022 239/1156/1032
f 240/1157/1033 1493/1158/1034 905/1159/1035
f 240/1157/1033 1483/1160/1036 894/1161/1037
f 240/1162/1033 1485/1163/1038 895/1164/1039
f 895/1164/1039 910/1165/1040 240/1162/1033
f 909/1166/1041 906/1167/1042 241/1168/1043
f 241/1168/1043 1486/1169/1044 892/1170/1045
f 241/1168/1043 1484/1171/1046 896/1172/1047
f 241/1168/1043 1492/1173/1048 909/1166/1041
f 242/1174/1049 1491/1175/1050 895/1164/1039
f 242/1174/1049 1485/1163/1038 893/1176/1051
f 242/1174/1049 1486/1169/1044 906/1167/1042
f 242/1174/1049 1494/1177/1052 908/1178/1053
f 907/1179/1054 896/1172/1047 243/1180/1055
f 243/1180/1055 1484/1171/1046 891/1181/1056
f 243/1180/1055 1483/1160/1036 905/1159/1035
f 905/1159/1035 907/1179/1054 243/1180/1055
f 891/1181/1056 892/1170/1045 244/1182/1057
f 892/1170/1045 893/1176/1051 244/1182/1057
f 893/1176/1051 894/1183/1037 244/1182/1057
f 894/1161/1037 891/1181/1056 244/1182/1057
f 899/1184/1058 904/1185/1059 245/1186/1058
f 245/1186/1058 1492/1173/1048 907/1179/1054
f 245/1186/1058 1493/1158/1034 897/1187/1060
f 897/1187/1060 899/1184/1058 245/1186/1058
f 246/1188/1061 1487/1189/1062 903/1190/1063
f 903/1190/1063 908/1178/1053 246/1188/1061
f 908/1178/1053 898/1191/1064 246/1188/1061
f 246/1188/1061 1490/1192/1065 900/1193/1066
f 901/1194/1067 898/1191/1064 247/1195/1068
f 247/1195/1068 1494/1177/1052 909/1166/1041
f 909/1166/1041 904/1185/1059 247/1195/1068
f 247/1195/1068 1489/1196/1069 901/1194/1067
f 248/1197/1070 1488/1198/1071 897/1187/1060
f 897/1187/1060 910/1199/1040 248/1197/1070
f 248/1200/1070 1491/1175/1050 903/1190/1063
f 903/1190/1063 902/1201/1072 248/1200/1070
f 249/1202/1073 1505/1203/1074 925/1204/1075
f 249/1202/1073 1495/1205/1076 914/1206/1077
f 249/1207/1073 1497/1208/1078 915/1209/1079
f 915/1209/1079 930/1210/1080 249/1207/1073
f 929/1211/1081 926/1212/1082 250/1213/1083
f 250/1213/1083 1498/1214/1084 912/1215/1085
f 250/1213/1083 1496/1216/1086 916/1217/1087
f 250/1213/1083 1504/1218/1088 929/1211/1081
f 251/1219/1089 1503/1220/1090 915/1209/1079
f 251/1219/1089 1497/1208/1078 913/1221/1091
f 251/1219/1089 1498/1214/1084 926/1212/1082
f 251/1219/1089 1506/1222/1092 928/1223/1093
f 927/1224/1094 916/1217/1087 252/1225/1095
f 252/1225/1095 1496/1216/1086 911/1226/1096
f 252/1225/1095 1495/1205/1076 925/1204/1075
f 925/1204/1075 927/1224/1094 252/1225/1095
f 911/1226/1096 912/1215/1085 253/1227/1097
f 912/1215/1085 913/1221/1091 253/1227/1097
f 913/1221/1091 914/1228/1077 253/1227/1097
f 914/1206/1077 911/1226/1096 253/1227/1097
f 254/1229/1098 1510/1230/1099 924/1231/1100
f 254/1229/1098 1504/1218/1088 927/1224/1094
f 254/1229/1098 1505/1203/1074 931/1232/1101
f 254/1229/1098 1507/1233/1102 938/1234/1103
f 937/1235/1104 923/1236/1105 255/1237/1106
f 923/1236/1105 928/1223/1093 255/1237/1106
f 928/1223/1093 932/1238/1107 255/1237/1106
f 932/1238/1107 937/1235/1104 255/1237/1106
f 256/1239/1108 1508/1240/1109 932/1238/1107
f 256/1239/1108 1506/1222/1092 929/1211/1081
f 929/1211/1081 924/1231/1100 256/1239/1108
f 924/1231/1100 936/1241/1110 256/1239/1108
f 935/1242/1111 931/1232/1101 257/1243/1112
f 931/1232/1101 930/1244/1080 257/1243/1112
f 257/1245/1112 1503/1220/1090 923/1236/1105
f 257/1245/1112 1509/1246/1113 935/1247/1111
f 922/1248/1114 917/1249/1115 258/1250/1116
f 258/1250/1116 1507/1233/1102 935/1242/1111
f 935/1247/1111 933/1251/1117 258/1252/1116
f 258/1252/1116 1499/1253/1118 922/1254/1114
f 259/1255/1119 1502/1256/1120 918/1257/1121
f 918/1257/1121 936/1241/1110 259/1255/1119
f 259/1255/1119 1510/1230/1099 934/1258/1122
f 934/1258/1122 921/1259/1123 259/1255/1119
f 920/1260/1124 933/1251/1117 260/1261/1125
f 260/1261/1125 1509/1246/1113 937/1235/1104
f 260/1261/1125 1508/1240/1109 918/1257/1121
f 918/1257/1121 920/1260/1124 260/1261/1125
f 261/1262/1126 1501/1263/1127 934/1258/1122
f 934/1258/1122 938/1234/1103 261/1262/1126
f 938/1234/1103 917/1249/1115 261/1262/1126
f 261/1262/1126 1500/1264/1128 919/1265/1129
f 262/1266/1130 1521/1267/1131 958/1268/1132
f 958/1268/1132 943/1269/1133 262/1266/1130
f 262/1266/1130 1513/1270/1134 942/1271/1135
f 262/1266/1130 1511/1272/1136 953/1273/1137
f 954/1274/1138 957/1275/1139 263/1276/1140
f 263/1276/1140 1520/1277/1141 944/1278/1142
f 263/1276/1140 1512/1279/1143 940/1280/1144
f 263/1276/1140 1514/1281/1145 954/1274/1138
f 264/1282/1146 1519/1283/1147 956/1284/1148
f 956/1284/1148 954/1274/1138 264/1282/1146
f 264/1282/1146 1514/1281/1145 941/1285/1149
f 264/1282/1146 1513/1270/1134 943/1269/1133
f 944/1278/1142 955/1286/1150 265/1287/1151
f 265/1288/1151 1521/1267/1131 953/1273/1137
f 265/1288/1151 1511/1272/1136 939/1289/1152
f 265/1287/1151 1512/1279/1143 944/1278/1142
f 940/1280/1144 939/1290/1152 266/1291/1153
f 939/1289/1152 942/1271/1135 266/1291/1153
f 942/1271/1135 941/1285/1149 266/1291/1153
f 941/1285/1149 940/1280/1144 266/1291/1153
f 267/1292/1154 1526/1293/1155 966/1294/1156
f 966/1295/1156 959/1296/1157 267/1297/1154
f 959/1296/1157 955/1298/1150 267/1297/1154
f 267/1292/1154 1520/1277/1141 952/1299/1158
f 951/1300/1159 965/1301/1160 268/1302/1161
f 268/1302/1161 1524/1303/1162 960/1304/1163
f 268/1302/1161 1522/1305/1164 956/1284/1148
f 956/1284/1148 951/1300/1159 268/1302/1161
f 960/1304/1163 964/1306/1165 269/1307/1166
f 269/1307/1166 1526/1293/1155 952/1299/1158
f 952/1299/1158 957/1275/1139 269/1307/1166
f 269/1307/1166 1522/1305/1164 960/1304/1163
f 270/1308/1167 1523/1309/1168 963/1310/1169
f 963/1310/1169 951/1300/1159 270/1308/1167
f 270/1308/1167 1519/1283/1147 958/1268/1132
f 958/1268/1132 959/1296/1157 270/1308/1167
f 271/1311/1170 1516/1312/1171 950/1313/1172
f 271/1311/1170 1515/1314/1173 961/1315/1174
f 961/1315/1174 963/1310/1169 271/1311/1170
f 963/1310/1169 945/1316/1175 271/1311/1170
f 946/1317/1176 949/1318/1177 272/1319/1178
f 949/1318/1177 962/1320/1179 272/1319/1178
f 272/1319/1178 1526/1293/1155 964/1306/1165
f 272/1319/1178 1524/1303/1162 946/1317/1176
f 961/1315/1174 948/1321/1180 273/1322/1181
f 273/1322/1181 1518/1323/1182 946/1317/1176
f 946/1317/1176 965/1301/1160 273/1322/1181
f 273/1322/1181 1525/1324/1183 961/1315/1174
f 274/1325/1184 1517/1326/1185 947/1327/1186
f 947/1328/1186 945/1316/1175 274/1329/1184
f 274/1329/1184 1523/1309/1168 966/1295/1156
f 966/1294/1156 962/1320/1179 274/1325/1184
f 275/1330/1187 1396/817/729 739/806/720
f 275/1330/1187 1397/821/733 737/1331/1188
f 737/1331/1188 971/782/698 275/1330/1187
f 971/782/698 968/1332/1189 275/1330/1187
f 967/1333/1190 740/1334/726 276/1335/1191
f 740/814/726 738/1336/1192 276/1337/1191
f 276/1337/1191 1530/768/686 972/777/693
f 276/1335/1191 1527/762/680 967/1333/1190
f 277/1338/1193 1398/813/725 741/818/730
f 741/818/730 968/1332/1189 277/1338/1193
f 277/1338/1193 1528/781/697 973/769/687
f 973/769/687 738/1336/1192 277/1338/1193
f 737/1331/1188 742/820/732 278/1339/1194
f 278/1339/1194 1395/815/727 967/1333/1190
f 967/1333/1190 974/760/678 278/1339/1194
f 278/1339/1194 1529/783/699 737/1331/1188
f 279/1340/1195 1535/1341/1196 981/1342/1197
f 279/1340/1195 1534/1343/1198 977/1344/1199
f 279/1345/1195 1533/1346/1200 979/1347/1201
f 279/1345/1195 1536/1348/1202 986/1349/1203
f 985/1350/1204 982/1351/1205 280/1352/1206
f 982/1351/1205 975/1353/1207 280/1352/1206
f 975/1353/1207 980/1354/1208 280/1352/1206
f 980/1354/1208 985/1350/1204 280/1352/1206
f 984/1355/1209 979/1347/1201 281/1356/1210
f 979/1347/1201 978/1357/1211 281/1356/1210
f 281/1356/1210 1531/1358/1212 982/1351/1205
f 281/1356/1210 1537/1359/1213 984/1355/1209
f 282/1360/1214 1538/1361/1215 980/1354/1208
f 282/1360/1214 1532/1362/1216 976/1363/1217
f 976/1363/1217 981/1342/1197 282/1360/1214
f 981/1342/1197 983/1364/1218 282/1360/1214
f 283/1365/1219 1549/1366/1220 1010/1367/1221
f 1010/1367/1221 991/1368/1222 283/1365/1219
f 283/1365/1219 1541/1369/1223 990/1370/1224
f 283/1365/1219 1539/1371/1225 1005/1372/1226
f 1006/1373/1227 1009/1374/1228 284/1375/1229
f 284/1375/1229 1548/1376/1230 993/1377/1231
f 284/1375/1229 1540/1378/1232 988/1379/1233
f 284/1375/1229 1542/1380/1234 1006/1373/1227
f 285/1381/1235 1547/1382/1236 1008/1383/1237
f 1008/1384/1237 1006/1373/1227 285/1385/1235
f 285/1385/1235 1542/1380/1234 989/1386/1238
f 285/1381/1235 1541/1369/1223 991/1368/1222
f 993/1377/1231 1007/1387/1239 286/1388/1240
f 286/1388/1240 1549/1366/1220 1005/1372/1226
f 286/1388/1240 1539/1371/1225 987/1389/1241
f 286/1388/1240 1540/1378/1232 993/1377/1231
f 287/1390/1242 1532/1362/1216 975/1353/1207
f 287/1390/1242 1531/1358/1212 992/1391/1243
f 992/1391/1243 999/1392/1244 287/1390/1242
f 287/1390/1242 1545/1393/1245 997/1394/1246
f 995/1395/1247 977/1396/1199 288/1397/1248
f 977/1344/1199 994/1398/1249 288/1399/1248
f 288/1399/1248 1546/1400/1250 1000/1401/1251
f 1000/1402/1251 995/1395/1247 288/1397/1248
f 289/1403/1252 1534/1343/1198 976/1363/1217
f 976/1363/1217 997/1394/1246 289/1403/1252
f 997/1394/1246 1001/1404/1253 289/1403/1252
f 289/1403/1252 1546/1400/1250 994/1398/1249
f 992/1391/1243 978/1357/1211 290/1405/1254
f 290/1405/1254 1533/1346/1200 995/1395/1247
f 290/1405/1254 1543/1406/1255 1002/1407/1256
f 1002/1407/1256 992/1391/1243 290/1405/1254
f 988/1379/1233 987/1389/1241 291/1408/1257
f 987/1389/1241 990/1370/1224 291/1408/1257
f 990/1370/1224 989/1409/1238 291/1408/1257
f 989/1386/1238 988/1379/1233 291/1408/1257
f 1004/1410/1258 999/1392/1244 292/1411/1259
f 292/1411/1259 1544/1412/1260 996/1413/1261
f 996/1413/1261 1007/1387/1239 292/1411/1259
f 292/1411/1259 1548/1376/1230 1004/1410/1258
f 293/1414/1262 1543/1406/1255 1000/1402/1251
f 1000/1401/1251 998/1415/1263 293/1416/1262
f 293/1416/1262 1550/1417/1264 1008/1384/1237
f 1008/1383/1237 1003/1418/1265 293/1414/1262
f 998/1415/1263 1001/1404/1253 294/1419/1266
f 294/1419/1266 1545/1393/1245 1004/1410/1258
f 1004/1410/1258 1009/1374/1228 294/1419/1266
f 294/1419/1266 1550/1417/1264 998/1415/1263
f 295/1420/1267 1544/1412/1260 1002/1407/1256
f 1002/1407/1256 1003/1418/1265 295/1420/1267
f 295/1420/1267 1547/1382/1236 1010/1367/1221
f 1010/1367/1221 996/1413/1261 295/1420/1267
f 296/1421/1268 1561/1422/1269 1030/1423/1270
f 1030/1423/1270 1015/1424/1271 296/1421/1268
f 296/1421/1268 1553/1425/1272 1014/1426/1273
f 296/1421/1268 1551/1427/1274 1025/1428/1275
f 1026/1429/1276 1029/1430/1277 297/1431/1278
f 297/1431/1278 1560/1432/1279 1016/1433/1280
f 297/1431/1278 1552/1434/1281 1012/1435/1282
f 297/1431/1278 1554/1436/1283 1026/1429/1276
f 1015/1424/1271 1028/1437/1284 298/1438/1285
f 298/1438/1285 1562/1439/1286 1026/1429/1276
f 298/1438/1285 1554/1436/1283 1013/1440/1287
f 298/1438/1285 1553/1425/1272 1015/1424/1271
f 299/1441/1288 1560/1432/1279 1027/1442/1289
f 1027/1443/1289 1025/1428/1275 299/1444/1288
f 299/1444/1288 1551/1427/1274 1011/1445/1290
f 299/1441/1288 1552/1434/1281 1016/1433/1280
f 1012/1435/1282 1011/1446/1290 300/1447/1291
f 1011/1445/1290 1014/1426/1273 300/1447/1291
f 1014/1426/1273 1013/1440/1287 300/1447/1291
f 1013/1440/1287 1012/1435/1282 300/1447/1291
f 301/1448/1292 1557/1449/1293 1019/1450/1294
f 1019/1451/1294 1017/1452/1295 301/1453/1292
f 301/1453/1292 1561/1422/1269 1027/1443/1289
f 1027/1442/1289 1024/1454/1296 301/1448/1292
f 1023/1455/1297 1020/1456/1298 302/1457/1299
f 302/1457/1299 1558/1458/1300 1018/1459/1301
f 1018/1459/1301 1028/1437/1284 302/1457/1299
f 302/1457/1299 1559/1460/1302 1023/1455/1297
f 1018/1459/1301 1021/1461/1303 303/1462/1304
f 303/1462/1304 1557/1449/1293 1024/1454/1296
f 1024/1454/1296 1029/1430/1277 303/1462/1304
f 303/1462/1304 1562/1439/1286 1018/1459/1301
f 304/1463/1305 1556/1464/1306 1022/1465/1307
f 1022/1465/1307 1023/1455/1297 304/1463/1305
f 304/1463/1305 1559/1460/1302 1030/1423/1270
f 1030/1423/1270 1017/1452/1295 304/1463/1305
f 305/1466/1308 1573/1467/1309 1050/1468/1310
f 1050/1468/1310 1035/1469/1311 305/1466/1308
f 305/1466/1308 1565/1470/1312 1034/1471/1313
f 305/1466/1308 1563/1472/1314 1045/1473/1315
f 1046/1474/1316 1049/1475/1317 306/1476/1318
f 306/1476/1318 1572/1477/1319 1036/1478/1320
f 306/1476/1318 1564/1479/1321 1032/1480/1322
f 306/1476/1318 1566/1481/1323 1046/1474/1316
f 307/1482/1324 1571/1483/1325 1048/1484/1326
f 307/1482/1324 1574/1485/1327 1046/1474/1316
f 307/1482/1324 1566/1481/1323 1033/1486/1328
f 307/1482/1324 1565/1470/1312 1035/1469/1311
f 1036/1478/1320 1047/1487/1329 308/1488/1330
f 1047/1489/1329 1045/1473/1315 308/1490/1330
f 308/1490/1330 1563/1472/1314 1031/1491/1331
f 308/1488/1330 1564/1479/1321 1036/1478/1320
f 1032/1480/1322 1031/1492/1331 309/1493/1332
f 1031/1491/1331 1034/1471/1313 309/1493/1332
f 1034/1471/1313 1033/1486/1328 309/1493/1332
f 1033/1486/1328 1032/1480/1322 309/1493/1332
f 310/1494/1333 1578/1495/1334 1058/1496/1335
f 310/1497/1333 1575/1498/1336 1051/1499/1337
f 310/1497/1333 1573/1467/1309 1047/1489/1329
f 310/1494/1333 1572/1477/1319 1044/1500/1338
f 1043/1501/1339 1057/1502/1340 311/1503/1341
f 1057/1502/1340 1052/1504/1342 311/1503/1341
f 1052/1504/1342 1048/1484/1326 311/1503/1341
f 1048/1484/1326 1043/1501/1339 311/1503/1341
f 312/1505/1343 1576/1506/1344 1056/1507/1345
f 1056/1507/1345 1044/1500/1338 312/1505/1343
f 1044/1500/1338 1049/1475/1317 312/1505/1343
f 312/1505/1343 1574/1485/1327 1052/1504/1342
f 1051/1499/1337 1055/1508/1346 313/1509/1347
f 313/1509/1347 1577/1510/1348 1043/1501/1339
f 313/1509/1347 1571/1483/1325 1050/1468/1310
f 1050/1468/1310 1051/1499/1337 313/1509/1347
f 1037/1511/1349 1042/1512/1350 314/1513/1351
f 314/1513/1351 1567/1514/1352 1053/1515/1353
f 1053/1515/1353 1055/1508/1346 314/1513/1351
f 314/1513/1351 1575/1498/1336 1037/1511/1349
f 315/1516/1354 1570/1517/1355 1041/1518/1356
f 1041/1518/1356 1054/1519/1357 315/1516/1354
f 315/1516/1354 1578/1495/1334 1056/1507/1345
f 1056/1507/1345 1038/1520/1358 315/1516/1354
f 1053/1515/1353 1040/1521/1359 316/1522/1360
f 1040/1521/1359 1038/1520/1358 316/1522/1360
f 316/1522/1360 1576/1506/1344 1057/1502/1340
f 316/1522/1360 1577/1510/1348 1053/1515/1353
f 317/1523/1361 1569/1524/1362 1039/1525/1363
f 317/1526/1361 1568/1527/1364 1037/1511/1349
f 1037/1511/1349 1058/1528/1335 317/1526/1361
f 1058/1496/1335 1054/1519/1357 317/1523/1361
f 318/1529/1365 1589/1530/1366 1073/1531/1367
f 318/1529/1365 1579/1532/1368 1062/1533/1369
f 318/1534/1365 1581/1535/1370 1063/1536/1371
f 1063/1536/1371 1078/1537/1372 318/1534/1365
f 1077/1538/1373 1074/1539/1374 319/1540/1375
f 319/1540/1375 1582/1541/1376 1060/1542/1377
f 319/1540/1375 1580/1543/1378 1064/1544/1379
f 319/1540/1375 1588/1545/1380 1077/1538/1373
f 320/1546/1381 1587/1547/1382 1063/1536/1371
f 320/1546/1381 1581/1535/1370 1061/1548/1383
f 320/1546/1381 1582/1541/1376 1074/1539/1374
f 320/1546/1381 1590/1549/1384 1076/1550/1385
f 1075/1551/1386 1064/1544/1379 321/1552/1387
f 321/1552/1387 1580/1543/1378 1059/1553/1388
f 321/1552/1387 1579/1532/1368 1073/1531/1367
f 1073/1531/1367 1075/1551/1386 321/1552/1387
f 1059/1553/1388 1060/1542/1377 322/1554/1389
f 1060/1542/1377 1061/1548/1383 322/1554/1389
f 1061/1548/1383 1062/1555/1369 322/1554/1389
f 1062/1533/1369 1059/1553/1388 322/1554/1389
f 1086/1556/1390 1072/1557/1391 323/1558/1392
f 323/1558/1392 1588/1545/1380 1075/1551/1386
f 323/1558/1392 1589/1530/1366 1079/1559/1393
f 1079/1559/1393 1086/1556/1390 323/1558/1392
f 324/1560/1394 1593/1561/1395 1071/1562/1396
f 1071/1562/1396 1076/1550/1385 324/1560/1394
f 1076/1550/1385 1080/1563/1397 324/1560/1394
f 324/1560/1394 1592/1564/1398 1085/1565/1399
f 1084/1566/1400 1080/1563/1397 325/1567/1401
f 325/1567/1401 1590/1549/1384 1077/1538/1373
f 1077/1538/1373 1072/1557/1391 325/1567/1401
f 325/1567/1401 1594/1568/1402 1084/1566/1400
f 326/1569/1403 1591/1570/1404 1079/1559/1393
f 1079/1559/1393 1078/1571/1372 326/1569/1403
f 326/1572/1403 1587/1547/1382 1071/1562/1396
f 1071/1562/1396 1083/1573/1405 326/1572/1403
f 327/1574/1406 1584/1575/1407 1065/1576/1408
f 1065/1576/1408 1083/1577/1405 327/1574/1406
f 327/1578/1406 1593/1561/1395 1081/1579/1409
f 1081/1579/1409 1070/1580/1410 327/1578/1406
f 1069/1581/1411 1066/1582/1412 328/1583/1413
f 328/1583/1413 1592/1564/1398 1084/1566/1400
f 1084/1566/1400 1082/1584/1414 328/1583/1413
f 328/1583/1413 1585/1585/1415 1069/1581/1411
f 329/1586/1416 1583/1587/1417 1081/1579/1409
f 1081/1579/1409 1085/1565/1399 329/1586/1416
f 1085/1565/1399 1066/1582/1412 329/1586/1416
f 329/1586/1416 1586/1588/1418 1068/1589/1419
f 1067/1590/1420 1082/1584/1414 330/1591/1421
f 330/1591/1421 1594/1568/1402 1086/1556/1390
f 330/1591/1421 1591/1570/1404 1065/1576/1408
f 1065/1576/1408 1067/1590/1420 330/1591/1421
f 331/1592/1422 1599/1593/1423 1093/1594/1424
f 331/1592/1422 1598/1595/1425 1089/1596/1426
f 331/1597/1422 1597/1598/1427 1091/1599/1428
f 331/1597/1422 1600/1600/1429 1098/1601/1430
f 1097/1602/1431 1094/1603/1432 332/1604/1433
f 1094/1603/1432 1087/1605/1434 332/1604/1433
f 1087/1605/1434 1092/1606/1435 332/1604/1433
f 1092/1606/1435 1097/1602/1431 332/1604/1433
f 1096/1607/1436 1091/1599/1428 333/1608/1437
f 1091/1599/1428 1090/1609/1438 333/1608/1437
f 333/1608/1437 1595/1610/1439 1094/1603/1432
f 333/1608/1437 1601/1611/1440 1096/1607/1436
f 334/1612/1441 1602/1613/1442 1092/1606/1435
f 334/1612/1441 1596/1614/1443 1088/1615/1444
f 1088/1615/1444 1093/1594/1424 334/1612/1441
f 1093/1594/1424 1095/1616/1445 334/1612/1441
f 335/1617/1446 1613/1618/1447 1122/1619/1448
f 1122/1619/1448 1103/1620/1449 335/1617/1446
f 335/1617/1446 1605/1621/1450 1102/1622/1451
f 335/1617/1446 1603/1623/1452 1117/1624/1453
f 1118/1625/1454 1121/1626/1455 336/1627/1456
f 336/1627/1456 1612/1628/1457 1105/1629/1458
f 336/1627/1456 1604/1630/1459 1100/1631/1460
f 336/1627/1456 1606/1632/1461 1118/1625/1454
f 337/1633/1462 1611/1634/1463 1120/1635/1464
f 1120/1636/1464 1118/1625/1454 337/1637/1462
f 337/1637/1462 1606/1632/1461 1101/1638/1465
f 337/1633/1462 1605/1621/1450 1103/1620/1449
f 1105/1629/1458 1119/1639/1466 338/1640/1467
f 338/1640/1467 1613/1618/1447 1117/1624/1453
f 338/1640/1467 1603/1623/1452 1099/1641/1468
f 338/1640/1467 1604/1630/1459 1105/1629/1458
f 339/1642/1469 1596/1614/1443 1087/1605/1434
f 339/1642/1469 1595/1610/1439 1104/1643/1470
f 1104/1643/1470 1111/1644/1471 339/1642/1469
f 339/1642/1469 1609/1645/1472 1109/1646/1473
f 1107/1647/1474 1089/1648/1426 340/1649/1475
f 1089/1596/1426 1106/1650/1476 340/1651/1475
f 340/1651/1475 1610/1652/1477 1112/1653/1478
f 1112/1654/1478 1107/1647/1474 340/1649/1475
f 341/1655/1479 1598/1595/1425 1088/1615/1444
f 1088/1615/1444 1109/1646/1473 341/1655/1479
f 1109/1646/1473 1113/1656/1480 341/1655/1479
f 341/1655/1479 1610/1652/1477 1106/1650/1476
f 1104/1643/1470 1090/1609/1438 342/1657/1481
f 342/1657/1481 1597/1598/1427 1107/1647/1474
f 342/1657/1481 1607/1658/1482 1114/1659/1483
f 1114/1659/1483 1104/1643/1470 342/1657/1481
f 1100/1631/1460 1099/1641/1468 343/1660/1484
f 1099/1641/1468 1102/1622/1451 343/1660/1484
f 1102/1622/1451 1101/1661/1465 343/1660/1484
f 1101/1638/1465 1100/1631/1460 343/1660/1484
f 1116/1662/1485 1111/1644/1471 344/1663/1486
f 344/1663/1486 1608/1664/1487 1108/1665/1488
f 1108/1665/1488 1119/1639/1466 344/1663/1486
f 344/1663/1486 1612/1628/1457 1116/1662/1485
f 345/1666/1489 1607/1658/1482 1112/1654/1478
f 1112/1653/1478 1110/1667/1490 345/1668/1489
f 345/1668/1489 1614/1669/1491 1120/1636/1464
f 1120/1635/1464 1115/1670/1492 345/1666/1489
f 1110/1667/1490 1113/1656/1480 346/1671/1493
f 346/1671/1493 1609/1645/1472 1116/1662/1485
f 1116/1662/1485 1121/1626/1455 346/1671/1493
f 346/1671/1493 1614/1669/1491 1110/1667/1490
f 347/1672/1494 1608/1664/1487 1114/1659/1483
f 1114/1659/1483 1115/1670/1492 347/1672/1494
f 347/1672/1494 1611/1634/1463 1122/1619/1448
f 1122/1619/1448 1108/1665/1488 347/1672/1494
f 348/1673/1495 1625/1674/1496 1142/1675/1497
f 1142/1675/1497 1127/1676/1498 348/1673/1495
f 348/1673/1495 1617/1677/1499 1126/1678/1500
f 348/1673/1495 1615/1679/1501 1137/1680/1502
f 1138/1681/1503 1141/1682/1504 349/1683/1505
f 349/1683/1505 1624/1684/1506 1128/1685/1507
f 349/1683/1505 1616/1686/1508 1124/1687/1509
f 349/1683/1505 1618/1688/1510 1138/1681/1503
f 1127/1676/1498 1140/1689/1511 350/1690/1512
f 350/1690/1512 1626/1691/1513 1138/1681/1503
f 350/1690/1512 1618/1688/1510 1125/1692/1514
f 350/1690/1512 1617/1677/1499 1127/1676/1498
f 351/1693/1515 1624/1684/1506 1139/1694/1516
f 1139/1695/1516 1137/1680/1502 351/1696/1515
f 351/1696/1515 1615/1679/1501 1123/1697/1517
f 351/1693/1515 1616/1686/1508 1128/1685/1507
f 1124/1687/1509 1123/1698/1517 352/1699/1518
f 1123/1697/1517 1126/1678/1500 352/1699/1518
f 1126/1678/1500 1125/1692/1514 352/1699/1518
f 1125/1692/1514 1124/1687/1509 352/1699/1518
f 353/1700/1519 1621/1701/1520 1131/1702/1521
f 1131/1703/1521 1129/1704/1522 353/1705/1519
f 353/1705/1519 1625/1674/1496 1139/1695/1516
f 1139/1694/1516 1136/1706/1523 353/1700/1519
f 1135/1707/1524 1132/1708/1525 354/1709/1526
f 354/1709/1526 1622/1710/1527 1130/1711/1528
f 1130/1711/1528 1140/1689/1511 354/1709/1526
f 354/1709/1526 1623/1712/1529 1135/1707/1524
f 1130/1711/1528 1133/1713/1530 355/1714/1531
f 355/1714/1531 1621/1701/1520 1136/1706/1523
f 1136/1706/1523 1141/1682/1504 355/1714/1531
f 355/1714/1531 1626/1691/1513 1130/1711/1528
f 356/1715/1532 1620/1716/1533 1134/1717/1534
f 1134/1717/1534 1135/1707/1524 356/1715/1532
f 356/1715/1532 1623/1712/1529 1142/1675/1497
f 1142/1675/1497 1129/1704/1522 356/1715/1532
f 357/1718/1535 1637/1719/1536 1162/1720/1537
f 1162/1720/1537 1147/1721/1538 357/1718/1535
f 357/1718/1535 1629/1722/1539 1146/1723/1540
f 357/1718/1535 1627/1724/1541 1157/1725/1542
f 1158/1726/1543 1161/1727/1544 358/1728/1545
f 358/1728/1545 1636/1729/1546 1148/1730/1547
f 358/1728/1545 1628/1731/1548 1144/1732/1549
f 358/1728/1545 1630/1733/1550 1158/1726/1543
f 359/1734/1551 1635/1735/1552 1160/1736/1553
f 359/1734/1551 1638/1737/1554 1158/1726/1543
f 359/1734/1551 1630/1733/1550 1145/1738/1555
f 359/1734/1551 1629/1722/1539 1147/1721/1538
f 1148/1730/1547 1159/1739/1556 360/1740/1557
f 1159/1741/1556 1157/1725/1542 360/1742/1557
f 360/1742/1557 1627/1724/1541 1143/1743/1558
f 360/1740/1557 1628/1731/1548 1148/1730/1547
f 1144/1732/1549 1143/1744/1558 361/1745/1559
f 1143/1743/1558 1146/1723/1540 361/1745/1559
f 1146/1723/1540 1145/1738/1555 361/1745/1559
f 1145/1738/1555 1144/1732/1549 361/1745/1559
f 362/1746/1560 1642/1747/1561 1170/1748/1562
f 362/1749/1560 1639/1750/1563 1163/1751/1564
f 362/1749/1560 1637/1719/1536 1159/1741/1556
f 362/1746/1560 1636/1729/1546 1156/1752/1565
f 1155/1753/1566 1169/1754/1567 363/1755/1568
f 1169/1754/1567 1164/1756/1569 363/1755/1568
f 1164/1756/1569 1160/1736/1553 363/1755/1568
f 1160/1736/1553 1155/1753/1566 363/1755/1568
f 364/1757/1570 1640/1758/1571 1168/1759/1572
f 1168/1759/1572 1156/1752/1565 364/1757/1570
f 1156/1752/1565 1161/1727/1544 364/1757/1570
f 364/1757/1570 1638/1737/1554 1164/1756/1569
f 1163/1751/1564 1167/1760/1573 365/1761/1574
f 365/1761/1574 1641/1762/1575 1155/1753/1566
f 365/1761/1574 1635/1735/1552 1162/1720/1537
f 1162/1720/1537 1163/1751/1564 365/1761/1574
f 1149/1763/1576 1154/1764/1577 366/1765/1578
f 366/1765/1578 1631/1766/1579 1165/1767/1580
f 1165/1767/1580 1167/1760/1573 366/1765/1578
f 366/1765/1578 1639/1750/1563 1149/1763/1576
f 367/1768/1581 1634/1769/1582 1153/1770/1583
f 1153/1770/1583 1166/1771/1584 367/1768/1581
f 367/1768/1581 1642/1747/1561 1168/1759/1572
f 1168/1759/1572 1150/1772/1585 367/1768/1581
f 1165/1767/1580 1152/1773/1586 368/1774/1587
f 1152/1773/1586 1150/1772/1585 368/1774/1587
f 368/1774/1587 1640/1758/1571 1169/1754/1567
f 368/1774/1587 1641/1762/1575 1165/1767/1580
f 369/1775/1588 1633/1776/1589 1151/1777/1590
f 369/1778/1588 1632/1779/1591 1149/1763/1576
f 1149/1763/1576 1170/1780/1562 369/1778/1588
f 1170/1748/1562 1166/1771/1584 369/1775/1588
f 370/1781/1592 1653/1782/1593 1185/1783/1594
f 370/1781/1592 1643/1784/1595 1174/1785/1596
f 370/1786/1592 1645/1787/1597 1175/1788/1598
f 1175/1788/1598 1190/1789/1599 370/1786/1592
f 1189/1790/1600 1186/1791/1601 371/1792/1602
f 371/1792/1602 1646/1793/1603 1172/1794/1604
f 371/1792/1602 1644/1795/1605 1176/1796/1606
f 371/1792/1602 1652/1797/1607 1189/1790/1600
f 372/1798/1608 1651/1799/1609 1175/1788/1598
f 372/1798/1608 1645/1787/1597 1173/1800/1610
f 372/1798/1608 1646/1793/1603 1186/1791/1601
f 372/1798/1608 1654/1801/1611 1188/1802/1612
f 1187/1803/1613 1176/1796/1606 373/1804/1614
f 373/1804/1614 1644/1795/1605 1171/1805/1615
f 373/1804/1614 1643/1784/1595 1185/1783/1594
f 1185/1783/1594 1187/1803/1613 373/1804/1614
f 1171/1805/1615 1172/1794/1604 374/1806/1616
f 1172/1794/1604 1173/1800/1610 374/1806/1616
f 1173/1800/1610 1174/1807/1596 374/1806/1616
f 1174/1785/1596 1171/1805/1615 374/1806/1616
f 1198/1808/1617 1184/1809/1618 375/1810/1619
f 375/1810/1619 1652/1797/1607 1187/1803/1613
f 375/1810/1619 1653/1782/1593 1191/1811/1620
f 1191/1811/1620 1198/1808/1617 375/1810/1619
f 376/1812/1621 1657/1813/1622 1183/1814/1623
f 1183/1814/1623 1188/1802/1612 376/1812/1621
f 1188/1802/1612 1192/1815/1624 376/1812/1621
f 376/1812/1621 1656/1816/1625 1197/1817/1626
f 1196/1818/1627 1192/1815/1624 377/1819/1628
f 377/1819/1628 1654/1801/1611 1189/1790/1600
f 1189/1790/1600 1184/1809/1618 377/1819/1628
f 377/1819/1628 1658/1820/1629 1196/1818/1627
f 378/1821/1630 1655/1822/1631 1191/1811/1620
f 1191/1811/1620 1190/1823/1599 378/1821/1630
f 378/1824/1630 1651/1799/1609 1183/1814/1623
f 1183/1814/1623 1195/1825/1632 378/1824/1630
f 379/1826/1633 1648/1827/1634 1177/1828/1635
f 1177/1828/1635 1195/1829/1632 379/1826/1633
f 379/1830/1633 1657/1813/1622 1193/1831/1636
f 1193/1831/1636 1182/1832/1637 379/1830/1633
f 1181/1833/1638 1178/1834/1639 380/1835/1640
f 380/1835/1640 1656/1816/1625 1196/1818/1627
f 1196/1818/1627 1194/1836/1641 380/1835/1640
f 380/1835/1640 1649/1837/1642 1181/1833/1638
f 381/1838/1643 1647/1839/1644 1193/1831/1636
f 1193/1831/1636 1197/1817/1626 381/1838/1643
f 1197/1817/1626 1178/1834/1639 381/1838/1643
f 381/1838/1643 1650/1840/1645 1180/1841/1646
f 1179/1842/1647 1194/1836/1641 382/1843/1648
f 382/1843/1648 1658/1820/1629 1198/1808/1617
f 382/1843/1648 1655/1822/1631 1177/1828/1635
f 1177/1828/1635 1179/1842/1647 382/1843/1648
f 402/1/1 1207/30/27 384/2/2
f 1/3/3 384/2/2 1200/4/4
f 385/6/5 1202/13/10 396/7/6
f 1/8/3 396/7/6 1208/9/7
f 401/11/8 1208/9/7 396/7/6
f 2/12/9 396/7/6 1202/13/10
f 388/14/11 1206/19/16 397/15/12
f 2/12/9 397/15/12 1209/16/13
f 400/17/14 1209/16/13 397/15/12
f 3/18/15 397/15/12 1206/19/16
f 3/18/15 391/20/17 1204/21/18
f 398/22/19 1210/24/21 400/17/14
f 4/23/20 399/26/23 1210/24/21
f 398/22/19 1204/21/18 394/25/22
f 4/23/20 394/25/22 1200/4/4
f 384/2/2 1207/30/27 399/26/23
f 393/27/24 1203/1848/3841 392/28/25
f 5/29/26 392/28/25 1210/24/21
f 5/29/26 399/26/23 1207/30/27
f 395/31/28 1199/1849/3842 393/27/24
f 428/32/29 1224/65/57 434/33/30
f 434/35/30 1223/127/109 407/36/32
f 6/37/31 407/36/32 1211/38/33
f 403/40/34 1212/66/58 428/32/29
f 390/41/35 1205/1850/3843 389/42/36
f 7/43/37 389/42/36 1209/16/13
f 7/43/37 400/17/14 1210/24/21
f 392/28/25 1203/1848/3841 390/41/35
f 387/44/38 1201/1851/3844 386/45/39
f 8/46/40 386/45/39 1208/9/7
f 8/46/40 401/11/8 1209/16/13
f 389/42/36 1205/1850/3843 387/44/38
f 383/47/41 1199/1849/3842 395/31/28
f 9/48/42 395/31/28 1207/30/27
f 9/49/42 402/10/1 1208/9/7
f 386/45/39 1201/1851/3844 383/50/41
f 420/51/43 1220/106/91 426/52/44
f 426/52/44 1219/101/86 415/54/46
f 10/53/45 415/54/46 1217/55/47
f 10/53/45 413/56/48 1218/57/49
f 407/36/32 1223/127/109 433/58/50
f 433/58/50 1225/119/102 409/60/52
f 409/60/52 1214/72/64 406/61/53
f 11/59/51 406/61/53 1211/38/33
f 430/62/54 1226/122/105 432/63/55
f 12/64/56 432/63/55 1224/65/57
f 12/64/56 428/32/29 1212/66/58
f 404/67/59 1213/70/62 430/62/54
f 409/60/52 1225/119/102 431/68/60
f 431/68/60 1226/122/105 430/62/54
f 13/69/61 430/62/54 1213/70/62
f 13/69/61 405/71/63 1214/72/64
f 413/73/48 1217/1852/47 412/74/65
f 412/74/65 1216/1853/74 411/76/67
f 411/77/67 1215/1854/73 414/78/68
f 414/78/68 1218/1855/49 413/73/48
f 422/79/69 1222/94/80 425/80/70
f 425/82/70 1221/89/76 417/83/72
f 15/84/71 417/83/72 1215/85/73
f 15/81/71 411/1856/67 1216/87/74
f 16/88/75 417/83/72 1221/89/76
f 424/90/77 1220/106/91 420/51/43
f 16/88/75 420/51/43 1218/57/49
f 16/88/75 414/91/68 1215/85/73
f 415/54/46 1219/101/86 423/92/78
f 17/93/79 423/92/78 1222/94/80
f 17/93/79 422/79/69 1216/87/74
f 17/93/79 412/95/65 1217/55/47
f 419/96/81 1229/115/98 442/97/82
f 18/98/83 442/97/82 1228/99/84
f 436/100/85 1222/94/80 423/92/78
f 18/98/83 423/92/78 1219/101/86
f 19/102/87 421/107/92 1230/103/88
f 441/104/89 1227/113/96 435/105/90
f 19/102/87 435/105/90 1220/106/91
f 424/90/77 1221/89/76 421/107/92
f 436/100/85 1228/99/84 440/108/93
f 440/110/93 1230/103/88 421/107/92
f 20/111/94 421/107/92 1221/89/76
f 20/109/94 425/80/70 1222/94/80
f 21/112/95 435/105/90 1227/113/96
f 21/112/95 439/114/97 1229/115/98
f 419/96/81 1219/101/86 426/52/44
f 426/52/44 1220/106/91 435/105/90
f 429/116/99 1204/21/18 391/20/17
f 22/117/100 391/20/17 1206/19/16
f 410/118/101 1226/122/105 431/68/60
f 22/117/100 431/68/60 1225/119/102
f 410/118/101 1206/19/16 388/14/11
f 388/14/11 1202/13/10 408/121/104
f 23/120/103 408/121/104 1224/65/57
f 23/120/103 432/63/55 1226/122/105
f 24/123/106 427/124/107 1200/4/4
f 394/25/22 1204/21/18 429/116/99
f 429/116/99 1225/119/102 433/58/50
f 433/58/50 1223/127/109 427/124/107
f 25/125/108 408/121/104 1202/13/10
f 385/5/5 1200/4/4 427/124/107
f 25/126/108 427/124/107 1223/127/109
f 434/33/30 1224/65/57 408/121/104
f 416/128/110 1214/72/64 405/71/63
f 26/129/111 405/71/63 1213/70/62
f 437/130/112 1229/115/98 439/114/97
f 26/129/111 439/114/97 1227/113/96
f 27/131/113 418/134/115 1212/66/58
f 403/39/34 1211/38/33 438/132/114
f 27/133/113 438/132/114 1230/103/88
f 440/108/93 1228/99/84 418/134/115
f 438/132/114 1211/38/33 406/61/53
f 28/135/116 406/61/53 1214/72/64
f 416/128/110 1227/113/96 441/104/89
f 28/135/116 441/104/89 1230/103/88
f 29/136/117 437/130/112 1213/70/62
f 404/67/59 1212/66/58 418/134/115
f 29/136/117 418/134/115 1228/99/84
f 442/97/82 1229/115/98 437/130/112
f 30/137/118 445/1857/124 1234/138/119
f 451/139/120 1238/161/140 449/140/121
f 449/141/121 1237/155/134 452/142/122
f 30/143/118 452/142/122 1233/144/123
f 443/146/125 1231/157/136 453/147/126
f 31/148/127 453/147/126 1235/149/128
f 31/148/127 447/150/129 1236/151/130
f 454/152/131 1232/159/138 443/146/125
f 446/153/132 1233/144/123 452/142/122
f 32/154/133 452/142/122 1237/155/134
f 450/156/135 1235/149/128 453/147/126
f 32/154/133 453/147/126 1231/157/136
f 33/158/137 444/162/141 1232/159/138
f 454/152/131 1236/151/130 448/160/139
f 33/158/137 448/160/139 1238/161/140
f 451/139/120 1234/138/119 444/162/141
f 470/163/142 1243/188/165 463/164/143
f 34/165/144 463/164/143 1242/166/145
f 34/168/144 457/229/146 1241/169/147
f 460/170/148 1244/180/157 470/171/142
f 35/172/149 469/178/155 1245/173/150
f 465/174/151 1239/182/159 455/175/152
f 455/175/152 1240/186/163 462/176/153
f 35/172/149 462/176/153 1246/177/154
f 36/179/156 468/183/160 1244/180/157
f 460/170/148 1241/169/147 458/181/158
f 36/179/156 458/181/158 1239/182/159
f 465/174/151 1245/173/150 468/183/160
f 467/184/161 1246/177/154 462/176/153
f 37/185/162 462/176/153 1240/186/163
f 456/187/164 1242/166/145 463/164/143
f 37/185/162 463/164/143 1243/188/165
f 38/189/166 448/160/139 1236/151/130
f 38/189/166 466/190/167 1246/177/154
f 467/184/161 1243/188/165 459/191/168
f 459/191/168 1238/161/140 448/160/139
f 450/156/135 1237/155/134 464/192/169
f 464/192/169 1244/180/157 468/183/160
f 39/193/170 468/183/160 1245/173/150
f 39/193/170 461/194/171 1235/149/128
f 447/150/129 1235/149/128 461/194/171
f 461/194/171 1245/173/150 469/178/155
f 469/178/155 1246/177/154 466/190/167
f 466/190/167 1236/151/130 447/150/129
f 41/196/173 449/140/121 1238/161/140
f 41/196/173 459/191/168 1243/188/165
f 41/197/173 470/171/142 1244/180/157
f 41/197/173 464/192/169 1237/155/134
f 42/198/174 489/205/181 1257/199/175
f 494/200/176 1255/215/191 475/201/177
f 42/198/174 475/201/177 1249/202/178
f 42/198/174 474/203/179 1247/204/180
f 490/206/182 1258/218/193 493/207/183
f 43/208/184 493/207/183 1256/209/185
f 43/208/184 477/210/186 1248/211/187
f 43/208/184 472/212/188 1250/213/189
f 44/214/190 475/201/177 1255/215/191
f 44/217/190 492/250/192 1258/218/193
f 44/217/190 490/206/182 1250/213/189
f 44/214/190 473/242/194 1249/202/178
f 477/210/186 1256/209/185 491/220/195
f 491/220/195 1257/199/175 489/205/181
f 45/221/196 489/205/181 1247/204/180
f 45/221/196 471/222/197 1248/211/187
f 46/223/198 481/227/202 1240/186/163
f 46/223/198 455/175/152 1239/182/159
f 476/224/199 1252/240/212 483/225/200
f 46/223/198 483/225/200 1253/226/201
f 479/228/203 1241/169/147 457/229/146
f 457/167/146 1242/166/145 478/231/205
f 47/232/204 478/231/205 1254/233/206
f 484/235/207 1251/247/218 479/228/203
f 48/236/208 478/231/205 1242/166/145
f 456/187/164 1240/186/163 481/227/202
f 48/236/208 481/227/202 1253/226/201
f 485/237/209 1254/233/206 478/231/205
f 476/224/199 1239/182/159 458/181/158
f 49/238/210 458/181/158 1241/169/147
f 479/228/203 1251/247/218 486/239/211
f 49/238/210 486/239/211 1252/240/212
f 472/212/188 1248/211/187 471/222/197
f 471/222/197 1247/204/180 474/203/179
f 474/203/179 1249/202/178 473/242/194
f 473/219/194 1250/213/189 472/212/188
f 488/243/214 1253/226/201 483/225/200
f 51/244/215 483/225/200 1252/240/212
f 51/244/215 480/245/216 1257/199/175
f 51/244/215 491/220/195 1256/209/185
f 52/246/217 487/251/220 1251/247/218
f 484/234/207 1254/233/206 482/248/219
f 482/248/219 1258/218/193 492/250/192
f 492/216/192 1255/215/191 487/251/220
f 53/252/221 482/248/219 1254/233/206
f 485/237/209 1253/226/201 488/243/214
f 488/243/214 1256/209/185 493/207/183
f 53/252/221 493/207/183 1258/218/193
f 480/245/216 1252/240/212 486/239/211
f 486/239/211 1251/247/218 487/251/220
f 54/253/222 487/251/220 1255/215/191
f 494/200/176 1257/199/175 480/245/216
f 55/254/223 506/1858/231 1263/255/224
f 55/254/223 501/256/225 1262/257/226
f 55/259/223 497/311/227 1261/260/228
f 55/259/223 499/261/229 1264/262/230
f 505/264/232 1265/273/241 502/265/233
f 502/265/233 1259/272/240 495/267/235
f 495/267/235 1260/276/244 500/268/236
f 500/268/236 1266/275/243 505/264/232
f 504/269/237 1264/262/230 499/261/229
f 499/261/229 1261/260/228 498/271/239
f 57/270/238 498/271/239 1259/272/240
f 57/270/238 502/265/233 1265/273/241
f 58/274/242 503/278/246 1266/275/243
f 58/274/242 500/268/236 1260/276/244
f 496/277/245 1262/257/226 501/256/225
f 501/256/225 1263/255/224 503/278/246
f 59/279/247 525/286/254 1277/280/248
f 530/281/249 1275/296/264 511/282/250
f 59/279/247 511/282/250 1269/283/251
f 59/279/247 510/284/252 1267/285/253
f 526/287/255 1278/299/266 529/288/256
f 60/289/257 529/288/256 1276/290/258
f 60/289/257 513/291/259 1268/292/260
f 60/289/257 508/293/261 1270/294/262
f 61/295/263 511/282/250 1275/296/264
f 61/298/263 528/331/265 1278/299/266
f 61/298/263 526/287/255 1270/294/262
f 61/295/263 509/324/267 1269/283/251
f 513/291/259 1276/290/258 527/301/268
f 527/301/268 1277/280/248 525/286/254
f 62/302/269 525/286/254 1267/285/253
f 62/302/269 507/303/270 1268/292/260
f 63/304/271 517/309/276 1260/276/244
f 63/304/271 495/267/235 1259/272/240
f 63/304/271 512/305/272 1272/306/273
f 63/304/271 519/307/274 1273/308/275
f 515/310/277 1261/260/228 497/311/227
f 497/258/227 1262/257/226 514/313/279
f 514/313/279 1274/319/283 520/315/280
f 520/316/280 1271/321/285 515/310/277
f 65/317/281 514/313/279 1262/257/226
f 496/277/245 1260/276/244 517/309/276
f 517/309/276 1273/308/275 521/318/282
f 65/317/281 521/318/282 1274/319/283
f 512/305/272 1259/272/240 498/271/239
f 66/320/284 498/271/239 1261/260/228
f 66/320/284 515/310/277 1271/321/285
f 522/322/286 1272/306/273 512/305/272
f 508/293/261 1268/292/260 507/303/270
f 507/303/270 1267/285/253 510/284/252
f 510/284/252 1269/283/251 509/324/267
f 509/300/267 1270/294/262 508/293/261
f 524/325/288 1273/308/275 519/307/274
f 519/307/274 1272/306/273 516/327/290
f 68/326/289 516/327/290 1277/280/248
f 68/326/289 527/301/268 1276/290/258
f 69/328/291 523/332/293 1271/321/285
f 69/329/291 520/315/280 1274/319/283
f 518/330/292 1278/299/266 528/331/265
f 528/297/265 1275/296/264 523/332/293
f 518/330/292 1274/319/283 521/318/282
f 70/333/294 521/318/282 1273/308/275
f 524/325/288 1276/290/258 529/288/256
f 70/333/294 529/288/256 1278/299/266
f 71/334/295 516/327/290 1272/306/273
f 522/322/286 1271/321/285 523/332/293
f 71/334/295 523/332/293 1275/296/264
f 530/281/249 1277/280/248 516/327/290
f 72/335/296 545/342/303 1289/336/297
f 550/337/298 1287/352/313 535/338/299
f 72/335/296 535/338/299 1281/339/300
f 72/335/296 534/340/301 1279/341/302
f 546/343/304 1290/354/315 549/344/305
f 73/345/306 549/344/305 1288/346/307
f 73/345/306 536/347/308 1280/348/309
f 73/345/306 532/349/310 1282/350/311
f 74/351/312 535/338/299 1287/352/313
f 74/351/312 548/353/314 1290/354/315
f 74/351/312 546/343/304 1282/350/311
f 74/351/312 533/355/316 1281/339/300
f 536/347/308 1288/346/307 547/356/317
f 547/358/317 1289/336/297 545/342/303
f 75/359/318 545/342/303 1279/341/302
f 75/357/318 531/361/319 1280/348/309
f 532/349/310 1280/348/309 531/361/319
f 531/360/319 1279/341/302 534/340/301
f 534/340/301 1281/339/300 533/355/316
f 533/355/316 1282/350/311 532/349/310
f 544/363/321 1285/377/333 539/364/322
f 539/366/322 1284/379/335 537/367/324
f 77/368/323 537/367/324 1289/336/297
f 77/365/323 547/356/317 1288/346/307
f 78/369/325 543/374/330 1283/370/326
f 78/369/325 540/371/327 1286/372/328
f 538/373/329 1290/354/315 548/353/314
f 548/353/314 1287/352/313 543/374/330
f 538/373/329 1286/372/328 541/375/331
f 79/376/332 541/375/331 1285/377/333
f 544/363/321 1288/346/307 549/344/305
f 79/376/332 549/344/305 1290/354/315
f 80/378/334 537/367/324 1284/379/335
f 542/380/336 1283/370/326 543/374/330
f 80/378/334 543/374/330 1287/352/313
f 550/337/298 1289/336/297 537/367/324
f 81/381/337 565/388/344 1301/382/338
f 570/383/339 1299/398/354 555/384/340
f 81/381/337 555/384/340 1293/385/341
f 81/381/337 554/386/342 1291/387/343
f 566/389/345 1302/400/356 569/390/346
f 82/391/347 569/390/346 1300/392/348
f 82/391/347 556/393/349 1292/394/350
f 82/391/347 552/395/351 1294/396/352
f 83/397/353 555/384/340 1299/398/354
f 83/397/353 568/399/355 1302/400/356
f 83/397/353 566/389/345 1294/396/352
f 83/397/353 553/401/357 1293/385/341
f 556/393/349 1300/392/348 567/402/358
f 567/404/358 1301/382/338 565/388/344
f 84/405/359 565/388/344 1291/387/343
f 84/403/359 551/407/360 1292/394/350
f 552/395/351 1292/394/350 551/407/360
f 551/406/360 1291/387/343 554/386/342
f 554/386/342 1293/385/341 553/401/357
f 553/401/357 1294/396/352 552/395/351
f 86/409/362 564/415/367 1306/410/363
f 86/412/362 578/443/364 1303/413/365
f 86/412/362 571/414/366 1301/382/338
f 86/409/362 567/402/358 1300/392/348
f 563/416/368 1305/425/377 577/417/369
f 577/417/369 1304/421/373 572/419/371
f 572/419/371 1302/400/356 568/399/355
f 568/399/355 1299/398/354 563/416/368
f 88/420/372 572/419/371 1304/421/373
f 576/422/374 1306/410/363 564/415/367
f 564/415/367 1300/392/348 569/390/346
f 88/420/372 569/390/346 1302/400/356
f 571/414/366 1303/413/365 575/423/375
f 89/424/376 575/423/375 1305/425/377
f 89/424/376 563/416/368 1299/398/354
f 570/383/339 1301/382/338 571/414/366
f 557/426/378 1296/442/393 562/427/379
f 90/428/380 562/427/379 1295/429/381
f 573/430/382 1305/425/377 575/423/375
f 90/428/380 575/423/375 1303/413/365
f 91/431/383 558/435/387 1298/432/384
f 561/433/385 1297/439/391 574/434/386
f 91/431/383 574/434/386 1306/410/363
f 576/422/374 1304/421/373 558/435/387
f 573/430/382 1295/429/381 560/436/388
f 560/436/388 1298/432/384 558/435/387
f 92/437/389 558/435/387 1304/421/373
f 92/437/389 577/417/369 1305/425/377
f 93/438/390 574/434/386 1297/439/391
f 93/441/390 559/1859/392 1296/442/393
f 557/426/378 1303/413/365 578/443/364
f 578/411/364 1306/410/363 574/434/386
f 94/444/394 598/486/401 1317/445/395
f 94/444/394 593/446/396 1307/447/397
f 94/449/394 582/470/398 1309/450/399
f 583/451/400 1315/462/411 598/452/401
f 597/453/402 1318/464/413 594/454/403
f 95/455/404 594/454/403 1310/456/405
f 95/455/404 580/457/406 1308/458/407
f 95/455/404 584/459/408 1316/460/409
f 96/461/410 596/465/414 1315/462/411
f 96/461/410 583/451/400 1309/450/399
f 96/461/410 581/463/412 1310/456/405
f 96/461/410 594/454/403 1318/464/413
f 595/466/415 1316/460/409 584/459/408
f 97/467/416 584/459/408 1308/458/407
f 97/467/416 579/468/417 1307/447/397
f 593/446/396 1317/445/395 595/466/415
f 579/468/417 1308/458/407 580/457/406
f 580/457/406 1310/456/405 581/463/412
f 581/463/412 1309/450/399 582/470/398
f 582/448/398 1307/447/397 579/468/417
f 99/471/419 606/476/424 1322/472/420
f 99/471/419 592/473/421 1316/460/409
f 99/471/419 595/466/415 1317/445/395
f 99/471/419 599/474/422 1319/475/423
f 605/477/425 1321/488/434 591/478/426
f 591/478/426 1315/462/411 596/465/414
f 596/465/414 1318/464/413 600/480/428
f 600/480/428 1320/482/430 605/477/425
f 101/481/429 604/483/431 1320/482/430
f 101/481/429 600/480/428 1318/464/413
f 597/453/402 1316/460/409 592/473/421
f 592/473/421 1322/472/420 604/483/431
f 603/484/432 1319/475/423 599/474/422
f 599/474/422 1317/445/395 598/486/401
f 102/487/433 598/452/401 1315/462/411
f 102/487/433 591/478/426 1321/488/434
f 590/490/435 1312/506/449 585/491/436
f 103/492/437 585/491/436 1319/475/423
f 603/489/432 1321/488/434 601/493/438
f 103/494/437 601/493/438 1311/495/439
f 104/497/440 589/501/444 1314/498/441
f 586/499/442 1320/482/430 604/483/431
f 104/497/440 604/483/431 1322/472/420
f 602/500/443 1313/505/448 589/501/444
f 588/502/445 1311/495/439 601/493/438
f 105/503/446 601/493/438 1321/488/434
f 105/503/446 605/477/425 1320/482/430
f 586/499/442 1314/498/441 588/502/445
f 106/504/447 587/507/450 1313/505/448
f 602/500/443 1322/472/420 606/476/424
f 606/476/424 1319/475/423 585/491/436
f 106/504/447 585/491/436 1312/506/449
f 107/508/451 626/550/458 1333/509/452
f 107/508/451 621/510/453 1323/511/454
f 107/513/451 610/534/455 1325/514/456
f 611/515/457 1331/526/468 626/516/458
f 625/517/459 1334/528/470 622/518/460
f 108/519/461 622/518/460 1326/520/462
f 108/519/461 608/521/463 1324/522/464
f 108/519/461 612/523/465 1332/524/466
f 109/525/467 624/529/471 1331/526/468
f 109/525/467 611/515/457 1325/514/456
f 109/525/467 609/527/469 1326/520/462
f 109/525/467 622/518/460 1334/528/470
f 623/530/472 1332/524/466 612/523/465
f 110/531/473 612/523/465 1324/522/464
f 110/531/473 607/532/474 1323/511/454
f 621/510/453 1333/509/452 623/530/472
f 607/532/474 1324/522/464 608/521/463
f 608/521/463 1326/520/462 609/527/469
f 609/527/469 1325/514/456 610/534/455
f 610/512/455 1323/511/454 607/532/474
f 634/535/476 1338/547/488 620/536/477
f 112/537/478 620/536/477 1332/524/466
f 112/537/478 623/530/472 1333/509/452
f 627/538/479 1335/549/490 634/535/476
f 113/539/480 633/544/485 1337/540/481
f 619/541/482 1331/526/468 624/529/471
f 624/529/471 1334/528/470 628/542/483
f 113/539/480 628/542/483 1336/543/484
f 632/545/486 1336/543/484 628/542/483
f 114/546/487 628/542/483 1334/528/470
f 625/517/459 1332/524/466 620/536/477
f 114/546/487 620/536/477 1338/547/488
f 115/548/489 631/556/491 1335/549/490
f 627/538/479 1333/509/452 626/550/458
f 115/551/489 626/516/458 1331/526/468
f 619/541/482 1337/540/481 631/552/491
f 116/553/492 618/1860/496 1328/554/493
f 613/555/494 1335/549/490 631/556/491
f 116/557/492 631/552/491 1337/540/481
f 629/558/495 1327/566/503 618/559/496
f 617/560/497 1330/567/504 614/561/498
f 117/562/499 614/561/498 1336/543/484
f 632/545/486 1338/547/488 630/563/500
f 117/562/499 630/563/500 1329/564/501
f 118/565/502 616/568/505 1327/566/503
f 629/558/495 1337/540/481 633/544/485
f 633/544/485 1336/543/484 614/561/498
f 118/565/502 614/561/498 1330/567/504
f 615/569/506 1329/564/501 630/563/500
f 119/570/507 630/563/500 1338/547/488
f 119/570/507 634/535/476 1335/549/490
f 613/555/494 1328/554/493 615/569/506
f 120/571/508 654/613/515 1349/572/509
f 120/571/508 649/573/510 1339/574/511
f 120/576/508 638/597/512 1341/577/513
f 639/578/514 1347/589/525 654/579/515
f 653/580/516 1350/591/527 650/581/517
f 121/582/518 650/581/517 1342/583/519
f 121/582/518 636/584/520 1340/585/521
f 121/582/518 640/586/522 1348/587/523
f 122/588/524 652/592/528 1347/589/525
f 122/588/524 639/578/514 1341/577/513
f 122/588/524 637/590/526 1342/583/519
f 122/588/524 650/581/517 1350/591/527
f 651/593/529 1348/587/523 640/586/522
f 123/594/530 640/586/522 1340/585/521
f 123/594/530 635/595/531 1339/574/511
f 649/573/510 1349/572/509 651/593/529
f 635/595/531 1340/585/521 636/584/520
f 636/584/520 1342/583/519 637/590/526
f 637/590/526 1341/577/513 638/597/512
f 638/575/512 1339/574/511 635/595/531
f 125/598/533 662/603/538 1354/599/534
f 125/598/533 648/600/535 1348/587/523
f 125/598/533 651/593/529 1349/572/509
f 125/598/533 655/601/536 1351/602/537
f 661/604/539 1353/615/548 647/605/540
f 647/605/540 1347/589/525 652/592/528
f 652/592/528 1350/591/527 656/607/542
f 656/607/542 1352/609/544 661/604/539
f 127/608/543 660/610/545 1352/609/544
f 127/608/543 656/607/542 1350/591/527
f 653/580/516 1348/587/523 648/600/535
f 648/600/535 1354/599/534 660/610/545
f 659/611/546 1351/602/537 655/601/536
f 655/601/536 1349/572/509 654/613/515
f 128/614/547 654/579/515 1347/589/525
f 128/614/547 647/605/540 1353/615/548
f 129/617/549 646/1861/553 1344/618/550
f 129/617/549 641/619/551 1351/602/537
f 659/616/546 1353/615/548 657/620/552
f 657/620/552 1343/629/560 646/622/553
f 645/623/554 1346/630/561 642/624/555
f 642/624/555 1352/609/544 660/610/545
f 130/625/556 660/610/545 1354/599/534
f 130/625/556 658/626/557 1345/627/558
f 131/628/559 644/631/562 1343/629/560
f 131/628/559 657/620/552 1353/615/548
f 131/628/559 661/604/539 1352/609/544
f 131/628/559 642/624/555 1346/630/561
f 643/632/563 1345/627/558 658/626/557
f 658/626/557 1354/599/534 662/603/538
f 662/603/538 1351/602/537 641/619/551
f 641/619/551 1344/618/550 643/632/563
f 133/634/565 677/641/572 1365/635/566
f 682/636/567 1363/651/582 667/637/568
f 133/634/565 667/637/568 1357/638/569
f 133/634/565 666/639/570 1355/640/571
f 678/642/573 1366/653/584 681/643/574
f 134/644/575 681/643/574 1364/645/576
f 134/644/575 668/646/577 1356/647/578
f 134/644/575 664/648/579 1358/649/580
f 135/650/581 667/637/568 1363/651/582
f 135/650/581 680/652/583 1366/653/584
f 135/650/581 678/642/573 1358/649/580
f 135/650/581 665/654/585 1357/638/569
f 668/646/577 1364/645/576 679/655/586
f 679/657/586 1365/635/566 677/641/572
f 136/658/587 677/641/572 1355/640/571
f 136/656/587 663/660/588 1356/647/578
f 664/648/579 1356/647/578 663/660/588
f 663/659/588 1355/640/571 666/639/570
f 666/639/570 1357/638/569 665/654/585
f 665/654/585 1358/649/580 664/648/579
f 138/662/590 676/668/595 1370/663/591
f 138/665/590 690/696/592 1367/666/593
f 138/665/590 683/667/594 1365/635/566
f 138/662/590 679/655/586 1364/645/576
f 675/669/596 1369/678/604 689/670/597
f 689/670/597 1368/674/600 684/672/598
f 684/672/598 1366/653/584 680/652/583
f 680/652/583 1363/651/582 675/669/596
f 140/673/599 684/672/598 1368/674/600
f 688/675/601 1370/663/591 676/668/595
f 676/668/595 1364/645/576 681/643/574
f 140/673/599 681/643/574 1366/653/584
f 683/667/594 1367/666/593 687/676/602
f 141/677/603 687/676/602 1369/678/604
f 141/677/603 675/669/596 1363/651/582
f 682/636/567 1365/635/566 683/667/594
f 669/679/605 1360/695/620 674/680/606
f 142/681/607 674/680/606 1359/682/608
f 685/683/609 1369/678/604 687/676/602
f 142/681/607 687/676/602 1367/666/593
f 143/684/610 670/688/614 1362/685/611
f 673/686/612 1361/692/618 686/687/613
f 143/684/610 686/687/613 1370/663/591
f 688/675/601 1368/674/600 670/688/614
f 685/683/609 1359/682/608 672/689/615
f 672/689/615 1362/685/611 670/688/614
f 144/690/616 670/688/614 1368/674/600
f 144/690/616 689/670/597 1369/678/604
f 145/691/617 686/687/613 1361/692/618
f 145/694/617 671/1862/619 1360/695/620
f 669/679/605 1367/666/593 690/696/592
f 690/664/592 1370/663/591 686/687/613
f 146/697/621 693/1863/627 1374/698/622
f 699/699/623 1378/721/643 697/700/624
f 697/701/624 1377/715/637 700/702/625
f 146/703/621 700/702/625 1373/704/626
f 691/706/628 1371/717/639 701/707/629
f 147/708/630 701/707/629 1375/709/631
f 147/708/630 695/710/632 1376/711/633
f 702/712/634 1372/719/641 691/706/628
f 694/713/635 1373/704/626 700/702/625
f 148/714/636 700/702/625 1377/715/637
f 698/716/638 1375/709/631 701/707/629
f 148/714/636 701/707/629 1371/717/639
f 149/718/640 692/722/644 1372/719/641
f 702/712/634 1376/711/633 696/720/642
f 149/718/640 696/720/642 1378/721/643
f 699/699/623 1374/698/622 692/722/644
f 150/723/645 718/757/651 1383/724/646
f 711/725/647 1382/747/667 705/726/648
f 705/727/648 1381/741/661 708/728/649
f 150/729/645 708/728/649 1384/730/650
f 717/732/652 1385/743/663 713/733/653
f 151/734/654 713/733/653 1379/735/655
f 151/734/654 703/736/656 1380/737/657
f 710/738/658 1386/745/665 717/732/652
f 716/739/659 1384/730/650 708/728/649
f 152/740/660 708/728/649 1381/741/661
f 706/742/662 1379/735/655 713/733/653
f 152/740/660 713/733/653 1385/743/663
f 153/744/664 715/748/668 1386/745/665
f 710/738/658 1380/737/657 704/746/666
f 153/744/664 704/746/666 1382/747/667
f 711/725/647 1383/724/646 715/748/668
f 696/720/642 1376/711/633 714/749/669
f 154/750/670 714/749/669 1386/745/665
f 715/748/668 1383/724/646 707/751/671
f 154/750/670 707/751/671 1378/721/643
f 155/752/672 698/716/638 1377/715/637
f 712/753/673 1384/730/650 716/739/659
f 155/752/672 716/739/659 1385/743/663
f 709/754/674 1375/709/631 698/716/638
f 156/755/675 695/710/632 1375/709/631
f 709/754/674 1385/743/663 717/732/652
f 717/732/652 1386/745/665 714/749/669
f 156/755/675 714/749/669 1376/711/633
f 697/700/624 1378/721/643 707/751/671
f 157/756/676 707/751/671 1383/724/646
f 157/758/676 718/731/651 1384/730/650
f 712/753/673 1377/715/637 697/701/624
f 969/759/677 1529/783/699 974/760/678
f 158/761/679 974/760/678 1527/762/680
f 158/761/679 723/763/681 1389/764/682
f 158/761/679 722/765/683 1387/766/684
f 159/767/685 970/774/692 1530/768/686
f 973/769/687 1528/781/697 725/770/688
f 159/767/685 725/770/688 1388/771/689
f 159/767/685 720/772/690 1390/773/691
f 723/763/681 1527/762/680 972/775/693
f 972/777/693 1530/768/686 970/774/692
f 160/778/694 970/774/692 1390/773/691
f 160/776/694 721/803/695 1389/764/682
f 161/780/696 725/770/688 1528/781/697
f 161/780/696 971/782/698 1529/783/699
f 161/780/696 969/759/677 1387/766/684
f 161/780/696 719/784/700 1388/771/689
f 162/785/701 729/788/704 1380/737/657
f 162/785/701 703/736/656 1379/735/655
f 724/786/702 1392/801/716 731/787/703
f 731/787/703 1393/797/712 729/788/704
f 727/789/705 1381/741/661 705/727/648
f 705/726/648 1382/747/667 726/791/707
f 163/792/706 726/791/707 1394/793/708
f 163/790/706 732/809/709 1391/795/710
f 164/796/711 726/791/707 1382/747/667
f 704/746/666 1380/737/657 729/788/704
f 164/796/711 729/788/704 1393/797/712
f 733/798/713 1394/793/708 726/791/707
f 724/786/702 1379/735/655 706/742/662
f 165/799/714 706/742/662 1381/741/661
f 727/789/705 1391/795/710 734/800/715
f 165/799/714 734/800/715 1392/801/716
f 720/772/690 1388/771/689 719/784/700
f 719/784/700 1387/766/684 722/765/683
f 722/765/683 1389/764/682 721/803/695
f 721/779/695 1390/773/691 720/772/690
f 167/804/718 736/807/721 1393/797/712
f 167/804/718 731/787/703 1392/801/716
f 728/805/719 1397/821/733 739/806/720
f 739/806/720 1396/817/729 736/807/721
f 735/808/722 1391/795/710 732/809/709
f 732/794/709 1394/793/708 730/811/724
f 168/812/723 730/811/724 1398/813/725
f 168/810/723 740/1334/726 1395/815/727
f 169/816/728 730/811/724 1394/793/708
f 733/798/713 1393/797/712 736/807/721
f 169/816/728 736/807/721 1396/817/729
f 741/818/730 1398/813/725 730/811/724
f 728/805/719 1392/801/716 734/800/715
f 170/819/731 734/800/715 1391/795/710
f 735/808/722 1395/815/727 742/820/732
f 170/819/731 742/820/732 1397/821/733
f 171/822/734 754/1864/742 1403/823/735
f 171/822/734 749/824/736 1402/825/737
f 171/827/734 745/879/738 1401/828/739
f 171/827/734 747/829/740 1404/830/741
f 753/832/743 1405/841/752 750/833/744
f 750/833/744 1399/840/751 743/835/746
f 743/835/746 1400/844/755 748/836/747
f 748/836/747 1406/843/754 753/832/743
f 752/837/748 1404/830/741 747/829/740
f 747/829/740 1401/828/739 746/839/750
f 173/838/749 746/839/750 1399/840/751
f 173/838/749 750/833/744 1405/841/752
f 174/842/753 751/846/757 1406/843/754
f 174/842/753 748/836/747 1400/844/755
f 744/845/756 1402/825/737 749/824/736
f 749/824/736 1403/823/735 751/846/757
f 175/847/758 773/854/765 1417/848/759
f 778/849/760 1415/864/775 759/850/761
f 175/847/758 759/850/761 1409/851/762
f 175/847/758 758/852/763 1407/853/764
f 774/855/766 1418/867/777 777/856/767
f 176/857/768 777/856/767 1416/858/769
f 176/857/768 761/859/770 1408/860/771
f 176/857/768 756/861/772 1410/862/773
f 177/863/774 759/850/761 1415/864/775
f 177/866/774 776/899/776 1418/867/777
f 177/866/774 774/855/766 1410/862/773
f 177/863/774 757/892/778 1409/851/762
f 761/859/770 1416/858/769 775/869/779
f 775/869/779 1417/848/759 773/854/765
f 178/870/780 773/854/765 1407/853/764
f 178/870/780 755/871/781 1408/860/771
f 179/872/782 765/877/787 1400/844/755
f 179/872/782 743/835/746 1399/840/751
f 179/872/782 760/873/783 1412/874/784
f 179/872/782 767/875/785 1413/876/786
f 763/878/788 1401/828/739 745/879/738
f 745/826/738 1402/825/737 762/881/790
f 762/881/790 1414/887/794 768/883/791
f 768/884/791 1411/889/796 763/878/788
f 181/885/792 762/881/790 1402/825/737
f 744/845/756 1400/844/755 765/877/787
f 765/877/787 1413/876/786 769/886/793
f 181/885/792 769/886/793 1414/887/794
f 760/873/783 1399/840/751 746/839/750
f 182/888/795 746/839/750 1401/828/739
f 182/888/795 763/878/788 1411/889/796
f 770/890/797 1412/874/784 760/873/783
f 756/861/772 1408/860/771 755/871/781
f 755/871/781 1407/853/764 758/852/763
f 758/852/763 1409/851/762 757/892/778
f 757/868/778 1410/862/773 756/861/772
f 772/893/799 1413/876/786 767/875/785
f 767/875/785 1412/874/784 764/895/801
f 184/894/800 764/895/801 1417/848/759
f 184/894/800 775/869/779 1416/858/769
f 185/896/802 771/900/804 1411/889/796
f 185/897/802 768/883/791 1414/887/794
f 766/898/803 1418/867/777 776/899/776
f 776/865/776 1415/864/775 771/900/804
f 766/898/803 1414/887/794 769/886/793
f 186/901/805 769/886/793 1413/876/786
f 772/893/799 1416/858/769 777/856/767
f 186/901/805 777/856/767 1418/867/777
f 187/902/806 764/895/801 1412/874/784
f 770/890/797 1411/889/796 771/900/804
f 187/902/806 771/900/804 1415/864/775
f 778/849/760 1417/848/759 764/895/801
f 188/903/807 793/910/814 1429/904/808
f 798/905/809 1427/920/824 783/906/810
f 188/903/807 783/906/810 1421/907/811
f 188/903/807 782/908/812 1419/909/813
f 794/911/815 1430/922/826 797/912/816
f 189/913/817 797/912/816 1428/914/818
f 189/913/817 784/915/819 1420/916/820
f 189/913/817 780/917/821 1422/918/822
f 190/919/823 783/906/810 1427/920/824
f 190/919/823 796/921/825 1430/922/826
f 190/919/823 794/911/815 1422/918/822
f 190/919/823 781/923/827 1421/907/811
f 784/915/819 1428/914/818 795/924/828
f 795/926/828 1429/904/808 793/910/814
f 191/927/829 793/910/814 1419/909/813
f 191/925/829 779/929/830 1420/916/820
f 780/917/821 1420/916/820 779/929/830
f 779/928/830 1419/909/813 782/908/812
f 782/908/812 1421/907/811 781/923/827
f 781/923/827 1422/918/822 780/917/821
f 792/931/832 1425/945/842 787/932/828
f 787/934/828 1424/947/844 785/935/833
f 193/936/828 785/935/833 1429/904/808
f 193/933/828 795/924/828 1428/914/818
f 194/937/834 791/942/839 1423/938/835
f 194/937/834 788/939/836 1426/940/837
f 786/941/838 1430/922/826 796/921/825
f 796/921/825 1427/920/824 791/942/839
f 786/941/838 1426/940/837 789/943/840
f 195/944/841 789/943/840 1425/945/842
f 792/931/832 1428/914/818 797/912/816
f 195/944/841 797/912/816 1430/922/826
f 196/946/843 785/935/833 1424/947/844
f 790/948/845 1423/938/835 791/942/839
f 196/946/843 791/942/839 1427/920/824
f 798/905/809 1429/904/808 785/935/833
f 197/949/846 813/956/853 1441/950/847
f 818/951/848 1439/966/863 803/952/849
f 197/949/846 803/952/849 1433/953/850
f 197/949/846 802/954/851 1431/955/852
f 814/957/854 1442/968/865 817/958/855
f 198/959/856 817/958/855 1440/960/857
f 198/959/856 804/961/858 1432/962/859
f 198/959/856 800/963/860 1434/964/861
f 199/965/862 803/952/849 1439/966/863
f 199/965/862 816/967/864 1442/968/865
f 199/965/862 814/957/854 1434/964/861
f 199/965/862 801/969/866 1433/953/850
f 804/961/858 1440/960/857 815/970/867
f 815/972/867 1441/950/847 813/956/853
f 200/973/868 813/956/853 1431/955/852
f 200/971/868 799/975/869 1432/962/859
f 800/963/860 1432/962/859 799/975/869
f 799/974/869 1431/955/852 802/954/851
f 802/954/851 1433/953/850 801/969/866
f 801/969/866 1434/964/861 800/963/860
f 202/977/871 812/983/876 1446/978/872
f 202/980/871 826/1011/873 1443/981/874
f 202/980/871 819/982/875 1441/950/847
f 202/977/871 815/970/867 1440/960/857
f 811/984/877 1445/993/886 825/985/878
f 825/985/878 1444/989/882 820/987/880
f 820/987/880 1442/968/865 816/967/864
f 816/967/864 1439/966/863 811/984/877
f 204/988/881 820/987/880 1444/989/882
f 824/990/883 1446/978/872 812/983/876
f 812/983/876 1440/960/857 817/958/855
f 204/988/881 817/958/855 1442/968/865
f 819/982/875 1443/981/874 823/991/884
f 205/992/885 823/991/884 1445/993/886
f 205/992/885 811/984/877 1439/966/863
f 818/951/848 1441/950/847 819/982/875
f 805/994/887 1436/1010/902 810/995/888
f 206/996/889 810/995/888 1435/997/890
f 821/998/891 1445/993/886 823/991/884
f 206/996/889 823/991/884 1443/981/874
f 207/999/892 806/1003/896 1438/1000/893
f 809/1001/894 1437/1007/900 822/1002/895
f 207/999/892 822/1002/895 1446/978/872
f 824/990/883 1444/989/882 806/1003/896
f 821/998/891 1435/997/890 808/1004/897
f 808/1004/897 1438/1000/893 806/1003/896
f 208/1005/898 806/1003/896 1444/989/882
f 208/1005/898 825/985/878 1445/993/886
f 209/1006/899 822/1002/895 1437/1007/900
f 209/1009/899 807/1865/901 1436/1010/902
f 805/994/887 1443/981/874 826/1011/873
f 826/979/873 1446/978/872 822/1002/895
f 210/1012/903 846/1054/910 1457/1013/904
f 210/1012/903 841/1014/905 1447/1015/906
f 210/1017/903 830/1038/907 1449/1018/908
f 831/1019/909 1455/1030/920 846/1020/910
f 845/1021/911 1458/1032/922 842/1022/912
f 211/1023/913 842/1022/912 1450/1024/914
f 211/1023/913 828/1025/915 1448/1026/916
f 211/1023/913 832/1027/917 1456/1028/918
f 212/1029/919 844/1033/923 1455/1030/920
f 212/1029/919 831/1019/909 1449/1018/908
f 212/1029/919 829/1031/921 1450/1024/914
f 212/1029/919 842/1022/912 1458/1032/922
f 843/1034/924 1456/1028/918 832/1027/917
f 213/1035/925 832/1027/917 1448/1026/916
f 213/1035/925 827/1036/926 1447/1015/906
f 841/1014/905 1457/1013/904 843/1034/924
f 827/1036/926 1448/1026/916 828/1025/915
f 828/1025/915 1450/1024/914 829/1031/921
f 829/1031/921 1449/1018/908 830/1038/907
f 830/1016/907 1447/1015/906 827/1036/926
f 854/1039/928 1462/1051/940 840/1040/929
f 215/1041/930 840/1040/929 1456/1028/918
f 215/1041/930 843/1034/924 1457/1013/904
f 847/1042/931 1459/1053/942 854/1039/928
f 216/1043/932 853/1048/937 1461/1044/933
f 839/1045/934 1455/1030/920 844/1033/923
f 844/1033/923 1458/1032/922 848/1046/935
f 216/1043/932 848/1046/935 1460/1047/936
f 852/1049/938 1460/1047/936 848/1046/935
f 217/1050/939 848/1046/935 1458/1032/922
f 845/1021/911 1456/1028/918 840/1040/929
f 217/1050/939 840/1040/929 1462/1051/940
f 218/1052/941 851/1060/943 1459/1053/942
f 847/1042/931 1457/1013/904 846/1054/910
f 218/1055/941 846/1020/910 1455/1030/920
f 839/1045/934 1461/1044/933 851/1056/943
f 219/1057/944 838/1866/948 1452/1058/945
f 833/1059/946 1459/1053/942 851/1060/943
f 219/1061/944 851/1056/943 1461/1044/933
f 849/1062/947 1451/1070/955 838/1063/948
f 837/1064/949 1454/1071/956 834/1065/950
f 220/1066/951 834/1065/950 1460/1047/936
f 852/1049/938 1462/1051/940 850/1067/952
f 220/1066/951 850/1067/952 1453/1068/953
f 221/1069/954 836/1072/957 1451/1070/955
f 849/1062/947 1461/1044/933 853/1048/937
f 853/1048/937 1460/1047/936 834/1065/950
f 221/1069/954 834/1065/950 1454/1071/956
f 835/1073/958 1453/1068/953 850/1067/952
f 222/1074/959 850/1067/952 1462/1051/940
f 222/1074/959 854/1039/928 1459/1053/942
f 833/1059/946 1452/1058/945 835/1073/958
f 223/1075/960 861/1083/968 1467/1076/961
f 223/1075/960 866/1077/962 1468/1078/963
f 223/1075/960 859/1079/964 1465/1080/965
f 223/1075/960 857/1081/966 1466/1082/967
f 862/1084/969 1469/1091/976 865/1085/970
f 865/1085/970 1470/1095/980 860/1087/972
f 860/1087/972 1464/1099/983 855/1088/973
f 855/1088/973 1463/1092/977 862/1084/969
f 859/1079/964 1468/1078/963 864/1089/974
f 225/1090/975 864/1089/974 1469/1091/976
f 225/1090/975 862/1084/969 1463/1092/977
f 858/1093/978 1465/1080/965 859/1079/964
f 226/1094/979 860/1087/972 1470/1095/980
f 863/1096/981 1467/1867/961 861/1097/968
f 861/1097/968 1466/1137/967 856/1098/982
f 226/1094/979 856/1098/982 1464/1099/983
f 227/1100/984 890/1107/991 1481/1101/985
f 227/1100/984 885/1102/986 1471/1103/987
f 227/1100/984 870/1104/988 1473/1105/989
f 871/1106/990 1479/1118/1001 890/1107/991
f 889/1108/992 1482/1155/1003 886/1109/993
f 228/1111/994 886/1120/993 1474/1112/995
f 228/1110/994 868/1144/996 1472/1114/997
f 228/1110/994 873/1115/998 1480/1116/999
f 229/1117/1000 888/1122/1004 1479/1118/1001
f 229/1117/1000 871/1106/990 1473/1105/989
f 229/1117/1000 869/1119/1002 1474/1112/995
f 229/1117/1000 886/1120/993 1482/1121/1003
f 887/1123/1005 1480/1116/999 873/1115/998
f 230/1124/1006 873/1115/998 1472/1114/997
f 230/1124/1006 867/1125/1007 1471/1103/987
f 885/1102/986 1481/1101/985 887/1123/1005
f 231/1126/1008 855/1088/973 1464/1099/983
f 231/1126/1008 877/1127/1009 1477/1128/1010
f 231/1126/1008 879/1129/1011 1476/1130/1012
f 231/1126/1008 872/1131/1013 1463/1092/977
f 857/1081/966 1465/1080/965 875/1132/1014
f 875/1132/1014 1475/1143/1023 880/1134/1016
f 880/1134/1016 1478/1152/1019 874/1135/1017
f 874/1135/1017 1466/1082/967 857/1081/966
f 233/1136/1018 856/1098/982 1466/1137/967
f 233/1136/1018 874/1138/1017 1478/1139/1019
f 881/1140/1020 1477/1128/1010 877/1127/1009
f 877/1127/1009 1464/1099/983 856/1098/982
f 858/1093/978 1463/1092/977 872/1131/1013
f 872/1131/1013 1476/1130/1012 882/1142/1022
f 234/1141/1021 882/1142/1022 1475/1143/1023
f 234/1141/1021 875/1132/1014 1465/1080/965
f 867/1125/1007 1472/1114/997 868/1144/996
f 868/1113/996 1474/1112/995 869/1119/1002
f 869/1119/1002 1473/1105/989 870/1104/988
f 870/1104/988 1471/1103/987 867/1125/1007
f 879/1129/1011 1477/1128/1010 884/1146/1025
f 236/1147/1026 884/1146/1025 1480/1116/999
f 236/1147/1026 887/1123/1005 1481/1101/985
f 876/1148/1027 1476/1130/1012 879/1129/1011
f 237/1149/1028 880/1134/1016 1475/1143/1023
f 883/1150/1029 1479/1118/1001 888/1122/1004
f 888/1122/1004 1482/1121/1003 878/1151/1030
f 237/1149/1028 878/1151/1030 1478/1152/1019
f 881/1140/1020 1478/1139/1019 878/1153/1030
f 238/1154/1031 878/1153/1030 1482/1155/1003
f 889/1108/992 1480/1116/999 884/1146/1025
f 238/1154/1031 884/1146/1025 1477/1128/1010
f 239/1156/1032 882/1142/1022 1476/1130/1012
f 876/1148/1027 1481/1101/985 890/1107/991
f 239/1156/1032 890/1107/991 1479/1118/1001
f 883/1150/1029 1475/1143/1023 882/1142/1022
f 240/1157/1033 910/1199/1040 1493/1158/1034
f 240/1157/1033 905/1159/1035 1483/1160/1036
f 240/1162/1033 894/1183/1037 1485/1163/1038
f 895/1164/1039 1491/1175/1050 910/1165/1040
f 909/1166/1041 1494/1177/1052 906/1167/1042
f 241/1168/1043 906/1167/1042 1486/1169/1044
f 241/1168/1043 892/1170/1045 1484/1171/1046
f 241/1168/1043 896/1172/1047 1492/1173/1048
f 242/1174/1049 908/1178/1053 1491/1175/1050
f 242/1174/1049 895/1164/1039 1485/1163/1038
f 242/1174/1049 893/1176/1051 1486/1169/1044
f 242/1174/1049 906/1167/1042 1494/1177/1052
f 907/1179/1054 1492/1173/1048 896/1172/1047
f 243/1180/1055 896/1172/1047 1484/1171/1046
f 243/1180/1055 891/1181/1056 1483/1160/1036
f 905/1159/1035 1493/1158/1034 907/1179/1054
f 891/1181/1056 1484/1171/1046 892/1170/1045
f 892/1170/1045 1486/1169/1044 893/1176/1051
f 893/1176/1051 1485/1163/1038 894/1183/1037
f 894/1161/1037 1483/1160/1036 891/1181/1056
f 899/1184/1058 1489/1196/1069 904/1185/1059
f 245/1186/1058 904/1185/1059 1492/1173/1048
f 245/1186/1058 907/1179/1054 1493/1158/1034
f 897/1187/1060 1488/1198/1071 899/1184/1058
f 246/1188/1061 900/1193/1066 1487/1189/1062
f 903/1190/1063 1491/1175/1050 908/1178/1053
f 908/1178/1053 1494/1177/1052 898/1191/1064
f 246/1188/1061 898/1191/1064 1490/1192/1065
f 901/1194/1067 1490/1192/1065 898/1191/1064
f 247/1195/1068 898/1191/1064 1494/1177/1052
f 909/1166/1041 1492/1173/1048 904/1185/1059
f 247/1195/1068 904/1185/1059 1489/1196/1069
f 248/1197/1070 902/1868/1072 1488/1198/1071
f 897/1187/1060 1493/1158/1034 910/1199/1040
f 248/1200/1070 910/1165/1040 1491/1175/1050
f 903/1190/1063 1487/1189/1062 902/1201/1072
f 249/1202/1073 930/1244/1080 1505/1203/1074
f 249/1202/1073 925/1204/1075 1495/1205/1076
f 249/1207/1073 914/1228/1077 1497/1208/1078
f 915/1209/1079 1503/1220/1090 930/1210/1080
f 929/1211/1081 1506/1222/1092 926/1212/1082
f 250/1213/1083 926/1212/1082 1498/1214/1084
f 250/1213/1083 912/1215/1085 1496/1216/1086
f 250/1213/1083 916/1217/1087 1504/1218/1088
f 251/1219/1089 928/1223/1093 1503/1220/1090
f 251/1219/1089 915/1209/1079 1497/1208/1078
f 251/1219/1089 913/1221/1091 1498/1214/1084
f 251/1219/1089 926/1212/1082 1506/1222/1092
f 927/1224/1094 1504/1218/1088 916/1217/1087
f 252/1225/1095 916/1217/1087 1496/1216/1086
f 252/1225/1095 911/1226/1096 1495/1205/1076
f 925/1204/1075 1505/1203/1074 927/1224/1094
f 911/1226/1096 1496/1216/1086 912/1215/1085
f 912/1215/1085 1498/1214/1084 913/1221/1091
f 913/1221/1091 1497/1208/1078 914/1228/1077
f 914/1206/1077 1495/1205/1076 911/1226/1096
f 254/1229/1098 938/1234/1103 1510/1230/1099
f 254/1229/1098 924/1231/1100 1504/1218/1088
f 254/1229/1098 927/1224/1094 1505/1203/1074
f 254/1229/1098 931/1232/1101 1507/1233/1102
f 937/1235/1104 1509/1246/1113 923/1236/1105
f 923/1236/1105 1503/1220/1090 928/1223/1093
f 928/1223/1093 1506/1222/1092 932/1238/1107
f 932/1238/1107 1508/1240/1109 937/1235/1104
f 256/1239/1108 936/1241/1110 1508/1240/1109
f 256/1239/1108 932/1238/1107 1506/1222/1092
f 929/1211/1081 1504/1218/1088 924/1231/1100
f 924/1231/1100 1510/1230/1099 936/1241/1110
f 935/1242/1111 1507/1233/1102 931/1232/1101
f 931/1232/1101 1505/1203/1074 930/1244/1080
f 257/1245/1112 930/1210/1080 1503/1220/1090
f 257/1245/1112 923/1236/1105 1509/1246/1113
f 922/1248/1114 1500/1264/1128 917/1249/1115
f 258/1250/1116 917/1249/1115 1507/1233/1102
f 935/1247/1111 1509/1246/1113 933/1251/1117
f 258/1252/1116 933/1251/1117 1499/1253/1118
f 259/1255/1119 921/1259/1123 1502/1256/1120
f 918/1257/1121 1508/1240/1109 936/1241/1110
f 259/1255/1119 936/1241/1110 1510/1230/1099
f 934/1258/1122 1501/1263/1127 921/1259/1123
f 920/1260/1124 1499/1253/1118 933/1251/1117
f 260/1261/1125 933/1251/1117 1509/1246/1113
f 260/1261/1125 937/1235/1104 1508/1240/1109
f 918/1257/1121 1502/1256/1120 920/1260/1124
f 261/1262/1126 919/1265/1129 1501/1263/1127
f 934/1258/1122 1510/1230/1099 938/1234/1103
f 938/1234/1103 1507/1233/1102 917/1249/1115
f 261/1262/1126 917/1249/1115 1500/1264/1128
f 262/1266/1130 953/1273/1137 1521/1267/1131
f 958/1268/1132 1519/1283/1147 943/1269/1133
f 262/1266/1130 943/1269/1133 1513/1270/1134
f 262/1266/1130 942/1271/1135 1511/1272/1136
f 954/1274/1138 1522/1305/1164 957/1275/1139
f 263/1276/1140 957/1275/1139 1520/1277/1141
f 263/1276/1140 944/1278/1142 1512/1279/1143
f 263/1276/1140 940/1280/1144 1514/1281/1145
f 264/1282/1146 943/1269/1133 1519/1283/1147
f 956/1284/1148 1522/1305/1164 954/1274/1138
f 264/1282/1146 954/1274/1138 1514/1281/1145
f 264/1282/1146 941/1285/1149 1513/1270/1134
f 944/1278/1142 1520/1277/1141 955/1286/1150
f 265/1288/1151 955/1298/1150 1521/1267/1131
f 265/1288/1151 953/1273/1137 1511/1272/1136
f 265/1287/1151 939/1290/1152 1512/1279/1143
f 940/1280/1144 1512/1279/1143 939/1290/1152
f 939/1289/1152 1511/1272/1136 942/1271/1135
f 942/1271/1135 1513/1270/1134 941/1285/1149
f 941/1285/1149 1514/1281/1145 940/1280/1144
f 267/1292/1154 952/1299/1158 1526/1293/1155
f 966/1295/1156 1523/1309/1168 959/1296/1157
f 959/1296/1157 1521/1267/1131 955/1298/1150
f 267/1292/1154 955/1286/1150 1520/1277/1141
f 951/1300/1159 1525/1324/1183 965/1301/1160
f 268/1302/1161 965/1301/1160 1524/1303/1162
f 268/1302/1161 960/1304/1163 1522/1305/1164
f 956/1284/1148 1519/1283/1147 951/1300/1159
f 960/1304/1163 1524/1303/1162 964/1306/1165
f 269/1307/1166 964/1306/1165 1526/1293/1155
f 952/1299/1158 1520/1277/1141 957/1275/1139
f 269/1307/1166 957/1275/1139 1522/1305/1164
f 270/1308/1167 959/1296/1157 1523/1309/1168
f 963/1310/1169 1525/1324/1183 951/1300/1159
f 270/1308/1167 951/1300/1159 1519/1283/1147
f 958/1268/1132 1521/1267/1131 959/1296/1157
f 271/1311/1170 945/1316/1175 1516/1312/1171
f 271/1311/1170 950/1313/1172 1515/1314/1173
f 961/1315/1174 1525/1324/1183 963/1310/1169
f 963/1310/1169 1523/1309/1168 945/1316/1175
f 946/1317/1176 1518/1323/1182 949/1318/1177
f 949/1318/1177 1517/1326/1185 962/1320/1179
f 272/1319/1178 962/1320/1179 1526/1293/1155
f 272/1319/1178 964/1306/1165 1524/1303/1162
f 961/1315/1174 1515/1314/1173 948/1321/1180
f 273/1322/1181 948/1321/1180 1518/1323/1182
f 946/1317/1176 1524/1303/1162 965/1301/1160
f 273/1322/1181 965/1301/1160 1525/1324/1183
f 274/1325/1184 962/1320/1179 1517/1326/1185
f 947/1328/1186 1516/1312/1171 945/1316/1175
f 274/1329/1184 945/1316/1175 1523/1309/1168
f 966/1294/1156 1526/1293/1155 962/1320/1179
f 275/1330/1187 968/1332/1189 1396/817/729
f 275/1330/1187 739/806/720 1397/821/733
f 737/1331/1188 1529/783/699 971/782/698
f 971/782/698 1528/781/697 968/1332/1189
f 967/1333/1190 1395/815/727 740/1334/726
f 740/814/726 1398/813/725 738/1336/1192
f 276/1337/1191 738/1336/1192 1530/768/686
f 276/1335/1191 972/775/693 1527/762/680
f 277/1338/1193 738/1336/1192 1398/813/725
f 741/818/730 1396/817/729 968/1332/1189
f 277/1338/1193 968/1332/1189 1528/781/697
f 973/769/687 1530/768/686 738/1336/1192
f 737/1331/1188 1397/821/733 742/820/732
f 278/1339/1194 742/820/732 1395/815/727
f 967/1333/1190 1527/762/680 974/760/678
f 278/1339/1194 974/760/678 1529/783/699
f 279/1340/1195 986/1869/1203 1535/1341/1196
f 279/1340/1195 981/1342/1197 1534/1343/1198
f 279/1345/1195 977/1396/1199 1533/1346/1200
f 279/1345/1195 979/1347/1201 1536/1348/1202
f 985/1350/1204 1537/1359/1213 982/1351/1205
f 982/1351/1205 1531/1358/1212 975/1353/1207
f 975/1353/1207 1532/1362/1216 980/1354/1208
f 980/1354/1208 1538/1361/1215 985/1350/1204
f 984/1355/1209 1536/1348/1202 979/1347/1201
f 979/1347/1201 1533/1346/1200 978/1357/1211
f 281/1356/1210 978/1357/1211 1531/1358/1212
f 281/1356/1210 982/1351/1205 1537/1359/1213
f 282/1360/1214 983/1364/1218 1538/1361/1215
f 282/1360/1214 980/1354/1208 1532/1362/1216
f 976/1363/1217 1534/1343/1198 981/1342/1197
f 981/1342/1197 1535/1341/1196 983/1364/1218
f 283/1365/1219 1005/1372/1226 1549/1366/1220
f 1010/1367/1221 1547/1382/1236 991/1368/1222
f 283/1365/1219 991/1368/1222 1541/1369/1223
f 283/1365/1219 990/1370/1224 1539/1371/1225
f 1006/1373/1227 1550/1417/1264 1009/1374/1228
f 284/1375/1229 1009/1374/1228 1548/1376/1230
f 284/1375/1229 993/1377/1231 1540/1378/1232
f 284/1375/1229 988/1379/1233 1542/1380/1234
f 285/1381/1235 991/1368/1222 1547/1382/1236
f 1008/1384/1237 1550/1417/1264 1006/1373/1227
f 285/1385/1235 1006/1373/1227 1542/1380/1234
f 285/1381/1235 989/1409/1238 1541/1369/1223
f 993/1377/1231 1548/1376/1230 1007/1387/1239
f 286/1388/1240 1007/1387/1239 1549/1366/1220
f 286/1388/1240 1005/1372/1226 1539/1371/1225
f 286/1388/1240 987/1389/1241 1540/1378/1232
f 287/1390/1242 997/1394/1246 1532/1362/1216
f 287/1390/1242 975/1353/1207 1531/1358/1212
f 992/1391/1243 1544/1412/1260 999/1392/1244
f 287/1390/1242 999/1392/1244 1545/1393/1245
f 995/1395/1247 1533/1346/1200 977/1396/1199
f 977/1344/1199 1534/1343/1198 994/1398/1249
f 288/1399/1248 994/1398/1249 1546/1400/1250
f 1000/1402/1251 1543/1406/1255 995/1395/1247
f 289/1403/1252 994/1398/1249 1534/1343/1198
f 976/1363/1217 1532/1362/1216 997/1394/1246
f 997/1394/1246 1545/1393/1245 1001/1404/1253
f 289/1403/1252 1001/1404/1253 1546/1400/1250
f 992/1391/1243 1531/1358/1212 978/1357/1211
f 290/1405/1254 978/1357/1211 1533/1346/1200
f 290/1405/1254 995/1395/1247 1543/1406/1255
f 1002/1407/1256 1544/1412/1260 992/1391/1243
f 988/1379/1233 1540/1378/1232 987/1389/1241
f 987/1389/1241 1539/1371/1225 990/1370/1224
f 990/1370/1224 1541/1369/1223 989/1409/1238
f 989/1386/1238 1542/1380/1234 988/1379/1233
f 1004/1410/1258 1545/1393/1245 999/1392/1244
f 292/1411/1259 999/1392/1244 1544/1412/1260
f 996/1413/1261 1549/1366/1220 1007/1387/1239
f 292/1411/1259 1007/1387/1239 1548/1376/1230
f 293/1414/1262 1003/1418/1265 1543/1406/1255
f 1000/1401/1251 1546/1400/1250 998/1415/1263
f 293/1416/1262 998/1415/1263 1550/1417/1264
f 1008/1383/1237 1547/1382/1236 1003/1418/1265
f 998/1415/1263 1546/1400/1250 1001/1404/1253
f 294/1419/1266 1001/1404/1253 1545/1393/1245
f 1004/1410/1258 1548/1376/1230 1009/1374/1228
f 294/1419/1266 1009/1374/1228 1550/1417/1264
f 295/1420/1267 996/1413/1261 1544/1412/1260
f 1002/1407/1256 1543/1406/1255 1003/1418/1265
f 295/1420/1267 1003/1418/1265 1547/1382/1236
f 1010/1367/1221 1549/1366/1220 996/1413/1261
f 296/1421/1268 1025/1428/1275 1561/1422/1269
f 1030/1423/1270 1559/1460/1302 1015/1424/1271
f 296/1421/1268 1015/1424/1271 1553/1425/1272
f 296/1421/1268 1014/1426/1273 1551/1427/1274
f 1026/1429/1276 1562/1439/1286 1029/1430/1277
f 297/1431/1278 1029/1430/1277 1560/1432/1279
f 297/1431/1278 1016/1433/1280 1552/1434/1281
f 297/1431/1278 1012/1435/1282 1554/1436/1283
f 1015/1424/1271 1559/1460/1302 1028/1437/1284
f 298/1438/1285 1028/1437/1284 1562/1439/1286
f 298/1438/1285 1026/1429/1276 1554/1436/1283
f 298/1438/1285 1013/1440/1287 1553/1425/1272
f 299/1441/1288 1016/1433/1280 1560/1432/1279
f 1027/1443/1289 1561/1422/1269 1025/1428/1275
f 299/1444/1288 1025/1428/1275 1551/1427/1274
f 299/1441/1288 1011/1446/1290 1552/1434/1281
f 1012/1435/1282 1552/1434/1281 1011/1446/1290
f 1011/1445/1290 1551/1427/1274 1014/1426/1273
f 1014/1426/1273 1553/1425/1272 1013/1440/1287
f 1013/1440/1287 1554/1436/1283 1012/1435/1282
f 301/1448/1292 1024/1454/1296 1557/1449/1293
f 1019/1451/1294 1556/1464/1306 1017/1452/1295
f 301/1453/1292 1017/1452/1295 1561/1422/1269
f 1027/1442/1289 1560/1432/1279 1024/1454/1296
f 1023/1455/1297 1555/1870/3845 1020/1456/1298
f 302/1457/1299 1020/1456/1298 1558/1458/1300
f 1018/1459/1301 1562/1439/1286 1028/1437/1284
f 302/1457/1299 1028/1437/1284 1559/1460/1302
f 1018/1459/1301 1558/1458/1300 1021/1461/1303
f 303/1462/1304 1021/1461/1303 1557/1449/1293
f 1024/1454/1296 1560/1432/1279 1029/1430/1277
f 303/1462/1304 1029/1430/1277 1562/1439/1286
f 304/1463/1305 1017/1452/1295 1556/1464/1306
f 1022/1465/1307 1555/1870/3845 1023/1455/1297
f 304/1463/1305 1023/1455/1297 1559/1460/1302
f 1030/1423/1270 1561/1422/1269 1017/1452/1295
f 305/1466/1308 1045/1473/1315 1573/1467/1309
f 1050/1468/1310 1571/1483/1325 1035/1469/1311
f 305/1466/1308 1035/1469/1311 1565/1470/1312
f 305/1466/1308 1034/1471/1313 1563/1472/1314
f 1046/1474/1316 1574/1485/1327 1049/1475/1317
f 306/1476/1318 1049/1475/1317 1572/1477/1319
f 306/1476/1318 1036/1478/1320 1564/1479/1321
f 306/1476/1318 1032/1480/1322 1566/1481/1323
f 307/1482/1324 1035/1469/1311 1571/1483/1325
f 307/1482/1324 1048/1484/1326 1574/1485/1327
f 307/1482/1324 1046/1474/1316 1566/1481/1323
f 307/1482/1324 1033/1486/1328 1565/1470/1312
f 1036/1478/1320 1572/1477/1319 1047/1487/1329
f 1047/1489/1329 1573/1467/1309 1045/1473/1315
f 308/1490/1330 1045/1473/1315 1563/1472/1314
f 308/1488/1330 1031/1492/1331 1564/1479/1321
f 1032/1480/1322 1564/1479/1321 1031/1492/1331
f 1031/1491/1331 1563/1472/1314 1034/1471/1313
f 1034/1471/1313 1565/1470/1312 1033/1486/1328
f 1033/1486/1328 1566/1481/1323 1032/1480/1322
f 310/1494/1333 1044/1500/1338 1578/1495/1334
f 310/1497/1333 1058/1528/1335 1575/1498/1336
f 310/1497/1333 1051/1499/1337 1573/1467/1309
f 310/1494/1333 1047/1487/1329 1572/1477/1319
f 1043/1501/1339 1577/1510/1348 1057/1502/1340
f 1057/1502/1340 1576/1506/1344 1052/1504/1342
f 1052/1504/1342 1574/1485/1327 1048/1484/1326
f 1048/1484/1326 1571/1483/1325 1043/1501/1339
f 312/1505/1343 1052/1504/1342 1576/1506/1344
f 1056/1507/1345 1578/1495/1334 1044/1500/1338
f 1044/1500/1338 1572/1477/1319 1049/1475/1317
f 312/1505/1343 1049/1475/1317 1574/1485/1327
f 1051/1499/1337 1575/1498/1336 1055/1508/1346
f 313/1509/1347 1055/1508/1346 1577/1510/1348
f 313/1509/1347 1043/1501/1339 1571/1483/1325
f 1050/1468/1310 1573/1467/1309 1051/1499/1337
f 1037/1511/1349 1568/1527/1364 1042/1512/1350
f 314/1513/1351 1042/1512/1350 1567/1514/1352
f 1053/1515/1353 1577/1510/1348 1055/1508/1346
f 314/1513/1351 1055/1508/1346 1575/1498/1336
f 315/1516/1354 1038/1520/1358 1570/1517/1355
f 1041/1518/1356 1569/1524/1362 1054/1519/1357
f 315/1516/1354 1054/1519/1357 1578/1495/1334
f 1056/1507/1345 1576/1506/1344 1038/1520/1358
f 1053/1515/1353 1567/1514/1352 1040/1521/1359
f 1040/1521/1359 1570/1517/1355 1038/1520/1358
f 316/1522/1360 1038/1520/1358 1576/1506/1344
f 316/1522/1360 1057/1502/1340 1577/1510/1348
f 317/1523/1361 1054/1519/1357 1569/1524/1362
f 317/1526/1361 1039/1871/1363 1568/1527/1364
f 1037/1511/1349 1575/1498/1336 1058/1528/1335
f 1058/1496/1335 1578/1495/1334 1054/1519/1357
f 318/1529/1365 1078/1571/1372 1589/1530/1366
f 318/1529/1365 1073/1531/1367 1579/1532/1368
f 318/1534/1365 1062/1555/1369 1581/1535/1370
f 1063/1536/1371 1587/1547/1382 1078/1537/1372
f 1077/1538/1373 1590/1549/1384 1074/1539/1374
f 319/1540/1375 1074/1539/1374 1582/1541/1376
f 319/1540/1375 1060/1542/1377 1580/1543/1378
f 319/1540/1375 1064/1544/1379 1588/1545/1380
f 320/1546/1381 1076/1550/1385 1587/1547/1382
f 320/1546/1381 1063/1536/1371 1581/1535/1370
f 320/1546/1381 1061/1548/1383 1582/1541/1376
f 320/1546/1381 1074/1539/1374 1590/1549/1384
f 1075/1551/1386 1588/1545/1380 1064/1544/1379
f 321/1552/1387 1064/1544/1379 1580/1543/1378
f 321/1552/1387 1059/1553/1388 1579/1532/1368
f 1073/1531/1367 1589/1530/1366 1075/1551/1386
f 1059/1553/1388 1580/1543/1378 1060/1542/1377
f 1060/1542/1377 1582/1541/1376 1061/1548/1383
f 1061/1548/1383 1581/1535/1370 1062/1555/1369
f 1062/1533/1369 1579/1532/1368 1059/1553/1388
f 1086/1556/1390 1594/1568/1402 1072/1557/1391
f 323/1558/1392 1072/1557/1391 1588/1545/1380
f 323/1558/1392 1075/1551/1386 1589/1530/1366
f 1079/1559/1393 1591/1570/1404 1086/1556/1390
f 324/1560/1394 1085/1565/1399 1593/1561/1395
f 1071/1562/1396 1587/1547/1382 1076/1550/1385
f 1076/1550/1385 1590/1549/1384 1080/1563/1397
f 324/1560/1394 1080/1563/1397 1592/1564/1398
f 1084/1566/1400 1592/1564/1398 1080/1563/1397
f 325/1567/1401 1080/1563/1397 1590/1549/1384
f 1077/1538/1373 1588/1545/1380 1072/1557/1391
f 325/1567/1401 1072/1557/1391 1594/1568/1402
f 326/1569/1403 1083/1577/1405 1591/1570/1404
f 1079/1559/1393 1589/1530/1366 1078/1571/1372
f 326/1572/1403 1078/1537/1372 1587/1547/1382
f 1071/1562/1396 1593/1561/1395 1083/1573/1405
f 327/1574/1406 1070/1872/1410 1584/1575/1407
f 1065/1576/1408 1591/1570/1404 1083/1577/1405
f 327/1578/1406 1083/1573/1405 1593/1561/1395
f 1081/1579/1409 1583/1587/1417 1070/1580/1410
f 1069/1581/1411 1586/1588/1418 1066/1582/1412
f 328/1583/1413 1066/1582/1412 1592/1564/1398
f 1084/1566/1400 1594/1568/1402 1082/1584/1414
f 328/1583/1413 1082/1584/1414 1585/1585/1415
f 329/1586/1416 1068/1589/1419 1583/1587/1417
f 1081/1579/1409 1593/1561/1395 1085/1565/1399
f 1085/1565/1399 1592/1564/1398 1066/1582/1412
f 329/1586/1416 1066/1582/1412 1586/1588/1418
f 1067/1590/1420 1585/1585/1415 1082/1584/1414
f 330/1591/1421 1082/1584/1414 1594/1568/1402
f 330/1591/1421 1086/1556/1390 1591/1570/1404
f 1065/1576/1408 1584/1575/1407 1067/1590/1420
f 331/1592/1422 1098/1873/1430 1599/1593/1423
f 331/1592/1422 1093/1594/1424 1598/1595/1425
f 331/1597/1422 1089/1648/1426 1597/1598/1427
f 331/1597/1422 1091/1599/1428 1600/1600/1429
f 1097/1602/1431 1601/1611/1440 1094/1603/1432
f 1094/1603/1432 1595/1610/1439 1087/1605/1434
f 1087/1605/1434 1596/1614/1443 1092/1606/1435
f 1092/1606/1435 1602/1613/1442 1097/1602/1431
f 1096/1607/1436 1600/1600/1429 1091/1599/1428
f 1091/1599/1428 1597/1598/1427 1090/1609/1438
f 333/1608/1437 1090/1609/1438 1595/1610/1439
f 333/1608/1437 1094/1603/1432 1601/1611/1440
f 334/1612/1441 1095/1616/1445 1602/1613/1442
f 334/1612/1441 1092/1606/1435 1596/1614/1443
f 1088/1615/1444 1598/1595/1425 1093/1594/1424
f 1093/1594/1424 1599/1593/1423 1095/1616/1445
f 335/1617/1446 1117/1624/1453 1613/1618/1447
f 1122/1619/1448 1611/1634/1463 1103/1620/1449
f 335/1617/1446 1103/1620/1449 1605/1621/1450
f 335/1617/1446 1102/1622/1451 1603/1623/1452
f 1118/1625/1454 1614/1669/1491 1121/1626/1455
f 336/1627/1456 1121/1626/1455 1612/1628/1457
f 336/1627/1456 1105/1629/1458 1604/1630/1459
f 336/1627/1456 1100/1631/1460 1606/1632/1461
f 337/1633/1462 1103/1620/1449 1611/1634/1463
f 1120/1636/1464 1614/1669/1491 1118/1625/1454
f 337/1637/1462 1118/1625/1454 1606/1632/1461
f 337/1633/1462 1101/1661/1465 1605/1621/1450
f 1105/1629/1458 1612/1628/1457 1119/1639/1466
f 338/1640/1467 1119/1639/1466 1613/1618/1447
f 338/1640/1467 1117/1624/1453 1603/1623/1452
f 338/1640/1467 1099/1641/1468 1604/1630/1459
f 339/1642/1469 1109/1646/1473 1596/1614/1443
f 339/1642/1469 1087/1605/1434 1595/1610/1439
f 1104/1643/1470 1608/1664/1487 1111/1644/1471
f 339/1642/1469 1111/1644/1471 1609/1645/1472
f 1107/1647/1474 1597/1598/1427 1089/1648/1426
f 1089/1596/1426 1598/1595/1425 1106/1650/1476
f 340/1651/1475 1106/1650/1476 1610/1652/1477
f 1112/1654/1478 1607/1658/1482 1107/1647/1474
f 341/1655/1479 1106/1650/1476 1598/1595/1425
f 1088/1615/1444 1596/1614/1443 1109/1646/1473
f 1109/1646/1473 1609/1645/1472 1113/1656/1480
f 341/1655/1479 1113/1656/1480 1610/1652/1477
f 1104/1643/1470 1595/1610/1439 1090/1609/1438
f 342/1657/1481 1090/1609/1438 1597/1598/1427
f 342/1657/1481 1107/1647/1474 1607/1658/1482
f 1114/1659/1483 1608/1664/1487 1104/1643/1470
f 1100/1631/1460 1604/1630/1459 1099/1641/1468
f 1099/1641/1468 1603/1623/1452 1102/1622/1451
f 1102/1622/1451 1605/1621/1450 1101/1661/1465
f 1101/1638/1465 1606/1632/1461 1100/1631/1460
f 1116/1662/1485 1609/1645/1472 1111/1644/1471
f 344/1663/1486 1111/1644/1471 1608/1664/1487
f 1108/1665/1488 1613/1618/1447 1119/1639/1466
f 344/1663/1486 1119/1639/1466 1612/1628/1457
f 345/1666/1489 1115/1670/1492 1607/1658/1482
f 1112/1653/1478 1610/1652/1477 1110/1667/1490
f 345/1668/1489 1110/1667/1490 1614/1669/1491
f 1120/1635/1464 1611/1634/1463 1115/1670/1492
f 1110/1667/1490 1610/1652/1477 1113/1656/1480
f 346/1671/1493 1113/1656/1480 1609/1645/1472
f 1116/1662/1485 1612/1628/1457 1121/1626/1455
f 346/1671/1493 1121/1626/1455 1614/1669/1491
f 347/1672/1494 1108/1665/1488 1608/1664/1487
f 1114/1659/1483 1607/1658/1482 1115/1670/1492
f 347/1672/1494 1115/1670/1492 1611/1634/1463
f 1122/1619/1448 1613/1618/1447 1108/1665/1488
f 348/1673/1495 1137/1680/1502 1625/1674/1496
f 1142/1675/1497 1623/1712/1529 1127/1676/1498
f 348/1673/1495 1127/1676/1498 1617/1677/1499
f 348/1673/1495 1126/1678/1500 1615/1679/1501
f 1138/1681/1503 1626/1691/1513 1141/1682/1504
f 349/1683/1505 1141/1682/1504 1624/1684/1506
f 349/1683/1505 1128/1685/1507 1616/1686/1508
f 349/1683/1505 1124/1687/1509 1618/1688/1510
f 1127/1676/1498 1623/1712/1529 1140/1689/1511
f 350/1690/1512 1140/1689/1511 1626/1691/1513
f 350/1690/1512 1138/1681/1503 1618/1688/1510
f 350/1690/1512 1125/1692/1514 1617/1677/1499
f 351/1693/1515 1128/1685/1507 1624/1684/1506
f 1139/1695/1516 1625/1674/1496 1137/1680/1502
f 351/1696/1515 1137/1680/1502 1615/1679/1501
f 351/1693/1515 1123/1698/1517 1616/1686/1508
f 1124/1687/1509 1616/1686/1508 1123/1698/1517
f 1123/1697/1517 1615/1679/1501 1126/1678/1500
f 1126/1678/1500 1617/1677/1499 1125/1692/1514
f 1125/1692/1514 1618/1688/1510 1124/1687/1509
f 353/1700/1519 1136/1706/1523 1621/1701/1520
f 1131/1703/1521 1620/1716/1533 1129/1704/1522
f 353/1705/1519 1129/1704/1522 1625/1674/1496
f 1139/1694/1516 1624/1684/1506 1136/1706/1523
f 1135/1707/1524 1619/1874/3846 1132/1708/1525
f 354/1709/1526 1132/1708/1525 1622/1710/1527
f 1130/1711/1528 1626/1691/1513 1140/1689/1511
f 354/1709/1526 1140/1689/1511 1623/1712/1529
f 1130/1711/1528 1622/1710/1527 1133/1713/1530
f 355/1714/1531 1133/1713/1530 1621/1701/1520
f 1136/1706/1523 1624/1684/1506 1141/1682/1504
f 355/1714/1531 1141/1682/1504 1626/1691/1513
f 356/1715/1532 1129/1704/1522 1620/1716/1533
f 1134/1717/1534 1619/1874/3846 1135/1707/1524
f 356/1715/1532 1135/1707/1524 1623/1712/1529
f 1142/1675/1497 1625/1674/1496 1129/1704/1522
f 357/1718/1535 1157/1725/1542 1637/1719/1536
f 1162/1720/1537 1635/1735/1552 1147/1721/1538
f 357/1718/1535 1147/1721/1538 1629/1722/1539
f 357/1718/1535 1146/1723/1540 1627/1724/1541
f 1158/1726/1543 1638/1737/1554 1161/1727/1544
f 358/1728/1545 1161/1727/1544 1636/1729/1546
f 358/1728/1545 1148/1730/1547 1628/1731/1548
f 358/1728/1545 1144/1732/1549 1630/1733/1550
f 359/1734/1551 1147/1721/1538 1635/1735/1552
f 359/1734/1551 1160/1736/1553 1638/1737/1554
f 359/1734/1551 1158/1726/1543 1630/1733/1550
f 359/1734/1551 1145/1738/1555 1629/1722/1539
f 1148/1730/1547 1636/1729/1546 1159/1739/1556
f 1159/1741/1556 1637/1719/1536 1157/1725/1542
f 360/1742/1557 1157/1725/1542 1627/1724/1541
f 360/1740/1557 1143/1744/1558 1628/1731/1548
f 1144/1732/1549 1628/1731/1548 1143/1744/1558
f 1143/1743/1558 1627/1724/1541 1146/1723/1540
f 1146/1723/1540 1629/1722/1539 1145/1738/1555
f 1145/1738/1555 1630/1733/1550 1144/1732/1549
f 362/1746/1560 1156/1752/1565 1642/1747/1561
f 362/1749/1560 1170/1780/1562 1639/1750/1563
f 362/1749/1560 1163/1751/1564 1637/1719/1536
f 362/1746/1560 1159/1739/1556 1636/1729/1546
f 1155/1753/1566 1641/1762/1575 1169/1754/1567
f 1169/1754/1567 1640/1758/1571 1164/1756/1569
f 1164/1756/1569 1638/1737/1554 1160/1736/1553
f 1160/1736/1553 1635/1735/1552 1155/1753/1566
f 364/1757/1570 1164/1756/1569 1640/1758/1571
f 1168/1759/1572 1642/1747/1561 1156/1752/1565
f 1156/1752/1565 1636/1729/1546 1161/1727/1544
f 364/1757/1570 1161/1727/1544 1638/1737/1554
f 1163/1751/1564 1639/1750/1563 1167/1760/1573
f 365/1761/1574 1167/1760/1573 1641/1762/1575
f 365/1761/1574 1155/1753/1566 1635/1735/1552
f 1162/1720/1537 1637/1719/1536 1163/1751/1564
f 1149/1763/1576 1632/1779/1591 1154/1764/1577
f 366/1765/1578 1154/1764/1577 1631/1766/1579
f 1165/1767/1580 1641/1762/1575 1167/1760/1573
f 366/1765/1578 1167/1760/1573 1639/1750/1563
f 367/1768/1581 1150/1772/1585 1634/1769/1582
f 1153/1770/1583 1633/1776/1589 1166/1771/1584
f 367/1768/1581 1166/1771/1584 1642/1747/1561
f 1168/1759/1572 1640/1758/1571 1150/1772/1585
f 1165/1767/1580 1631/1766/1579 1152/1773/1586
f 1152/1773/1586 1634/1769/1582 1150/1772/1585
f 368/1774/1587 1150/1772/1585 1640/1758/1571
f 368/1774/1587 1169/1754/1567 1641/1762/1575
f 369/1775/1588 1166/1771/1584 1633/1776/1589
f 369/1778/1588 1151/1875/1590 1632/1779/1591
f 1149/1763/1576 1639/1750/1563 1170/1780/1562
f 1170/1748/1562 1642/1747/1561 1166/1771/1584
f 370/1781/1592 1190/1823/1599 1653/1782/1593
f 370/1781/1592 1185/1783/1594 1643/1784/1595
f 370/1786/1592 1174/1807/1596 1645/1787/1597
f 1175/1788/1598 1651/1799/1609 1190/1789/1599
f 1189/1790/1600 1654/1801/1611 1186/1791/1601
f 371/1792/1602 1186/1791/1601 1646/1793/1603
f 371/1792/1602 1172/1794/1604 1644/1795/1605
f 371/1792/1602 1176/1796/1606 1652/1797/1607
f 372/1798/1608 1188/1802/1612 1651/1799/1609
f 372/1798/1608 1175/1788/1598 1645/1787/1597
f 372/1798/1608 1173/1800/1610 1646/1793/1603
f 372/1798/1608 1186/1791/1601 1654/1801/1611
f 1187/1803/1613 1652/1797/1607 1176/1796/1606
f 373/1804/1614 1176/1796/1606 1644/1795/1605
f 373/1804/1614 1171/1805/1615 1643/1784/1595
f 1185/1783/1594 1653/1782/1593 1187/1803/1613
f 1171/1805/1615 1644/1795/1605 1172/1794/1604
f 1172/1794/1604 1646/1793/1603 1173/1800/1610
f 1173/1800/1610 1645/1787/1597 1174/1807/1596
f 1174/1785/1596 1643/1784/1595 1171/1805/1615
f 1198/1808/1617 1658/1820/1629 1184/1809/1618
f 375/1810/1619 1184/1809/1618 1652/1797/1607
f 375/1810/1619 1187/1803/1613 1653/1782/1593
f 1191/1811/1620 1655/1822/1631 1198/1808/1617
f 376/1812/1621 1197/1817/1626 1657/1813/1622
f 1183/1814/1623 1651/1799/1609 1188/1802/1612
f 1188/1802/1612 1654/1801/1611 1192/1815/1624
f 376/1812/1621 1192/1815/1624 1656/1816/1625
f 1196/1818/1627 1656/1816/1625 1192/1815/1624
f 377/1819/1628 1192/1815/1624 1654/1801/1611
f 1189/1790/1600 1652/1797/1607 1184/1809/1618
f 377/1819/1628 1184/1809/1618 1658/1820/1629
f 378/1821/1630 1195/1829/1632 1655/1822/1631
f 1191/1811/1620 1653/1782/1593 1190/1823/1599
f 378/1824/1630 1190/1789/1599 1651/1799/1609
f 1183/1814/1623 1657/1813/1622 1195/1825/1632
f 379/1826/1633 1182/1876/1637 1648/1827/1634
f 1177/1828/1635 1655/1822/1631 1195/1829/1632
f 379/1830/1633 1195/1825/1632 1657/1813/1622
f 1193/1831/1636 1647/1839/1644 1182/1832/1637
f 1181/1833/1638 1650/1840/1645 1178/1834/1639
f 380/1835/1640 1178/1834/1639 1656/1816/1625
f 1196/1818/1627 1658/1820/1629 1194/1836/1641
f 380/1835/1640 1194/1836/1641 1649/1837/1642
f 381/1838/1643 1180/1841/1646 1647/1839/1644
f 1193/1831/1636 1657/1813/1622 1197/1817/1626
f 1197/1817/1626 1656/1816/1625 1178/1834/1639
f 381/1838/1643 1178/1834/1639 1650/1840/1645
f 1179/1842/1647 1649/1837/1642 1194/1836/1641
f 382/1843/1648 1194/1836/1641 1658/1820/1629
f 382/1843/1648 1198/1808/1617 1655/1822/1631
f 1177/1828/1635 1648/1827/1634 1179/1842/1647
usemtl BirchTree_Leaves.005
f 1661/1844/1649 1660/1845/1650 1659/1846/1651
f 1663/1846/1652 1666/1847/1653 1665/1844/1654
f 1668/1845/1655 1669/1844/1656 1667/1846/1657
f 1673/1845/1658 1672/1844/1659 1674/1846/1660
f 1677/1845/1661 1676/1844/1662 1678/1846/1663
f 1681/1844/1664 1680/1845/1665 1679/1846/1666
f 1684/1845/1667 1685/1844/1668 1683/1846/1669
f 1689/1844/1670 1688/1845/1671 1687/1846/1672
f 1693/1844/1673 1692/1845/1674 1691/1846/1675
f 1697/1844/1676 1696/1845/1677 1695/1846/1678
f 1700/1845/1679 1701/1844/1680 1699/1846/1681
f 1704/1845/1682 1705/1844/1683 1703/1846/1684
f 1707/1846/1685 1710/1847/1686 1709/1844/1687
f 1711/1846/1688 1714/1847/1689 1713/1844/1690
f 1715/1846/1691 1718/1847/1692 1716/1845/1693
f 1720/1845/1694 1721/1844/1695 1719/1846/1696
f 1724/1845/1697 1725/1844/1698 1723/1846/1699
f 1727/1846/1700 1730/1847/1701 1728/1845/1702
f 1732/1845/1703 1733/1844/1704 1731/1846/1705
f 1735/1846/1706 1738/1847/1707 1737/1844/1708
f 1740/1845/1709 1741/1844/1710 1739/1846/1711
f 1743/1846/1712 1746/1847/1713 1744/1845/1714
f 1747/1846/1715 1750/1847/1716 1749/1844/1717
f 1752/1845/1718 1753/1844/1719 1751/1846/1720
f 1756/1845/1721 1757/1844/1722 1755/1846/1723
f 1760/1845/1724 1761/1844/1725 1759/1846/1726
f 1763/1846/1727 1766/1847/1728 1765/1844/1729
f 1768/1845/1730 1769/1844/1731 1767/1846/1732
f 1771/1846/1733 1774/1847/1734 1773/1844/1735
f 1775/1846/1736 1778/1847/1737 1777/1844/1738
f 1780/1845/1739 1781/1844/1740 1779/1846/1741
f 1784/1845/1742 1785/1844/1743 1783/1846/1744
f 1788/1845/1745 1789/1844/1746 1787/1846/1747
f 1792/1845/1748 1793/1844/1749 1791/1846/1750
f 1796/1845/1751 1797/1844/1752 1795/1846/1753
f 1799/1846/1754 1802/1847/1755 1801/1844/1756
f 1804/1845/1757 1805/1844/1758 1803/1846/1759
f 1808/1845/1760 1809/1844/1761 1807/1846/1762
f 1811/1846/1763 1814/1847/1764 1813/1844/1765
f 1816/1845/1766 1817/1844/1767 1815/1846/1768
f 1821/1844/1769 1820/1845/1770 1819/1846/1771
f 1825/1844/1772 1824/1845/1773 1823/1846/1774
f 1827/1846/1775 1830/1847/1776 1829/1844/1777
f 1833/1844/1778 1832/1845/1779 1831/1846/1780
f 1837/1844/1781 1836/1845/1782 1835/1846/1783
f 1840/1845/1784 1841/1844/1785 1839/1846/1786
f 1843/1846/1787 1846/1847/1788 1844/1845/1789
f 1849/1844/1790 1848/1845/1791 1847/1846/1792
f 1852/1845/1793 1853/1844/1794 1851/1846/1795
f 1856/1845/1796 1857/1844/1797 1855/1846/1798
f 1860/1845/1799 1861/1844/1800 1859/1846/1801
f 1863/1846/1802 1866/1847/1803 1865/1844/1804
f 1867/1846/1805 1870/1847/1806 1868/1845/1807
f 1872/1845/1808 1873/1844/1809 1871/1846/1810
f 1876/1845/1811 1877/1844/1812 1875/1846/1813
f 1879/1846/1814 1882/1847/1815 1881/1844/1816
f 1883/1846/1817 1886/1847/1818 1884/1845/1819
f 1887/1846/1820 1890/1847/1821 1888/1845/1822
f 1891/1846/1823 1894/1847/1824 1893/1844/1825
f 1897/1844/1826 1896/1845/1827 1895/1846/1828
f 1900/1845/1829 1901/1844/1830 1899/1846/1831
f 1904/1845/1832 1905/1844/1833 1903/1846/1834
f 1908/1845/1835 1909/1844/1836 1907/1846/1837
f 1912/1845/1838 1913/1844/1839 1911/1846/1840
f 1915/1846/1841 1918/1847/1842 1916/1845/1843
f 1920/1845/1844 1921/1844/1845 1919/1846/1846
f 1923/1846/1847 1926/1847/1848 1925/1844/1849
f 1927/1846/1850 1930/1847/1851 1929/1844/1852
f 1932/1845/1853 1933/1844/1854 1931/1846/1855
f 1935/1846/1856 1938/1847/1857 1936/1845/1858
f 1939/1846/1859 1942/1847/1860 1940/1845/1861
f 1943/1846/1862 1946/1847/1863 1945/1844/1864
f 1948/1845/1865 1949/1844/1866 1947/1846/1867
f 1952/1845/1868 1953/1844/1869 1951/1846/1870
f 1957/1844/1871 1956/1845/1872 1955/1846/1873
f 1961/1844/1874 1960/1845/1875 1959/1846/1876
f 1965/1844/1877 1964/1845/1878 1963/1846/1879
f 1968/1845/1880 1969/1844/1881 1967/1846/1882
f 1971/1846/1883 1974/1847/1884 1973/1844/1885
f 1976/1845/1886 1977/1844/1887 1975/1846/1888
f 1980/1845/1889 1981/1844/1890 1979/1846/1891
f 1983/1846/1892 1986/1847/1893 1985/1844/1894
f 1987/1846/1895 1990/1847/1896 1988/1845/1897
f 1992/1845/1898 1993/1844/1899 1991/1846/1900
f 1995/1846/1901 1998/1847/1902 1996/1845/1903
f 1999/1846/1904 2002/1847/1905 2001/1844/1906
f 2004/1845/1907 2005/1844/1908 2003/1846/1909
f 2009/1844/1910 2008/1845/1911 2007/1846/1912
f 2012/1845/1913 2013/1844/1914 2011/1846/1915
f 2015/1846/1916 2018/1847/1917 2016/1845/1918
f 2021/1844/1919 2020/1845/1920 2019/1846/1921
f 2025/1844/1922 2024/1845/1923 2023/1846/1924
f 2027/1846/1925 2030/1847/1926 2029/1844/1927
f 2032/1845/1928 2033/1844/1929 2031/1846/1930
f 2037/1844/1931 2036/1845/1932 2035/1846/1933
f 2041/1844/1934 2040/1845/1935 2039/1846/1936
f 2044/1845/1937 2045/1844/1938 2043/1846/1939
f 2048/1845/1940 2049/1844/1941 2047/1846/1942
f 2051/1846/1943 2054/1847/1944 2052/1845/1945
f 2056/1845/1946 2057/1844/1947 2055/1846/1948
f 2061/1844/1949 2060/1845/1950 2059/1846/1951
f 2063/1846/1952 2066/1847/1953 2065/1844/1954
f 2067/1846/1955 2070/1847/1956 2069/1844/1957
f 2071/1846/1958 2074/1847/1959 2073/1844/1960
f 2077/1844/1961 2076/1845/1962 2075/1846/1963
f 2080/1845/1964 2081/1844/1965 2079/1846/1966
f 2083/1846/1967 2086/1847/1968 2084/1845/1969
f 2088/1845/1970 2089/1844/1971 2087/1846/1972
f 2091/1846/1973 2094/1847/1974 2092/1845/1975
f 2095/1846/1976 2098/1847/1977 2097/1844/1978
f 2099/1846/1979 2102/1847/1980 2101/1844/1981
f 2103/1846/1982 2106/1847/1983 2105/1844/1984
f 2107/1846/1985 2110/1847/1986 2108/1845/1987
f 2111/1846/1988 2114/1847/1989 2112/1845/1990
f 2115/1846/1991 2118/1847/1992 2116/1845/1993
f 2119/1846/1994 2122/1847/1995 2121/1844/1996
f 2124/1845/1997 2125/1844/1998 2123/1846/1999
f 2128/1845/2000 2129/1844/2001 2127/1846/2002
f 2131/1846/2003 2134/1847/2004 2133/1844/2005
f 2135/1846/2006 2138/1847/2007 2137/1844/2008
f 2139/1846/2009 2142/1847/2010 2141/1844/2011
f 2144/1845/2012 2145/1844/2013 2143/1846/2014
f 2148/1845/1748 2149/1844/2015 2147/1846/2016
f 2151/1846/2017 2154/1847/2018 2153/1844/2019
f 2155/1846/2020 2158/1847/2021 2157/1844/2022
f 2159/1846/2023 2162/1847/2024 2161/1844/2025
f 2165/1844/2026 2164/1845/2027 2163/1846/2028
f 2168/1845/2029 2169/1844/2030 2167/1846/2031
f 2172/1845/2032 2173/1844/2033 2171/1846/2034
f 2177/1844/2035 2176/1845/2036 2175/1846/2037
f 2181/1844/2038 2180/1845/2039 2179/1846/2040
f 2185/1844/2041 2184/1845/2042 2183/1846/2043
f 2189/1844/2044 2188/1845/2045 2187/1846/2046
f 2191/1846/2047 2194/1847/2048 2193/1844/2049
f 2195/1846/2050 2198/1847/2051 2196/1845/2052
f 2201/1844/2053 2200/1845/2054 2199/1846/2055
f 2203/1846/2056 2206/1847/2057 2205/1844/2058
f 2208/1845/2059 2209/1844/2060 2207/1846/2061
f 2212/1845/2062 2213/1844/2063 2211/1846/2064
f 2215/1846/2065 2218/1847/2066 2217/1844/2067
f 2219/1846/2068 2222/1847/2069 2221/1844/2070
f 2223/1846/2071 2226/1847/2072 2225/1844/2073
f 2228/1845/2074 2229/1844/2075 2227/1846/2076
f 2232/1845/2077 2233/1844/2078 2231/1846/2079
f 2235/1846/2080 2238/1847/2081 2237/1844/2082
f 2239/1846/2083 2242/1847/2084 2240/1845/2085
f 2243/1846/2086 2246/1847/2087 2245/1844/2088
f 2247/1846/2089 2250/1847/2090 2249/1844/2091
f 2251/1846/2092 2254/1847/2093 2252/1845/2094
f 2255/1846/2095 2258/1847/2096 2257/1844/2097
f 2260/1845/2098 2261/1844/2099 2259/1846/2100
f 2263/1846/2101 2266/1847/2102 2265/1844/2103
f 2269/1844/2104 2268/1845/2105 2267/1846/2106
f 2273/1844/2107 2272/1845/2108 2271/1846/2109
f 2276/1845/2110 2277/1844/2111 2275/1846/2112
f 2279/1846/2113 2282/1847/2114 2280/1845/2115
f 2284/1845/2116 2285/1844/2117 2283/1846/2118
f 2287/1846/2119 2290/1847/2120 2289/1844/2121
f 2291/1846/2122 2294/1847/2123 2292/1845/2124
f 2295/1846/2125 2298/1847/2126 2297/1844/2127
f 2299/1846/2128 2302/1847/2129 2301/1844/2130
f 2304/1845/2131 2305/1844/2132 2303/1846/2133
f 2307/1846/2134 2310/1847/2135 2309/1844/2136
f 2313/1844/2137 2312/1845/2138 2311/1846/2139
f 2317/1844/2140 2316/1845/2141 2315/1846/2142
f 2319/1846/2143 2322/1847/2144 2321/1844/2145
f 2323/1846/2146 2326/1847/2147 2325/1844/2148
f 2327/1846/2149 2330/1847/2150 2329/1844/2151
f 2331/1846/2152 2334/1847/2153 2332/1845/2154
f 2335/1846/2155 2338/1847/2156 2337/1844/2157
f 2340/1845/2158 2341/1844/2159 2339/1846/2160
f 2343/1846/2161 2346/1847/2162 2345/1844/2163
f 2348/1845/2164 2349/1844/2165 2347/1846/2166
f 2351/1846/2167 2354/1847/2168 2353/1844/2169
f 2356/1845/2170 2357/1844/2171 2355/1846/2172
f 2361/1844/2173 2360/1845/2174 2359/1846/2175
f 2365/1844/2176 2364/1845/2177 2363/1846/2178
f 2368/1845/2179 2369/1844/2180 2367/1846/2181
f 2372/1845/2182 2373/1844/2183 2371/1846/2184
f 2376/1845/2185 2377/1844/2186 2375/1846/2187
f 2381/1844/2188 2380/1845/2189 2379/1846/2190
f 2384/1845/2191 2385/1844/2192 2383/1846/2193
f 2388/1845/2194 2389/1844/2195 2387/1846/2196
f 2393/1844/2197 2392/1845/2198 2391/1846/2199
f 2395/1846/2200 2398/1847/2201 2397/1844/2202
f 2400/1845/2203 2401/1844/2204 2399/1846/2205
f 2405/1845/2206 2404/1844/2207 2406/1846/2208
f 2409/1845/2209 2408/1844/2210 2410/1846/2211
f 2413/1844/2212 2412/1845/2213 2411/1846/2214
f 2416/1845/2215 2417/1844/2216 2415/1846/2217
f 2421/1844/2218 2420/1845/2219 2419/1846/2220
f 2423/1846/2221 2426/1847/2222 2424/1845/2223
f 2429/1844/2224 2428/1845/2225 2427/1846/2226
f 2431/1846/2227 2434/1847/2228 2433/1844/2229
f 2436/1845/2230 2437/1844/2231 2435/1846/2232
f 2439/1846/2233 2442/1847/2234 2441/1844/2235
f 2444/1845/2236 2445/1844/2237 2443/1846/2238
f 2449/1844/2239 2448/1845/2240 2447/1846/2241
f 2452/1845/2242 2453/1844/2243 2451/1846/2244
f 2456/1845/2245 2457/1844/2246 2455/1846/2247
f 2459/1846/2248 2462/1847/2249 2460/1845/2250
f 2463/1846/2251 2466/1847/2252 2465/1844/2253
f 2467/1846/2254 2470/1847/2255 2469/1844/2256
f 2472/1845/2257 2473/1844/2258 2471/1846/2259
f 2477/1844/2260 2476/1845/2261 2475/1846/2262
f 2479/1846/2263 2482/1847/2264 2481/1844/2265
f 2484/1845/2266 2485/1844/2267 2483/1846/2268
f 2488/1845/2269 2489/1844/2270 2487/1846/2271
f 2492/1845/2272 2493/1844/2273 2491/1846/2274
f 2496/1845/2275 2497/1844/2276 2495/1846/2277
f 2499/1846/2278 2502/1847/2279 2501/1844/2280
f 2503/1846/2281 2506/1847/2282 2505/1844/2283
f 2507/1846/2284 2510/1847/2285 2509/1844/2286
f 2512/1845/2287 2513/1844/2288 2511/1846/2289
f 2516/1845/2290 2517/1844/2291 2515/1846/2292
f 2520/1845/2293 2521/1844/2294 2519/1846/2295
f 2524/1845/2296 2525/1844/2297 2523/1846/2298
f 2527/1846/2299 2530/1847/2300 2529/1844/2301
f 2531/1846/2302 2534/1847/2303 2533/1844/2304
f 2535/1846/2305 2538/1847/2306 2537/1844/2307
f 2539/1846/2308 2542/1847/2309 2541/1844/2310
f 2544/1845/2311 2545/1844/2312 2543/1846/2313
f 2548/1845/2314 2549/1844/2315 2547/1846/2316
f 2551/1846/2317 2554/1847/2318 2552/1845/2319
f 2557/1844/2320 2556/1845/2321 2555/1846/2322
f 2559/1846/2323 2562/1847/2324 2561/1844/2325
f 2565/1844/2326 2564/1845/2327 2563/1846/2328
f 2569/1844/2329 2568/1845/2330 2567/1846/2331
f 2571/1846/2332 2574/1847/2333 2573/1844/2334
f 2577/1844/2335 2576/1845/2336 2575/1846/2337
f 2581/1844/2338 2580/1845/2339 2579/1846/2340
f 2584/1845/2341 2585/1844/2342 2583/1846/2343
f 2588/1845/2344 2589/1844/2345 2587/1846/2346
f 2592/1845/2347 2593/1844/2348 2591/1846/2349
f 2595/1846/2350 2598/1847/2351 2597/1844/2352
f 2599/1846/2353 2602/1847/2354 2600/1845/2355
f 2604/1845/2356 2605/1844/2357 2603/1846/2358
f 2608/1845/2359 2609/1844/2360 2607/1846/2361
f 2612/1845/2362 2613/1844/2363 2611/1846/2364
f 2615/1846/2365 2618/1847/2366 2616/1845/2367
f 2619/1846/2368 2622/1847/2369 2620/1845/2370
f 2623/1846/2371 2626/1847/2372 2625/1844/2373
f 2629/1844/2374 2628/1845/2375 2627/1846/2376
f 2632/1845/2377 2633/1844/2378 2631/1846/2379
f 2636/1845/2380 2637/1844/2381 2635/1846/2382
f 2639/1846/2383 2642/1847/2384 2641/1844/2385
f 2643/1846/2386 2646/1847/2387 2645/1844/2388
f 2649/1844/2389 2648/1845/2390 2647/1846/2391
f 2651/1846/2392 2654/1847/2393 2653/1844/2394
f 2655/1846/2395 2658/1847/2396 2657/1844/2397
f 2659/1846/2398 2662/1847/2399 2661/1844/2400
f 2664/1845/2401 2665/1844/2402 2663/1846/2403
f 2667/1846/2404 2670/1847/2405 2668/1845/2406
f 2671/1846/2407 2674/1847/2408 2672/1845/2409
f 2676/1845/2410 2677/1844/2411 2675/1846/2412
f 2680/1845/2413 2681/1844/2414 2679/1846/2415
f 2684/1845/2416 2685/1844/2417 2683/1846/2418
f 2689/1844/2419 2688/1845/2420 2687/1846/2421
f 2693/1844/2422 2692/1845/2423 2691/1846/2424
f 2697/1844/2425 2696/1845/2426 2695/1846/2427
f 2699/1846/2428 2702/1847/2429 2701/1844/2430
f 2703/1846/2431 2706/1847/2432 2705/1844/2433
f 2707/1846/2434 2710/1847/2435 2709/1844/2436
f 2712/1845/2437 2713/1844/2438 2711/1846/2439
f 2715/1846/2440 2718/1847/2441 2717/1844/2442
f 2721/1844/2443 2720/1845/2444 2719/1846/2445
f 2724/1845/2446 2725/1844/2447 2723/1846/2448
f 2729/1844/2449 2728/1845/2450 2727/1846/2451
f 2731/1846/2452 2734/1847/2453 2733/1844/2454
f 2736/1845/2455 2737/1844/2456 2735/1846/2457
f 2741/1844/2458 2740/1845/2459 2739/1846/2460
f 2743/1846/2461 2746/1847/2462 2745/1844/2463
f 2749/1844/2464 2748/1845/2465 2747/1846/2466
f 2751/1846/2467 2754/1847/2468 2752/1845/2469
f 2757/1844/2470 2756/1845/2471 2755/1846/2472
f 2759/1846/2473 2762/1847/2474 2761/1844/2475
f 2764/1845/2476 2765/1844/2477 2763/1846/2478
f 2769/1844/2479 2768/1845/2480 2767/1846/2481
f 2773/1844/2482 2772/1845/2483 2771/1846/2484
f 2775/1846/2485 2778/1847/2486 2777/1844/2487
f 2779/1846/2488 2782/1847/2489 2781/1844/2490
f 2783/1846/2491 2786/1847/2492 2784/1845/2493
f 2788/1845/2494 2789/1844/2495 2787/1846/2496
f 2793/1844/2497 2792/1845/2498 2791/1846/2499
f 2795/1846/2500 2798/1847/2501 2797/1844/2502
f 2799/1846/2503 2802/1847/2504 2801/1844/2505
f 2803/1846/2506 2806/1847/2507 2805/1844/2508
f 2809/1844/2509 2808/1845/2510 2807/1846/2511
f 2812/1845/2512 2813/1844/2513 2811/1846/2514
f 2815/1846/2515 2818/1847/2516 2816/1845/2517
f 2820/1845/2518 2821/1844/2519 2819/1846/2520
f 2823/1846/2521 2826/1847/2522 2824/1845/2523
f 2827/1846/2524 2830/1847/2525 2829/1844/2526
f 2831/1846/2527 2834/1847/2528 2833/1844/2529
f 2835/1846/2530 2838/1847/2531 2837/1844/2532
f 2839/1846/2533 2842/1847/2534 2840/1845/2535
f 2843/1846/2536 2846/1847/2537 2844/1845/2538
f 2847/1846/2539 2850/1847/2540 2848/1845/2541
f 2851/1846/2542 2854/1847/2543 2853/1844/2544
f 2856/1845/2545 2857/1844/2546 2855/1846/2547
f 2860/1845/2548 2861/1844/2549 2859/1846/2550
f 2863/1846/2551 2866/1847/2552 2865/1844/2553
f 2867/1846/2554 2870/1847/2555 2869/1844/2556
f 2871/1846/2557 2874/1847/2558 2873/1844/2559
f 2876/1845/2560 2877/1844/2561 2875/1846/2562
f 2880/1845/2296 2881/1844/2563 2879/1846/2564
f 2883/1846/2565 2886/1847/2566 2885/1844/2567
f 2887/1846/2568 2890/1847/2569 2889/1844/2570
f 2892/1845/2571 2893/1844/2572 2891/1846/2573
f 2897/1844/2574 2896/1845/2575 2895/1846/2576
f 2900/1845/2577 2901/1844/2578 2899/1846/2579
f 2904/1845/2580 2905/1844/2581 2903/1846/2582
f 2909/1844/2583 2908/1845/2584 2907/1846/2585
f 2911/1846/2586 2914/1847/2587 2912/1845/2588
f 2917/1844/2589 2916/1845/2590 2915/1846/2591
f 2921/1844/2592 2920/1845/2593 2919/1846/2594
f 2923/1846/2595 2926/1847/2596 2925/1844/2597
f 2929/1844/2598 2928/1845/2599 2927/1846/2600
f 2933/1844/2601 2932/1845/2602 2931/1846/2603
f 2935/1846/2604 2938/1847/2605 2937/1844/2606
f 2940/1845/2607 2941/1844/2608 2939/1846/2609
f 2943/1846/2610 2946/1847/2611 2945/1844/2612
f 2948/1845/2613 2949/1844/2614 2947/1846/2615
f 2952/1845/2616 2953/1844/2617 2951/1846/2618
f 2955/1846/2619 2958/1847/2620 2957/1844/2621
f 2959/1846/2622 2962/1847/2623 2961/1844/2624
f 2964/1845/2625 2965/1844/2626 2963/1846/2627
f 2967/1846/2628 2970/1847/2629 2969/1844/2630
f 2973/1844/2631 2972/1845/2632 2971/1846/2633
f 2975/1846/2634 2978/1847/2635 2977/1844/2636
f 2979/1846/2637 2982/1847/2638 2981/1844/2639
f 2983/1846/2640 2986/1847/2641 2984/1845/2642
f 2988/1845/2643 2989/1844/2644 2987/1846/2645
f 2992/1845/2646 2993/1844/2647 2991/1846/2648
f 2995/1846/2649 2998/1847/2650 2997/1844/2651
f 3001/1844/2652 3000/1845/2653 2999/1846/2654
f 3005/1844/2655 3004/1845/2656 3003/1846/2657
f 3008/1845/2658 3009/1844/2659 3007/1846/2660
f 3011/1846/2661 3014/1847/2662 3012/1845/2663
f 3015/1846/2664 3018/1847/2665 3017/1844/2666
f 3019/1846/2667 3022/1847/2668 3021/1844/2669
f 3023/1846/2670 3026/1847/2671 3024/1845/2672
f 3027/1846/2673 3030/1847/2674 3029/1844/2675
f 3031/1846/2676 3034/1847/2677 3033/1844/2678
f 3036/1845/2679 3037/1844/2680 3035/1846/2681
f 3040/1845/2682 3041/1844/2683 3039/1846/2684
f 3043/1846/2685 3046/1847/2686 3044/1845/2687
f 3049/1844/2688 3048/1845/2689 3047/1846/2690
f 3051/1846/2691 3054/1847/2692 3053/1844/2693
f 3055/1846/2694 3058/1847/2695 3057/1844/2696
f 3059/1846/2697 3062/1847/2698 3061/1844/2699
f 3063/1846/2700 3066/1847/2701 3064/1845/2702
f 3067/1846/2703 3070/1847/2704 3069/1844/2705
f 3071/1846/2706 3074/1847/2707 3073/1844/2708
f 3075/1846/2709 3078/1847/2710 3077/1844/2711
f 3080/1845/2712 3081/1844/2713 3079/1846/2714
f 3083/1846/2715 3086/1847/2716 3085/1844/2717
f 3088/1845/2718 3089/1844/2719 3087/1846/2720
f 3093/1844/2721 3092/1845/2722 3091/1846/2723
f 3097/1844/2724 3096/1845/2725 3095/1846/2726
f 3099/1846/2727 3102/1847/2728 3101/1844/2729
f 3104/1845/2730 3105/1844/2731 3103/1846/2732
f 3108/1845/2733 3109/1844/2734 3107/1846/2735
f 3113/1844/2736 3112/1845/2737 3111/1846/2738
f 3116/1845/2739 3117/1844/2740 3115/1846/2741
f 3120/1845/2742 3121/1844/2743 3119/1846/2744
f 3125/1844/2745 3124/1845/2746 3123/1846/2747
f 3127/1846/2748 3130/1847/2749 3129/1844/2750
f 3132/1845/2751 3133/1844/2752 3131/1846/2753
f 3137/1845/2754 3136/1844/2755 3138/1846/2756
f 3141/1845/2757 3140/1844/2758 3142/1846/2759
f 3145/1844/2760 3144/1845/2761 3143/1846/2762
f 3148/1845/2763 3149/1844/2764 3147/1846/2765
f 3153/1844/2766 3152/1845/2767 3151/1846/2768
f 3157/1844/2769 3156/1845/2770 3155/1846/2771
f 3161/1844/2772 3160/1845/2773 3159/1846/2774
f 3163/1846/2775 3166/1847/2776 3165/1844/2777
f 3168/1845/2778 3169/1844/2779 3167/1846/2780
f 3172/1845/2781 3173/1844/2782 3171/1846/2783
f 3175/1846/2784 3178/1847/2785 3177/1844/2786
f 3181/1844/2787 3180/1845/2788 3179/1846/2789
f 3184/1845/2790 3185/1844/2791 3183/1846/2792
f 3188/1845/2793 3189/1844/2794 3187/1846/2795
f 3191/1846/2796 3194/1847/2797 3192/1845/2798
f 3195/1846/2799 3198/1847/2800 3197/1844/2801
f 3199/1846/2802 3202/1847/2803 3201/1844/2804
f 3203/1846/2805 3206/1847/2806 3205/1844/2807
f 3207/1846/2808 3210/1847/2809 3208/1845/2810
f 3211/1846/2811 3214/1847/2812 3213/1844/2813
f 3216/1845/2814 3217/1844/2815 3215/1846/2816
f 3219/1846/2817 3222/1847/2818 3221/1844/2819
f 3224/1845/2820 3225/1844/2821 3223/1846/2822
f 3227/1846/2823 3230/1847/2824 3229/1844/2825
f 3232/1845/2826 3233/1844/2827 3231/1846/2828
f 3235/1846/2829 3238/1847/2830 3237/1844/2831
f 3239/1846/2832 3242/1847/2833 3241/1844/2834
f 3244/1845/2835 3245/1844/2836 3243/1846/2837
f 3248/1845/2838 3249/1844/2839 3247/1846/2840
f 3252/1845/2841 3253/1844/2842 3251/1846/2843
f 3256/1845/2844 3257/1844/2845 3255/1846/2846
f 3259/1846/2847 3262/1847/2848 3261/1844/2849
f 3263/1846/2850 3266/1847/2851 3265/1844/2852
f 3267/1846/2853 3270/1847/2854 3269/1844/2855
f 3272/1845/2856 3273/1844/2857 3271/1846/2858
f 3275/1846/2859 3278/1847/2860 3277/1844/2861
f 3280/1845/2862 3281/1844/2863 3279/1846/2864
f 3285/1844/2865 3284/1845/2866 3283/1846/2867
f 3289/1844/2868 3288/1845/2869 3287/1846/2870
f 3291/1846/2871 3294/1847/2872 3293/1844/2873
f 3297/1844/2874 3296/1845/2875 3295/1846/2876
f 3301/1844/2877 3300/1845/2878 3299/1846/2879
f 3303/1846/2880 3306/1847/2881 3305/1844/2882
f 3309/1844/2883 3308/1845/2884 3307/1846/2885
f 3313/1844/2886 3312/1845/2887 3311/1846/2888
f 3316/1845/2889 3317/1844/2890 3315/1846/2891
f 3320/1845/2892 3321/1844/2893 3319/1846/2894
f 3324/1845/2895 3325/1844/2896 3323/1846/2897
f 3327/1846/2898 3330/1847/2899 3329/1844/2900
f 3331/1846/2901 3334/1847/2902 3332/1845/2903
f 3336/1845/2904 3337/1844/2905 3335/1846/2906
f 3340/1845/2907 3341/1844/2908 3339/1846/2909
f 3344/1845/2910 3345/1844/2911 3343/1846/2912
f 3347/1846/2913 3350/1847/2914 3348/1845/2915
f 3353/1844/2916 3352/1845/2917 3351/1846/2918
f 3355/1846/2919 3358/1847/2920 3357/1844/2921
f 3361/1844/2922 3360/1845/2923 3359/1846/2924
f 3364/1845/2925 3365/1844/2926 3363/1846/2927
f 3367/1846/2928 3370/1847/2929 3369/1844/2930
f 3371/1846/2931 3374/1847/2932 3373/1844/2933
f 3375/1846/2934 3378/1847/2935 3377/1844/2936
f 3379/1846/2937 3382/1847/2938 3380/1845/2939
f 3384/1845/2940 3385/1844/2941 3383/1846/2942
f 3387/1846/2943 3390/1847/2944 3389/1844/2945
f 3391/1846/2946 3394/1847/2947 3393/1844/2948
f 3396/1845/2949 3397/1844/2950 3395/1846/2951
f 3399/1846/2952 3402/1847/2953 3400/1845/2954
f 3403/1846/2955 3406/1847/2956 3404/1845/2957
f 3407/1846/2958 3410/1847/2959 3409/1844/2960
f 3412/1845/2961 3413/1844/2962 3411/1846/2963
f 3416/1845/2964 3417/1844/2965 3415/1846/2966
f 3421/1844/2967 3420/1845/2968 3419/1846/2969
f 3425/1844/2970 3424/1845/2971 3423/1846/2972
f 3427/1846/2973 3430/1847/2974 3428/1845/2975
f 3432/1845/2976 3433/1844/2977 3431/1846/2978
f 3435/1846/2979 3438/1847/2980 3437/1844/2981
f 3439/1846/2982 3442/1847/2983 3441/1844/2984
f 3444/1845/2985 3445/1844/2986 3443/1846/2987
f 3447/1846/2988 3450/1847/2989 3449/1844/2990
f 3453/1844/2991 3452/1845/2992 3451/1846/2993
f 3456/1845/2994 3457/1844/2995 3455/1846/2996
f 3461/1844/2997 3460/1845/2998 3459/1846/2999
f 3463/1846/3000 3466/1847/3001 3465/1844/3002
f 3468/1845/3003 3469/1844/3004 3467/1846/3005
f 3473/1844/3006 3472/1845/3007 3471/1846/3008
f 3475/1846/3009 3478/1847/3010 3477/1844/3011
f 3479/1846/3012 3482/1847/3013 3480/1845/3014
f 3485/1844/3015 3484/1845/3016 3483/1846/3017
f 3489/1844/3018 3488/1845/3019 3487/1846/3020
f 3491/1846/3021 3494/1847/3022 3493/1844/3023
f 3496/1845/3024 3497/1844/3025 3495/1846/3026
f 3501/1844/3027 3500/1845/3028 3499/1846/3029
f 3505/1844/3030 3504/1845/3031 3503/1846/3032
f 3507/1846/3033 3510/1847/3034 3509/1844/3035
f 3511/1846/3036 3514/1847/3037 3513/1844/3038
f 3517/1844/3039 3516/1845/3040 3515/1846/3041
f 3520/1845/3042 3521/1844/3043 3519/1846/3044
f 3523/1846/3045 3526/1847/3046 3524/1845/3047
f 3528/1845/3048 3529/1844/3049 3527/1846/3050
f 3532/1845/3051 3533/1844/3052 3531/1846/3053
f 3535/1846/3054 3538/1847/3055 3537/1844/3056
f 3541/1844/3057 3540/1845/3058 3539/1846/3059
f 3543/1846/3060 3546/1847/3061 3545/1844/3062
f 3547/1846/3063 3550/1847/3064 3548/1845/3065
f 3551/1846/3066 3554/1847/3067 3553/1844/3068
f 3555/1846/3069 3558/1847/3070 3556/1845/3071
f 3559/1846/3072 3562/1847/3073 3561/1844/3074
f 3563/1846/3075 3566/1847/3076 3565/1844/3077
f 3567/1846/3078 3570/1847/3079 3569/1844/3080
f 3571/1846/3081 3574/1847/3082 3572/1845/3083
f 3575/1846/3084 3578/1847/3085 3576/1845/3086
f 3579/1846/3087 3582/1847/3088 3580/1845/3089
f 3583/1846/3090 3586/1847/3091 3585/1844/3092
f 3588/1845/3093 3589/1844/3094 3587/1846/3095
f 3592/1845/3096 3593/1844/3097 3591/1846/3098
f 3595/1846/3099 3598/1847/3100 3597/1844/3101
f 3599/1846/3102 3602/1847/3103 3601/1844/3104
f 3604/1845/3105 3605/1844/3106 3603/1846/3107
f 3608/1845/3108 3609/1844/3109 3607/1846/3110
f 3612/1845/2844 3613/1844/3111 3611/1846/3112
f 3615/1846/3113 3618/1847/3114 3617/1844/3115
f 3619/1846/3116 3622/1847/3117 3621/1844/3118
f 3624/1845/3119 3625/1844/3120 3623/1846/3121
f 3629/1844/3122 3628/1845/3123 3627/1846/3124
f 3632/1845/3125 3633/1844/3126 3631/1846/3127
f 3635/1846/3128 3638/1847/3129 3637/1844/3130
f 3639/1846/3131 3642/1847/3132 3640/1845/3133
f 3645/1844/3134 3644/1845/3135 3643/1846/3136
f 3649/1844/3137 3648/1845/3138 3647/1846/3139
f 3653/1844/3140 3652/1845/3141 3651/1846/3142
f 3655/1846/3143 3658/1847/3144 3657/1844/3145
f 3661/1844/3146 3660/1845/3147 3659/1846/3148
f 3665/1844/3149 3664/1845/3150 3663/1846/3151
f 3667/1846/3152 3670/1847/3153 3669/1844/3154
f 3672/1845/3155 3673/1844/3156 3671/1846/3157
f 3676/1845/3158 3677/1844/3159 3675/1846/3160
f 3680/1845/3161 3681/1844/3162 3679/1846/3163
f 3684/1845/3164 3685/1844/3165 3683/1846/3166
f 3687/1846/3167 3690/1847/3168 3689/1844/3169
f 3691/1846/3170 3694/1847/3171 3693/1844/3172
f 3696/1845/3173 3697/1844/3174 3695/1846/3175
f 3699/1846/3176 3702/1847/3177 3701/1844/3178
f 3705/1844/3179 3704/1845/3180 3703/1846/3181
f 3707/1846/3182 3710/1847/3183 3709/1844/3184
f 3711/1846/3185 3714/1847/3186 3713/1844/3187
f 3715/1846/3188 3718/1847/3189 3716/1845/3190
f 3720/1845/3191 3721/1844/3192 3719/1846/3193
f 3724/1845/3194 3725/1844/3195 3723/1846/3196
f 3727/1846/3197 3730/1847/3198 3729/1844/3199
f 3733/1844/3200 3732/1845/3201 3731/1846/3202
f 3737/1844/3203 3736/1845/3204 3735/1846/3205
f 3740/1845/3206 3741/1844/3207 3739/1846/3208
f 3743/1846/3209 3746/1847/3210 3744/1845/3211
f 3748/1845/3212 3749/1844/3213 3747/1846/3214
f 3751/1846/3215 3754/1847/3216 3753/1844/3217
f 3757/1844/3218 3756/1845/3219 3755/1846/3220
f 3760/1845/3221 3761/1844/3222 3759/1846/3223
f 3764/1845/3224 3765/1844/3225 3763/1846/3226
f 3768/1845/3227 3769/1844/3228 3767/1846/3229
f 3771/1846/3230 3774/1847/3231 3773/1844/3232
f 3775/1846/3233 3778/1847/3234 3776/1845/3235
f 3781/1844/3236 3780/1845/3237 3779/1846/3238
f 3783/1846/3239 3786/1847/3240 3785/1844/3241
f 3787/1846/3242 3790/1847/3243 3789/1844/3244
f 3792/1845/3245 3793/1844/3246 3791/1846/3247
f 3795/1846/3248 3798/1847/3249 3796/1845/3250
f 3799/1846/3251 3802/1847/3252 3801/1844/3253
f 3804/1845/3254 3805/1844/3255 3803/1846/3256
f 3808/1845/3257 3809/1844/3258 3807/1846/3259
f 3811/1846/3260 3814/1847/3261 3813/1844/3262
f 3815/1846/3263 3818/1847/3264 3817/1844/3265
f 3820/1845/3266 3821/1844/3267 3819/1846/3268
f 3825/1844/3269 3824/1845/3270 3823/1846/3271
f 3829/1844/3272 3828/1845/3273 3827/1846/3274
f 3831/1846/3275 3834/1847/3276 3833/1844/3277
f 3836/1845/3278 3837/1844/3279 3835/1846/3280
f 3840/1845/3281 3841/1844/3282 3839/1846/3283
f 3845/1844/3284 3844/1845/3285 3843/1846/3286
f 3847/1846/3287 3850/1847/3288 3849/1844/3289
f 3852/1845/3290 3853/1844/3291 3851/1846/3292
f 3857/1844/3293 3856/1845/3294 3855/1846/3295
f 3859/1846/3296 3862/1847/3297 3861/1844/3298
f 3863/1846/3299 3866/1847/3300 3865/1844/3301
f 3869/1845/3302 3868/1844/3303 3870/1846/3304
f 3873/1845/3305 3872/1844/3306 3874/1846/3307
f 3877/1844/3308 3876/1845/3309 3875/1846/3310
f 3880/1845/3311 3881/1844/3312 3879/1846/3313
f 3885/1844/3314 3884/1845/3315 3883/1846/3316
f 3889/1844/3317 3888/1845/3318 3887/1846/3319
f 3893/1844/3320 3892/1845/3321 3891/1846/3322
f 3895/1846/3323 3898/1847/3324 3897/1844/3325
f 3900/1845/3326 3901/1844/3327 3899/1846/3328
f 3903/1846/3329 3906/1847/3330 3905/1844/3331
f 3907/1846/3332 3910/1847/3333 3909/1844/3334
f 3913/1844/3335 3912/1845/3336 3911/1846/3337
f 3916/1845/3338 3917/1844/3339 3915/1846/3340
f 3920/1845/3341 3921/1844/3342 3919/1846/3343
f 3923/1846/3344 3926/1847/3345 3924/1845/3346
f 3927/1846/3347 3930/1847/3348 3929/1844/3349
f 3931/1846/3350 3934/1847/3351 3933/1844/3352
f 3936/1845/3353 3937/1844/3354 3935/1846/3355
f 3941/1844/3356 3940/1845/3357 3939/1846/3358
f 3943/1846/3359 3946/1847/3360 3945/1844/3361
f 3948/1845/3362 3949/1844/3363 3947/1846/3364
f 3952/1845/3365 3953/1844/3366 3951/1846/3367
f 3956/1845/3368 3957/1844/3369 3955/1846/3370
f 3960/1845/3371 3961/1844/3372 3959/1846/3373
f 3963/1846/3374 3966/1847/3375 3965/1844/3376
f 3968/1845/3377 3969/1844/3378 3967/1846/3379
f 3971/1846/3380 3974/1847/3381 3973/1844/3382
f 3975/1846/3383 3978/1847/3384 3977/1844/3385
f 3980/1845/3386 3981/1844/3387 3979/1846/3388
f 3984/1845/3389 3985/1844/3390 3983/1846/3391
f 3988/1845/3392 3989/1844/3393 3987/1846/3394
f 3991/1846/3395 3994/1847/3396 3993/1844/3397
f 3995/1846/3398 3998/1847/3399 3997/1844/3400
f 4000/1845/3401 4001/1844/3402 3999/1846/3403
f 4004/1845/3404 4005/1844/3405 4003/1846/3406
f 4008/1845/3407 4009/1844/3408 4007/1846/3409
f 4012/1845/3410 4013/1844/3411 4011/1846/3412
f 4017/1844/3413 4016/1845/3414 4015/1846/3415
f 4021/1844/3416 4020/1845/3417 4019/1846/3418
f 4023/1846/3419 4026/1847/3420 4025/1844/3421
f 4029/1844/3422 4028/1845/3423 4027/1846/3424
f 4033/1844/3425 4032/1845/3426 4031/1846/3427
f 4035/1846/3428 4038/1847/3429 4037/1844/3430
f 4041/1844/3431 4040/1845/3432 4039/1846/3433
f 4045/1844/3434 4044/1845/3435 4043/1846/3436
f 4048/1845/3437 4049/1844/3438 4047/1846/3439
f 4052/1845/3440 4053/1844/3441 4051/1846/3442
f 4056/1845/3443 4057/1844/3444 4055/1846/3445
f 4059/1846/3446 4062/1847/3447 4061/1844/3448
f 4063/1846/3449 4066/1847/3450 4064/1845/3451
f 4068/1845/3452 4069/1844/3453 4067/1846/3454
f 4072/1845/3455 4073/1844/3456 4071/1846/3457
f 4076/1845/3458 4077/1844/3459 4075/1846/3460
f 4079/1846/3461 4082/1847/3462 4080/1845/3463
f 4083/1846/3464 4086/1847/3465 4084/1845/3466
f 4087/1846/3467 4090/1847/3468 4089/1844/3469
f 4093/1844/3470 4092/1845/3471 4091/1846/3472
f 4095/1846/3473 4098/1847/3474 4097/1844/3475
f 4099/1846/3476 4102/1847/3477 4101/1844/3478
f 4104/1845/3479 4105/1844/3480 4103/1846/3481
f 4107/1846/3482 4110/1847/3483 4109/1844/3484
f 4111/1846/3485 4114/1847/3486 4112/1845/3487
f 4116/1845/3488 4117/1844/3489 4115/1846/3490
f 4120/1845/3491 4121/1844/3492 4119/1846/3493
f 4123/1846/3494 4126/1847/3495 4125/1844/3496
f 4128/1845/3497 4129/1844/3498 4127/1846/3499
f 4131/1846/3500 4134/1847/3501 4132/1845/3502
f 4135/1846/3503 4138/1847/3504 4136/1845/3505
f 4139/1846/3506 4142/1847/3507 4141/1844/3508
f 4144/1845/3509 4145/1844/3510 4143/1846/3511
f 4148/1845/3512 4149/1844/3513 4147/1846/3514
f 4151/1846/3515 4154/1847/3516 4152/1845/3517
f 4157/1844/3518 4156/1845/3519 4155/1846/3520
f 4159/1846/3521 4162/1847/3522 4160/1845/3523
f 4163/1846/3524 4166/1847/3525 4165/1844/3526
f 4167/1846/3527 4170/1847/3528 4169/1844/3529
f 4171/1846/3530 4174/1847/3531 4173/1844/3532
f 4176/1845/3533 4177/1844/3534 4175/1846/3535
f 4179/1846/3536 4182/1847/3537 4181/1844/3538
f 4183/1846/3539 4186/1847/3540 4184/1845/3541
f 4188/1845/3542 4189/1844/3543 4187/1846/3544
f 4193/1844/3545 4192/1845/3546 4191/1846/3547
f 4195/1846/3548 4198/1847/3549 4197/1844/3550
f 4200/1845/3551 4201/1844/3552 4199/1846/3553
f 4205/1844/3554 4204/1845/3555 4203/1846/3556
f 4207/1846/3557 4210/1847/3558 4209/1844/3559
f 4211/1846/3560 4214/1847/3561 4212/1845/3562
f 4217/1844/3563 4216/1845/3564 4215/1846/3565
f 4221/1844/3566 4220/1845/3567 4219/1846/3568
f 4223/1846/3569 4226/1847/3570 4225/1844/3571
f 4228/1845/3572 4229/1844/3573 4227/1846/3574
f 4233/1844/3575 4232/1845/3576 4231/1846/3577
f 4235/1846/3578 4238/1847/3579 4236/1845/3580
f 4239/1846/3581 4242/1847/3582 4241/1844/3583
f 4244/1845/3584 4245/1844/3585 4243/1846/3586
f 4249/1844/3587 4248/1845/3588 4247/1846/3589
f 4252/1845/3590 4253/1844/3591 4251/1846/3592
f 4255/1846/3593 4258/1847/3594 4256/1845/3595
f 4259/1846/3596 4262/1847/3597 4261/1844/3598
f 4264/1845/3599 4265/1844/3600 4263/1846/3601
f 4268/1845/3602 4269/1844/3603 4267/1846/3604
f 4273/1844/3605 4272/1845/3606 4271/1846/3607
f 4276/1845/3608 4277/1844/3609 4275/1846/3610
f 4279/1846/3611 4282/1847/3612 4280/1845/3613
f 4284/1845/3614 4285/1844/3615 4283/1846/3616
f 4287/1846/3617 4290/1847/3618 4288/1845/3619
f 4291/1846/3620 4294/1847/3621 4293/1844/3622
f 4295/1846/3623 4298/1847/3624 4297/1844/3625
f 4299/1846/3626 4302/1847/3627 4301/1844/3628
f 4303/1846/3629 4306/1847/3630 4304/1845/3631
f 4307/1846/3632 4310/1847/3633 4308/1845/3634
f 4311/1846/3635 4314/1847/3636 4312/1845/3637
f 4316/1845/3638 4317/1844/3639 4315/1846/3640
f 4319/1846/3641 4322/1847/3642 4321/1844/3643
f 4324/1845/3644 4325/1844/3645 4323/1846/3646
f 4327/1846/3647 4330/1847/3648 4329/1844/3649
f 4331/1846/3650 4334/1847/3651 4333/1844/3652
f 4336/1845/3653 4337/1844/3654 4335/1846/3655
f 4340/1845/3656 4341/1844/3657 4339/1846/3658
f 4344/1845/3392 4345/1844/3659 4343/1846/3660
f 4347/1846/3661 4350/1847/3662 4349/1844/3663
f 4351/1846/3664 4354/1847/3665 4353/1844/3666
f 4356/1845/3667 4357/1844/3668 4355/1846/3669
f 4361/1844/3670 4360/1845/3671 4359/1846/3672
f 4364/1845/3673 4365/1844/3674 4363/1846/3675
f 4368/1845/3676 4369/1844/3677 4367/1846/3678
f 4373/1844/3679 4372/1845/3680 4371/1846/3681
f 4377/1844/3682 4376/1845/3683 4375/1846/3684
f 4381/1844/3685 4380/1845/3686 4379/1846/3687
f 4385/1844/3688 4384/1845/3689 4383/1846/3690
f 4388/1845/3691 4389/1844/3692 4387/1846/3693
f 4393/1844/3694 4392/1845/3695 4391/1846/3696
f 4397/1844/3697 4396/1845/3698 4395/1846/3699
f 4399/1846/3700 4402/1847/3701 4401/1844/3702
f 4404/1845/3703 4405/1844/3704 4403/1846/3705
f 4407/1846/3706 4410/1847/3707 4409/1844/3708
f 4412/1845/3709 4413/1844/3710 4411/1846/3711
f 4416/1845/3712 4417/1844/3713 4415/1846/3714
f 4419/1846/3715 4422/1847/3716 4421/1844/3717
f 4423/1846/3718 4426/1847/3719 4425/1844/3720
f 4428/1845/3721 4429/1844/3722 4427/1846/3723
f 4431/1846/3724 4434/1847/3725 4433/1844/3726
f 4437/1844/3727 4436/1845/3728 4435/1846/3729
f 4439/1846/3730 4442/1847/3731 4441/1844/3732
f 4443/1846/3733 4446/1847/3734 4445/1844/3735
f 4449/1844/3736 4448/1845/3737 4447/1846/3738
f 4452/1845/3739 4453/1844/3740 4451/1846/3741
f 4456/1845/3742 4457/1844/3743 4455/1846/3744
f 4459/1846/3745 4462/1847/3746 4461/1844/3747
f 4465/1844/3748 4464/1845/3749 4463/1846/3750
f 4469/1844/3751 4468/1845/3752 4467/1846/3753
f 4472/1845/3754 4473/1844/3755 4471/1846/3756
f 4475/1846/3757 4478/1847/3758 4476/1845/3759
f 4479/1846/3760 4482/1847/3761 4481/1844/3762
f 4483/1846/3763 4486/1847/3764 4485/1844/3765
f 4487/1846/3766 4490/1847/3767 4488/1845/3768
f 4492/1845/3769 4493/1844/3770 4491/1846/3771
f 4495/1846/3772 4498/1847/3773 4497/1844/3774
f 4500/1845/3775 4501/1844/3776 4499/1846/3777
f 4504/1845/3778 4505/1844/3779 4503/1846/3780
f 4507/1846/3781 4510/1847/3782 4508/1845/3783
f 4513/1844/3784 4512/1845/3785 4511/1846/3786
f 4515/1846/3787 4518/1847/3788 4517/1844/3789
f 4519/1846/3790 4522/1847/3791 4521/1844/3792
f 4523/1846/3793 4526/1847/3794 4525/1844/3795
f 4529/1844/3796 4528/1845/3797 4527/1846/3798
f 4531/1846/3799 4534/1847/3800 4533/1844/3801
f 4536/1845/3802 4537/1844/3803 4535/1846/3804
f 4540/1845/3805 4541/1844/3806 4539/1846/3807
f 4543/1846/3808 4546/1847/3809 4545/1844/3810
f 4547/1846/3811 4550/1847/3812 4549/1844/3813
f 4552/1845/3814 4553/1844/3815 4551/1846/3816
f 4557/1844/3817 4556/1845/3818 4555/1846/3819
f 4561/1844/3820 4560/1845/3821 4559/1846/3822
f 4563/1846/3823 4566/1847/3824 4565/1844/3825
f 4568/1845/3826 4569/1844/3827 4567/1846/3828
f 4572/1845/3829 4573/1844/3830 4571/1846/3831
f 4577/1844/3832 4576/1845/3833 4575/1846/3834
f 4579/1846/3835 4582/1847/3836 4581/1844/3837
f 4584/1845/3838 4585/1844/3839 4583/1846/3840
f 1661/1844/1649 1662/1847/3847 1660/1845/1650
f 1663/1846/1652 1664/1845/3848 1666/1847/1653
f 1668/1845/1655 1670/1847/3849 1669/1844/1656
f 1673/1845/1658 1671/1847/3850 1672/1844/1659
f 1677/1845/1661 1675/1847/3851 1676/1844/1662
f 1681/1844/1664 1682/1847/3852 1680/1845/1665
f 1684/1845/1667 1686/1847/3853 1685/1844/1668
f 1689/1844/1670 1690/1847/3854 1688/1845/1671
f 1693/1844/1673 1694/1847/3855 1692/1845/1674
f 1697/1844/1676 1698/1847/3856 1696/1845/1677
f 1700/1845/1679 1702/1847/3857 1701/1844/1680
f 1704/1845/1682 1706/1847/3858 1705/1844/1683
f 1707/1846/1685 1708/1845/3859 1710/1847/1686
f 1711/1846/1688 1712/1845/3860 1714/1847/1689
f 1715/1846/1691 1717/1844/3861 1718/1847/1692
f 1720/1845/1694 1722/1847/3862 1721/1844/1695
f 1724/1845/1697 1726/1847/3863 1725/1844/1698
f 1727/1846/1700 1729/1844/3864 1730/1847/1701
f 1732/1845/1703 1734/1847/3865 1733/1844/1704
f 1735/1846/1706 1736/1845/3866 1738/1847/1707
f 1740/1845/1709 1742/1847/3867 1741/1844/1710
f 1743/1846/1712 1745/1844/3868 1746/1847/1713
f 1747/1846/1715 1748/1845/3869 1750/1847/1716
f 1752/1845/1718 1754/1847/3870 1753/1844/1719
f 1756/1845/1721 1758/1847/3871 1757/1844/1722
f 1760/1845/1724 1762/1847/3872 1761/1844/1725
f 1763/1846/1727 1764/1845/3873 1766/1847/1728
f 1768/1845/1730 1770/1847/3874 1769/1844/1731
f 1771/1846/1733 1772/1845/3875 1774/1847/1734
f 1775/1846/1736 1776/1845/3876 1778/1847/1737
f 1780/1845/1739 1782/1847/3877 1781/1844/1740
f 1784/1845/1742 1786/1847/3878 1785/1844/1743
f 1788/1845/1745 1790/1847/3879 1789/1844/1746
f 1792/1845/1748 1794/1847/3880 1793/1844/1749
f 1796/1845/1751 1798/1847/3881 1797/1844/1752
f 1799/1846/1754 1800/1845/3882 1802/1847/1755
f 1804/1845/1757 1806/1847/3883 1805/1844/1758
f 1808/1845/1760 1810/1847/3884 1809/1844/1761
f 1811/1846/1763 1812/1845/3885 1814/1847/1764
f 1816/1845/1766 1818/1847/3886 1817/1844/1767
f 1821/1844/1769 1822/1847/3887 1820/1845/1770
f 1825/1844/1772 1826/1847/3888 1824/1845/1773
f 1827/1846/1775 1828/1845/3889 1830/1847/1776
f 1833/1844/1778 1834/1847/3890 1832/1845/1779
f 1837/1844/1781 1838/1847/3891 1836/1845/1782
f 1840/1845/1784 1842/1847/3892 1841/1844/1785
f 1843/1846/1787 1845/1844/3893 1846/1847/1788
f 1849/1844/1790 1850/1847/3894 1848/1845/1791
f 1852/1845/1793 1854/1847/3895 1853/1844/1794
f 1856/1845/1796 1858/1847/3896 1857/1844/1797
f 1860/1845/1799 1862/1847/3897 1861/1844/1800
f 1863/1846/1802 1864/1845/3898 1866/1847/1803
f 1867/1846/1805 1869/1844/3899 1870/1847/1806
f 1872/1845/1808 1874/1847/3900 1873/1844/1809
f 1876/1845/1811 1878/1847/3901 1877/1844/1812
f 1879/1846/1814 1880/1845/3902 1882/1847/1815
f 1883/1846/1817 1885/1844/3903 1886/1847/1818
f 1887/1846/1820 1889/1844/3904 1890/1847/1821
f 1891/1846/1823 1892/1845/3905 1894/1847/1824
f 1897/1844/1826 1898/1847/3906 1896/1845/1827
f 1900/1845/1829 1902/1847/3907 1901/1844/1830
f 1904/1845/1832 1906/1847/3908 1905/1844/1833
f 1908/1845/1835 1910/1847/3909 1909/1844/1836
f 1912/1845/1838 1914/1847/3910 1913/1844/1839
f 1915/1846/1841 1917/1844/3911 1918/1847/1842
f 1920/1845/1844 1922/1847/3912 1921/1844/1845
f 1923/1846/1847 1924/1845/3913 1926/1847/1848
f 1927/1846/1850 1928/1845/3914 1930/1847/1851
f 1932/1845/1853 1934/1847/3915 1933/1844/1854
f 1935/1846/1856 1937/1844/3916 1938/1847/1857
f 1939/1846/1859 1941/1844/3917 1942/1847/1860
f 1943/1846/1862 1944/1845/3918 1946/1847/1863
f 1948/1845/1865 1950/1847/3919 1949/1844/1866
f 1952/1845/1868 1954/1847/3920 1953/1844/1869
f 1957/1844/1871 1958/1847/3921 1956/1845/1872
f 1961/1844/1874 1962/1847/3922 1960/1845/1875
f 1965/1844/1877 1966/1847/3923 1964/1845/1878
f 1968/1845/1880 1970/1847/3924 1969/1844/1881
f 1971/1846/1883 1972/1845/3925 1974/1847/1884
f 1976/1845/1886 1978/1847/3926 1977/1844/1887
f 1980/1845/1889 1982/1847/3927 1981/1844/1890
f 1983/1846/1892 1984/1845/3928 1986/1847/1893
f 1987/1846/1895 1989/1844/3929 1990/1847/1896
f 1992/1845/1898 1994/1847/3930 1993/1844/1899
f 1995/1846/1901 1997/1844/3931 1998/1847/1902
f 1999/1846/1904 2000/1845/3932 2002/1847/1905
f 2004/1845/1907 2006/1847/3933 2005/1844/1908
f 2009/1844/1910 2010/1847/3934 2008/1845/1911
f 2012/1845/1913 2014/1847/3935 2013/1844/1914
f 2015/1846/1916 2017/1844/3936 2018/1847/1917
f 2021/1844/1919 2022/1847/3937 2020/1845/1920
f 2025/1844/1922 2026/1847/3938 2024/1845/1923
f 2027/1846/1925 2028/1845/3939 2030/1847/1926
f 2032/1845/1928 2034/1847/3940 2033/1844/1929
f 2037/1844/1931 2038/1847/3941 2036/1845/1932
f 2041/1844/1934 2042/1847/3942 2040/1845/1935
f 2044/1845/1937 2046/1847/3943 2045/1844/1938
f 2048/1845/1940 2050/1847/3944 2049/1844/1941
f 2051/1846/1943 2053/1844/3945 2054/1847/1944
f 2056/1845/1946 2058/1847/3946 2057/1844/1947
f 2061/1844/1949 2062/1847/3947 2060/1845/1950
f 2063/1846/1952 2064/1845/3948 2066/1847/1953
f 2067/1846/1955 2068/1845/3949 2070/1847/1956
f 2071/1846/1958 2072/1845/3950 2074/1847/1959
f 2077/1844/1961 2078/1847/3951 2076/1845/1962
f 2080/1845/1964 2082/1847/3952 2081/1844/1965
f 2083/1846/1967 2085/1844/3953 2086/1847/1968
f 2088/1845/1970 2090/1847/3954 2089/1844/1971
f 2091/1846/1973 2093/1844/3955 2094/1847/1974
f 2095/1846/1976 2096/1845/3956 2098/1847/1977
f 2099/1846/1979 2100/1845/3957 2102/1847/1980
f 2103/1846/1982 2104/1845/3958 2106/1847/1983
f 2107/1846/1985 2109/1844/3959 2110/1847/1986
f 2111/1846/1988 2113/1844/3960 2114/1847/1989
f 2115/1846/1991 2117/1844/3961 2118/1847/1992
f 2119/1846/1994 2120/1845/3962 2122/1847/1995
f 2124/1845/1997 2126/1847/3963 2125/1844/1998
f 2128/1845/2000 2130/1847/3964 2129/1844/2001
f 2131/1846/2003 2132/1845/3965 2134/1847/2004
f 2135/1846/2006 2136/1845/3966 2138/1847/2007
f 2139/1846/2009 2140/1845/3967 2142/1847/2010
f 2144/1845/2012 2146/1847/3968 2145/1844/2013
f 2148/1845/1748 2150/1847/3969 2149/1844/2015
f 2151/1846/2017 2152/1845/3970 2154/1847/2018
f 2155/1846/2020 2156/1845/3971 2158/1847/2021
f 2159/1846/2023 2160/1845/3972 2162/1847/2024
f 2165/1844/2026 2166/1847/3973 2164/1845/2027
f 2168/1845/2029 2170/1847/3974 2169/1844/2030
f 2172/1845/2032 2174/1847/3975 2173/1844/2033
f 2177/1844/2035 2178/1847/3976 2176/1845/2036
f 2181/1844/2038 2182/1847/3977 2180/1845/2039
f 2185/1844/2041 2186/1847/3978 2184/1845/2042
f 2189/1844/2044 2190/1847/3979 2188/1845/2045
f 2191/1846/2047 2192/1845/3980 2194/1847/2048
f 2195/1846/2050 2197/1844/3981 2198/1847/2051
f 2201/1844/2053 2202/1847/3982 2200/1845/2054
f 2203/1846/2056 2204/1845/3983 2206/1847/2057
f 2208/1845/2059 2210/1847/3984 2209/1844/2060
f 2212/1845/2062 2214/1847/3985 2213/1844/2063
f 2215/1846/2065 2216/1845/3986 2218/1847/2066
f 2219/1846/2068 2220/1845/3987 2222/1847/2069
f 2223/1846/2071 2224/1845/3988 2226/1847/2072
f 2228/1845/2074 2230/1847/3989 2229/1844/2075
f 2232/1845/2077 2234/1847/3990 2233/1844/2078
f 2235/1846/2080 2236/1845/3991 2238/1847/2081
f 2239/1846/2083 2241/1844/3992 2242/1847/2084
f 2243/1846/2086 2244/1845/3993 2246/1847/2087
f 2247/1846/2089 2248/1845/3994 2250/1847/2090
f 2251/1846/2092 2253/1844/3995 2254/1847/2093
f 2255/1846/2095 2256/1845/3996 2258/1847/2096
f 2260/1845/2098 2262/1847/3997 2261/1844/2099
f 2263/1846/2101 2264/1845/3998 2266/1847/2102
f 2269/1844/2104 2270/1847/3999 2268/1845/2105
f 2273/1844/2107 2274/1847/4000 2272/1845/2108
f 2276/1845/2110 2278/1847/4001 2277/1844/2111
f 2279/1846/2113 2281/1844/4002 2282/1847/2114
f 2284/1845/2116 2286/1847/4003 2285/1844/2117
f 2287/1846/2119 2288/1845/4004 2290/1847/2120
f 2291/1846/2122 2293/1844/4005 2294/1847/2123
f 2295/1846/2125 2296/1845/4006 2298/1847/2126
f 2299/1846/2128 2300/1845/4007 2302/1847/2129
f 2304/1845/2131 2306/1847/4008 2305/1844/2132
f 2307/1846/2134 2308/1845/4009 2310/1847/2135
f 2313/1844/2137 2314/1847/4010 2312/1845/2138
f 2317/1844/2140 2318/1847/4011 2316/1845/2141
f 2319/1846/2143 2320/1845/4012 2322/1847/2144
f 2323/1846/2146 2324/1845/4013 2326/1847/2147
f 2327/1846/2149 2328/1845/4014 2330/1847/2150
f 2331/1846/2152 2333/1844/4015 2334/1847/2153
f 2335/1846/2155 2336/1845/4016 2338/1847/2156
f 2340/1845/2158 2342/1847/4017 2341/1844/2159
f 2343/1846/2161 2344/1845/4018 2346/1847/2162
f 2348/1845/2164 2350/1847/4019 2349/1844/2165
f 2351/1846/2167 2352/1845/4020 2354/1847/2168
f 2356/1845/2170 2358/1847/4021 2357/1844/2171
f 2361/1844/2173 2362/1847/4022 2360/1845/2174
f 2365/1844/2176 2366/1847/4023 2364/1845/2177
f 2368/1845/2179 2370/1847/4024 2369/1844/2180
f 2372/1845/2182 2374/1847/4025 2373/1844/2183
f 2376/1845/2185 2378/1847/4026 2377/1844/2186
f 2381/1844/2188 2382/1847/4027 2380/1845/2189
f 2384/1845/2191 2386/1847/4028 2385/1844/2192
f 2388/1845/2194 2390/1847/4029 2389/1844/2195
f 2393/1844/2197 2394/1847/4030 2392/1845/2198
f 2395/1846/2200 2396/1845/4031 2398/1847/2201
f 2400/1845/2203 2402/1847/4032 2401/1844/2204
f 2405/1845/2206 2403/1847/4033 2404/1844/2207
f 2409/1845/2209 2407/1847/4034 2408/1844/2210
f 2413/1844/2212 2414/1847/4035 2412/1845/2213
f 2416/1845/2215 2418/1847/4036 2417/1844/2216
f 2421/1844/2218 2422/1847/4037 2420/1845/2219
f 2423/1846/2221 2425/1844/4038 2426/1847/2222
f 2429/1844/2224 2430/1847/4039 2428/1845/2225
f 2431/1846/2227 2432/1845/4040 2434/1847/2228
f 2436/1845/2230 2438/1847/4041 2437/1844/2231
f 2439/1846/2233 2440/1845/4042 2442/1847/2234
f 2444/1845/2236 2446/1847/4043 2445/1844/2237
f 2449/1844/2239 2450/1847/4044 2448/1845/2240
f 2452/1845/2242 2454/1847/4045 2453/1844/2243
f 2456/1845/2245 2458/1847/4046 2457/1844/2246
f 2459/1846/2248 2461/1844/4047 2462/1847/2249
f 2463/1846/2251 2464/1845/4048 2466/1847/2252
f 2467/1846/2254 2468/1845/4049 2470/1847/2255
f 2472/1845/2257 2474/1847/4050 2473/1844/2258
f 2477/1844/2260 2478/1847/4051 2476/1845/2261
f 2479/1846/2263 2480/1845/4052 2482/1847/2264
f 2484/1845/2266 2486/1847/4053 2485/1844/2267
f 2488/1845/2269 2490/1847/4054 2489/1844/2270
f 2492/1845/2272 2494/1847/4055 2493/1844/2273
f 2496/1845/2275 2498/1847/4056 2497/1844/2276
f 2499/1846/2278 2500/1845/4057 2502/1847/2279
f 2503/1846/2281 2504/1845/4058 2506/1847/2282
f 2507/1846/2284 2508/1845/4059 2510/1847/2285
f 2512/1845/2287 2514/1847/4060 2513/1844/2288
f 2516/1845/2290 2518/1847/4061 2517/1844/2291
f 2520/1845/2293 2522/1847/4062 2521/1844/2294
f 2524/1845/2296 2526/1847/4063 2525/1844/2297
f 2527/1846/2299 2528/1845/4064 2530/1847/2300
f 2531/1846/2302 2532/1845/4065 2534/1847/2303
f 2535/1846/2305 2536/1845/4066 2538/1847/2306
f 2539/1846/2308 2540/1845/4067 2542/1847/2309
f 2544/1845/2311 2546/1847/4068 2545/1844/2312
f 2548/1845/2314 2550/1847/4069 2549/1844/2315
f 2551/1846/2317 2553/1844/4070 2554/1847/2318
f 2557/1844/2320 2558/1847/4071 2556/1845/2321
f 2559/1846/2323 2560/1845/4072 2562/1847/2324
f 2565/1844/2326 2566/1847/4073 2564/1845/2327
f 2569/1844/2329 2570/1847/4074 2568/1845/2330
f 2571/1846/2332 2572/1845/4075 2574/1847/2333
f 2577/1844/2335 2578/1847/4076 2576/1845/2336
f 2581/1844/2338 2582/1847/4077 2580/1845/2339
f 2584/1845/2341 2586/1847/4078 2585/1844/2342
f 2588/1845/2344 2590/1847/4079 2589/1844/2345
f 2592/1845/2347 2594/1847/4080 2593/1844/2348
f 2595/1846/2350 2596/1845/4081 2598/1847/2351
f 2599/1846/2353 2601/1844/4082 2602/1847/2354
f 2604/1845/2356 2606/1847/4083 2605/1844/2357
f 2608/1845/2359 2610/1847/4084 2609/1844/2360
f 2612/1845/2362 2614/1847/4085 2613/1844/2363
f 2615/1846/2365 2617/1844/4086 2618/1847/2366
f 2619/1846/2368 2621/1844/4087 2622/1847/2369
f 2623/1846/2371 2624/1845/4088 2626/1847/2372
f 2629/1844/2374 2630/1847/4089 2628/1845/2375
f 2632/1845/2377 2634/1847/4090 2633/1844/2378
f 2636/1845/2380 2638/1847/4091 2637/1844/2381
f 2639/1846/2383 2640/1845/4092 2642/1847/2384
f 2643/1846/2386 2644/1845/4093 2646/1847/2387
f 2649/1844/2389 2650/1847/4094 2648/1845/2390
f 2651/1846/2392 2652/1845/4095 2654/1847/2393
f 2655/1846/2395 2656/1845/4096 2658/1847/2396
f 2659/1846/2398 2660/1845/4097 2662/1847/2399
f 2664/1845/2401 2666/1847/4098 2665/1844/2402
f 2667/1846/2404 2669/1844/4099 2670/1847/2405
f 2671/1846/2407 2673/1844/4100 2674/1847/2408
f 2676/1845/2410 2678/1847/4101 2677/1844/2411
f 2680/1845/2413 2682/1847/4102 2681/1844/2414
f 2684/1845/2416 2686/1847/4103 2685/1844/2417
f 2689/1844/2419 2690/1847/4104 2688/1845/2420
f 2693/1844/2422 2694/1847/4105 2692/1845/2423
f 2697/1844/2425 2698/1847/4106 2696/1845/2426
f 2699/1846/2428 2700/1845/4107 2702/1847/2429
f 2703/1846/2431 2704/1845/4108 2706/1847/2432
f 2707/1846/2434 2708/1845/4109 2710/1847/2435
f 2712/1845/2437 2714/1847/4110 2713/1844/2438
f 2715/1846/2440 2716/1845/4111 2718/1847/2441
f 2721/1844/2443 2722/1847/4112 2720/1845/2444
f 2724/1845/2446 2726/1847/4113 2725/1844/2447
f 2729/1844/2449 2730/1847/4114 2728/1845/2450
f 2731/1846/2452 2732/1845/4115 2734/1847/2453
f 2736/1845/2455 2738/1847/4116 2737/1844/2456
f 2741/1844/2458 2742/1847/4117 2740/1845/2459
f 2743/1846/2461 2744/1845/4118 2746/1847/2462
f 2749/1844/2464 2750/1847/4119 2748/1845/2465
f 2751/1846/2467 2753/1844/4120 2754/1847/2468
f 2757/1844/2470 2758/1847/4121 2756/1845/2471
f 2759/1846/2473 2760/1845/4122 2762/1847/2474
f 2764/1845/2476 2766/1847/4123 2765/1844/2477
f 2769/1844/2479 2770/1847/4124 2768/1845/2480
f 2773/1844/2482 2774/1847/4125 2772/1845/2483
f 2775/1846/2485 2776/1845/4126 2778/1847/2486
f 2779/1846/2488 2780/1845/4127 2782/1847/2489
f 2783/1846/2491 2785/1844/4128 2786/1847/2492
f 2788/1845/2494 2790/1847/4129 2789/1844/2495
f 2793/1844/2497 2794/1847/4130 2792/1845/2498
f 2795/1846/2500 2796/1845/4131 2798/1847/2501
f 2799/1846/2503 2800/1845/4132 2802/1847/2504
f 2803/1846/2506 2804/1845/4133 2806/1847/2507
f 2809/1844/2509 2810/1847/4134 2808/1845/2510
f 2812/1845/2512 2814/1847/4135 2813/1844/2513
f 2815/1846/2515 2817/1844/4136 2818/1847/2516
f 2820/1845/2518 2822/1847/4137 2821/1844/2519
f 2823/1846/2521 2825/1844/4138 2826/1847/2522
f 2827/1846/2524 2828/1845/4139 2830/1847/2525
f 2831/1846/2527 2832/1845/4140 2834/1847/2528
f 2835/1846/2530 2836/1845/4141 2838/1847/2531
f 2839/1846/2533 2841/1844/4142 2842/1847/2534
f 2843/1846/2536 2845/1844/4143 2846/1847/2537
f 2847/1846/2539 2849/1844/4144 2850/1847/2540
f 2851/1846/2542 2852/1845/4145 2854/1847/2543
f 2856/1845/2545 2858/1847/4146 2857/1844/2546
f 2860/1845/2548 2862/1847/4147 2861/1844/2549
f 2863/1846/2551 2864/1845/4148 2866/1847/2552
f 2867/1846/2554 2868/1845/4149 2870/1847/2555
f 2871/1846/2557 2872/1845/4150 2874/1847/2558
f 2876/1845/2560 2878/1847/4151 2877/1844/2561
f 2880/1845/2296 2882/1847/4152 2881/1844/2563
f 2883/1846/2565 2884/1845/4153 2886/1847/2566
f 2887/1846/2568 2888/1845/4154 2890/1847/2569
f 2892/1845/2571 2894/1847/4155 2893/1844/2572
f 2897/1844/2574 2898/1847/4156 2896/1845/2575
f 2900/1845/2577 2902/1847/4157 2901/1844/2578
f 2904/1845/2580 2906/1847/4158 2905/1844/2581
f 2909/1844/2583 2910/1847/4159 2908/1845/2584
f 2911/1846/2586 2913/1844/4160 2914/1847/2587
f 2917/1844/2589 2918/1847/4161 2916/1845/2590
f 2921/1844/2592 2922/1847/4162 2920/1845/2593
f 2923/1846/2595 2924/1845/4163 2926/1847/2596
f 2929/1844/2598 2930/1847/4164 2928/1845/2599
f 2933/1844/2601 2934/1847/4165 2932/1845/2602
f 2935/1846/2604 2936/1845/4166 2938/1847/2605
f 2940/1845/2607 2942/1847/4167 2941/1844/2608
f 2943/1846/2610 2944/1845/4168 2946/1847/2611
f 2948/1845/2613 2950/1847/4169 2949/1844/2614
f 2952/1845/2616 2954/1847/4170 2953/1844/2617
f 2955/1846/2619 2956/1845/4171 2958/1847/2620
f 2959/1846/2622 2960/1845/4172 2962/1847/2623
f 2964/1845/2625 2966/1847/4173 2965/1844/2626
f 2967/1846/2628 2968/1845/4174 2970/1847/2629
f 2973/1844/2631 2974/1847/4175 2972/1845/2632
f 2975/1846/2634 2976/1845/4176 2978/1847/2635
f 2979/1846/2637 2980/1845/4177 2982/1847/2638
f 2983/1846/2640 2985/1844/4178 2986/1847/2641
f 2988/1845/2643 2990/1847/4179 2989/1844/2644
f 2992/1845/2646 2994/1847/4180 2993/1844/2647
f 2995/1846/2649 2996/1845/4181 2998/1847/2650
f 3001/1844/2652 3002/1847/4182 3000/1845/2653
f 3005/1844/2655 3006/1847/4183 3004/1845/2656
f 3008/1845/2658 3010/1847/4184 3009/1844/2659
f 3011/1846/2661 3013/1844/4185 3014/1847/2662
f 3015/1846/2664 3016/1845/4186 3018/1847/2665
f 3019/1846/2667 3020/1845/4187 3022/1847/2668
f 3023/1846/2670 3025/1844/4188 3026/1847/2671
f 3027/1846/2673 3028/1845/4189 3030/1847/2674
f 3031/1846/2676 3032/1845/4190 3034/1847/2677
f 3036/1845/2679 3038/1847/4191 3037/1844/2680
f 3040/1845/2682 3042/1847/4192 3041/1844/2683
f 3043/1846/2685 3045/1844/4193 3046/1847/2686
f 3049/1844/2688 3050/1847/4194 3048/1845/2689
f 3051/1846/2691 3052/1845/4195 3054/1847/2692
f 3055/1846/2694 3056/1845/4196 3058/1847/2695
f 3059/1846/2697 3060/1845/4197 3062/1847/2698
f 3063/1846/2700 3065/1844/4198 3066/1847/2701
f 3067/1846/2703 3068/1845/4199 3070/1847/2704
f 3071/1846/2706 3072/1845/4200 3074/1847/2707
f 3075/1846/2709 3076/1845/4201 3078/1847/2710
f 3080/1845/2712 3082/1847/4202 3081/1844/2713
f 3083/1846/2715 3084/1845/4203 3086/1847/2716
f 3088/1845/2718 3090/1847/4204 3089/1844/2719
f 3093/1844/2721 3094/1847/4205 3092/1845/2722
f 3097/1844/2724 3098/1847/4206 3096/1845/2725
f 3099/1846/2727 3100/1845/4207 3102/1847/2728
f 3104/1845/2730 3106/1847/4208 3105/1844/2731
f 3108/1845/2733 3110/1847/4209 3109/1844/2734
f 3113/1844/2736 3114/1847/4210 3112/1845/2737
f 3116/1845/2739 3118/1847/4211 3117/1844/2740
f 3120/1845/2742 3122/1847/4212 3121/1844/2743
f 3125/1844/2745 3126/1847/4213 3124/1845/2746
f 3127/1846/2748 3128/1845/4214 3130/1847/2749
f 3132/1845/2751 3134/1847/4215 3133/1844/2752
f 3137/1845/2754 3135/1847/4216 3136/1844/2755
f 3141/1845/2757 3139/1847/4217 3140/1844/2758
f 3145/1844/2760 3146/1847/4218 3144/1845/2761
f 3148/1845/2763 3150/1847/4219 3149/1844/2764
f 3153/1844/2766 3154/1847/4220 3152/1845/2767
f 3157/1844/2769 3158/1847/4221 3156/1845/2770
f 3161/1844/2772 3162/1847/4222 3160/1845/2773
f 3163/1846/2775 3164/1845/4223 3166/1847/2776
f 3168/1845/2778 3170/1847/4224 3169/1844/2779
f 3172/1845/2781 3174/1847/4225 3173/1844/2782
f 3175/1846/2784 3176/1845/4226 3178/1847/2785
f 3181/1844/2787 3182/1847/4227 3180/1845/2788
f 3184/1845/2790 3186/1847/4228 3185/1844/2791
f 3188/1845/2793 3190/1847/4229 3189/1844/2794
f 3191/1846/2796 3193/1844/4230 3194/1847/2797
f 3195/1846/2799 3196/1845/4231 3198/1847/2800
f 3199/1846/2802 3200/1845/4232 3202/1847/2803
f 3203/1846/2805 3204/1845/4233 3206/1847/2806
f 3207/1846/2808 3209/1844/4234 3210/1847/2809
f 3211/1846/2811 3212/1845/4235 3214/1847/2812
f 3216/1845/2814 3218/1847/4236 3217/1844/2815
f 3219/1846/2817 3220/1845/4237 3222/1847/2818
f 3224/1845/2820 3226/1847/4238 3225/1844/2821
f 3227/1846/2823 3228/1845/4239 3230/1847/2824
f 3232/1845/2826 3234/1847/4240 3233/1844/2827
f 3235/1846/2829 3236/1845/4241 3238/1847/2830
f 3239/1846/2832 3240/1845/4242 3242/1847/2833
f 3244/1845/2835 3246/1847/4243 3245/1844/2836
f 3248/1845/2838 3250/1847/4244 3249/1844/2839
f 3252/1845/2841 3254/1847/4245 3253/1844/2842
f 3256/1845/2844 3258/1847/4246 3257/1844/2845
f 3259/1846/2847 3260/1845/4247 3262/1847/2848
f 3263/1846/2850 3264/1845/4248 3266/1847/2851
f 3267/1846/2853 3268/1845/4249 3270/1847/2854
f 3272/1845/2856 3274/1847/4250 3273/1844/2857
f 3275/1846/2859 3276/1845/4251 3278/1847/2860
f 3280/1845/2862 3282/1847/4252 3281/1844/2863
f 3285/1844/2865 3286/1847/4253 3284/1845/2866
f 3289/1844/2868 3290/1847/4254 3288/1845/2869
f 3291/1846/2871 3292/1845/4255 3294/1847/2872
f 3297/1844/2874 3298/1847/4256 3296/1845/2875
f 3301/1844/2877 3302/1847/4257 3300/1845/2878
f 3303/1846/2880 3304/1845/4258 3306/1847/2881
f 3309/1844/2883 3310/1847/4259 3308/1845/2884
f 3313/1844/2886 3314/1847/4260 3312/1845/2887
f 3316/1845/2889 3318/1847/4261 3317/1844/2890
f 3320/1845/2892 3322/1847/4262 3321/1844/2893
f 3324/1845/2895 3326/1847/4263 3325/1844/2896
f 3327/1846/2898 3328/1845/4264 3330/1847/2899
f 3331/1846/2901 3333/1844/4265 3334/1847/2902
f 3336/1845/2904 3338/1847/4266 3337/1844/2905
f 3340/1845/2907 3342/1847/4267 3341/1844/2908
f 3344/1845/2910 3346/1847/4268 3345/1844/2911
f 3347/1846/2913 3349/1844/4269 3350/1847/2914
f 3353/1844/2916 3354/1847/4270 3352/1845/2917
f 3355/1846/2919 3356/1845/4271 3358/1847/2920
f 3361/1844/2922 3362/1847/4272 3360/1845/2923
f 3364/1845/2925 3366/1847/4273 3365/1844/2926
f 3367/1846/2928 3368/1845/4274 3370/1847/2929
f 3371/1846/2931 3372/1845/4275 3374/1847/2932
f 3375/1846/2934 3376/1845/4276 3378/1847/2935
f 3379/1846/2937 3381/1844/4277 3382/1847/2938
f 3384/1845/2940 3386/1847/4278 3385/1844/2941
f 3387/1846/2943 3388/1845/4279 3390/1847/2944
f 3391/1846/2946 3392/1845/4280 3394/1847/2947
f 3396/1845/2949 3398/1847/4281 3397/1844/2950
f 3399/1846/2952 3401/1844/4282 3402/1847/2953
f 3403/1846/2955 3405/1844/4283 3406/1847/2956
f 3407/1846/2958 3408/1845/4284 3410/1847/2959
f 3412/1845/2961 3414/1847/4285 3413/1844/2962
f 3416/1845/2964 3418/1847/4286 3417/1844/2965
f 3421/1844/2967 3422/1847/4287 3420/1845/2968
f 3425/1844/2970 3426/1847/4288 3424/1845/2971
f 3427/1846/2973 3429/1844/4289 3430/1847/2974
f 3432/1845/2976 3434/1847/4290 3433/1844/2977
f 3435/1846/2979 3436/1845/4291 3438/1847/2980
f 3439/1846/2982 3440/1845/4292 3442/1847/2983
f 3444/1845/2985 3446/1847/4293 3445/1844/2986
f 3447/1846/2988 3448/1845/4294 3450/1847/2989
f 3453/1844/2991 3454/1847/4295 3452/1845/2992
f 3456/1845/2994 3458/1847/4296 3457/1844/2995
f 3461/1844/2997 3462/1847/4297 3460/1845/2998
f 3463/1846/3000 3464/1845/4298 3466/1847/3001
f 3468/1845/3003 3470/1847/4299 3469/1844/3004
f 3473/1844/3006 3474/1847/4300 3472/1845/3007
f 3475/1846/3009 3476/1845/4301 3478/1847/3010
f 3479/1846/3012 3481/1844/4302 3482/1847/3013
f 3485/1844/3015 3486/1847/4303 3484/1845/3016
f 3489/1844/3018 3490/1847/4304 3488/1845/3019
f 3491/1846/3021 3492/1845/4305 3494/1847/3022
f 3496/1845/3024 3498/1847/4306 3497/1844/3025
f 3501/1844/3027 3502/1847/4307 3500/1845/3028
f 3505/1844/3030 3506/1847/4308 3504/1845/3031
f 3507/1846/3033 3508/1845/4309 3510/1847/3034
f 3511/1846/3036 3512/1845/4310 3514/1847/3037
f 3517/1844/3039 3518/1847/4311 3516/1845/3040
f 3520/1845/3042 3522/1847/4312 3521/1844/3043
f 3523/1846/3045 3525/1844/4313 3526/1847/3046
f 3528/1845/3048 3530/1847/4314 3529/1844/3049
f 3532/1845/3051 3534/1847/4315 3533/1844/3052
f 3535/1846/3054 3536/1845/4316 3538/1847/3055
f 3541/1844/3057 3542/1847/4317 3540/1845/3058
f 3543/1846/3060 3544/1845/4318 3546/1847/3061
f 3547/1846/3063 3549/1844/4319 3550/1847/3064
f 3551/1846/3066 3552/1845/4320 3554/1847/3067
f 3555/1846/3069 3557/1844/4321 3558/1847/3070
f 3559/1846/3072 3560/1845/4322 3562/1847/3073
f 3563/1846/3075 3564/1845/4323 3566/1847/3076
f 3567/1846/3078 3568/1845/4324 3570/1847/3079
f 3571/1846/3081 3573/1844/4325 3574/1847/3082
f 3575/1846/3084 3577/1844/4326 3578/1847/3085
f 3579/1846/3087 3581/1844/4327 3582/1847/3088
f 3583/1846/3090 3584/1845/4328 3586/1847/3091
f 3588/1845/3093 3590/1847/4329 3589/1844/3094
f 3592/1845/3096 3594/1847/4330 3593/1844/3097
f 3595/1846/3099 3596/1845/4331 3598/1847/3100
f 3599/1846/3102 3600/1845/4332 3602/1847/3103
f 3604/1845/3105 3606/1847/4333 3605/1844/3106
f 3608/1845/3108 3610/1847/4334 3609/1844/3109
f 3612/1845/2844 3614/1847/4335 3613/1844/3111
f 3615/1846/3113 3616/1845/4336 3618/1847/3114
f 3619/1846/3116 3620/1845/4337 3622/1847/3117
f 3624/1845/3119 3626/1847/4338 3625/1844/3120
f 3629/1844/3122 3630/1847/4339 3628/1845/3123
f 3632/1845/3125 3634/1847/4340 3633/1844/3126
f 3635/1846/3128 3636/1845/4341 3638/1847/3129
f 3639/1846/3131 3641/1844/4342 3642/1847/3132
f 3645/1844/3134 3646/1847/4343 3644/1845/3135
f 3649/1844/3137 3650/1847/4344 3648/1845/3138
f 3653/1844/3140 3654/1847/4345 3652/1845/3141
f 3655/1846/3143 3656/1845/4346 3658/1847/3144
f 3661/1844/3146 3662/1847/4347 3660/1845/3147
f 3665/1844/3149 3666/1847/4348 3664/1845/3150
f 3667/1846/3152 3668/1845/4349 3670/1847/3153
f 3672/1845/3155 3674/1847/4350 3673/1844/3156
f 3676/1845/3158 3678/1847/4351 3677/1844/3159
f 3680/1845/3161 3682/1847/4352 3681/1844/3162
f 3684/1845/3164 3686/1847/4353 3685/1844/3165
f 3687/1846/3167 3688/1845/4354 3690/1847/3168
f 3691/1846/3170 3692/1845/4355 3694/1847/3171
f 3696/1845/3173 3698/1847/4356 3697/1844/3174
f 3699/1846/3176 3700/1845/4357 3702/1847/3177
f 3705/1844/3179 3706/1847/4358 3704/1845/3180
f 3707/1846/3182 3708/1845/4359 3710/1847/3183
f 3711/1846/3185 3712/1845/4360 3714/1847/3186
f 3715/1846/3188 3717/1844/4361 3718/1847/3189
f 3720/1845/3191 3722/1847/4362 3721/1844/3192
f 3724/1845/3194 3726/1847/4363 3725/1844/3195
f 3727/1846/3197 3728/1845/4364 3730/1847/3198
f 3733/1844/3200 3734/1847/4365 3732/1845/3201
f 3737/1844/3203 3738/1847/4366 3736/1845/3204
f 3740/1845/3206 3742/1847/4367 3741/1844/3207
f 3743/1846/3209 3745/1844/4368 3746/1847/3210
f 3748/1845/3212 3750/1847/4369 3749/1844/3213
f 3751/1846/3215 3752/1845/4370 3754/1847/3216
f 3757/1844/3218 3758/1847/4371 3756/1845/3219
f 3760/1845/3221 3762/1847/4372 3761/1844/3222
f 3764/1845/3224 3766/1847/4373 3765/1844/3225
f 3768/1845/3227 3770/1847/4374 3769/1844/3228
f 3771/1846/3230 3772/1845/4375 3774/1847/3231
f 3775/1846/3233 3777/1844/4376 3778/1847/3234
f 3781/1844/3236 3782/1847/4377 3780/1845/3237
f 3783/1846/3239 3784/1845/4378 3786/1847/3240
f 3787/1846/3242 3788/1845/4379 3790/1847/3243
f 3792/1845/3245 3794/1847/4380 3793/1844/3246
f 3795/1846/3248 3797/1844/4381 3798/1847/3249
f 3799/1846/3251 3800/1845/4382 3802/1847/3252
f 3804/1845/3254 3806/1847/4383 3805/1844/3255
f 3808/1845/3257 3810/1847/4384 3809/1844/3258
f 3811/1846/3260 3812/1845/4385 3814/1847/3261
f 3815/1846/3263 3816/1845/4386 3818/1847/3264
f 3820/1845/3266 3822/1847/4387 3821/1844/3267
f 3825/1844/3269 3826/1847/4388 3824/1845/3270
f 3829/1844/3272 3830/1847/4389 3828/1845/3273
f 3831/1846/3275 3832/1845/4390 3834/1847/3276
f 3836/1845/3278 3838/1847/4391 3837/1844/3279
f 3840/1845/3281 3842/1847/4392 3841/1844/3282
f 3845/1844/3284 3846/1847/4393 3844/1845/3285
f 3847/1846/3287 3848/1845/4394 3850/1847/3288
f 3852/1845/3290 3854/1847/4395 3853/1844/3291
f 3857/1844/3293 3858/1847/4396 3856/1845/3294
f 3859/1846/3296 3860/1845/4397 3862/1847/3297
f 3863/1846/3299 3864/1845/4398 3866/1847/3300
f 3869/1845/3302 3867/1847/4399 3868/1844/3303
f 3873/1845/3305 3871/1847/4400 3872/1844/3306
f 3877/1844/3308 3878/1847/4401 3876/1845/3309
f 3880/1845/3311 3882/1847/4402 3881/1844/3312
f 3885/1844/3314 3886/1847/4403 3884/1845/3315
f 3889/1844/3317 3890/1847/4404 3888/1845/3318
f 3893/1844/3320 3894/1847/4405 3892/1845/3321
f 3895/1846/3323 3896/1845/4406 3898/1847/3324
f 3900/1845/3326 3902/1847/4407 3901/1844/3327
f 3903/1846/3329 3904/1845/4408 3906/1847/3330
f 3907/1846/3332 3908/1845/4409 3910/1847/3333
f 3913/1844/3335 3914/1847/4410 3912/1845/3336
f 3916/1845/3338 3918/1847/4411 3917/1844/3339
f 3920/1845/3341 3922/1847/4412 3921/1844/3342
f 3923/1846/3344 3925/1844/4413 3926/1847/3345
f 3927/1846/3347 3928/1845/4414 3930/1847/3348
f 3931/1846/3350 3932/1845/4415 3934/1847/3351
f 3936/1845/3353 3938/1847/4416 3937/1844/3354
f 3941/1844/3356 3942/1847/4417 3940/1845/3357
f 3943/1846/3359 3944/1845/4418 3946/1847/3360
f 3948/1845/3362 3950/1847/4419 3949/1844/3363
f 3952/1845/3365 3954/1847/4420 3953/1844/3366
f 3956/1845/3368 3958/1847/4421 3957/1844/3369
f 3960/1845/3371 3962/1847/4422 3961/1844/3372
f 3963/1846/3374 3964/1845/4423 3966/1847/3375
f 3968/1845/3377 3970/1847/4424 3969/1844/3378
f 3971/1846/3380 3972/1845/4425 3974/1847/3381
f 3975/1846/3383 3976/1845/4426 3978/1847/3384
f 3980/1845/3386 3982/1847/4427 3981/1844/3387
f 3984/1845/3389 3986/1847/4428 3985/1844/3390
f 3988/1845/3392 3990/1847/4429 3989/1844/3393
f 3991/1846/3395 3992/1845/4430 3994/1847/3396
f 3995/1846/3398 3996/1845/4431 3998/1847/3399
f 4000/1845/3401 4002/1847/4432 4001/1844/3402
f 4004/1845/3404 4006/1847/4433 4005/1844/3405
f 4008/1845/3407 4010/1847/4434 4009/1844/3408
f 4012/1845/3410 4014/1847/4435 4013/1844/3411
f 4017/1844/3413 4018/1847/4436 4016/1845/3414
f 4021/1844/3416 4022/1847/4437 4020/1845/3417
f 4023/1846/3419 4024/1845/4438 4026/1847/3420
f 4029/1844/3422 4030/1847/4439 4028/1845/3423
f 4033/1844/3425 4034/1847/4440 4032/1845/3426
f 4035/1846/3428 4036/1845/4441 4038/1847/3429
f 4041/1844/3431 4042/1847/4442 4040/1845/3432
f 4045/1844/3434 4046/1847/4443 4044/1845/3435
f 4048/1845/3437 4050/1847/4444 4049/1844/3438
f 4052/1845/3440 4054/1847/4445 4053/1844/3441
f 4056/1845/3443 4058/1847/4446 4057/1844/3444
f 4059/1846/3446 4060/1845/4447 4062/1847/3447
f 4063/1846/3449 4065/1844/4448 4066/1847/3450
f 4068/1845/3452 4070/1847/4449 4069/1844/3453
f 4072/1845/3455 4074/1847/4450 4073/1844/3456
f 4076/1845/3458 4078/1847/4451 4077/1844/3459
f 4079/1846/3461 4081/1844/4452 4082/1847/3462
f 4083/1846/3464 4085/1844/4453 4086/1847/3465
f 4087/1846/3467 4088/1845/4454 4090/1847/3468
f 4093/1844/3470 4094/1847/4455 4092/1845/3471
f 4095/1846/3473 4096/1845/4456 4098/1847/3474
f 4099/1846/3476 4100/1845/4457 4102/1847/3477
f 4104/1845/3479 4106/1847/4458 4105/1844/3480
f 4107/1846/3482 4108/1845/4459 4110/1847/3483
f 4111/1846/3485 4113/1844/4460 4114/1847/3486
f 4116/1845/3488 4118/1847/4461 4117/1844/3489
f 4120/1845/3491 4122/1847/4462 4121/1844/3492
f 4123/1846/3494 4124/1845/4463 4126/1847/3495
f 4128/1845/3497 4130/1847/4464 4129/1844/3498
f 4131/1846/3500 4133/1844/4465 4134/1847/3501
f 4135/1846/3503 4137/1844/4466 4138/1847/3504
f 4139/1846/3506 4140/1845/4467 4142/1847/3507
f 4144/1845/3509 4146/1847/4468 4145/1844/3510
f 4148/1845/3512 4150/1847/4469 4149/1844/3513
f 4151/1846/3515 4153/1844/4470 4154/1847/3516
f 4157/1844/3518 4158/1847/4471 4156/1845/3519
f 4159/1846/3521 4161/1844/4472 4162/1847/3522
f 4163/1846/3524 4164/1845/4473 4166/1847/3525
f 4167/1846/3527 4168/1845/4474 4170/1847/3528
f 4171/1846/3530 4172/1845/4475 4174/1847/3531
f 4176/1845/3533 4178/1847/4476 4177/1844/3534
f 4179/1846/3536 4180/1845/4477 4182/1847/3537
f 4183/1846/3539 4185/1844/4478 4186/1847/3540
f 4188/1845/3542 4190/1847/4479 4189/1844/3543
f 4193/1844/3545 4194/1847/4480 4192/1845/3546
f 4195/1846/3548 4196/1845/4481 4198/1847/3549
f 4200/1845/3551 4202/1847/4482 4201/1844/3552
f 4205/1844/3554 4206/1847/4483 4204/1845/3555
f 4207/1846/3557 4208/1845/4484 4210/1847/3558
f 4211/1846/3560 4213/1844/4485 4214/1847/3561
f 4217/1844/3563 4218/1847/4486 4216/1845/3564
f 4221/1844/3566 4222/1847/4487 4220/1845/3567
f 4223/1846/3569 4224/1845/4488 4226/1847/3570
f 4228/1845/3572 4230/1847/4489 4229/1844/3573
f 4233/1844/3575 4234/1847/4490 4232/1845/3576
f 4235/1846/3578 4237/1844/4491 4238/1847/3579
f 4239/1846/3581 4240/1845/4492 4242/1847/3582
f 4244/1845/3584 4246/1847/4493 4245/1844/3585
f 4249/1844/3587 4250/1847/4494 4248/1845/3588
f 4252/1845/3590 4254/1847/4495 4253/1844/3591
f 4255/1846/3593 4257/1844/4496 4258/1847/3594
f 4259/1846/3596 4260/1845/4497 4262/1847/3597
f 4264/1845/3599 4266/1847/4498 4265/1844/3600
f 4268/1845/3602 4270/1847/4499 4269/1844/3603
f 4273/1844/3605 4274/1847/4500 4272/1845/3606
f 4276/1845/3608 4278/1847/4501 4277/1844/3609
f 4279/1846/3611 4281/1844/4502 4282/1847/3612
f 4284/1845/3614 4286/1847/4503 4285/1844/3615
f 4287/1846/3617 4289/1844/4504 4290/1847/3618
f 4291/1846/3620 4292/1845/4505 4294/1847/3621
f 4295/1846/3623 4296/1845/4506 4298/1847/3624
f 4299/1846/3626 4300/1845/4507 4302/1847/3627
f 4303/1846/3629 4305/1844/4508 4306/1847/3630
f 4307/1846/3632 4309/1844/4509 4310/1847/3633
f 4311/1846/3635 4313/1844/4510 4314/1847/3636
f 4316/1845/3638 4318/1847/4511 4317/1844/3639
f 4319/1846/3641 4320/1845/4512 4322/1847/3642
f 4324/1845/3644 4326/1847/4513 4325/1844/3645
f 4327/1846/3647 4328/1845/4514 4330/1847/3648
f 4331/1846/3650 4332/1845/4515 4334/1847/3651
f 4336/1845/3653 4338/1847/4516 4337/1844/3654
f 4340/1845/3656 4342/1847/4517 4341/1844/3657
f 4344/1845/3392 4346/1847/4518 4345/1844/3659
f 4347/1846/3661 4348/1845/4519 4350/1847/3662
f 4351/1846/3664 4352/1845/4520 4354/1847/3665
f 4356/1845/3667 4358/1847/4521 4357/1844/3668
f 4361/1844/3670 4362/1847/4522 4360/1845/3671
f 4364/1845/3673 4366/1847/4523 4365/1844/3674
f 4368/1845/3676 4370/1847/4524 4369/1844/3677
f 4373/1844/3679 4374/1847/4525 4372/1845/3680
f 4377/1844/3682 4378/1847/4526 4376/1845/3683
f 4381/1844/3685 4382/1847/4527 4380/1845/3686
f 4385/1844/3688 4386/1847/4528 4384/1845/3689
f 4388/1845/3691 4390/1847/4529 4389/1844/3692
f 4393/1844/3694 4394/1847/4530 4392/1845/3695
f 4397/1844/3697 4398/1847/4531 4396/1845/3698
f 4399/1846/3700 4400/1845/4532 4402/1847/3701
f 4404/1845/3703 4406/1847/4533 4405/1844/3704
f 4407/1846/3706 4408/1845/4534 4410/1847/3707
f 4412/1845/3709 4414/1847/4535 4413/1844/3710
f 4416/1845/3712 4418/1847/4536 4417/1844/3713
f 4419/1846/3715 4420/1845/4537 4422/1847/3716
f 4423/1846/3718 4424/1845/4538 4426/1847/3719
f 4428/1845/3721 4430/1847/4539 4429/1844/3722
f 4431/1846/3724 4432/1845/4540 4434/1847/3725
f 4437/1844/3727 4438/1847/4541 4436/1845/3728
f 4439/1846/3730 4440/1845/4542 4442/1847/3731
f 4443/1846/3733 4444/1845/4543 4446/1847/3734
f 4449/1844/3736 4450/1847/4544 4448/1845/3737
f 4452/1845/3739 4454/1847/4545 4453/1844/3740
f 4456/1845/3742 4458/1847/4546 4457/1844/3743
f 4459/1846/3745 4460/1845/4547 4462/1847/3746
f 4465/1844/3748 4466/1847/4548 4464/1845/3749
f 4469/1844/3751 4470/1847/4549 4468/1845/3752
f 4472/1845/3754 4474/1847/4550 4473/1844/3755
f 4475/1846/3757 4477/1844/4551 4478/1847/3758
f 4479/1846/3760 4480/1845/4552 4482/1847/3761
f 4483/1846/3763 4484/1845/4553 4486/1847/3764
f 4487/1846/3766 4489/1844/4554 4490/1847/3767
f 4492/1845/3769 4494/1847/4555 4493/1844/3770
f 4495/1846/3772 4496/1845/4556 4498/1847/3773
f 4500/1845/3775 4502/1847/4557 4501/1844/3776
f 4504/1845/3778 4506/1847/4558 4505/1844/3779
f 4507/1846/3781 4509/1844/4559 4510/1847/3782
f 4513/1844/3784 4514/1847/4560 4512/1845/3785
f 4515/1846/3787 4516/1845/4561 4518/1847/3788
f 4519/1846/3790 4520/1845/4562 4522/1847/3791
f 4523/1846/3793 4524/1845/4563 4526/1847/3794
f 4529/1844/3796 4530/1847/4564 4528/1845/3797
f 4531/1846/3799 4532/1845/4565 4534/1847/3800
f 4536/1845/3802 4538/1847/4566 4537/1844/3803
f 4540/1845/3805 4542/1847/4567 4541/1844/3806
f 4543/1846/3808 4544/1845/4568 4546/1847/3809
f 4547/1846/3811 4548/1845/4569 4550/1847/3812
f 4552/1845/3814 4554/1847/4570 4553/1844/3815
f 4557/1844/3817 4558/1847/4571 4556/1845/3818
f 4561/1844/3820 4562/1847/4572 4560/1845/3821
f 4563/1846/3823 4564/1845/4573 4566/1847/3824
f 4568/1845/3826 4570/1847/4574 4569/1844/3827
f 4572/1845/3829 4574/1847/4575 4573/1844/3830
f 4577/1844/3832 4578/1847/4576 4576/1845/3833
f 4579/1846/3835 4580/1845/4577 4582/1847/3836
f 4584/1845/3838 4586/1847/4578 4585/1844/3839
