# Blender 5.0.0
# www.blender.org
mtllib Tree2.mtl
o TwistedTree_3
v 1.001438 0.185934 -0.643336
v 1.276321 -0.201474 -0.253876
v 0.974253 0.199568 -0.176001
v 1.188765 -0.201474 -0.117083
v 1.054686 -0.201475 0.000000
v 1.291763 -0.201474 -0.391852
v 1.227593 -0.201474 -0.508486
v 0.483485 0.168968 -0.703512
v 0.925056 -0.201475 -0.618103
v 1.096110 -0.201474 -0.585883
v 0.748722 -0.201475 -0.614460
v 0.597461 -0.201475 -0.597461
v 0.196596 0.154340 -0.906309
v 0.424320 -0.201475 -0.635039
v 0.489008 -0.201475 -0.595858
v 0.389085 -0.201475 -0.727927
v 0.360170 -0.201475 -0.869528
v -0.209189 0.133313 -1.204017
v 0.237910 -0.201475 -1.196053
v 0.314599 -0.201475 -1.037095
v 0.129019 -0.201475 -1.309952
v 0.000000 -0.201475 -1.351317
v -0.496869 0.137685 -0.790551
v -0.237910 -0.201475 -1.196053
v -0.129019 -0.201475 -1.309953
v -0.314599 -0.201475 -1.037095
v -0.360170 -0.201475 -0.869528
v -0.702742 0.140480 -0.505499
v -0.424320 -0.201475 -0.635039
v -0.389085 -0.201475 -0.727927
v -0.489008 -0.201475 -0.595858
v -0.597461 -0.201475 -0.597461
v -1.173306 0.133706 -0.280314
v -0.925057 -0.201475 -0.618103
v -0.748722 -0.201475 -0.614460
v -1.096110 -0.201475 -0.585883
v -1.227593 -0.201475 -0.508486
v -0.996554 0.152238 0.152979
v -1.276321 -0.201475 -0.253876
v -1.291763 -0.201475 -0.391852
v -1.188765 -0.201475 -0.117083
v -1.054686 -0.201475 0.000000
v -0.694127 0.169137 0.414645
v -0.792521 -0.201475 0.157642
v -0.910450 -0.201475 0.089671
v -0.726781 -0.201475 0.220467
v -0.721213 -0.201475 0.298736
v -0.678703 0.185262 0.922402
v -0.828822 -0.201475 0.553802
v -0.764190 -0.201475 0.408468
v -0.881845 -0.201475 0.723711
v -0.894091 -0.201475 0.894091
v -0.255284 0.201243 1.040008
v -0.747585 -0.201475 1.118839
v -0.849163 -0.201475 1.034708
v -0.605266 -0.201475 1.132373
v -0.447052 -0.201475 1.079278
v 0.118035 0.203686 0.766393
v -0.173608 -0.201475 0.872788
v -0.297719 -0.201475 0.981449
v -0.077736 -0.201475 0.789262
v 0.000000 -0.201475 0.758056
v 0.559640 0.220814 0.903976
v 0.173608 -0.201475 0.872788
v 0.077735 -0.201475 0.789262
v 0.297719 -0.201475 0.981449
v 0.447052 -0.201475 1.079278
v 0.922210 0.223709 0.655168
v 0.747584 -0.201475 1.118840
v 0.605266 -0.201475 1.132373
v 0.849163 -0.201475 1.034708
v 0.894091 -0.201475 0.894091
v 0.772705 0.204364 0.169792
v 0.828822 -0.201475 0.553802
v 0.881846 -0.201475 0.723712
v 0.764190 -0.201475 0.408468
v 0.721213 -0.201475 0.298736
v 0.792521 -0.201475 0.157642
v 0.726781 -0.201475 0.220467
v 0.910450 -0.201475 0.089672
v 0.690752 0.563828 -0.780977
v 0.275337 0.532880 -0.809900
v -0.045249 0.503947 -0.908204
v -0.447450 0.470128 -0.994226
v -0.660245 0.478750 -0.640740
v -0.808276 0.488482 -0.338633
v -1.071561 0.491622 -0.014542
v -0.880924 0.528182 0.335176
v -0.596233 0.562191 0.547622
v -0.407638 0.599306 0.907843
v -0.020238 0.628324 0.937172
v 0.281741 0.633520 0.697842
v 0.662111 0.656282 0.640417
v 0.905930 0.653127 0.336569
v 0.773522 0.618314 -0.048088
v 0.814139 0.597633 -0.402012
v 0.403170 0.937500 -0.861489
v 0.045544 0.910413 -0.858715
v -0.273516 0.885781 -0.862985
v -0.626408 0.862979 -0.803383
v -0.779828 0.873644 -0.479418
v -0.862698 0.888641 -0.170659
v -0.962842 0.904755 0.173360
v -0.751405 0.940417 0.456281
v -0.467430 0.973268 0.618346
v -0.194511 1.009310 0.838850
v 0.153520 1.032751 0.793872
v 0.402708 1.035647 0.560524
v 0.694692 1.045724 0.383897
v 0.832746 1.033934 0.060631
v 0.695409 1.001142 -0.262586
v 0.617199 0.973224 -0.580532
v 0.478400 1.442939 -0.680320
v 0.228133 1.420984 -0.897645
v -0.102973 1.409591 -0.871528
v -0.407368 1.400540 -0.822241
v -0.715491 1.395722 -0.695173
v -0.831724 1.408775 -0.383037
v -0.870286 1.424482 -0.077369
v -0.884730 1.442580 0.254154
v -0.658514 1.465002 0.496372
v -0.372513 1.483252 0.623214
v -0.075909 1.502584 0.761961
v 0.243287 1.510101 0.675194
v 0.459698 1.505170 0.438237
v 0.689087 1.501449 0.213796
v 0.764617 1.486273 -0.107974
v 0.615367 1.464081 -0.399230
v 0.296982 1.850809 -0.768339
v 0.021046 1.845085 -0.896242
v -0.274640 1.849922 -0.831604
v -0.541429 1.857402 -0.715995
v -0.774429 1.869042 -0.521141
v -0.835649 1.885486 -0.223863
v -0.810986 1.901117 0.065525
v -0.727684 1.916553 0.356135
v -0.484032 1.925358 0.538038
v -0.199781 1.927962 0.609258
v 0.098339 1.928511 0.643819
v 0.368572 1.919738 0.504732
v 0.534056 1.905634 0.259045
v 0.672114 1.890764 -0.002994
v 0.666513 1.874277 -0.306548
v 0.494614 1.861681 -0.552236
v -0.138372 2.273220 -0.868708
v -0.397353 2.293591 -0.766007
v -0.614823 2.317050 -0.602200
v -0.771966 2.343199 -0.371530
v -0.779619 2.366425 -0.092266
v -0.699309 2.384059 0.168340
v -0.549638 2.396439 0.403879
v -0.296963 2.394804 0.526400
v -0.023382 2.383491 0.542521
v 0.250007 2.367050 0.495927
v 0.466353 2.342513 0.318322
v 0.578427 2.316789 0.067438
v 0.634404 2.292163 -0.201681
v 0.563074 2.273252 -0.472800
v 0.368918 2.265955 -0.671378
v 0.137924 2.264509 -0.819277
v 0.070446 2.797901 -0.867019
v -0.195571 2.819067 -0.871569
v -0.427564 2.851671 -0.746263
v -0.608463 2.886743 -0.560391
v -0.717340 2.921941 -0.319765
v -0.691172 2.948679 -0.055958
v -0.579461 2.965419 0.180142
v -0.400137 2.972255 0.376054
v -0.147233 2.960909 0.460580
v 0.113472 2.937705 0.442543
v 0.361152 2.907879 0.354302
v 0.539851 2.871963 0.159074
v 0.615752 2.838423 -0.090931
v 0.623746 2.809138 -0.352593
v 0.517099 2.791099 -0.596801
v 0.311124 2.789694 -0.762916
v -0.445013 3.357268 -0.687180
v -0.612474 3.444488 -0.241300
v -0.392719 3.475615 0.189048
v 0.056357 3.437365 0.358010
v 0.490746 3.348659 0.160777
v 0.636331 3.263580 -0.291395
v 0.437599 3.228380 -0.729755
v -0.018201 3.268631 -0.891278
v -0.059619 3.766770 -0.904011
v -0.405397 3.869816 -0.636917
v -0.463801 3.950790 -0.197604
v -0.183844 3.959138 0.155267
v 0.255254 3.893716 0.221847
v 0.606011 3.790279 -0.042320
v 0.651673 3.711362 -0.482576
v 0.382266 3.700073 -0.842340
v -0.024826 4.372156 -0.955770
v -0.314747 4.474506 -0.657861
v -0.308968 4.547637 -0.234985
v 0.000227 4.546360 0.062678
v 0.422181 4.474131 0.066810
v 0.715714 4.371420 -0.229598
v 0.701316 4.299878 -0.651909
v 0.398524 4.299061 -0.955205
v -0.228937 4.980584 -0.641149
v -0.139419 5.050036 -0.258895
v 0.197954 5.044867 -0.046510
v 0.581126 4.969721 -0.124063
v 0.788333 4.867524 -0.449277
v 0.694245 4.799045 -0.830249
v 0.359662 4.802972 -1.046397
v -0.023848 4.878622 -0.966763
v -0.001272 5.411113 -1.003625
v -0.124004 5.517491 -0.671777
v 0.031596 5.584044 -0.342993
v 0.377090 5.570875 -0.211846
v 0.708246 5.486701 -0.352393
v 0.832142 5.380157 -0.684257
v 0.674273 5.314236 -1.011875
v 0.329827 5.326643 -1.145308
v 0.067042 6.062891 -1.117237
v -0.005486 6.165874 -0.789497
v 0.182989 6.222065 -0.498384
v 0.523645 6.197899 -0.415945
v 0.815978 6.108221 -0.588510
v 0.889261 6.005104 -0.916357
v 0.699416 5.949372 -1.206519
v 0.359237 5.973023 -1.290538
v 0.126596 6.636813 -1.177477
v 0.119405 6.718148 -0.863254
v 0.341915 6.751468 -0.629047
v 0.664443 6.716933 -0.613001
v 0.897765 6.635095 -0.823394
v 0.905333 6.553681 -1.137748
v 0.682216 6.520596 -1.371321
v 0.359773 6.554897 -1.388242
v 0.177159 7.205060 -1.218673
v 0.224719 7.261866 -0.928527
v 0.466943 7.284184 -0.753778
v 0.762181 7.258812 -0.797347
v 0.937448 7.200739 -1.033107
v 0.890066 7.143900 -1.323358
v 0.647596 7.121676 -1.497720
v 0.352316 7.146956 -1.454608
v 0.203080 7.906103 -1.301292
v 0.529661 7.978078 -0.898347
v 0.938891 7.917099 -1.219302
v 0.612289 7.845157 -1.622063
v 0.578397 8.578939 -1.029498
v 0.894397 8.530908 -1.388571
v 0.532532 8.467909 -1.698601
v 0.216525 8.515925 -1.339619
v 0.235430 9.148002 -1.373734
v 0.611803 9.183065 -1.148553
v 0.839439 9.144791 -1.523132
v 0.463077 9.109733 -1.748270
v 0.622790 9.940933 -1.234798
v 0.795716 9.919118 -1.610340
v 0.419624 9.901410 -1.782489
v 0.246690 9.923223 -1.406974
v 0.272744 10.581527 -1.391949
v 0.636140 10.594382 -1.293209
v 0.734921 10.594599 -1.656821
v 0.371531 10.581742 -1.755550
v 0.635521 11.270373 -1.344180
v 0.671880 11.265944 -1.683819
v 0.332349 11.255923 -1.720036
v 0.295986 11.260352 -1.380401
v 0.308135 12.097598 -1.389283
v 0.627359 12.102730 -1.387913
v 0.628848 12.095181 -1.707088
v 0.309626 12.090050 -1.708456
v 0.627637 12.811308 -1.436809
v 0.586353 12.809272 -1.721223
v 0.301934 12.808973 -1.679936
v 0.343217 12.811007 -1.395523
v 0.377875 13.671128 -1.397352
v 0.624734 13.671453 -1.470521
v 0.551564 13.672107 -1.717379
v 0.304705 13.671782 -1.644210
v 0.464712 13.762649 -1.557259
v -0.146651 3.681792 -0.809875
v 0.349766 3.963132 -0.885998
v 0.294043 4.118506 -0.853668
v 0.605374 3.954927 -0.514087
v 0.625413 3.842732 -0.620287
v 0.637969 3.352727 -0.468661
v 0.580451 3.291892 -0.290576
v 0.366511 2.695784 -0.593865
v 0.440115 2.931641 -0.682548
v 0.115712 3.084348 -0.873455
v -0.036613 2.920019 -0.792766
v 0.031190 3.626946 -0.915066
v 0.197133 3.588111 -1.013218
v 0.436896 3.859376 -0.960402
v 0.668601 3.769787 -0.740643
v 0.693980 3.388709 -0.625018
v 0.527229 3.066057 -0.789644
v 0.266153 3.175198 -0.964258
v 0.323632 3.562454 -1.092460
v 0.511616 3.791979 -1.026554
v 0.710954 3.722631 -0.834957
v 0.742904 3.411230 -0.740951
v 0.600112 3.149864 -0.876093
v 0.382691 3.231324 -1.039825
v 0.514014 3.531231 -1.222728
v 0.637804 3.711530 -1.140863
v 0.793343 3.666434 -0.979092
v 0.831581 3.437004 -0.909253
v 0.722289 3.246449 -1.013365
v 0.561064 3.295445 -1.166292
v 0.802226 3.669241 -1.293360
v 0.924409 3.636658 -1.136774
v 0.964400 3.448425 -1.077796
v 0.882208 3.292775 -1.175404
v 0.760026 3.325359 -1.331990
v 0.720035 3.513592 -1.390968
v 1.234436 3.703632 -1.626004
v 1.348105 3.686719 -1.470322
v 1.419356 3.513738 -1.420881
v 1.376939 3.357670 -1.527122
v 1.263270 3.374583 -1.682804
v 1.192018 3.547564 -1.732245
v 1.590714 3.670272 -2.012390
v 1.601342 3.819741 -1.902555
v 1.713489 3.818391 -1.754436
v 1.815008 3.667573 -1.716154
v 1.804380 3.518105 -1.825990
v 1.692233 3.519454 -1.974108
v 1.876842 3.978940 -2.141656
v 1.991242 3.995347 -2.006109
v 2.113852 3.869384 -1.977301
v 2.122061 3.727014 -2.084039
v 2.007661 3.710608 -2.219586
v 1.885052 3.836570 -2.248394
v 2.079525 4.141114 -2.362754
v 2.193972 4.174176 -2.240746
v 2.325120 4.068072 -2.215851
v 2.341819 3.928905 -2.312966
v 2.227372 3.895842 -2.434974
v 2.096224 4.001946 -2.459869
v 2.239887 4.282099 -2.568246
v 2.348186 4.325206 -2.454349
v 2.477335 4.230346 -2.424654
v 2.498185 4.092381 -2.508857
v 2.389885 4.049274 -2.622754
v 2.260737 4.144133 -2.652448
v 2.411317 4.262286 -2.820198
v 2.384948 4.396317 -2.745943
v 2.478426 4.440572 -2.629853
v 2.598272 4.350794 -2.588017
v 2.624641 4.216763 -2.662271
v 2.531164 4.172509 -2.778362
v 2.563789 4.368207 -2.948702
v 2.525137 4.491926 -2.877170
v 2.593458 4.528998 -2.751173
v 2.700432 4.442351 -2.696709
v 2.739084 4.318632 -2.768241
v 2.670763 4.281560 -2.894238
v 2.649442 4.578987 -2.951214
v 2.686352 4.601744 -2.817389
v 2.783472 4.520286 -2.756386
v 2.843681 4.416070 -2.829207
v 2.806772 4.393312 -2.963032
v 2.709652 4.474771 -3.024035
v 2.823328 4.583013 -3.048552
v 2.738516 4.657927 -2.977973
v 2.749673 4.664202 -2.845222
v 2.845642 4.595563 -2.783051
v 2.930453 4.520649 -2.853630
v 2.919297 4.514374 -2.986381
v 2.888402 4.679055 -3.045385
v 2.787885 4.721765 -2.982301
v 2.787210 4.720131 -2.856189
v 2.887052 4.675788 -2.793159
v 2.987570 4.633079 -2.856243
v 2.988245 4.634712 -2.982356
v 2.811536 4.769053 -2.983748
v 2.807991 4.776049 -2.865056
v 2.907656 4.762048 -2.801647
v 3.010867 4.741052 -2.856934
v 3.014411 4.734056 -2.975627
v 2.914745 4.748056 -3.039034
v 2.923966 4.788821 -3.037540
v 2.824713 4.807782 -2.989583
v 2.819311 4.836016 -2.881490
v 2.913163 4.845288 -2.821352
v 3.012418 4.826328 -2.869309
v 3.017819 4.798093 -2.977403
v 2.929292 4.812923 -3.038723
v 2.836595 4.846673 -3.003275
v 2.830562 4.895891 -2.910922
v 2.917225 4.911357 -2.854013
v 3.009921 4.877606 -2.889461
v 3.015954 4.828389 -2.981816
v 2.855953 4.886541 -3.025693
v 2.851944 4.945331 -2.947545
v 2.928364 4.951087 -2.886663
v 3.008793 4.898054 -2.903933
v 3.012802 4.839263 -2.982081
v 2.936383 4.833508 -3.042963
v 2.953871 4.858693 -3.052378
v 2.890589 4.924062 -3.050226
v 2.884562 4.979203 -2.978077
v 2.941818 4.968976 -2.908081
v 3.005101 4.903607 -2.910233
v 3.011127 4.848465 -2.982383
v 2.972466 4.944764 -3.002764
v -0.380210 4.568091 -0.516698
v -0.205634 4.859909 -0.802082
v -0.124483 4.941149 -0.733142
v 0.175700 4.745971 -0.978230
v 0.054663 4.693378 -1.036405
v 0.106146 4.216264 -1.013558
v 0.262440 4.142676 -0.896845
v -0.184362 3.633977 -0.771873
v -0.227042 3.852145 -0.863800
v -0.442372 4.037538 -0.590618
v -0.400324 3.864667 -0.454055
v -0.273885 4.568381 -0.353970
v -0.293254 4.824209 -0.890804
v -0.063784 4.677981 -1.110446
v -0.036923 4.276478 -1.120456
v -0.314887 3.988836 -0.975925
v -0.517031 4.146427 -0.732643
v -0.475010 4.580227 -0.663953
v -0.362891 4.807780 -0.963360
v -0.154310 4.675041 -1.172898
v -0.145158 4.322172 -1.205168
v -0.391343 4.082019 -1.068307
v -0.582903 4.221754 -0.844021
v -0.549292 4.594594 -0.775303
v -0.472423 4.801989 -1.079996
v -0.290040 4.685870 -1.277957
v -0.306540 4.392099 -1.341080
v -0.520558 4.208035 -1.219343
v -0.697349 4.326353 -1.016511
v -0.666979 4.626509 -0.941540
v -0.600585 4.835608 -1.220372
v -0.434694 4.729481 -1.415604
v -0.477917 4.472113 -1.509369
v -0.687032 4.320873 -1.407902
v -0.852923 4.426999 -1.212670
v -0.809699 4.684367 -1.118905
v -0.987495 4.827446 -2.005882
v -0.840980 4.759614 -2.079943
v -0.833076 4.586448 -2.118726
v -0.971687 4.481114 -2.083446
v -1.118202 4.548945 -2.009384
v -1.126106 4.722112 -1.970601
v -1.359007 4.947993 -2.632294
v -1.215635 5.039301 -2.632359
v -1.075912 4.978071 -2.707330
v -1.079561 4.825533 -2.782239
v -1.222932 4.734225 -2.782175
v -1.362655 4.795455 -2.707202
v -1.497681 5.271172 -3.120962
v -1.354786 5.344420 -3.096807
v -1.223149 5.294237 -3.177559
v -1.234405 5.170805 -3.282467
v -1.377300 5.097557 -3.306623
v -1.508938 5.147738 -3.225870
v -1.587566 5.623879 -3.444931
v -1.448509 5.681623 -3.408803
v -1.325522 5.648047 -3.496686
v -1.341593 5.556729 -3.620699
v -1.480651 5.498985 -3.656827
v -1.603637 5.532560 -3.568944
v -1.660678 5.956375 -3.639597
v -1.527427 6.005742 -3.600559
v -1.413655 5.991849 -3.693184
v -1.433133 5.928592 -3.824851
v -1.566384 5.879224 -3.863889
v -1.680156 5.893116 -3.771262
v -1.607163 6.291647 -3.712327
v -1.503083 6.295759 -3.805801
v -1.524794 6.251263 -3.936703
v -1.650585 6.202657 -3.974133
v -1.754664 6.198547 -3.880660
v -1.732953 6.243043 -3.749757
v -1.691199 6.530520 -3.780686
v -1.596214 6.546535 -3.871816
v -1.617993 6.510004 -3.997412
v -1.734758 6.457455 -4.031879
v -1.829744 6.441440 -3.940749
v -1.807965 6.477972 -3.815153
v -1.882221 6.666296 -3.863965
v -1.775136 6.723287 -3.832494
v -1.686764 6.742883 -3.919163
v -1.705474 6.705489 -4.037302
v -1.812559 6.648498 -4.068771
v -1.900932 6.628902 -3.982104
v -1.949120 6.816669 -3.912370
v -1.850668 6.875042 -3.883230
v -1.765107 6.890160 -3.963233
v -1.777999 6.846902 -4.072375
v -1.876451 6.788528 -4.101516
v -1.962012 6.773412 -4.021513
v -2.001438 6.936971 -3.966448
v -1.909264 6.991679 -3.937725
v -1.823373 6.996319 -4.007834
v -1.829658 6.946251 -4.106668
v -1.921832 6.891544 -4.135389
v -2.007722 6.886902 -4.065279
v -1.945701 7.078421 -3.992531
v -1.859113 7.069584 -4.049281
v -1.860323 7.015138 -4.137771
v -1.948122 6.969529 -4.169508
v -2.034710 6.978364 -4.112758
v -2.033500 7.032811 -4.024269
v -1.960764 7.139690 -4.040154
v -1.876234 7.117692 -4.082157
v -1.874700 7.063584 -4.162554
v -1.957698 7.031477 -4.200950
v -2.042228 7.053475 -4.158947
v -2.043761 7.107582 -4.078549
v -2.036672 7.163176 -4.120974
v -1.961241 7.179693 -4.074706
v -1.882384 7.148004 -4.104384
v -1.878958 7.099800 -4.180330
v -1.954389 7.083282 -4.226600
v -2.033246 7.114972 -4.196921
v -2.020007 7.205771 -4.149981
v -1.954636 7.207933 -4.098553
v -1.882832 7.172407 -4.121025
v -1.876400 7.134717 -4.194923
v -1.941771 7.132555 -4.246351
v -2.013575 7.168084 -4.223880
v -1.938233 7.205709 -4.191782
v 0.024677 5.699892 -0.297277
v 0.137934 5.718248 -0.429428
v -0.121667 5.344293 -0.665662
v -0.234580 5.394958 -0.488871
v -0.253589 4.875138 -0.238143
v -0.196396 4.661513 -0.330644
v 0.151218 4.676174 -0.044603
v 0.065510 4.892096 0.024529
v 0.281715 5.414870 -0.063244
v 0.440693 5.353940 -0.201618
v 0.136735 5.487717 0.063772
v -0.086687 5.724339 -0.170497
v -0.340477 5.460929 -0.327808
v -0.344216 5.033656 -0.108747
v -0.049296 5.053044 0.133055
v -0.173013 5.753685 -0.072518
v -0.423675 5.517581 -0.205762
v -0.422261 5.149745 -0.001870
v -0.143716 5.170855 0.225746
v 0.027060 5.548872 0.162706
v -0.136564 5.651757 0.317271
v -0.305375 5.816308 0.077576
v -0.554940 5.614986 -0.023140
v -0.554669 5.320697 0.170982
v -0.296125 5.344011 0.381354
v -0.453668 5.922516 0.245921
v -0.711886 5.747212 0.172548
v -0.728465 5.503516 0.380224
v -0.480493 5.528208 0.581947
v -0.310659 5.787164 0.498943
v -0.803333 6.409341 0.985976
v -0.933355 6.500268 0.724639
v -1.194856 6.345620 0.690413
v -1.226451 6.159116 0.930597
v -0.984476 6.198498 1.113263
v -1.183552 7.071922 1.335245
v -1.309481 7.128273 1.079067
v -1.573581 7.006159 1.079906
v -1.610873 6.874335 1.336601
v -1.369822 6.914978 1.494411
v -1.523450 7.648313 1.278835
v -1.784971 7.563846 1.307624
v -1.818010 7.475292 1.567283
v -1.576908 7.505027 1.698972
v -1.394860 7.611959 1.520701
v -1.530206 8.131329 1.655486
v -1.662568 8.162045 1.427472
v -1.917640 8.103823 1.472216
v -1.942921 8.037124 1.727883
v -1.703473 8.054123 1.841150
v -1.584139 8.493527 1.721448
v -1.720789 8.525287 1.513292
v -1.962378 8.493266 1.573464
v -1.975036 8.441714 1.818806
v -1.741271 8.441876 1.910265
v -1.614098 8.846118 1.783762
v -1.752606 8.882260 1.595197
v -1.977946 8.862850 1.665146
v -1.978705 8.814710 1.896943
v -1.753835 8.804367 1.970251
v -1.768789 9.165357 1.666170
v -1.977562 9.145496 1.740839
v -1.968641 9.095787 1.957646
v -1.754355 9.084925 2.016971
v -1.630841 9.127921 1.836829
v -1.649320 9.333713 1.879849
v -1.784603 9.365606 1.724266
v -1.977103 9.336459 1.799225
v -1.960792 9.286551 2.001136
v -1.758211 9.284853 2.050964
v -1.803349 9.532131 1.774155
v -1.983568 9.493804 1.847304
v -1.963260 9.447118 2.038892
v -1.770490 9.456588 2.084152
v -1.671659 9.509130 1.920535
v -1.702805 9.626756 1.945981
v -1.827166 9.633686 1.809830
v -1.990865 9.584818 1.879584
v -1.967676 9.547687 2.058844
v -1.789644 9.573606 2.099880
v -1.853621 9.718988 1.838707
v -2.001527 9.665119 1.905480
v -1.978304 9.641590 2.073241
v -1.816046 9.680919 2.110150
v -1.738988 9.728754 1.965200
v -1.772333 9.797982 1.974018
v -1.876768 9.775681 1.858085
v -2.010741 9.723402 1.922605
v -1.989105 9.713396 2.078415
v -1.841761 9.759488 2.110189
v -1.801871 9.848864 1.977187
v -1.897698 9.821299 1.872683
v -2.019660 9.775339 1.934948
v -1.999209 9.774499 2.077933
v -1.864608 9.819940 2.104039
v -1.936704 9.865878 1.997741
v 0.854753 6.150510 -0.963362
v 1.008588 6.226696 -0.803936
v 0.863525 6.522116 -0.579647
v 0.746573 6.513868 -0.699995
v 0.409250 6.213464 -0.462764
v 0.615209 6.282543 -0.335109
v 0.740679 5.782929 -0.277391
v 0.559789 5.558704 -0.334163
v 0.783494 5.539037 -0.693079
v 0.956376 5.758718 -0.593471
v 0.998046 6.568923 -0.460021
v 0.806885 6.362188 -0.217637
v 0.933315 5.951177 -0.184870
v 1.135844 5.931058 -0.471959
v 1.161317 6.319454 -0.656460
v 1.106503 6.614833 -0.367561
v 0.953547 6.429421 -0.126461
v 1.085501 6.075662 -0.105079
v 1.278562 6.059217 -0.373266
v 1.282388 6.396429 -0.544547
v 1.474349 6.523597 -0.377131
v 1.279438 6.701674 -0.226700
v 1.175736 6.543834 0.015138
v 1.323128 6.261717 0.030260
v 1.504480 6.250537 -0.215276
v 1.704626 6.685465 -0.198246
v 1.486176 6.832766 -0.071318
v 1.419887 6.697760 0.179497
v 1.597368 6.467021 0.207582
v 1.773347 6.459423 -0.025876
v 2.316316 7.485532 0.303730
v 2.086692 7.568368 0.436206
v 2.079714 7.441679 0.683269
v 2.305027 7.280544 0.703486
v 2.451254 7.307646 0.468919
v 2.720627 8.331046 0.666795
v 2.504731 8.368993 0.812394
v 2.550788 8.272447 1.052825
v 2.795149 8.174831 1.055822
v 2.900115 8.211047 0.817242
v 2.715054 9.019628 1.006806
v 2.801164 8.960973 1.232632
v 3.043026 8.907202 1.211079
v 3.106395 8.932626 0.971933
v 2.903697 9.002109 0.845685
v 2.852362 9.639039 1.109607
v 2.959786 9.605155 1.319212
v 3.191365 9.568990 1.278157
v 3.227064 9.580522 1.043179
v 3.017550 9.623814 0.939009
v 2.923302 10.065019 1.139608
v 3.049727 10.051789 1.323741
v 3.262116 10.022325 1.259815
v 3.266953 10.017344 1.036174
v 3.057554 10.043733 0.961882
v 2.992285 10.471044 1.141221
v 3.129224 10.461997 1.299766
v 3.319756 10.428211 1.218974
v 3.300570 10.416377 1.010497
v 3.098182 10.442849 0.962443
v 3.136579 10.728929 0.960041
v 3.054894 10.757542 1.135663
v 3.194970 10.739299 1.271238
v 3.363225 10.699412 1.179404
v 3.327138 10.693002 0.987074
v 3.183996 10.969671 0.959275
v 3.116768 10.992579 1.130609
v 3.254772 10.962518 1.250822
v 3.407290 10.921028 1.153783
v 3.363548 10.925448 0.973597
v 3.173132 11.136436 1.140183
v 3.303840 11.089800 1.241557
v 3.438289 11.052665 1.141155
v 3.390676 11.076351 0.977728
v 3.226800 11.128123 0.977128
v 3.227263 11.254882 1.157199
v 3.348128 11.195949 1.240972
v 3.468582 11.169868 1.141423
v 3.422162 11.212682 0.996126
v 3.273020 11.265224 1.005876
v 3.269257 11.330198 1.177694
v 3.380449 11.265910 1.245375
v 3.489712 11.253751 1.150553
v 3.446048 11.310526 1.024269
v 3.309799 11.357774 1.041043
v 3.304434 11.385701 1.200241
v 3.407208 11.322213 1.253778
v 3.505532 11.321961 1.165507
v 3.463525 11.385293 1.057415
v 3.339240 11.424685 1.078882
v 3.423174 11.417208 1.170299
v 0.307936 8.443648 -1.330736
v 0.219542 8.535823 -1.595754
v 0.473719 8.636020 -1.774414
v 0.561095 8.587296 -1.563298
v 0.716975 8.160384 -1.506890
v 0.563964 8.287028 -1.783549
v 0.276135 8.160602 -1.664501
v 0.393017 7.960625 -1.399473
v 0.401574 8.702423 -1.952761
v 0.446047 8.398217 -2.002468
v 0.177784 8.313989 -1.888079
v 0.151883 8.632261 -1.805356
v 0.322199 8.789317 -2.149483
v 0.323346 8.528070 -2.241769
v 0.069863 8.481905 -2.137194
v 0.075706 8.748039 -2.032364
v 0.218162 8.933315 -2.407036
v 0.180019 8.718030 -2.554938
v -0.069899 8.704663 -2.471032
v -0.031755 8.919950 -2.323129
v 0.042218 9.505824 -3.061757
v -0.074122 9.350310 -3.213888
v -0.287857 9.399848 -3.101077
v -0.171518 9.555361 -2.948946
v -0.058242 10.119972 -3.555782
v -0.221463 10.033072 -3.691956
v -0.382378 10.103535 -3.544045
v -0.219157 10.190434 -3.407871
v -0.093746 10.642071 -3.834194
v -0.277625 10.609390 -3.936177
v -0.384701 10.668955 -3.762204
v -0.200822 10.701634 -3.660220
v -0.108116 11.025572 -3.964885
v -0.294863 11.021873 -4.024800
v -0.354470 11.056475 -3.841150
v -0.167724 11.060174 -3.781235
v -0.116841 11.341697 -4.025610
v -0.298275 11.342826 -4.055203
v -0.327651 11.359259 -3.874476
v -0.146217 11.358130 -3.844883
v -0.140423 11.540030 -3.875289
v -0.143947 11.538337 -4.042860
v -0.311239 11.528552 -4.039242
v -0.307715 11.530248 -3.871671
v -0.156959 11.703088 -3.895290
v -0.183388 11.701330 -4.044616
v -0.329330 11.669486 -4.018412
v -0.302901 11.671243 -3.869086
v -0.194235 11.816198 -3.909017
v -0.229886 11.801207 -4.039373
v -0.347853 11.745720 -4.000729
v -0.312202 11.760712 -3.870373
v -0.278462 11.862204 -4.033851
v -0.364720 11.789706 -3.990908
v -0.338180 11.824655 -3.878593
v -0.251922 11.897154 -3.921536
v -0.332445 11.878556 -3.957554
v 0.343974 9.430076 -1.157887
v 0.182028 9.530020 -1.381502
v 0.363626 9.407825 -1.457767
v 0.357720 9.020259 -1.571831
v 0.121078 9.226077 -1.427938
v 0.214446 9.115828 -1.161315
v 0.420452 8.839491 -1.258259
v 0.570589 9.249869 -1.234808
v 0.027843 9.658410 -1.318288
v -0.064066 9.405042 -1.317733
v 0.038062 9.337779 -1.076469
v 0.167837 9.596334 -1.100700
v -0.021335 9.787642 -1.036234
v -0.140845 9.813556 -1.248678
v -0.264488 9.610393 -1.204425
v -0.159252 9.583022 -0.983127
v -0.357172 10.046571 -1.157369
v -0.521838 9.901031 -1.076068
v -0.424882 9.910386 -0.862950
v -0.260215 10.055926 -0.944252
v -0.882237 10.798457 -1.019645
v -1.006309 10.717750 -0.860089
v -0.856549 10.776950 -0.713689
v -0.732477 10.857657 -0.873245
v -1.253713 11.531023 -0.949680
v -1.318358 11.511539 -0.760188
v -1.138441 11.571036 -0.692692
v -1.073796 11.590520 -0.882184
v -1.258152 12.131812 -0.935809
v -1.439956 12.098078 -0.935084
v -1.441901 12.112521 -0.750751
v -1.260097 12.146255 -0.751476
v -1.351568 12.522445 -0.982755
v -1.512506 12.516019 -0.931948
v -1.462568 12.533474 -0.771556
v -1.301630 12.539900 -0.822364
v -1.520701 12.808951 -0.916393
v -1.437374 12.807155 -0.787942
v -1.309074 12.800585 -0.871262
v -1.392401 12.802382 -0.999713
v -1.495850 13.000295 -0.882777
v -1.399401 12.969405 -0.789596
v -1.303832 12.969098 -0.888619
v -1.400280 12.999987 -0.981800
v -1.458841 13.110318 -0.839064
v -1.367191 13.052304 -0.782345
v -1.294366 13.073401 -0.878439
v -1.386016 13.131416 -0.935158
v -1.422133 13.168761 -0.793350
v -1.346875 13.095784 -0.769559
v -1.279720 13.142247 -0.839468
v -1.354978 13.215224 -0.863259
v -1.337991 13.183158 -0.793773
v 0.722326 10.129601 -1.557060
v 0.651565 10.487942 -1.215832
v 0.550994 10.340121 -1.374803
v 0.383952 10.018212 -1.344421
v 0.567544 10.232484 -1.138392
v 0.788671 10.077204 -1.214081
v 0.642571 9.785407 -1.375119
v 0.831109 10.342548 -1.363553
v 0.738749 10.638463 -1.083463
v 0.713047 10.423583 -0.980266
v 0.914927 10.315940 -1.074514
v 0.917595 10.535617 -1.217455
v 0.837209 10.817645 -0.940782
v 0.866541 10.645240 -0.811561
v 1.054218 10.581640 -0.918144
v 1.016130 10.755202 -1.062318
v 0.972074 11.080801 -0.763187
v 1.050522 10.963878 -0.601009
v 1.235424 10.940032 -0.707640
v 1.156975 11.056957 -0.869818
v 1.240468 11.904920 -0.361808
v 1.406874 11.839166 -0.275826
v 1.505525 11.866393 -0.445927
v 1.339118 11.932150 -0.531909
v 1.428475 12.637509 -0.134433
v 1.609634 12.616246 -0.139572
v 1.607423 12.641097 -0.320333
v 1.426264 12.662362 -0.315194
v 1.475103 13.251348 -0.210525
v 1.537362 13.241137 -0.052023
v 1.695632 13.230842 -0.114855
v 1.633373 13.241055 -0.273356
v 1.505363 13.603194 -0.175382
v 1.616532 13.602725 -0.067410
v 1.723441 13.581513 -0.177578
v 1.612273 13.581985 -0.285549
v 1.563006 13.887252 -0.183350
v 1.689473 13.873852 -0.125760
v 1.740755 13.831017 -0.248339
v 1.614287 13.844418 -0.305929
v 1.751831 14.046084 -0.195215
v 1.765668 13.990869 -0.310156
v 1.646098 14.025423 -0.341149
v 1.632261 14.080638 -0.226208
v 1.710150 14.172578 -0.275626
v 1.802762 14.108558 -0.262082
v 1.774473 14.048223 -0.353834
v 1.681861 14.112243 -0.367378
v 1.848197 14.142629 -0.376506
v 1.766070 14.091947 -0.397903
v 1.711575 14.172160 -0.378737
v 1.793701 14.222842 -0.357341
v 1.794231 14.172946 -0.405439
v 0.513183 10.918676 -1.716906
v 0.654371 11.008422 -1.737092
v 0.772294 11.077201 -1.490039
v 0.629378 11.042985 -1.440411
v 0.653625 10.604362 -1.506080
v 0.777457 10.755118 -1.591015
v 0.754511 11.094441 -1.752936
v 0.879228 11.124249 -1.529780
v 0.886554 10.872243 -1.662556
v 0.989873 11.187624 -1.572806
v 1.008371 11.003334 -1.737822
v 0.859255 11.193177 -1.774898
v 0.987458 11.329636 -1.817731
v 1.118670 11.297379 -1.627636
v 1.170378 11.185159 -1.825438
v 1.236680 11.724337 -1.834061
v 1.425907 11.634813 -1.790977
v 1.346975 11.627566 -1.989458
v 1.448512 12.054567 -1.854858
v 1.605899 11.986133 -1.946415
v 1.443449 12.023231 -2.046767
v 1.645735 12.238580 -2.046369
v 1.472615 12.265651 -2.034573
v 1.573092 12.275941 -1.890903
v 1.630264 12.416716 -2.101639
v 1.487140 12.427868 -2.027295
v 1.623476 12.454516 -1.944602
v 1.570915 12.490203 -2.129912
v 1.488516 12.498729 -2.012897
v 1.615343 12.565499 -2.016284
v 1.542290 12.631835 -2.089552
v 1.518207 12.515679 -2.130386
v 1.494384 12.546441 -2.011117
v 1.496528 12.513347 -2.099210
v 1.520230 12.597632 -2.036049
v 1.422021 12.589092 -2.080062
v 1.451410 12.559761 -2.060419
v 0.426841 3.834552 -1.088563
v 0.618353 3.821576 -1.028032
v 0.736561 3.674878 -1.098855
v 0.663255 3.541154 -1.230209
v 0.471743 3.554131 -1.290740
v 0.353536 3.700829 -1.219917
v 0.472361 3.952845 -1.509298
v 0.521471 4.067531 -1.361383
v 0.703244 4.067367 -1.295035
v 0.835908 3.952515 -1.376602
v 0.786798 3.837828 -1.524517
v 0.605025 3.837993 -1.590865
v 0.540612 4.199334 -1.707221
v 0.570885 4.296275 -1.551646
v 0.743677 4.314988 -1.485992
v 0.886197 4.236759 -1.575914
v 0.855925 4.139817 -1.731489
v 0.683132 4.121105 -1.797143
v 0.578107 4.506464 -1.694478
v 0.739878 4.548560 -1.632932
v 0.885052 4.502826 -1.725467
v 0.868455 4.414998 -1.879546
v 0.706684 4.372903 -1.941091
v 0.561510 4.418636 -1.848557
v 0.550445 4.601950 -1.962294
v 0.555023 4.690468 -1.816620
v 0.703039 4.752854 -1.759377
v 0.846477 4.726721 -1.847809
v 0.841899 4.638202 -1.993483
v 0.693883 4.575817 -2.050725
v 0.528445 4.754172 -2.067703
v 0.521241 4.847323 -1.934173
v 0.656129 4.919145 -1.877547
v 0.798221 4.897814 -1.954452
v 0.805425 4.804662 -2.087982
v 0.670537 4.732841 -2.144607
v 0.497336 4.980286 -2.048564
v 0.621931 5.047763 -1.984561
v 0.763436 5.021308 -2.043297
v 0.780347 4.927378 -2.166034
v 0.655752 4.859902 -2.230036
v 0.514246 4.886356 -2.171303
v 0.495525 5.093554 -2.147395
v 0.609765 5.144566 -2.068248
v 0.748295 5.110331 -2.107677
v 0.772586 5.025084 -2.226253
v 0.658345 4.974074 -2.305400
v 0.519815 5.008309 -2.265971
v 0.511822 5.187541 -2.214999
v 0.612620 5.215222 -2.120858
v 0.745733 5.178282 -2.147418
v 0.778048 5.113660 -2.268121
v 0.677250 5.085980 -2.362262
v 0.544137 5.122919 -2.335701
v 0.572388 5.223098 -2.370355
v 0.530882 5.257875 -2.248477
v 0.618122 5.265100 -2.147861
v 0.746867 5.237548 -2.169123
v 0.788373 5.202771 -2.291003
v 0.701133 5.195546 -2.391618
v 0.542261 5.302647 -2.261091
v 0.619708 5.303323 -2.161546
v 0.744553 5.298260 -2.178741
v 0.791951 5.292521 -2.295480
v 0.714504 5.291844 -2.395025
v 0.589659 5.296907 -2.377831
v 0.547001 5.329227 -2.267613
v 0.614824 5.341166 -2.170623
v 0.731216 5.363041 -2.181761
v 0.779786 5.372978 -2.289891
v 0.711963 5.361040 -2.386882
v 0.595571 5.339165 -2.375742
v 0.599249 5.356905 -2.373523
v 0.547848 5.350731 -2.274374
v 0.600546 5.384939 -2.181834
v 0.704643 5.425321 -2.188444
v 0.756044 5.431495 -2.287595
v 0.703347 5.397286 -2.380133
v 0.543898 5.377176 -2.285939
v 0.579568 5.432428 -2.204311
v 0.675435 5.474708 -2.207515
v 0.735631 5.461735 -2.292346
v 0.699962 5.406483 -2.373972
v 0.604095 5.364203 -2.370770
v 0.606943 5.373565 -2.369931
v 0.539402 5.409856 -2.309098
v 0.565071 5.475042 -2.240749
v 0.658281 5.503938 -2.233235
v 0.725822 5.467647 -2.294070
v 0.700153 5.402462 -2.362418
v 0.545854 5.444535 -2.343184
v 0.567209 5.506165 -2.279715
v 0.653461 5.514988 -2.252055
v 0.718359 5.462183 -2.287864
v 0.697004 5.400553 -2.351333
v 0.610752 5.391730 -2.378993
v 0.632991 5.485503 -2.347720
v -0.916878 5.191972 -1.443876
v -0.840591 5.166773 -1.602300
v -0.920942 5.066017 -1.724549
v -1.077580 4.990461 -1.688375
v -1.153867 5.015660 -1.529951
v -1.073516 5.116416 -1.407701
v -1.317389 5.642272 -1.607801
v -1.157230 5.693559 -1.632528
v -1.084566 5.674790 -1.785041
v -1.172062 5.604735 -1.912827
v -1.332220 5.553448 -1.888101
v -1.404884 5.572217 -1.735588
v -1.292541 6.143947 -1.736722
v -1.224478 6.137096 -1.883991
v -1.314626 6.098354 -2.013375
v -1.472837 6.066462 -1.995489
v -1.540900 6.073312 -1.848220
v -1.450752 6.112055 -1.718835
v -1.518466 6.510023 -1.754444
v -1.365731 6.530873 -1.769064
v -1.301971 6.540055 -1.909873
v -1.390947 6.528388 -2.036062
v -1.543683 6.507538 -2.021442
v -1.607442 6.498355 -1.880634
v -1.557186 6.833560 -1.738122
v -1.411588 6.852617 -1.750567
v -1.351694 6.878517 -1.882699
v -1.437399 6.885359 -2.002385
v -1.582997 6.866303 -1.989941
v -1.642891 6.840403 -1.857808
v -1.590655 7.090802 -1.695298
v -1.453199 7.115424 -1.704595
v -1.397244 7.154685 -1.826719
v -1.478745 7.169323 -1.939546
v -1.616199 7.144701 -1.930250
v -1.672155 7.105439 -1.808126
v -1.630051 7.295124 -1.647270
v -1.501933 7.328955 -1.652258
v -1.449878 7.375043 -1.765172
v -1.525939 7.387302 -1.873097
v -1.654057 7.353471 -1.868108
v -1.706113 7.307382 -1.755195
v -1.559328 7.502443 -1.609809
v -1.509790 7.547330 -1.715811
v -1.578127 7.549675 -1.820833
v -1.696002 7.507135 -1.819854
v -1.745541 7.462249 -1.713852
v -1.677204 7.459903 -1.608830
v -1.728142 7.595396 -1.588424
v -1.619966 7.642782 -1.587015
v -1.569932 7.678751 -1.687775
v -1.628076 7.667333 -1.789944
v -1.736252 7.619947 -1.791353
v -1.786285 7.583977 -1.690593
v -1.775904 7.707835 -1.588749
v -1.675131 7.754228 -1.586202
v -1.621411 7.775456 -1.680952
v -1.668465 7.750290 -1.778250
v -1.769238 7.703898 -1.780796
v -1.822957 7.682668 -1.686046
v -1.813043 7.800035 -1.606940
v -1.716887 7.839165 -1.602577
v -1.658387 7.842930 -1.688366
v -1.696044 7.807565 -1.778519
v -1.792200 7.768435 -1.782882
v -1.850700 7.764668 -1.697093
v -1.741781 7.899566 -1.626723
v -1.680614 7.886881 -1.700826
v -1.712198 7.847425 -1.783525
v -1.804950 7.820651 -1.792120
v -1.866117 7.833333 -1.718016
v -1.834532 7.872791 -1.635318
v -1.840379 7.926398 -1.664132
v -1.752402 7.938424 -1.649337
v -1.692474 7.913818 -1.711839
v -1.720522 7.877183 -1.789136
v -1.808498 7.865158 -1.803930
v -1.868427 7.889765 -1.741428
v -1.835590 7.966107 -1.687881
v -1.754901 7.964646 -1.667630
v -1.698989 7.934955 -1.721622
v -1.723765 7.906723 -1.795865
v -1.804454 7.908183 -1.816117
v -1.860367 7.937876 -1.762125
v -1.777652 7.974423 -1.758666
v 0.665465 3.690605 -1.480253
v 0.764733 3.781609 -1.501640
v 0.730017 3.843285 -1.509152
v 0.795281 3.889336 -1.378999
v 0.830994 3.819430 -1.395904
v 0.809236 3.742218 -1.262664
v 0.748133 3.781493 -1.194543
v 0.712463 3.523739 -1.144771
v 0.750616 3.587396 -1.236891
v 0.663464 3.581649 -1.344157
v 0.592874 3.561269 -1.279039
v 0.588483 3.751949 -1.470964
v 0.800507 3.736902 -1.507246
v 0.865446 3.769828 -1.416848
v 0.859721 3.703717 -1.310137
v 0.800738 3.588868 -1.294510
v 0.727430 3.568731 -1.385476
v 0.725294 3.647465 -1.493316
v 0.809847 3.589934 -1.527555
v 0.861658 3.681605 -1.532829
v 0.927503 3.709477 -1.455347
v 0.941537 3.645678 -1.372592
v 0.889726 3.554007 -1.367317
v 0.823881 3.526135 -1.444799
v 0.952102 3.627983 -1.597334
v 1.016832 3.660508 -1.527296
v 1.043727 3.599821 -1.451487
v 1.005891 3.506610 -1.445716
v 0.941161 3.474085 -1.515754
v 0.914266 3.534772 -1.591563
v 1.009319 3.496974 -1.657734
v 1.034002 3.589745 -1.662778
v 1.097329 3.626101 -1.600256
v 1.135974 3.569686 -1.532691
v 1.111292 3.476915 -1.527648
v 1.047965 3.440559 -1.590169
v 1.083913 3.476914 -1.717842
v 1.096962 3.567446 -1.721349
v 1.158636 3.606956 -1.666450
v 1.207261 3.555935 -1.608045
v 1.194211 3.465404 -1.604539
v 1.132537 3.425893 -1.659437
v 1.143475 3.555270 -1.772515
v 1.203157 3.597372 -1.725287
v 1.259445 3.552579 -1.676397
v 1.256050 3.465684 -1.674734
v 1.196367 3.423582 -1.721961
v 1.140079 3.468376 -1.770851
v 1.182448 3.549175 -1.824918
v 1.239665 3.593334 -1.785224
v 1.301023 3.555138 -1.745527
v 1.305164 3.472783 -1.745525
v 1.247946 3.428624 -1.785219
v 1.186588 3.466820 -1.824916
v 1.202899 3.543043 -1.856528
v 1.255352 3.589166 -1.827189
v 1.319654 3.560475 -1.799233
v 1.331503 3.485661 -1.800617
v 1.279050 3.439538 -1.829955
v 1.214747 3.468229 -1.857911
v 1.223752 3.541640 -1.895261
v 1.272376 3.588213 -1.871659
v 1.336092 3.565068 -1.849416
v 1.351186 3.495350 -1.850775
v 1.302562 3.448777 -1.874377
v 1.238846 3.471922 -1.896620
v 1.234865 3.539486 -1.917312
v 1.279296 3.585793 -1.898137
v 1.340969 3.567383 -1.879601
v 1.358212 3.502666 -1.880241
v 1.313782 3.456358 -1.899416
v 1.252108 3.474768 -1.917952
v 1.262762 3.477477 -1.934751
v 1.244189 3.537316 -1.935352
v 1.284213 3.582706 -1.919111
v 1.342809 3.568258 -1.902269
v 1.361382 3.508420 -1.901667
v 1.321359 3.463029 -1.917909
v 1.271963 3.480095 -1.948026
v 1.252706 3.535171 -1.950194
v 1.288194 3.579109 -1.935394
v 1.342938 3.567970 -1.918426
v 1.362194 3.512893 -1.916258
v 1.326707 3.468956 -1.931058
v 1.280905 3.482820 -1.959889
v 1.261531 3.533251 -1.963802
v 1.292356 3.575316 -1.949167
v 1.342556 3.566951 -1.930620
v 1.361929 3.516520 -1.926707
v 1.331104 3.474454 -1.941342
v 1.274308 3.530664 -1.977471
v 1.297881 3.569312 -1.961701
v 1.339902 3.564230 -1.939197
v 1.358351 3.520499 -1.932463
v 1.334778 3.481851 -1.948232
v 1.292757 3.486934 -1.970737
v 1.327770 3.527174 -1.975969
v 0.525855 4.205664 -1.536438
v 0.571958 4.200344 -1.552803
v 0.552509 4.033945 -1.603666
v 0.478473 4.090107 -1.583531
v 0.418333 3.983645 -1.487515
v 0.487539 3.871735 -1.464898
v 0.448637 3.849082 -1.258305
v 0.408090 3.982473 -1.337911
v 0.493767 4.084614 -1.304741
v 0.567953 3.980539 -1.243793
v 0.655510 4.150873 -1.402856
v 0.562586 4.194166 -1.408528
v 0.471833 4.234166 -1.530680
v 0.416459 4.143108 -1.574390
v 0.357121 4.064334 -1.498578
v 0.354140 4.072553 -1.376477
v 0.424762 4.158253 -1.338295
v 0.487569 4.238236 -1.417192
v 0.384319 4.300052 -1.534975
v 0.322737 4.227868 -1.576271
v 0.258392 4.173966 -1.515753
v 0.255628 4.192249 -1.413937
v 0.317210 4.264432 -1.372641
v 0.381555 4.318334 -1.433159
v 0.198979 4.503110 -1.478361
v 0.205196 4.484628 -1.575318
v 0.144785 4.418337 -1.616995
v 0.078156 4.370529 -1.561715
v 0.071939 4.389011 -1.464758
v 0.132350 4.455302 -1.423081
v 0.097800 4.610797 -1.605927
v 0.038804 4.554147 -1.648248
v -0.030746 4.516484 -1.601077
v -0.041300 4.535470 -1.511584
v 0.017696 4.592120 -1.469262
v 0.087246 4.629783 -1.516433
v -0.004441 4.750574 -1.645306
v -0.062518 4.700920 -1.688146
v -0.133296 4.670474 -1.646467
v -0.145998 4.689682 -1.561949
v -0.087922 4.739336 -1.519109
v -0.017143 4.769783 -1.560787
v -0.075816 4.871203 -1.595608
v -0.061623 4.852088 -1.675272
v -0.118590 4.809851 -1.718677
v -0.189751 4.786729 -1.682417
v -0.203944 4.805846 -1.602754
v -0.146977 4.848082 -1.559349
v -0.106260 4.934803 -1.618945
v -0.090966 4.916832 -1.691755
v -0.145520 4.886287 -1.735904
v -0.215367 4.873714 -1.707243
v -0.230661 4.891685 -1.634433
v -0.176107 4.922230 -1.590284
v -0.114568 4.988030 -1.710635
v -0.166818 4.965404 -1.755006
v -0.234521 4.959081 -1.730775
v -0.249974 4.975384 -1.662172
v -0.197723 4.998009 -1.617801
v -0.130020 5.004332 -1.642033
v -0.139590 5.048804 -1.655353
v -0.124232 5.035022 -1.720017
v -0.173574 5.020144 -1.764190
v -0.238275 5.019049 -1.743699
v -0.253633 5.032831 -1.679034
v -0.204291 5.047709 -1.634862
v -0.145185 5.071819 -1.662622
v -0.130055 5.063470 -1.721643
v -0.174081 5.059310 -1.764380
v -0.233236 5.063501 -1.748097
v -0.248365 5.071850 -1.689077
v -0.204340 5.076009 -1.646340
v -0.132597 5.094326 -1.723210
v -0.172711 5.096328 -1.764085
v -0.227912 5.102050 -1.749802
v -0.242999 5.105771 -1.694643
v -0.202885 5.103770 -1.653768
v -0.147684 5.098047 -1.668051
v -0.134318 5.113616 -1.721205
v -0.170515 5.120724 -1.759489
v -0.221846 5.126312 -1.746832
v -0.236981 5.124791 -1.695891
v -0.200785 5.117682 -1.657608
v -0.149453 5.112094 -1.670265
v -0.137802 5.132522 -1.715746
v -0.168629 5.144975 -1.749038
v -0.214499 5.147494 -1.738871
v -0.229542 5.137560 -1.695411
v -0.198716 5.125108 -1.662118
v -0.152846 5.122588 -1.672286
v -0.181089 5.157627 -1.699522
v 1.715466 3.547085 -2.094532
v 1.839163 3.537221 -2.079521
v 1.839448 3.640724 -2.051382
v 1.879896 3.590834 -1.919545
v 1.876639 3.490930 -1.970820
v 1.779923 3.448322 -1.871021
v 1.743143 3.547652 -1.773973
v 1.527701 3.462956 -1.767542
v 1.631138 3.416855 -1.882819
v 1.605341 3.485888 -1.991149
v 1.517810 3.572025 -1.898537
v 1.689737 3.663336 -2.053754
v 1.850155 3.457648 -2.112156
v 1.884163 3.412626 -2.018158
v 1.807121 3.363558 -1.944810
v 1.690321 3.345427 -1.966694
v 1.660929 3.399543 -2.060503
v 1.743242 3.456131 -2.135178
v 1.791331 3.328288 -2.210160
v 1.881469 3.347867 -2.174382
v 1.913841 3.300989 -2.093494
v 1.856076 3.234531 -2.048385
v 1.765938 3.214951 -2.084164
v 1.733565 3.261829 -2.165051
v 1.934480 3.149501 -2.374173
v 2.012496 3.176244 -2.328267
v 2.042631 3.126870 -2.253681
v 1.994751 3.050752 -2.225002
v 1.916736 3.024008 -2.270908
v 1.886600 3.073382 -2.345494
v 2.112533 3.032461 -2.531932
v 2.177125 3.062754 -2.477272
v 2.207194 3.010996 -2.410231
v 2.172671 2.928945 -2.397850
v 2.108079 2.898652 -2.452510
v 2.078010 2.950409 -2.519551
v 2.296357 3.031754 -2.561577
v 2.330593 2.978583 -2.507547
v 2.319479 2.896702 -2.517059
v 2.274128 2.867992 -2.580601
v 2.239892 2.921163 -2.634631
v 2.251006 3.003044 -2.625119
v 2.431642 3.029159 -2.650901
v 2.470761 2.977685 -2.605918
v 2.474518 2.901884 -2.626972
v 2.439156 2.877555 -2.693009
v 2.400037 2.929029 -2.737992
v 2.396280 3.004830 -2.716939
v 2.477298 3.033777 -2.759442
v 2.505938 3.052846 -2.693493
v 2.550361 3.005526 -2.657152
v 2.566143 2.939137 -2.686760
v 2.537503 2.920068 -2.752710
v 2.493080 2.967388 -2.789050
v 2.568447 3.090193 -2.728263
v 2.617371 3.048990 -2.699694
v 2.641329 2.993419 -2.734982
v 2.616364 2.979051 -2.798838
v 2.567441 3.020254 -2.827408
v 2.543483 3.075825 -2.792120
v 2.577359 3.106841 -2.804832
v 2.600555 3.116753 -2.746408
v 2.653015 3.086162 -2.727389
v 2.682280 3.045659 -2.766793
v 2.659084 3.035746 -2.825217
v 2.606623 3.066338 -2.844236
v 2.632010 3.153025 -2.766114
v 2.684447 3.128896 -2.752020
v 2.713742 3.096071 -2.791957
v 2.690599 3.087378 -2.845988
v 2.638163 3.111508 -2.860083
v 2.608868 3.144332 -2.820146
v 2.646688 3.173612 -2.777052
v 2.697515 3.154538 -2.766789
v 2.725115 3.127003 -2.805937
v 2.701889 3.118543 -2.855348
v 2.651063 3.137616 -2.865611
v 2.623462 3.165151 -2.826463
v 2.658394 3.192389 -2.787435
v 2.706446 3.176602 -2.779940
v 2.731397 3.152050 -2.817210
v 2.708296 3.143285 -2.861976
v 2.660244 3.159073 -2.869471
v 2.635293 3.183625 -2.832201
v 2.670014 3.209460 -2.800015
v 2.712449 3.195321 -2.794576
v 2.732714 3.171787 -2.827223
v 2.710543 3.162392 -2.865308
v 2.668107 3.176532 -2.870747
v 2.647843 3.200066 -2.838100
v 2.697833 3.205089 -2.841786
v 2.102551 4.067597 -2.099792
v 2.083627 4.014377 -2.105798
v 1.912700 3.970817 -2.154129
v 1.963605 4.075050 -2.125198
v 1.862891 4.038083 -1.977917
v 1.738970 3.888481 -1.952207
v 1.835437 3.833146 -1.835785
v 1.952131 3.989271 -1.883203
v 2.106470 3.982148 -1.976045
v 2.064983 3.845261 -1.976479
v 2.147046 4.090610 -1.980638
v 2.131333 4.136585 -2.096582
v 2.012825 4.167628 -2.109720
v 1.948003 4.158549 -1.986324
v 2.031370 4.114434 -1.905546
v 2.222083 4.246567 -1.990894
v 2.191737 4.254430 -2.099476
v 2.094106 4.311143 -2.104434
v 2.064113 4.338330 -1.998916
v 2.143207 4.298420 -1.928745
v 2.342640 4.544995 -2.130586
v 2.248234 4.596768 -2.124894
v 2.228550 4.618862 -2.021214
v 2.310789 4.580744 -1.962828
v 2.381301 4.535092 -2.030423
v 2.521449 4.814558 -2.073422
v 2.475888 4.825708 -2.164747
v 2.385820 4.872644 -2.149746
v 2.375715 4.890501 -2.049152
v 2.459539 4.854601 -2.001981
v 2.550550 5.017658 -2.189314
v 2.468520 5.057674 -2.162906
v 2.470984 5.070315 -2.068769
v 2.554537 5.038110 -2.036996
v 2.603712 5.005566 -2.111499
v 2.626114 5.212227 -2.215189
v 2.550068 5.247786 -2.182831
v 2.559514 5.257377 -2.093874
v 2.641398 5.227747 -2.071254
v 2.682559 5.199843 -2.146232
v 2.721455 5.315388 -2.168711
v 2.663036 5.327926 -2.229128
v 2.593171 5.358986 -2.192057
v 2.608410 5.365644 -2.108728
v 2.687694 5.338698 -2.094301
v 2.692881 5.433390 -2.239842
v 2.629169 5.459718 -2.199208
v 2.649023 5.463416 -2.121777
v 2.725006 5.439374 -2.114555
v 2.752111 5.420817 -2.187525
v 2.706067 5.504838 -2.241035
v 2.651174 5.523180 -2.197051
v 2.675887 5.522249 -2.128694
v 2.746053 5.503331 -2.130430
v 2.764706 5.492570 -2.199861
v 2.719517 5.572966 -2.241215
v 2.670091 5.585143 -2.196318
v 2.696817 5.581003 -2.134064
v 2.762761 5.566268 -2.140486
v 2.776790 5.561300 -2.206708
v 2.723829 5.611690 -2.236228
v 2.679520 5.616920 -2.191591
v 2.707418 5.609554 -2.135460
v 2.768968 5.599773 -2.145408
v 2.779111 5.601094 -2.207685
v 2.778615 5.635325 -2.204906
v 2.725867 5.644291 -2.228332
v 2.686381 5.641832 -2.185363
v 2.714725 5.631348 -2.135381
v 2.771729 5.627326 -2.147460
v 2.772924 5.668248 -2.195690
v 2.724970 5.673656 -2.213593
v 2.692410 5.658878 -2.176569
v 2.720242 5.644336 -2.135786
v 2.770001 5.650127 -2.147604
v 2.735551 5.679540 -2.166161
v 0.501577 4.830989 -2.112058
v 0.550469 4.828640 -2.082579
v 0.656739 4.658803 -2.066729
v 0.532897 4.694971 -2.115952
v 0.480517 4.600929 -1.987666
v 0.599985 4.484272 -1.888536
v 0.576786 4.621865 -1.800669
v 0.462177 4.707758 -1.906879
v 0.485679 4.851346 -1.981440
v 0.573205 4.838538 -1.914817
v 0.409073 4.871440 -2.041677
v 0.441171 4.844880 -2.149994
v 0.437405 4.729063 -2.161254
v 0.380597 4.672085 -2.060013
v 0.367351 4.764149 -1.987076
v 0.341328 4.882873 -2.220022
v 0.304982 4.786156 -2.242146
v 0.232852 4.760900 -2.169182
v 0.224620 4.842007 -2.101963
v 0.291661 4.917390 -2.133384
v 0.138962 5.027290 -2.282933
v 0.176920 4.982028 -2.364377
v 0.126096 4.896421 -2.378896
v 0.056727 4.888774 -2.306427
v 0.064679 4.969655 -2.247117
v 0.036019 5.089610 -2.494557
v -0.026091 5.017369 -2.502512
v -0.088560 5.024048 -2.430451
v -0.065059 5.100417 -2.377963
v 0.011935 5.140936 -2.417583
v -0.078070 5.243064 -2.523072
v -0.068377 5.189930 -2.595856
v -0.138125 5.132085 -2.597795
v -0.190926 5.149469 -2.526208
v -0.153810 5.218057 -2.480027
v -0.154376 5.296657 -2.683944
v -0.228079 5.253065 -2.680134
v -0.269694 5.277535 -2.609308
v -0.221710 5.336250 -2.569345
v -0.150440 5.348068 -2.615473
v -0.208518 5.371740 -2.736461
v -0.281896 5.346933 -2.724209
v -0.306049 5.375760 -2.655395
v -0.247599 5.418383 -2.625118
v -0.187322 5.415899 -2.675220
v -0.253073 5.455629 -2.783854
v -0.322844 5.440327 -2.766031
v -0.335978 5.468493 -2.699292
v -0.274324 5.501203 -2.675869
v -0.223086 5.493252 -2.728131
v -0.277464 5.506304 -2.805696
v -0.341666 5.497363 -2.782430
v -0.344842 5.522685 -2.718463
v -0.282602 5.547277 -2.702194
v -0.240960 5.537153 -2.756108
v -0.296318 5.547541 -2.818557
v -0.353566 5.541487 -2.790192
v -0.348083 5.562446 -2.729784
v -0.287447 5.581453 -2.720814
v -0.255455 5.572241 -2.775678
v -0.311768 5.580678 -2.824280
v -0.361059 5.573981 -2.791566
v -0.348271 5.589724 -2.735591
v -0.291077 5.606151 -2.733711
v -0.268517 5.600561 -2.788522
v -0.282092 5.626343 -2.795986
v -0.325899 5.609475 -2.824564
v -0.366357 5.598831 -2.788924
v -0.347554 5.609122 -2.738319
v -0.295476 5.626125 -2.742683
v -0.301764 5.652846 -2.796300
v -0.343054 5.636889 -2.815391
v -0.368437 5.615641 -2.780344
v -0.342834 5.618466 -2.739596
v -0.301627 5.641460 -2.749457
v -0.340494 5.650980 -2.771837
v 0.742106 4.809588 -2.134902
v 0.859918 4.987689 -2.106958
v 0.760558 4.968729 -2.115761
v 0.719037 4.972309 -1.968488
v 0.845821 4.988385 -1.981537
v 0.874887 4.842309 -1.914520
v 0.767909 4.762035 -1.847064
v 0.824231 4.644880 -1.931943
v 0.900995 4.757583 -2.003354
v 0.861772 4.861473 -2.136352
v 0.957728 4.908103 -2.144938
v 0.943166 5.013745 -2.109508
v 0.948004 5.011385 -1.998636
v 0.980095 4.896350 -1.958111
v 0.992677 4.830076 -2.045843
v 1.066293 5.064219 -2.129334
v 1.095329 5.064237 -2.032382
v 1.146947 4.978899 -2.015178
v 1.149812 4.926140 -2.101497
v 1.099965 4.978870 -2.172050
v 1.293025 5.131568 -2.233320
v 1.262321 5.200369 -2.173229
v 1.302023 5.184385 -2.086885
v 1.357265 5.105708 -2.093612
v 1.351703 5.073066 -2.184114
v 1.426682 5.340575 -2.210852
v 1.476943 5.314298 -2.138960
v 1.532485 5.246862 -2.166396
v 1.516550 5.231462 -2.255245
v 1.451160 5.289380 -2.282721
v 1.544071 5.466045 -2.236283
v 1.603467 5.435165 -2.181009
v 1.655673 5.381500 -2.224953
v 1.628543 5.379213 -2.307389
v 1.559569 5.431464 -2.314389
v 1.641763 5.572874 -2.335705
v 1.637046 5.593397 -2.256351
v 1.702982 5.562718 -2.218248
v 1.748449 5.523234 -2.274054
v 1.710614 5.529511 -2.346646
v 1.690986 5.676082 -2.259538
v 1.760428 5.651188 -2.245388
v 1.791208 5.629975 -2.310539
v 1.740789 5.641758 -2.364956
v 1.678849 5.670254 -2.333436
v 1.736094 5.767321 -2.267858
v 1.803686 5.747232 -2.267242
v 1.823321 5.734771 -2.333812
v 1.767865 5.747158 -2.375571
v 1.713956 5.767274 -2.334807
v 1.760336 5.818255 -2.270444
v 1.823350 5.801836 -2.280987
v 1.832070 5.795165 -2.346034
v 1.774444 5.807461 -2.375691
v 1.730110 5.821732 -2.328975
v 1.779664 5.857650 -2.273383
v 1.836077 5.842647 -2.292645
v 1.834909 5.839202 -2.354006
v 1.777774 5.852079 -2.372669
v 1.743631 5.863480 -2.322841
v 1.756860 5.895728 -2.318091
v 1.796295 5.887693 -2.277689
v 1.844576 5.871269 -2.303210
v 1.834980 5.869153 -2.359382
v 1.780768 5.884271 -2.368581
v 1.771979 5.923493 -2.316366
v 1.812339 5.912645 -2.284360
v 1.851040 5.891945 -2.313426
v 1.834599 5.890001 -2.363394
v 1.785736 5.909499 -2.365212
v 1.796169 5.949699 -2.320865
v 1.832939 5.933093 -2.298409
v 1.853856 5.902493 -2.325945
v 1.830013 5.900187 -2.365422
v 1.794360 5.929363 -2.362282
v 1.832552 5.937323 -2.342118
v 2.704435 4.651096 -2.882270
v 2.696583 4.631083 -2.993366
v 2.697304 4.582581 -2.939884
v 2.607488 4.440103 -2.951419
v 2.602702 4.562215 -3.006960
v 2.513028 4.561657 -2.893710
v 2.455257 4.405594 -2.795685
v 2.534504 4.465419 -2.705735
v 2.583515 4.606781 -2.817036
v 2.703857 4.579356 -2.805075
v 2.700202 4.687964 -3.044695
v 2.607476 4.658400 -3.058274
v 2.545903 4.682511 -2.968813
v 2.613328 4.717765 -2.902760
v 2.711579 4.721400 -2.950867
v 2.717456 4.784792 -3.126572
v 2.628757 4.793394 -3.147641
v 2.590951 4.851453 -3.087764
v 2.656285 4.878733 -3.029687
v 2.734470 4.837534 -3.053674
v 2.798911 5.027901 -3.220133
v 2.761209 4.990393 -3.289001
v 2.677771 5.015019 -3.290706
v 2.663907 5.067748 -3.222893
v 2.738775 5.075708 -3.179276
v 2.815280 5.218176 -3.443347
v 2.742352 5.252950 -3.426692
v 2.749807 5.295354 -3.356327
v 2.827342 5.286788 -3.329494
v 2.867807 5.239090 -3.383276
v 2.843545 5.382365 -3.530283
v 2.791661 5.420886 -3.490680
v 2.823660 5.443290 -3.425731
v 2.895319 5.418615 -3.425195
v 2.907609 5.380962 -3.489811
v 2.884594 5.546732 -3.602525
v 2.847679 5.581054 -3.551991
v 2.890625 5.590279 -3.495733
v 2.954082 5.561659 -3.511498
v 2.950355 5.534748 -3.577501
v 2.969712 5.628706 -3.619704
v 2.905853 5.646731 -3.629030
v 2.883118 5.672840 -3.571661
v 2.932926 5.670949 -3.526879
v 2.986443 5.643672 -3.556571
v 2.925505 5.735899 -3.640244
v 2.915216 5.750994 -3.580282
v 2.968245 5.740944 -3.548404
v 3.011306 5.719638 -3.588665
v 2.984891 5.716522 -3.645426
v 2.987411 5.783514 -3.649384
v 2.937274 5.796905 -3.627574
v 2.940927 5.792499 -3.571574
v 2.993323 5.776385 -3.558774
v 3.022052 5.770833 -3.606864
v 2.995805 5.842441 -3.639852
v 2.951973 5.847524 -3.612156
v 2.961135 5.829638 -3.564091
v 3.010629 5.813500 -3.562082
v 3.032056 5.821413 -3.608904
v 3.000883 5.877392 -3.618870
v 2.962256 5.872196 -3.590925
v 2.973668 5.842188 -3.555300
v 3.019347 5.828838 -3.561225
v 3.036167 5.850595 -3.600515
v 2.972323 5.881341 -3.565839
v 2.981029 5.841660 -3.555743
v 3.022085 5.835625 -3.561234
v 3.038754 5.871573 -3.574723
v 3.007999 5.899827 -3.577569
v 3.007417 5.870944 -3.550178
v 2.964773 4.521004 -2.924790
v 2.925102 4.544963 -2.938823
v 2.904103 4.592302 -2.827528
v 2.951961 4.540381 -2.824838
v 2.864985 4.451320 -2.783472
v 2.761374 4.480650 -2.761518
v 2.724783 4.335104 -2.806768
v 2.835845 4.365697 -2.848201
v 2.893023 4.435287 -2.953013
v 2.815903 4.443780 -2.962358
v 3.001536 4.506979 -2.918200
v 2.998861 4.506525 -2.826761
v 2.945823 4.422688 -2.800061
v 2.920469 4.366866 -2.871175
v 2.952559 4.429601 -2.950997
v 3.059563 4.491416 -2.920594
v 3.077939 4.473405 -2.838902
v 3.067824 4.389130 -2.827457
v 3.043196 4.355055 -2.902076
v 3.038091 4.418271 -2.959637
v 3.220531 4.479340 -2.939878
v 3.237905 4.435099 -2.874042
v 3.228024 4.356791 -2.893109
v 3.204544 4.352634 -2.970728
v 3.199913 4.428374 -2.999633
v 3.326125 4.449911 -3.025836
v 3.347189 4.475046 -2.956401
v 3.365136 4.413947 -2.913486
v 3.355164 4.351052 -2.956399
v 3.331054 4.373279 -3.025836
v 3.445850 4.475578 -2.971256
v 3.464824 4.407898 -2.953801
v 3.453386 4.365828 -3.011631
v 3.427344 4.407506 -3.064828
v 3.422687 4.475335 -3.039875
v 3.533412 4.482306 -2.989913
v 3.552138 4.417144 -2.996314
v 3.536730 4.396929 -3.059493
v 3.508482 4.449598 -3.092139
v 3.506432 4.502363 -3.049136
v 3.560555 4.518971 -3.043858
v 3.595038 4.481386 -3.009142
v 3.605555 4.429887 -3.041458
v 3.577570 4.435645 -3.096144
v 3.549758 4.490701 -3.097628
v 3.649802 4.493833 -3.039983
v 3.648192 4.452521 -3.079936
v 3.611358 4.468884 -3.120937
v 3.590204 4.520308 -3.106323
v 3.613963 4.535728 -3.056291
v 3.677438 4.500046 -3.069790
v 3.660384 4.466858 -3.107904
v 3.618399 4.489428 -3.131837
v 3.609504 4.536565 -3.108515
v 3.645993 4.543127 -3.070167
v 3.691092 4.504429 -3.102400
v 3.659099 4.476726 -3.127563
v 3.617751 4.502797 -3.133462
v 3.624189 4.546611 -3.111945
v 3.669517 4.547620 -3.092748
v 3.679606 4.548706 -3.125541
v 3.688830 4.505682 -3.135830
v 3.649936 4.482673 -3.135818
v 3.616674 4.511478 -3.125522
v 3.635012 4.552289 -3.119170
v 3.646758 4.534798 -3.166891
v 3.652336 4.496645 -3.159644
v 3.647965 4.490864 -3.121085
v 3.639687 4.525444 -3.104503
v 3.638940 4.552597 -3.132812
v 3.628846 4.517257 -3.139255
v 0.757478 5.385092 -2.270782
v 0.695590 5.528755 -2.265311
v 0.684586 5.490734 -2.279458
v 0.594197 5.452796 -2.237580
v 0.632108 5.506390 -2.210072
v 0.663436 5.410440 -2.151417
v 0.612429 5.284771 -2.166281
v 0.713282 5.246066 -2.174828
v 0.745957 5.383885 -2.174517
v 0.765474 5.460914 -2.254838
v 0.774032 5.522458 -2.248579
v 0.705866 5.569220 -2.256321
v 0.661982 5.559408 -2.193213
v 0.703486 5.501455 -2.140919
v 0.772881 5.479539 -2.173338
v 0.725797 5.636107 -2.251474
v 0.701350 5.648574 -2.183215
v 0.755893 5.633063 -2.136344
v 0.814050 5.611010 -2.175637
v 0.795450 5.612892 -2.246790
v 0.830085 5.804439 -2.268801
v 0.768763 5.825110 -2.243248
v 0.774405 5.828589 -2.173989
v 0.839213 5.810068 -2.156739
v 0.873625 5.795142 -2.215338
v 0.854099 5.979201 -2.279473
v 0.810951 5.994489 -2.232459
v 0.841781 5.990771 -2.174654
v 0.903983 5.973185 -2.185941
v 0.911595 5.966034 -2.250723
v 0.854953 6.094926 -2.268216
v 0.846068 6.100311 -2.209369
v 0.898149 6.090290 -2.181838
v 0.939223 6.078711 -2.223669
v 0.912526 6.081576 -2.277054
v 0.883416 6.202523 -2.201832
v 0.937736 6.190578 -2.196193
v 0.959421 6.184204 -2.247321
v 0.918504 6.192209 -2.284560
v 0.871530 6.203530 -2.256446
v 0.887331 6.269998 -2.240808
v 0.914693 6.262987 -2.197039
v 0.963269 6.249719 -2.210373
v 0.965929 6.248531 -2.262383
v 0.918997 6.261064 -2.281193
v 0.912696 6.312175 -2.222595
v 0.950243 6.295947 -2.200561
v 0.979683 6.279536 -2.232538
v 0.960331 6.285622 -2.274338
v 0.918931 6.305793 -2.268193
v 0.977878 6.325269 -2.211767
v 0.989649 6.305362 -2.247746
v 0.961932 6.316134 -2.278486
v 0.933031 6.342699 -2.261507
v 0.942886 6.348344 -2.220273
v 0.997409 6.335342 -2.230325
v 0.988608 6.312192 -2.260621
v 0.957728 6.327614 -2.279053
v 0.947443 6.360295 -2.260149
v 0.971967 6.365072 -2.230033
v 0.996535 6.361750 -2.274437
v 1.001487 6.328680 -2.269671
v 0.972149 6.315022 -2.259994
v 0.949067 6.339650 -2.258779
v 0.964138 6.368530 -2.267705
v 0.973300 6.340240 -2.279859
v -0.789890 4.548807 -1.453377
v -0.648311 4.578877 -1.497926
v -0.511529 4.492266 -1.417713
v -0.505179 4.331900 -1.315374
v -0.657802 4.322928 -1.269877
v -0.805668 4.434360 -1.344949
v -0.784584 4.475996 -1.512637
v -0.659963 4.506872 -1.554619
v -0.545851 4.432261 -1.501855
v -0.551935 4.309405 -1.416031
v -0.680924 4.286975 -1.373577
v -0.799434 4.371469 -1.424269
v -0.808024 4.285785 -1.544144
v -0.792427 4.388805 -1.608916
v -0.681317 4.417937 -1.652019
v -0.585804 4.344049 -1.630350
v -0.601400 4.241028 -1.565577
v -0.712510 4.211896 -1.522475
v -0.848375 4.199270 -1.721499
v -0.837438 4.306625 -1.768310
v -0.733894 4.341528 -1.811860
v -0.641287 4.269074 -1.808599
v -0.652224 4.161719 -1.761788
v -0.755768 4.126816 -1.718238
v -0.906944 4.138876 -1.921657
v -0.898804 4.247565 -1.949945
v -0.802577 4.287592 -1.992579
v -0.714489 4.218931 -2.006926
v -0.722629 4.110243 -1.978639
v -0.818857 4.070215 -1.936004
v -0.946296 4.227595 -2.062342
v -0.860359 4.273793 -2.101520
v -0.781573 4.215109 -2.138980
v -0.788724 4.110228 -2.137263
v -0.874660 4.064030 -2.098085
v -0.953446 4.122713 -2.060625
v -1.006521 4.227503 -2.186548
v -0.926904 4.276676 -2.222400
v -0.855442 4.226920 -2.271997
v -0.863597 4.127992 -2.285741
v -0.943215 4.078819 -2.249889
v -1.014676 4.128575 -2.200292
v -1.065456 4.153561 -2.291207
v -1.055523 4.244574 -2.264669
v -0.981772 4.295780 -2.296688
v -0.917955 4.255971 -2.355246
v -0.927888 4.164958 -2.381785
v -1.001639 4.113752 -2.349765
v -1.086459 4.257381 -2.307470
v -1.020715 4.309962 -2.333335
v -0.967823 4.285165 -2.399241
v -0.980676 4.207785 -2.439282
v -1.046420 4.155204 -2.413418
v -1.099311 4.180002 -2.347512
v -1.138862 4.212865 -2.396971
v -1.124623 4.281242 -2.351599
v -1.063769 4.333760 -2.373402
v -1.017155 4.317902 -2.440576
v -1.031394 4.249525 -2.485947
v -1.092248 4.197006 -2.464144
v -1.165638 4.239258 -2.425363
v -1.150893 4.299509 -2.377170
v -1.094660 4.351326 -2.395140
v -1.053172 4.342894 -2.461306
v -1.067917 4.282643 -2.509499
v -1.124150 4.230825 -2.491528
v -1.179855 4.258717 -2.443677
v -1.166413 4.309286 -2.394898
v -1.116787 4.359159 -2.407824
v -1.080603 4.358464 -2.469529
v -1.094046 4.307896 -2.518307
v -1.143671 4.258022 -2.505381
v -1.184884 4.323469 -2.411294
v -1.139559 4.371640 -2.421466
v -1.105409 4.373846 -2.478974
v -1.116583 4.327883 -2.526311
v -1.161908 4.279711 -2.516138
v -1.196058 4.277504 -2.458630
v -1.196554 4.332345 -2.423303
v -1.155520 4.378610 -2.431318
v -1.122433 4.382153 -2.484055
v -1.130380 4.339430 -2.528777
v -1.171414 4.293165 -2.520763
v -1.204501 4.289622 -2.468026
v -1.208935 4.300800 -2.476760
v -1.206987 4.340614 -2.437972
v -1.172446 4.383770 -2.444128
v -1.139852 4.387112 -2.489071
v -1.141801 4.347298 -2.527858
v -1.176342 4.304142 -2.521703
v -1.194314 4.357988 -2.496318
v -1.057565 5.463551 -1.473610
v -1.197115 5.461788 -1.479519
v -1.179088 5.410432 -1.556536
v -1.191476 5.199567 -1.552994
v -1.225206 5.322375 -1.435974
v -1.099459 5.251864 -1.331596
v -1.017709 5.079323 -1.387645
v -0.903370 5.182054 -1.438759
v -0.995712 5.334682 -1.368062
v -1.007039 5.384459 -1.579972
v -1.223427 5.528841 -1.402051
v -1.256755 5.424571 -1.343644
v -1.155653 5.378487 -1.261607
v -1.060637 5.449052 -1.292181
v -1.103114 5.541615 -1.384606
v -1.171582 5.675447 -1.255062
v -1.276227 5.652350 -1.282678
v -1.315319 5.578663 -1.209955
v -1.234834 5.556218 -1.137394
v -1.145999 5.616033 -1.165272
v -1.385603 5.954208 -1.075024
v -1.425336 5.894041 -0.997903
v -1.348617 5.876261 -0.927584
v -1.261470 5.925442 -0.961246
v -1.284328 5.973616 -1.052369
v -1.368173 6.283064 -0.891571
v -1.466088 6.268711 -0.909256
v -1.505489 6.221743 -0.829582
v -1.431924 6.207069 -0.762656
v -1.347058 6.244967 -0.800967
v -1.404016 6.495442 -0.808621
v -1.496263 6.490304 -0.819586
v -1.533127 6.460622 -0.739486
v -1.463664 6.447416 -0.679016
v -1.383869 6.468936 -0.721745
v -1.423742 6.723744 -0.734791
v -1.511532 6.724952 -0.742045
v -1.545625 6.704043 -0.663548
v -1.478905 6.689914 -0.607780
v -1.403577 6.702090 -0.651810
v -1.421709 6.857453 -0.700266
v -1.504515 6.864398 -0.704473
v -1.535444 6.849580 -0.628666
v -1.471753 6.833476 -0.577608
v -1.401461 6.838341 -0.621859
v -1.410563 6.978753 -0.671257
v -1.488048 6.990274 -0.673031
v -1.515890 6.978846 -0.600684
v -1.455611 6.960262 -0.554197
v -1.390516 6.960205 -0.597814
v -1.399925 7.055330 -0.649607
v -1.469398 7.070807 -0.648799
v -1.493544 7.060134 -0.582694
v -1.438993 7.038062 -0.542647
v -1.381133 7.035092 -0.584002
v -1.385434 7.130605 -0.627194
v -1.449899 7.146677 -0.625422
v -1.472442 7.134427 -0.564111
v -1.421909 7.110784 -0.527991
v -1.368135 7.108422 -0.566978
v -1.377329 7.170943 -0.610635
v -1.437189 7.186167 -0.608619
v -1.458771 7.171416 -0.552622
v -1.412249 7.147074 -0.520029
v -1.361915 7.146783 -0.555883
v -1.426610 7.217288 -0.592156
v -1.447687 7.199721 -0.541975
v -1.405098 7.175597 -0.512390
v -1.357700 7.178256 -0.544287
v -1.370996 7.204023 -0.593586
v -1.417415 7.241507 -0.573724
v -1.438100 7.220215 -0.532994
v -1.401339 7.197876 -0.506731
v -1.357934 7.205363 -0.531228
v -1.367870 7.232329 -0.572632
v -1.393421 7.237564 -0.532416
v -1.518128 5.252254 -3.212305
v -1.562981 5.130895 -3.429267
v -1.458140 5.260168 -3.354017
v -1.335361 5.160275 -3.327600
v -1.465340 5.045781 -3.411654
v -1.465317 4.964029 -3.264093
v -1.324178 5.012453 -3.110781
v -1.433674 5.070188 -3.036057
v -1.560459 5.017502 -3.203058
v -1.621344 5.131814 -3.314964
v -1.651938 5.038253 -3.503608
v -1.573951 4.956638 -3.491405
v -1.587581 4.893939 -3.380292
v -1.672967 4.944335 -3.328776
v -1.712853 5.038045 -3.408798
v -1.789745 4.916148 -3.629585
v -1.734480 4.830848 -3.628650
v -1.771778 4.770050 -3.556238
v -1.850094 4.817773 -3.512419
v -1.861198 4.908068 -3.557750
v -2.083995 4.824353 -3.872745
v -2.004570 4.826910 -3.927990
v -1.970325 4.736686 -3.935326
v -2.028584 4.678368 -3.884614
v -2.098836 4.732549 -3.845936
v -2.173717 4.829538 -4.225849
v -2.159656 4.741127 -4.246894
v -2.231732 4.692841 -4.216384
v -2.290339 4.751410 -4.176483
v -2.254484 4.835895 -4.182332
v -2.359245 4.918779 -4.426884
v -2.283028 4.904058 -4.466578
v -2.286108 4.824529 -4.502173
v -2.364230 4.790099 -4.484478
v -2.409431 4.848349 -4.437946
v -2.365287 5.034606 -4.671156
v -2.381777 4.968458 -4.717535
v -2.460111 4.946647 -4.703876
v -2.492034 4.999314 -4.649054
v -2.433430 5.053677 -4.628831
v -2.464105 5.166771 -4.731220
v -2.410053 5.148818 -4.780685
v -2.440428 5.103887 -4.833119
v -2.513252 5.094071 -4.816060
v -2.527885 5.132936 -4.753082
v -2.452613 5.282445 -4.873383
v -2.488780 5.249008 -4.924265
v -2.556000 5.242795 -4.902863
v -2.561378 5.272396 -4.838750
v -2.497480 5.296901 -4.820531
v -2.476225 5.364383 -4.911790
v -2.515917 5.339035 -4.958385
v -2.576834 5.333961 -4.932842
v -2.574791 5.356173 -4.870461
v -2.512611 5.374973 -4.857450
v -2.524701 5.436116 -4.881224
v -2.495880 5.428703 -4.935310
v -2.537173 5.407959 -4.976245
v -2.591515 5.402553 -4.947456
v -2.583807 5.419953 -4.888731
v -2.513184 5.477231 -4.950123
v -2.554379 5.458076 -4.984993
v -2.602172 5.451688 -4.954090
v -2.590514 5.466897 -4.900119
v -2.535516 5.482684 -4.897667
v -2.547371 5.521523 -4.911039
v -2.530273 5.516688 -4.960832
v -2.569780 5.496841 -4.989817
v -2.611295 5.489409 -4.957940
v -2.597445 5.504663 -4.909253
v -2.551229 5.548923 -4.970031
v -2.585264 5.525577 -4.991176
v -2.618434 5.517133 -4.959887
v -2.604898 5.535258 -4.919405
v -2.563363 5.554905 -4.925676
v -2.593404 5.553391 -4.957932
v -1.393099 5.751187 -3.682144
v -1.382848 5.891895 -3.714268
v -1.467510 5.991765 -3.709467
v -1.455684 5.946198 -3.678629
v -1.551395 5.864878 -3.566208
v -1.516953 5.972260 -3.603657
v -1.429302 5.889388 -3.514335
v -1.460455 5.694707 -3.424932
v -1.352416 5.638758 -3.489368
v -1.342499 5.845379 -3.580016
v -1.377451 6.007473 -3.748944
v -1.466906 6.063178 -3.739353
v -1.492018 6.072806 -3.641713
v -1.404736 6.034838 -3.579654
v -1.332362 5.996863 -3.644933
v -1.461164 6.191825 -3.795903
v -1.467967 6.232234 -3.709795
v -1.379699 6.243722 -3.675577
v -1.318344 6.210414 -3.740540
v -1.368693 6.178340 -3.814905
v -1.377604 6.515711 -3.965689
v -1.459074 6.531993 -3.929517
v -1.446528 6.567450 -3.847075
v -1.357305 6.573079 -3.832298
v -1.314707 6.541103 -3.905604
v -1.399975 6.834618 -4.091076
v -1.467948 6.851641 -4.041378
v -1.439061 6.881935 -3.966359
v -1.353236 6.883634 -3.969693
v -1.329079 6.854390 -4.046772
v -1.480245 7.064644 -4.092252
v -1.433361 7.087703 -4.033094
v -1.358868 7.086574 -4.059153
v -1.359713 7.062818 -4.134415
v -1.434729 7.049265 -4.154871
v -1.496167 7.276062 -4.143168
v -1.441714 7.294806 -4.096174
v -1.377519 7.293255 -4.133610
v -1.392298 7.273557 -4.203743
v -1.465626 7.262930 -4.209650
v -1.488489 7.385849 -4.226642
v -1.505011 7.396210 -4.159643
v -1.446264 7.410888 -4.124968
v -1.393433 7.409597 -4.170535
v -1.419530 7.394123 -4.233373
v -1.510962 7.501175 -4.168057
v -1.450766 7.511742 -4.145124
v -1.409499 7.511025 -4.195697
v -1.444190 7.500020 -4.249887
v -1.506898 7.493930 -4.232804
v -1.504531 7.567776 -4.165770
v -1.446484 7.571280 -4.158369
v -1.421443 7.571463 -4.211372
v -1.464014 7.568074 -4.251532
v -1.515365 7.565795 -4.223348
v -1.516429 7.632021 -4.216366
v -1.498548 7.630022 -4.165184
v -1.444357 7.627748 -4.166432
v -1.428746 7.628344 -4.218389
v -1.473289 7.630986 -4.249249
v -1.509254 7.672001 -4.208013
v -1.486861 7.665598 -4.163835
v -1.438474 7.656516 -4.172232
v -1.430964 7.657304 -4.221600
v -1.474709 7.666874 -4.243713
v -1.465630 7.694860 -4.165473
v -1.430560 7.674264 -4.181161
v -1.432873 7.674969 -4.224687
v -1.469374 7.696000 -4.235898
v -1.489618 7.708292 -4.199301
v -1.448301 7.705709 -4.201540
v -1.783715 7.562053 -1.625606
v -1.715320 7.513747 -1.660741
v -1.704273 7.374676 -1.757428
v -1.800761 7.458548 -1.657834
v -1.740146 7.370356 -1.604961
v -1.628177 7.218693 -1.714482
v -1.549949 7.320578 -1.651834
v -1.669446 7.442040 -1.563271
v -1.692955 7.556156 -1.580650
v -1.595344 7.491997 -1.630380
v -1.779486 7.620121 -1.533418
v -1.853314 7.614781 -1.582821
v -1.881972 7.531226 -1.582317
v -1.833807 7.477798 -1.521436
v -1.768942 7.537342 -1.493545
v -1.908821 7.730008 -1.456368
v -1.964259 7.710407 -1.512230
v -2.008408 7.648868 -1.483212
v -1.980256 7.630437 -1.409416
v -1.918707 7.680584 -1.392826
v -2.164586 7.913889 -1.398147
v -2.196491 7.864615 -1.348484
v -2.155508 7.866545 -1.283452
v -2.098275 7.917012 -1.292923
v -2.103885 7.946274 -1.363808
v -2.331045 8.117310 -1.302182
v -2.348382 8.083490 -1.240187
v -2.297317 8.099339 -1.190903
v -2.248418 8.142955 -1.222439
v -2.269263 8.154059 -1.291214
v -2.389725 8.326312 -1.243999
v -2.447953 8.291677 -1.233353
v -2.449692 8.272902 -1.167414
v -2.392538 8.295936 -1.137306
v -2.355477 8.328944 -1.184639
v -2.486597 8.488570 -1.207334
v -2.537053 8.459934 -1.179177
v -2.523696 8.453204 -1.116447
v -2.464985 8.477681 -1.105835
v -2.442056 8.499539 -1.162007
v -2.547742 8.592946 -1.182399
v -2.580922 8.574992 -1.137784
v -2.548775 8.577860 -1.089078
v -2.495728 8.597588 -1.103592
v -2.495089 8.606911 -1.161268
v -2.591454 8.702474 -1.156122
v -2.611320 8.689805 -1.107039
v -2.570621 8.693178 -1.071034
v -2.525602 8.707931 -1.097863
v -2.538477 8.713675 -1.150450
v -2.607661 8.764231 -1.135311
v -2.614500 8.753958 -1.086333
v -2.569222 8.753791 -1.063949
v -2.534399 8.763963 -1.099093
v -2.558156 8.770414 -1.143198
v -2.605990 8.801169 -1.070013
v -2.560730 8.794388 -1.061104
v -2.537063 8.801300 -1.100675
v -2.567696 8.812352 -1.134041
v -2.610295 8.812272 -1.115091
v -2.600164 8.851525 -1.096274
v -2.588215 8.836826 -1.057903
v -2.548375 8.821599 -1.061395
v -2.535703 8.826888 -1.101924
v -2.567710 8.845384 -1.123481
v -2.553020 8.860820 -1.053112
v -2.534025 8.833929 -1.070327
v -2.537181 8.839287 -1.106955
v -2.558126 8.869489 -1.112377
v -2.567916 8.882797 -1.079100
v -2.537087 8.866293 -1.084171
v -1.740662 7.666094 -1.776475
v -1.676698 7.798268 -1.801379
v -1.700656 7.773914 -1.762814
v -1.622413 7.746343 -1.690350
v -1.601972 7.772958 -1.765394
v -1.575366 7.665233 -1.791518
v -1.561724 7.587227 -1.718675
v -1.607424 7.522511 -1.803073
v -1.635551 7.626349 -1.841576
v -1.716324 7.718940 -1.826610
v -1.662103 7.826588 -1.835386
v -1.590714 7.803056 -1.824298
v -1.579054 7.722852 -1.858614
v -1.643994 7.697816 -1.890140
v -1.702529 7.765669 -1.867050
v -1.692710 7.836236 -1.930729
v -1.651461 7.876602 -1.888034
v -1.582845 7.863120 -1.904277
v -1.581687 7.814421 -1.957011
v -1.649587 7.797806 -1.973360
v -1.690330 8.001435 -2.038017
v -1.631375 8.024180 -2.013192
v -1.581238 7.997263 -2.050219
v -1.609206 7.957882 -2.097929
v -1.676629 7.960461 -2.090388
v -1.681849 8.154540 -2.125936
v -1.618167 8.160422 -2.122792
v -1.592899 8.128772 -2.172387
v -1.640965 8.103327 -2.206183
v -1.695939 8.119252 -2.177475
v -1.606012 8.243173 -2.199243
v -1.617554 8.216640 -2.249870
v -1.675436 8.211522 -2.254747
v -1.699668 8.234891 -2.207133
v -1.656761 8.254453 -2.172830
v -1.643154 8.349186 -2.225613
v -1.609010 8.332713 -2.264838
v -1.638884 8.313024 -2.306017
v -1.691491 8.317329 -2.292242
v -1.694129 8.339679 -2.242549
v -1.617117 8.388424 -2.306148
v -1.658173 8.374721 -2.332802
v -1.699255 8.384530 -2.304522
v -1.683590 8.404296 -2.260388
v -1.632826 8.406702 -2.261393
v -1.629249 8.441794 -2.297039
v -1.637784 8.422346 -2.337094
v -1.681866 8.411837 -2.338455
v -1.700574 8.424790 -2.299242
v -1.668055 8.443305 -2.273645
v -1.660001 8.455148 -2.355401
v -1.696862 8.442033 -2.340874
v -1.700946 8.455853 -2.301706
v -1.666608 8.477510 -2.292026
v -1.641303 8.477075 -2.325211
v -1.663911 8.496732 -2.341672
v -1.684952 8.470310 -2.359480
v -1.705753 8.452080 -2.333155
v -1.697567 8.467234 -2.299077
v -1.671707 8.494830 -2.304340
v -1.718080 8.472094 -2.338769
v -1.697243 8.453832 -2.320918
v -1.677238 8.474278 -2.304544
v -1.685711 8.505177 -2.312276
v -1.710952 8.503827 -2.333428
v -1.706854 8.482059 -2.311249
v -0.911505 5.758862 0.692523
v -1.024177 5.907917 0.673940
v -0.991133 5.971275 0.716682
v -0.969077 6.064942 0.533532
v -1.021621 5.987962 0.515550
v -0.914626 5.895694 0.357468
v -0.784289 5.940760 0.330233
v -0.697957 5.634952 0.250394
v -0.839428 5.689691 0.334904
v -0.827014 5.637129 0.513469
v -0.681163 5.612942 0.486201
v -0.807178 5.814040 0.744233
v -0.988781 5.724307 0.661059
v -1.065289 5.865629 0.649020
v -1.072648 5.937035 0.507728
v -1.006861 5.857847 0.371208
v -0.945308 5.693871 0.366892
v -0.931925 5.633412 0.516205
v -1.143820 5.818611 0.629592
v -1.162073 5.882252 0.501338
v -1.138709 5.807857 0.379881
v -1.097093 5.669820 0.386677
v -1.078840 5.606178 0.514930
v -1.102204 5.680573 0.636387
v -1.266082 5.637508 0.631876
v -1.292358 5.773749 0.633823
v -1.311373 5.842451 0.514767
v -1.304112 5.774912 0.393765
v -1.277836 5.638671 0.391818
v -1.258821 5.569969 0.510874
v -1.443235 5.747028 0.647929
v -1.462078 5.819843 0.537957
v -1.470145 5.760158 0.419114
v -1.459369 5.627658 0.410243
v -1.440526 5.554843 0.520215
v -1.432459 5.614528 0.639059
v -1.547420 5.611187 0.646820
v -1.536113 5.734679 0.662587
v -1.553278 5.811881 0.565779
v -1.581751 5.765592 0.453204
v -1.593058 5.642100 0.437436
v -1.575893 5.564898 0.534244
v -1.641872 5.735893 0.686640
v -1.657204 5.814864 0.598175
v -1.696867 5.778189 0.491502
v -1.721197 5.662544 0.473293
v -1.705866 5.583573 0.561757
v -1.666203 5.620247 0.668431
v -1.748213 5.637651 0.691544
v -1.712808 5.744482 0.710785
v -1.725915 5.824345 0.630246
v -1.774428 5.797379 0.530467
v -1.809833 5.690548 0.511227
v -1.796725 5.610685 0.591766
v -1.754000 5.747871 0.725565
v -1.763363 5.827569 0.656054
v -1.820448 5.814359 0.567521
v -1.868170 5.721450 0.548500
v -1.858807 5.641752 0.618011
v -1.801722 5.654963 0.706544
v -1.799715 5.759891 0.748056
v -1.806510 5.838583 0.685302
v -1.866259 5.833397 0.604185
v -1.919212 5.749520 0.585823
v -1.912416 5.670827 0.648577
v -1.852668 5.676013 0.729694
v -1.881222 5.691176 0.743653
v -1.825307 5.766697 0.761459
v -1.829629 5.843768 0.704994
v -1.889865 5.845318 0.630724
v -1.945780 5.769798 0.612918
v -1.941458 5.692726 0.669383
v -1.849125 5.774412 0.775439
v -1.851183 5.849341 0.724822
v -1.910057 5.856160 0.656500
v -1.966874 5.788050 0.638794
v -1.964816 5.713121 0.689411
v -1.905942 5.706302 0.757734
v -1.867707 5.777754 0.782104
v -1.866996 5.848703 0.739520
v -1.921107 5.860611 0.678056
v -1.975929 5.801571 0.659176
v -1.976640 5.730622 0.701761
v -1.922529 5.718714 0.763225
v -1.937389 5.729835 0.771702
v -1.885839 5.784175 0.792305
v -1.883850 5.852093 0.754647
v -1.933411 5.865669 0.696387
v -1.984961 5.811328 0.675784
v -1.986951 5.743411 0.713442
v -1.946859 5.737775 0.775364
v -1.899967 5.788352 0.798264
v -1.897280 5.853029 0.765232
v -1.941485 5.867128 0.709299
v -1.988377 5.816551 0.686399
v -1.991064 5.751874 0.719431
v -1.954729 5.746442 0.775706
v -1.917130 5.792662 0.802339
v -1.914774 5.852185 0.775678
v -1.950017 5.865488 0.722384
v -1.987616 5.819267 0.695751
v -1.989973 5.759745 0.722412
v -1.977298 5.815389 0.767880
v -1.272044 6.954861 1.024665
v -1.131576 7.103107 1.242697
v -1.235531 7.041986 1.231762
v -1.207238 6.850585 1.333637
v -1.073955 6.970948 1.336535
v -0.958149 6.827702 1.253170
v -1.068317 6.628631 1.212705
v -0.930625 6.575721 0.970150
v -0.889566 6.808088 1.068413
v -0.995510 6.924311 0.981212
v -1.084891 6.725733 0.885655
v -1.129833 7.070254 1.071488
v -1.021527 7.174080 1.112564
v -1.038725 7.182292 1.261957
v -0.970686 7.079738 1.347748
v -0.862963 6.977699 1.281785
v -0.819120 6.974862 1.127040
v -0.906413 7.071015 1.043867
v -0.872815 7.345675 1.171241
v -0.904827 7.330602 1.302514
v -0.826797 7.253810 1.383130
v -0.716754 7.192093 1.332473
v -0.684742 7.207167 1.201201
v -0.762772 7.283957 1.120584
v -0.716503 7.627112 1.384953
v -0.631304 7.560229 1.458118
v -0.522915 7.511261 1.403899
v -0.499725 7.529180 1.276515
v -0.584924 7.596065 1.203350
v -0.693314 7.645031 1.257569
v -0.523161 7.989807 1.341537
v -0.537518 7.971013 1.464789
v -0.446780 7.914637 1.530658
v -0.341684 7.877055 1.473275
v -0.327326 7.895849 1.350022
v -0.418065 7.952225 1.284154
v -0.432503 8.212103 1.512429
v -0.336732 8.171355 1.567502
v -0.239108 8.147647 1.506077
v -0.237255 8.164687 1.389580
v -0.333025 8.205436 1.334507
v -0.430650 8.229142 1.395931
v -0.339492 8.480773 1.553110
v -0.242479 8.449562 1.601073
v -0.151065 8.432724 1.537464
v -0.156664 8.447098 1.425893
v -0.253677 8.478310 1.377930
v -0.345091 8.495147 1.441539
v -0.287784 8.680477 1.573146
v -0.191019 8.657572 1.614123
v -0.106409 8.645660 1.548805
v -0.118563 8.656656 1.442510
v -0.215329 8.679562 1.401533
v -0.299939 8.691473 1.466851
v -0.275677 8.821055 1.483404
v -0.255484 8.815571 1.581195
v -0.161338 8.802155 1.612137
v -0.087384 8.794225 1.545288
v -0.107577 8.799709 1.447496
v -0.201723 8.813125 1.416555
v -0.230322 8.958660 1.584127
v -0.139039 8.949376 1.608847
v -0.072145 8.942124 1.541747
v -0.096533 8.944159 1.449927
v -0.187816 8.953442 1.425207
v -0.254710 8.960693 1.492307
v -0.215565 9.044495 1.581511
v -0.127778 9.037579 1.600530
v -0.067721 9.029740 1.533838
v -0.095451 9.028819 1.448127
v -0.183238 9.035737 1.429109
v -0.243295 9.043573 1.495801
v -0.202276 9.124093 1.575597
v -0.118458 9.117894 1.589551
v -0.064929 9.108497 1.523938
v -0.095219 9.105298 1.444371
v -0.179037 9.111497 1.430417
v -0.232566 9.120894 1.496029
v -0.188088 9.177714 1.567402
v -0.110920 9.169931 1.575179
v -0.066534 9.156980 1.512426
v -0.099316 9.151810 1.441895
v -0.176483 9.159592 1.434118
v -0.220869 9.172544 1.496872
v -0.209877 9.223873 1.493291
v -0.176305 9.229398 1.558077
v -0.104004 9.219157 1.562810
v -0.065274 9.203392 1.502758
v -0.098846 9.197869 1.437972
v -0.171147 9.208110 1.433239
v -0.199036 9.257132 1.489698
v -0.165392 9.262321 1.549089
v -0.098329 9.248837 1.551728
v -0.064911 9.230165 1.494977
v -0.098556 9.224975 1.435586
v -0.165618 9.238458 1.432947
v -0.151003 9.291500 1.536843
v -0.092599 9.272365 1.538280
v -0.066465 9.249568 1.487519
v -0.098735 9.245907 1.435322
v -0.157139 9.265042 1.433886
v -0.183273 9.287839 1.484646
v -0.115439 9.296898 1.478275
v -1.725898 8.613600 1.894666
v -1.841992 8.585847 2.036140
v -1.962551 8.653327 2.005388
v -1.864688 8.708069 1.871857
v -1.975435 8.621884 1.775764
v -2.055966 8.578712 1.929355
v -2.025684 8.413801 1.878239
v -1.939146 8.381660 1.687158
v -1.829447 8.169067 1.769892
v -1.916550 8.301129 1.932384
v -1.812809 8.414985 1.987057
v -1.691753 8.357669 1.810246
v -2.040961 8.633865 2.113321
v -2.124662 8.562387 2.054581
v -2.102631 8.428393 2.035293
v -2.002911 8.357046 2.086708
v -1.915104 8.444121 2.136957
v -1.936455 8.580418 2.155061
v -2.070259 8.592830 2.340930
v -2.153409 8.633957 2.276776
v -2.234586 8.565419 2.238907
v -2.232614 8.455755 2.265193
v -2.149464 8.414628 2.329347
v -2.068287 8.483165 2.367216
v -2.329789 8.749072 2.682825
v -2.412857 8.765212 2.615765
v -2.487250 8.688102 2.602436
v -2.478575 8.594851 2.656167
v -2.395506 8.578712 2.723226
v -2.321114 8.655821 2.736556
v -2.619158 8.937183 2.868367
v -2.687544 8.861018 2.881422
v -2.671640 8.789247 2.953839
v -2.587349 8.793642 3.013203
v -2.518963 8.869807 3.000148
v -2.534867 8.941579 2.927731
v -2.709790 9.180566 3.125918
v -2.796146 9.163057 3.082013
v -2.857389 9.095464 3.119057
v -2.832275 9.045381 3.200005
v -2.745919 9.062891 3.243910
v -2.684676 9.130483 3.206866
v -2.813038 9.361856 3.219329
v -2.900019 9.338197 3.204206
v -2.945900 9.290183 3.267005
v -2.904801 9.265828 3.344928
v -2.817820 9.289489 3.360051
v -2.771938 9.337502 3.297251
v -2.897989 9.570234 3.313406
v -2.981939 9.548605 3.316689
v -3.014879 9.513419 3.388821
v -2.963869 9.499861 3.457672
v -2.879918 9.521489 3.454389
v -2.846978 9.556676 3.382256
v -2.937916 9.700605 3.355128
v -3.015902 9.683249 3.374239
v -3.035000 9.658194 3.450105
v -2.976112 9.650496 3.506861
v -2.898127 9.667852 3.487750
v -2.879028 9.692908 3.411884
v -3.033997 9.812901 3.421640
v -3.039581 9.794309 3.496757
v -2.975525 9.788466 3.540139
v -2.905885 9.801216 3.508405
v -2.900301 9.819810 3.433289
v -2.964357 9.825652 3.389906
v -3.036427 9.900419 3.460925
v -3.024587 9.884526 3.528918
v -2.958242 9.876574 3.552391
v -2.903737 9.884516 3.507871
v -2.915577 9.900410 3.439878
v -2.981922 9.908361 3.416405
v -2.985468 9.993372 3.443616
v -3.029467 9.986388 3.492817
v -3.008998 9.968390 3.553337
v -2.944531 9.957376 3.564654
v -2.900532 9.964360 3.515453
v -2.921001 9.982358 3.454934
v -2.982893 10.041437 3.465071
v -3.017063 10.033570 3.516172
v -2.990961 10.011284 3.567774
v -2.930691 9.996864 3.568275
v -2.896522 10.004731 3.517174
v -2.922623 10.027018 3.465572
v -2.973985 10.081767 3.487539
v -2.999769 10.071530 3.538047
v -2.971385 10.043708 3.579770
v -2.917217 10.026120 3.570986
v -2.891434 10.036356 3.520478
v -2.919818 10.064178 3.478754
v -2.955158 10.115686 3.516636
v -2.972494 10.100450 3.562343
v -2.947426 10.064236 3.588460
v -2.905021 10.043262 3.568870
v -2.887684 10.058499 3.523164
v -2.912753 10.094711 3.497046
v -2.915914 10.097499 3.554139
v -1.925725 9.411145 1.805221
v -1.811964 9.658341 1.831326
v -1.817311 9.576925 1.851539
v -1.706418 9.452188 1.931622
v -1.700080 9.587169 1.848183
v -1.694084 9.453042 1.741837
v -1.684743 9.223564 1.811633
v -1.812310 9.184569 1.714687
v -1.813778 9.432670 1.681218
v -1.898651 9.562142 1.761875
v -1.886108 9.689480 1.733381
v -1.807163 9.749428 1.807452
v -1.700644 9.708666 1.789509
v -1.704445 9.626456 1.685438
v -1.817888 9.612926 1.647800
v -1.884821 9.883039 1.692738
v -1.809938 9.904962 1.771298
v -1.709706 9.903961 1.724262
v -1.722642 9.881421 1.616631
v -1.830869 9.868490 1.597148
v -1.906225 10.294693 1.647914
v -1.811331 10.311146 1.691304
v -1.738798 10.304038 1.614839
v -1.788865 10.283193 1.524191
v -1.892341 10.277416 1.544631
v -1.919760 10.686225 1.605514
v -1.819953 10.696901 1.611966
v -1.781485 10.685884 1.519685
v -1.857517 10.668400 1.456199
v -1.942976 10.668610 1.509244
v -1.820930 10.950416 1.539715
v -1.833047 10.936520 1.448472
v -1.924109 10.925001 1.432971
v -1.968272 10.931780 1.514635
v -1.904505 10.947487 1.580606
v -1.844361 11.209077 1.477894
v -1.883615 11.194088 1.400408
v -1.970228 11.186315 1.414805
v -1.984504 11.196498 1.501187
v -1.906714 11.210567 1.540179
v -1.905110 11.363176 1.507404
v -1.867535 11.357484 1.433337
v -1.925774 11.341181 1.376130
v -1.999344 11.336799 1.414842
v -1.986573 11.350392 1.495974
v -1.900763 11.489331 1.393492
v -1.969046 11.470963 1.359633
v -2.024179 11.469790 1.415360
v -1.989969 11.487434 1.483659
v -1.913693 11.499511 1.470144
v -1.929098 11.587945 1.427619
v -1.946660 11.569634 1.361072
v -2.013929 11.546256 1.361704
v -2.037943 11.550118 1.428641
v -1.985515 11.575883 1.469379
v -1.994226 11.644637 1.343394
v -2.051156 11.616779 1.363519
v -2.055568 11.624363 1.429435
v -2.001365 11.656906 1.450050
v -1.963454 11.669436 1.396874
v -2.036708 11.679202 1.341132
v -2.076108 11.646546 1.375837
v -2.063302 11.658036 1.435227
v -2.015987 11.697793 1.437226
v -1.999552 11.710874 1.379072
v -2.043177 11.739284 1.374398
v -2.080219 11.701385 1.352805
v -2.094426 11.664828 1.394475
v -2.066166 11.680134 1.441821
v -2.034492 11.726150 1.429413
v -2.121756 11.704517 1.412802
v -2.085991 11.671990 1.427151
v -2.042549 11.697304 1.431015
v -2.051464 11.745473 1.419054
v -2.100417 11.749932 1.407799
v -2.084771 11.718146 1.440124
v 1.941053 6.790973 0.487469
v 1.953909 6.881596 0.371820
v 1.781402 6.953466 0.394971
v 1.794310 6.853002 0.518299
v 1.639340 6.764924 0.442160
v 1.574345 6.838953 0.252496
v 1.503445 6.564543 0.158962
v 1.617197 6.581073 0.362859
v 1.778362 6.544458 0.320661
v 1.713659 6.558888 0.106479
v 1.955764 6.747614 0.195341
v 1.946746 6.660996 0.376191
v 1.942304 6.725792 0.596294
v 1.812808 6.781381 0.630434
v 1.683783 6.703237 0.590867
v 1.678731 6.556079 0.528196
v 1.813936 6.510631 0.489422
v 1.948281 6.600106 0.520741
v 1.970866 6.518509 0.735037
v 1.962681 6.644612 0.773040
v 1.846993 6.694206 0.812661
v 1.739490 6.617696 0.814279
v 1.747676 6.491593 0.776278
v 1.863364 6.441999 0.736657
v 2.061541 6.580002 1.146217
v 1.953118 6.635290 1.181432
v 1.850807 6.564522 1.205456
v 1.856921 6.438468 1.194264
v 1.965344 6.383180 1.159049
v 2.067654 6.453947 1.135026
v 2.170087 6.469542 1.470383
v 2.163879 6.590027 1.456225
v 2.061714 6.649326 1.484540
v 1.965756 6.588139 1.527014
v 1.971964 6.467652 1.541173
v 2.074130 6.408354 1.512856
v 2.288320 6.557877 1.781223
v 2.280674 6.668117 1.745010
v 2.183680 6.729177 1.764660
v 2.094331 6.679999 1.820525
v 2.101977 6.569760 1.856739
v 2.198972 6.508699 1.837087
v 2.362678 6.757165 1.916785
v 2.271772 6.816291 1.922193
v 2.191082 6.785892 1.988178
v 2.201300 6.696366 2.048758
v 2.292206 6.637240 2.043350
v 2.372895 6.667640 1.977365
v 2.452768 6.884595 2.085218
v 2.365324 6.939824 2.081584
v 2.288934 6.920242 2.148597
v 2.299987 6.845432 2.219245
v 2.387431 6.790205 2.222881
v 2.463821 6.809786 2.155867
v 2.504326 6.979745 2.171520
v 2.420323 7.029736 2.159909
v 2.347044 7.018564 2.224684
v 2.357769 6.957402 2.301069
v 2.441772 6.907411 2.312679
v 2.515051 6.918583 2.247904
v 2.552183 7.016092 2.312678
v 2.542941 7.065618 2.233990
v 2.462641 7.109762 2.215733
v 2.391582 7.104376 2.276161
v 2.400824 7.054849 2.354849
v 2.481124 7.010707 2.373106
v 2.574950 7.152611 2.285876
v 2.498755 7.190919 2.262327
v 2.429412 7.188917 2.317236
v 2.436262 7.148604 2.395694
v 2.512456 7.110296 2.419243
v 2.581800 7.112298 2.364332
v 2.593288 7.181601 2.396223
v 2.590961 7.212580 2.321288
v 2.521683 7.243106 2.292151
v 2.454730 7.242653 2.337950
v 2.457057 7.211674 2.412884
v 2.526335 7.181148 2.442020
v 2.605062 7.274992 2.352350
v 2.540765 7.301319 2.320872
v 2.475654 7.300289 2.360591
v 2.474842 7.272934 2.431790
v 2.539140 7.246610 2.463268
v 2.604250 7.247638 2.423548
v 2.605835 7.285779 2.438416
v 2.609548 7.311143 2.371686
v 2.550367 7.334153 2.338850
v 2.487473 7.331800 2.372745
v 2.483760 7.306437 2.439476
v 2.542941 7.283427 2.472311
v 2.604578 7.314453 2.449393
v 2.610739 7.339057 2.387654
v 2.556658 7.359612 2.354370
v 2.496418 7.355564 2.382824
v 2.490257 7.330959 2.444562
v 2.544337 7.310404 2.477848
v 2.601865 7.337960 2.458425
v 2.609858 7.362665 2.402056
v 2.560709 7.381539 2.369193
v 2.503568 7.375706 2.392699
v 2.495574 7.351000 2.449068
v 2.544723 7.332127 2.481930
v 2.554885 7.391940 2.442276
v 2.386873 8.185423 0.494627
v 2.541300 8.220056 0.474571
v 2.531054 8.071795 0.628092
v 2.624001 7.889060 0.600828
v 2.622507 8.098336 0.414510
v 2.536705 7.965823 0.317587
v 2.503096 7.682762 0.486593
v 2.271163 7.627272 0.394602
v 2.362770 7.942807 0.278793
v 2.293530 8.048057 0.385343
v 2.209477 7.767209 0.543069
v 2.350071 7.986216 0.689531
v 2.557866 8.376880 0.333961
v 2.630109 8.285552 0.262166
v 2.560255 8.191852 0.170691
v 2.415406 8.184634 0.150237
v 2.347910 8.269353 0.240552
v 2.420759 8.364967 0.336951
v 2.470168 8.654408 0.110014
v 2.593349 8.645442 0.122197
v 2.659461 8.581531 0.038847
v 2.602391 8.526586 -0.056687
v 2.479209 8.535551 -0.068870
v 2.413097 8.599462 0.014480
v 2.650695 9.180703 -0.177752
v 2.708493 9.129864 -0.268489
v 2.647650 9.087789 -0.361690
v 2.529009 9.096551 -0.364152
v 2.471211 9.147390 -0.273415
v 2.532054 9.189467 -0.180215
v 2.684519 9.794802 -0.443575
v 2.733824 9.756008 -0.538650
v 2.669614 9.723991 -0.627121
v 2.556100 9.730770 -0.620518
v 2.506795 9.769565 -0.525444
v 2.571004 9.801581 -0.436973
v 2.687395 10.223831 -0.585952
v 2.724144 10.199351 -0.682710
v 2.656106 10.177300 -0.761427
v 2.551319 10.179729 -0.743386
v 2.514569 10.204207 -0.646628
v 2.582607 10.226260 -0.567911
v 2.674717 10.683033 -0.707160
v 2.703628 10.665059 -0.802644
v 2.634060 10.646802 -0.874082
v 2.535582 10.646522 -0.850034
v 2.506672 10.664496 -0.754550
v 2.576240 10.682752 -0.683112
v 2.560471 11.007776 -0.744291
v 2.652462 11.010020 -0.773114
v 2.674227 10.996184 -0.866028
v 2.604000 10.980103 -0.930119
v 2.512009 10.977857 -0.901296
v 2.490244 10.991694 -0.808383
v 2.631731 11.226335 -0.816107
v 2.644345 11.215061 -0.903575
v 2.574655 11.200428 -0.957109
v 2.492350 11.197069 -0.923176
v 2.479735 11.208343 -0.835708
v 2.549426 11.222976 -0.782174
v 2.608234 11.445907 -0.854719
v 2.615838 11.434622 -0.937864
v 2.547386 11.420405 -0.984881
v 2.471331 11.417476 -0.948752
v 2.463727 11.428762 -0.865607
v 2.532179 11.442977 -0.818590
v 2.520456 11.588943 -0.845707
v 2.590511 11.590726 -0.883163
v 2.593934 11.578618 -0.961621
v 2.527302 11.564728 -1.002622
v 2.457246 11.562944 -0.965165
v 2.453823 11.575052 -0.886708
v 2.515191 11.683005 -0.869831
v 2.576768 11.682315 -0.907834
v 2.575321 11.668330 -0.978819
v 2.512298 11.655035 -1.011800
v 2.450721 11.655726 -0.973797
v 2.452167 11.669709 -0.902812
v 2.507963 11.773299 -0.893009
v 2.564243 11.770846 -0.930548
v 2.560375 11.755586 -0.996388
v 2.500227 11.742781 -1.024688
v 2.443947 11.745234 -0.987149
v 2.447815 11.760493 -0.921310
v 2.555358 11.824033 -0.947909
v 2.549652 11.807673 -1.008563
v 2.492681 11.795362 -1.032684
v 2.441416 11.799411 -0.996152
v 2.447122 11.815770 -0.935498
v 2.504093 11.828083 -0.911377
v 2.500914 11.874488 -0.932423
v 2.545196 11.868659 -0.966637
v 2.537733 11.851096 -1.019565
v 2.485987 11.839362 -1.038278
v 2.441705 11.845191 -1.004065
v 2.449168 11.862754 -0.951137
v 2.490450 11.883597 -0.993778
v 3.445558 10.048466 1.078271
v 3.461172 10.086410 1.199017
v 3.243071 10.092266 1.158287
v 3.197248 9.989305 1.273781
v 3.437135 9.997503 1.292287
v 3.407959 9.837899 1.261251
v 3.148094 9.745728 1.244351
v 3.174461 9.611253 1.099926
v 3.414506 9.769639 1.137194
v 3.405581 9.900279 1.049029
v 3.134295 9.823146 0.997762
v 3.212490 10.037159 1.022668
v 3.643167 10.076049 1.124714
v 3.643793 10.103499 1.234479
v 3.635576 10.021103 1.313137
v 3.630928 9.898248 1.280623
v 3.639409 9.858829 1.169598
v 3.634512 9.957808 1.092965
v 3.919530 10.155412 1.286912
v 3.931942 10.079907 1.356006
v 3.969516 9.988587 1.326379
v 3.994679 9.972772 1.227659
v 3.982267 10.048276 1.158565
v 3.944693 10.139597 1.188192
v 4.467629 10.462993 1.332549
v 4.447830 10.457242 1.428900
v 4.483514 10.382412 1.482148
v 4.538998 10.313331 1.439047
v 4.558798 10.319080 1.342697
v 4.523114 10.393910 1.289448
v 4.772050 10.779749 1.442553
v 4.776650 10.757488 1.531443
v 4.841220 10.699336 1.560890
v 4.901191 10.663446 1.501447
v 4.896591 10.685706 1.412558
v 4.832021 10.743859 1.383111
v 5.047726 11.157702 1.530911
v 5.070787 11.134206 1.611738
v 5.145578 11.091234 1.625026
v 5.197308 11.071757 1.557487
v 5.174247 11.095253 1.476660
v 5.099456 11.138226 1.463372
v 5.178550 11.456933 1.575868
v 5.217379 11.436896 1.646245
v 5.294963 11.407960 1.643953
v 5.333720 11.399059 1.571285
v 5.294891 11.419095 1.500908
v 5.217306 11.448031 1.503200
v 5.295441 11.647361 1.655422
v 5.366847 11.633022 1.632830
v 5.383528 11.630496 1.558465
v 5.328804 11.642309 1.506692
v 5.257398 11.656648 1.529284
v 5.240717 11.659174 1.603649
v 5.291017 11.874217 1.614242
v 5.351227 11.867190 1.652940
v 5.414335 11.857541 1.619826
v 5.417233 11.854919 1.548014
v 5.357021 11.861946 1.509316
v 5.293913 11.871593 1.542430
v 5.379131 12.013053 1.638873
v 5.432385 12.004565 1.598066
v 5.423359 12.000001 1.531202
v 5.361079 12.003922 1.505145
v 5.307826 12.012410 1.545951
v 5.316853 12.016974 1.612815
v 5.400027 12.107501 1.615256
v 5.437835 12.095972 1.568441
v 5.415168 12.087234 1.512193
v 5.354693 12.090026 1.502760
v 5.316885 12.101552 1.549575
v 5.339551 12.110290 1.605823
v 5.355767 12.199421 1.588349
v 5.412715 12.195415 1.589048
v 5.440822 12.179906 1.541834
v 5.411981 12.168405 1.493922
v 5.355033 12.172412 1.493224
v 5.326926 12.187920 1.540438
v 5.367970 12.252471 1.568726
v 5.420252 12.246203 1.563003
v 5.439744 12.226010 1.518084
v 5.406954 12.212087 1.478887
v 5.354672 12.218356 1.484610
v 5.335181 12.238549 1.529529
v 5.425021 12.286252 1.528343
v 5.434546 12.259089 1.491345
v 5.399619 12.242438 1.464882
v 5.355169 12.252951 1.475418
v 5.345644 12.280113 1.512416
v 5.380570 12.296764 1.538879
v 5.391360 12.288621 1.488243
v 3.199660 10.856014 1.225757
v 3.141696 11.126641 1.162172
v 3.190918 11.029374 1.140982
v 3.197346 10.962050 1.002637
v 3.107147 11.082419 1.054642
v 3.038353 10.946383 1.076223
v 3.127458 10.744584 1.009266
v 3.088253 10.661095 1.151842
v 3.034362 10.900284 1.197157
v 3.126026 11.018502 1.247269
v 3.074522 11.152664 1.270623
v 3.097042 11.225881 1.184724
v 3.039374 11.196095 1.099353
v 2.968481 11.104587 1.133766
v 2.983903 11.075371 1.240445
v 3.035122 11.390271 1.229743
v 2.956208 11.384708 1.165714
v 2.877540 11.344431 1.216181
v 2.907834 11.325098 1.311399
v 3.005225 11.353429 1.319781
v 2.906910 11.721831 1.290752
v 2.817708 11.699389 1.260248
v 2.768437 11.663510 1.335590
v 2.827188 11.663779 1.412657
v 2.912770 11.699823 1.384946
v 2.775856 12.017363 1.341119
v 2.689743 11.984952 1.344786
v 2.672306 11.960279 1.431771
v 2.747642 11.977440 1.481864
v 2.811639 12.012721 1.425838
v 2.657208 12.247476 1.378824
v 2.584648 12.212204 1.412174
v 2.596609 12.202024 1.498049
v 2.676561 12.231006 1.517773
v 2.714014 12.259095 1.444088
v 2.607215 12.477483 1.457135
v 2.539383 12.453080 1.416891
v 2.487267 12.420615 1.472081
v 2.522888 12.424951 1.546435
v 2.597020 12.460097 1.537198
v 2.511736 12.609440 1.459582
v 2.445105 12.573894 1.458096
v 2.429121 12.551318 1.528384
v 2.485874 12.572913 1.573310
v 2.536932 12.608834 1.530788
v 2.420439 12.735461 1.484274
v 2.364391 12.697016 1.504493
v 2.372010 12.681682 1.573306
v 2.432766 12.710650 1.595615
v 2.462698 12.743890 1.540590
v 2.321159 12.760541 1.548031
v 2.349462 12.751090 1.607277
v 2.406894 12.784277 1.608087
v 2.414086 12.814239 1.549341
v 2.361099 12.799567 1.512225
v 2.297336 12.807268 1.592826
v 2.341626 12.801333 1.635535
v 2.389662 12.836164 1.618207
v 2.375061 12.863625 1.564788
v 2.318000 12.845767 1.549102
v 2.293774 12.879430 1.592074
v 2.292761 12.841520 1.635088
v 2.346164 12.836219 1.655299
v 2.380183 12.870852 1.624776
v 2.347804 12.897559 1.585700
v 2.291148 12.906850 1.638703
v 2.306551 12.868859 1.672191
v 2.358537 12.861350 1.665616
v 2.375262 12.894701 1.628066
v 2.333613 12.922824 1.611433
v 2.355290 12.890696 1.691974
v 2.372829 12.877158 1.651167
v 2.360181 12.908254 1.619088
v 2.334826 12.941010 1.640069
v 2.331803 12.930158 1.685115
v 2.367390 12.919845 1.661086
v 0.029398 8.743001 -2.658962
v 0.008175 8.843159 -2.606633
v 0.148682 8.863811 -2.586670
v 0.151176 8.760745 -2.649570
v 0.223755 8.691524 -2.540770
v 0.236593 8.777284 -2.416556
v 0.208835 8.589044 -2.292856
v 0.184074 8.573495 -2.451503
v 0.054853 8.576821 -2.461662
v 0.048912 8.623240 -2.315025
v -0.060780 8.774757 -2.471100
v -0.026072 8.670957 -2.565066
v 0.042220 8.674427 -2.708859
v 0.151154 8.690075 -2.705709
v 0.216363 8.626817 -2.628601
v 0.176420 8.535560 -2.558680
v 0.064524 8.528334 -2.562067
v -0.004003 8.601505 -2.637014
v 0.015306 8.511264 -2.745675
v 0.054174 8.588463 -2.796077
v 0.153379 8.600931 -2.799787
v 0.213715 8.536200 -2.753095
v 0.174848 8.459002 -2.702694
v 0.075643 8.446532 -2.698983
v 0.031337 8.376870 -2.958037
v 0.061353 8.456769 -3.000776
v 0.154755 8.475561 -3.006640
v 0.218140 8.414454 -2.969766
v 0.188124 8.334557 -2.927027
v 0.094723 8.315764 -2.921163
v 0.070047 8.372397 -3.171268
v 0.157197 8.397664 -3.176513
v 0.222660 8.341147 -3.148555
v 0.200972 8.259367 -3.115352
v 0.113822 8.234100 -3.110107
v 0.048360 8.290617 -3.138065
v 0.070787 8.242657 -3.282826
v 0.080686 8.324723 -3.298410
v 0.157590 8.358781 -3.297232
v 0.224597 8.310771 -3.280471
v 0.214699 8.228706 -3.264886
v 0.137794 8.194649 -3.266064
v 0.095137 8.217019 -3.433543
v 0.097456 8.296603 -3.435837
v 0.166855 8.334693 -3.427051
v 0.233934 8.293197 -3.415969
v 0.231615 8.213614 -3.413674
v 0.162216 8.175525 -3.422461
v 0.117459 8.222378 -3.525825
v 0.112411 8.296617 -3.514772
v 0.173762 8.336206 -3.496675
v 0.240162 8.301560 -3.489631
v 0.245210 8.227322 -3.500684
v 0.183859 8.187731 -3.518781
v 0.129474 8.311569 -3.582916
v 0.182457 8.349626 -3.555288
v 0.247425 8.321757 -3.550663
v 0.259409 8.255832 -3.573665
v 0.206426 8.217774 -3.601294
v 0.141458 8.245644 -3.605919
v 0.143920 8.327952 -3.620601
v 0.184838 8.359016 -3.581840
v 0.246398 8.340536 -3.578589
v 0.267039 8.290993 -3.614099
v 0.226121 8.259928 -3.652859
v 0.164562 8.278407 -3.656110
v 0.156888 8.352451 -3.653464
v 0.190908 8.377713 -3.610859
v 0.249541 8.364942 -3.607729
v 0.274153 8.326905 -3.647205
v 0.240133 8.301643 -3.689810
v 0.181500 8.314417 -3.692940
v 0.191279 8.339299 -3.707311
v 0.164379 8.367115 -3.667006
v 0.192763 8.387527 -3.623423
v 0.248046 8.380123 -3.620144
v 0.274945 8.352307 -3.660449
v 0.246562 8.331895 -3.704032
v 0.197872 8.359804 -3.715084
v 0.170205 8.379888 -3.676289
v 0.194067 8.397514 -3.633936
v 0.245595 8.395057 -3.630378
v 0.273261 8.374973 -3.669173
v 0.249400 8.357348 -3.711526
v 0.203534 8.374743 -3.717178
v 0.176553 8.389219 -3.683430
v 0.194836 8.407189 -3.645757
v 0.240099 8.410685 -3.641833
v 0.267080 8.396210 -3.675581
v 0.248798 8.378240 -3.713253
v 0.221042 8.413410 -3.689002
v -0.098467 9.628017 -2.904977
v -0.228102 9.643553 -2.955074
v -0.177868 9.557982 -3.044045
v -0.234411 9.365733 -3.017105
v -0.292151 9.519828 -2.906390
v -0.214422 9.456964 -2.759299
v -0.139133 9.269299 -2.785932
v 0.002664 9.337157 -2.783472
v -0.092215 9.516973 -2.760572
v -0.015573 9.504510 -3.004045
v -0.164497 9.733541 -2.832692
v -0.275372 9.732005 -2.884260
v -0.338851 9.640901 -2.827792
v -0.272136 9.597772 -2.714702
v -0.163387 9.652310 -2.718580
v -0.256652 9.900751 -2.733973
v -0.351619 9.883138 -2.788087
v -0.416093 9.819669 -2.724275
v -0.360974 9.798057 -2.630723
v -0.262434 9.848168 -2.636717
v -0.481780 10.145636 -2.646572
v -0.537681 10.085489 -2.580138
v -0.478943 10.068766 -2.493963
v -0.386740 10.118575 -2.507138
v -0.388494 10.166084 -2.601456
v -0.619309 10.426072 -2.497795
v -0.667073 10.369432 -2.429784
v -0.606211 10.358094 -2.350524
v -0.520831 10.407725 -2.369550
v -0.528926 10.449738 -2.460568
v -0.629866 10.636209 -2.372906
v -0.714111 10.607461 -2.400101
v -0.751057 10.557235 -2.330994
v -0.689646 10.554943 -2.261088
v -0.614745 10.603753 -2.286991
v -0.811240 10.794933 -2.309111
v -0.842198 10.750134 -2.239811
v -0.781920 10.754165 -2.175639
v -0.713707 10.801455 -2.205278
v -0.731828 10.826652 -2.287769
v -0.795870 10.935662 -2.246098
v -0.870273 10.901879 -2.261962
v -0.896357 10.863497 -2.192858
v -0.838074 10.873559 -2.134286
v -0.775970 10.918159 -2.167190
v -0.924505 10.998777 -2.226229
v -0.946797 10.967608 -2.157842
v -0.890995 10.982856 -2.104937
v -0.834217 11.023445 -2.140627
v -0.854928 11.033286 -2.215590
v -0.958302 11.058544 -2.205816
v -0.976444 11.038705 -2.139874
v -0.924389 11.058949 -2.095698
v -0.874075 11.091300 -2.134337
v -0.895034 11.091050 -2.202393
v -0.990642 11.121038 -2.191732
v -1.006472 11.108139 -2.128455
v -0.956452 11.129218 -2.090053
v -0.909707 11.155145 -2.129597
v -0.930838 11.150089 -2.192438
v -0.949456 11.180182 -2.189130
v -1.006221 11.156032 -2.185033
v -1.019584 11.148698 -2.125116
v -0.971079 11.168319 -2.092183
v -0.927737 11.187776 -2.131746
v -1.017364 11.187542 -2.179942
v -1.027814 11.183664 -2.123821
v -0.980472 11.199539 -2.095882
v -0.940763 11.213229 -2.134736
v -0.963564 11.205814 -2.186688
v -0.974821 11.229069 -2.182306
v -1.023458 11.219957 -2.172616
v -1.028935 11.216120 -2.122640
v -0.983684 11.222857 -2.101442
v -0.950240 11.230861 -2.138318
v -0.995936 11.244860 -2.142251
v -0.342332 10.893409 -3.832585
v -0.372989 10.891685 -4.066045
v -0.267441 10.939376 -3.937125
v -0.177640 10.826970 -3.945481
v -0.308677 10.795613 -4.077572
v -0.352003 10.671189 -3.999152
v -0.234250 10.607917 -3.850528
v -0.322205 10.667863 -3.771689
v -0.428964 10.722129 -3.934615
v -0.441637 10.866305 -3.978580
v -0.521373 10.859416 -4.098769
v -0.453451 10.874388 -4.171213
v -0.409693 10.785251 -4.187467
v -0.456448 10.699448 -4.126027
v -0.523474 10.748180 -4.069979
v -0.644757 10.866340 -4.276458
v -0.570647 10.872705 -4.328380
v -0.550519 10.789651 -4.358805
v -0.612189 10.731956 -4.325686
v -0.670431 10.779353 -4.274793
v -0.743458 10.960549 -4.605610
v -0.750209 10.880505 -4.636864
v -0.822206 10.845443 -4.604975
v -0.859950 10.903819 -4.554013
v -0.811282 10.974959 -4.554406
v -0.913203 11.116752 -4.881346
v -0.943357 11.047578 -4.912707
v -1.015528 11.033113 -4.877212
v -1.029979 11.093349 -4.823913
v -0.966738 11.145039 -4.826468
v -1.015759 11.257030 -5.041410
v -1.069550 11.210652 -5.065751
v -1.127839 11.216028 -5.018738
v -1.110073 11.265727 -4.965342
v -1.040804 11.291066 -4.979354
v -1.118719 11.461423 -5.111846
v -1.112406 11.430793 -5.175259
v -1.173633 11.398764 -5.190245
v -1.217786 11.409599 -5.136095
v -1.183848 11.448323 -5.087642
v -1.153877 11.569435 -5.169993
v -1.163730 11.544883 -5.230870
v -1.226536 11.523721 -5.234533
v -1.255499 11.535193 -5.175921
v -1.210593 11.563446 -5.136033
v -1.206411 11.652423 -5.263741
v -1.266204 11.637611 -5.255925
v -1.280571 11.646676 -5.196200
v -1.229656 11.667091 -5.167102
v -1.183823 11.670643 -5.208844
v -1.207029 11.736527 -5.229960
v -1.241901 11.724681 -5.271832
v -1.291313 11.711163 -5.249803
v -1.286980 11.714653 -5.194318
v -1.234889 11.730330 -5.182054
v -1.271234 11.791272 -5.270093
v -1.311190 11.774331 -5.242166
v -1.297196 11.774629 -5.192493
v -1.248592 11.791757 -5.189720
v -1.232547 11.802041 -5.237680
v -1.254404 11.840049 -5.235130
v -1.293628 11.827910 -5.259027
v -1.322802 11.805522 -5.228952
v -1.301609 11.803826 -5.186468
v -1.259337 11.825164 -5.190287
v -1.283869 11.870627 -5.221124
v -1.318332 11.853696 -5.236777
v -1.329943 11.822772 -5.211710
v -1.302655 11.820593 -5.180565
v -1.274179 11.850167 -5.186383
v -1.311594 11.854848 -5.197938
v -0.160627 11.692401 -3.943972
v -0.184262 11.609795 -3.940920
v -0.274428 11.540868 -3.889110
v -0.206744 11.655089 -3.874737
v -0.158306 11.547773 -3.843587
v -0.243119 11.350566 -3.855581
v -0.153722 11.307932 -3.913511
v -0.089964 11.521066 -3.903853
v -0.101715 11.609551 -3.980440
v -0.143982 11.466725 -4.004306
v -0.070912 11.725436 -3.973184
v -0.134740 11.778556 -3.944202
v -0.154385 11.759649 -3.869441
v -0.095432 11.694606 -3.842382
v -0.042422 11.674218 -3.904506
v -0.021875 11.897258 -3.976794
v -0.090972 11.921039 -3.951343
v -0.087013 11.927981 -3.874377
v -0.015468 11.908490 -3.852259
v 0.024789 11.889503 -3.915556
v 0.051939 12.256925 -4.018072
v 0.002351 12.276783 -3.967789
v 0.035197 12.276454 -3.902193
v 0.105086 12.256392 -3.911936
v 0.115433 12.244322 -3.983553
v 0.074514 12.558594 -3.982713
v 0.127233 12.553334 -3.937922
v 0.183976 12.535436 -3.973603
v 0.166326 12.529634 -4.040446
v 0.098675 12.543945 -4.046077
v 0.128547 12.769982 -4.061719
v 0.130275 12.779448 -3.996999
v 0.192079 12.771485 -3.977043
v 0.228547 12.757098 -4.029430
v 0.189283 12.756169 -4.081763
v 0.154078 12.971334 -4.071727
v 0.177846 12.976274 -4.015193
v 0.238545 12.967061 -4.019216
v 0.252291 12.956424 -4.078235
v 0.200087 12.959063 -4.110689
v 0.220580 13.099138 -4.030549
v 0.265635 13.088515 -4.061606
v 0.249111 13.082776 -4.114534
v 0.193842 13.089851 -4.116188
v 0.176209 13.099962 -4.064282
v 0.203300 13.222266 -4.072086
v 0.252298 13.217498 -4.055518
v 0.281894 13.204973 -4.096327
v 0.251187 13.202004 -4.138117
v 0.202613 13.212692 -4.123135
v 0.274370 13.277577 -4.079711
v 0.287517 13.261807 -4.123308
v 0.248412 13.261544 -4.151465
v 0.211096 13.277152 -4.125272
v 0.227140 13.287063 -4.080926
v 0.290215 13.318099 -4.108073
v 0.287798 13.297785 -4.147572
v 0.245750 13.300434 -4.161842
v 0.222180 13.322387 -4.131163
v 0.249661 13.333304 -4.097931
v 0.267725 13.366209 -4.125399
v 0.298542 13.344785 -4.141465
v 0.283044 13.319480 -4.169506
v 0.242649 13.325263 -4.170769
v 0.233181 13.354146 -4.143509
v 0.280665 13.353454 -4.194165
v 0.260012 13.326592 -4.183760
v 0.236766 13.339164 -4.160138
v 0.243051 13.373794 -4.155945
v 0.270183 13.382626 -4.176976
v 0.248479 13.358230 -4.185351
v -0.488407 9.807716 -0.992747
v -0.534592 9.917361 -1.066999
v -0.480449 9.978589 -1.033237
v -0.367857 9.969838 -1.153985
v -0.460366 9.909615 -1.180241
v -0.381897 9.752176 -1.202266
v -0.248003 9.731429 -1.196277
v -0.274726 9.662401 -1.062117
v -0.403007 9.689300 -1.087453
v -0.395026 9.857751 -0.932381
v -0.556386 9.777337 -1.032715
v -0.584241 9.879186 -1.091325
v -0.531098 9.872235 -1.197668
v -0.475905 9.748973 -1.215263
v -0.493014 9.690369 -1.113733
v -0.657066 9.742059 -1.077774
v -0.667103 9.839184 -1.123250
v -0.635118 9.831382 -1.225807
v -0.605313 9.729436 -1.243715
v -0.618878 9.674232 -1.152226
v -0.829892 9.799954 -1.163437
v -0.804659 9.799476 -1.262846
v -0.781661 9.703074 -1.289244
v -0.792682 9.643972 -1.206150
v -0.822490 9.703847 -1.128397
v -0.959096 9.681899 -1.165971
v -0.963108 9.775878 -1.191455
v -0.943379 9.782125 -1.286689
v -0.927174 9.692006 -1.320061
v -0.936888 9.630063 -1.245454
v -1.070571 9.762488 -1.210597
v -1.054885 9.774756 -1.300819
v -1.045119 9.691505 -1.339681
v -1.054769 9.627783 -1.273478
v -1.070500 9.671652 -1.193699
v -1.170218 9.756925 -1.225838
v -1.156974 9.774390 -1.310421
v -1.152981 9.698407 -1.353378
v -1.163757 9.633982 -1.295345
v -1.174410 9.670148 -1.216520
v -1.243104 9.674459 -1.234729
v -1.232477 9.753691 -1.234536
v -1.219845 9.777104 -1.309921
v -1.222665 9.712344 -1.356705
v -1.237039 9.648905 -1.310233
v -1.310936 9.684215 -1.249200
v -1.296438 9.757653 -1.243827
v -1.282356 9.783619 -1.312817
v -1.288152 9.726231 -1.360828
v -1.305815 9.664796 -1.321511
v -1.349004 9.693799 -1.259888
v -1.331363 9.761056 -1.250178
v -1.314675 9.788347 -1.312673
v -1.322001 9.737958 -1.361007
v -1.343218 9.679523 -1.328384
v -1.357952 9.764831 -1.256552
v -1.337945 9.792225 -1.312490
v -1.345296 9.748203 -1.360321
v -1.369845 9.693602 -1.333944
v -1.377667 9.703877 -1.269811
v -1.378127 9.768521 -1.263177
v -1.354646 9.794928 -1.312521
v -1.360590 9.756398 -1.359036
v -1.387745 9.706181 -1.338440
v -1.398583 9.713672 -1.279196
v -1.414633 9.723316 -1.288460
v -1.394903 9.772598 -1.270555
v -1.368386 9.797204 -1.313334
v -1.371729 9.763129 -1.357678
v -1.400311 9.717465 -1.342305
v -1.410383 9.776336 -1.281367
v -1.381266 9.797593 -1.314764
v -1.379290 9.768199 -1.354097
v -1.407186 9.728775 -1.345009
v -1.426402 9.733804 -1.300060
v -1.417448 9.770763 -1.327230
v -0.766306 11.188350 -0.823452
v -0.814178 11.214129 -0.716542
v -0.934213 11.099193 -0.796267
v -0.960249 10.940366 -0.742208
v -0.804419 11.104967 -0.656967
v -0.695719 11.011512 -0.711417
v -0.795912 10.785802 -0.801175
v -0.776563 10.844083 -0.923929
v -0.679810 11.060941 -0.817028
v -0.896629 11.043593 -0.929334
v -0.714232 11.327243 -0.646204
v -0.687122 11.243999 -0.587264
v -0.598937 11.182193 -0.636531
v -0.588072 11.226409 -0.730864
v -0.664635 11.316884 -0.738157
v -0.516746 11.522275 -0.617454
v -0.569762 11.517271 -0.538762
v -0.525905 11.459439 -0.477441
v -0.445785 11.428702 -0.518234
v -0.440124 11.467537 -0.604767
v -0.268254 11.975915 -0.416814
v -0.306517 11.965211 -0.335741
v -0.250669 11.915799 -0.284838
v -0.177889 11.895968 -0.334451
v -0.188757 11.933123 -0.416017
v -0.061499 12.422282 -0.263591
v -0.084887 12.409055 -0.182321
v -0.020925 12.368244 -0.142698
v 0.041993 12.356250 -0.199478
v 0.016917 12.389646 -0.274194
v 0.052335 12.723663 -0.181253
v 0.049288 12.710364 -0.103805
v 0.118541 12.680490 -0.081534
v 0.164389 12.675323 -0.145219
v 0.123472 12.702008 -0.206848
v 0.163632 13.032870 -0.117512
v 0.171899 13.020497 -0.044962
v 0.240804 12.995814 -0.033661
v 0.275122 12.992930 -0.099227
v 0.227428 13.015834 -0.151049
v 0.238762 13.197237 -0.023148
v 0.304937 13.175958 -0.021741
v 0.328392 13.174372 -0.087172
v 0.276712 13.194671 -0.129018
v 0.221319 13.208802 -0.089449
v 0.272416 13.362487 -0.070445
v 0.296857 13.351193 -0.011238
v 0.358515 13.331738 -0.018322
v 0.372181 13.331008 -0.081906
v 0.318969 13.350013 -0.114120
v 0.310080 13.457633 -0.057280
v 0.341146 13.445522 -0.009323
v 0.393742 13.426541 -0.026204
v 0.395183 13.426920 -0.084595
v 0.343476 13.446137 -0.103801
v 0.381119 13.532864 -0.010643
v 0.426659 13.513150 -0.032081
v 0.421635 13.514258 -0.085892
v 0.372991 13.534657 -0.097712
v 0.347950 13.546157 -0.051205
v 0.375594 13.594971 -0.049287
v 0.409285 13.580264 -0.015749
v 0.447198 13.559285 -0.040218
v 0.436938 13.561028 -0.088879
v 0.392685 13.583083 -0.094484
v 0.439320 13.617161 -0.026941
v 0.464877 13.593792 -0.053154
v 0.448526 13.596029 -0.093330
v 0.412862 13.620783 -0.091947
v 0.407173 13.633843 -0.050915
v 0.444823 13.627307 -0.066603
v -1.373306 12.998230 -0.814402
v -1.510216 13.037226 -0.805634
v -1.444603 13.029757 -0.856655
v -1.471759 12.953536 -0.919990
v -1.536391 12.970771 -0.836505
v -1.506825 12.880679 -0.793028
v -1.460130 12.792220 -0.857517
v -1.375533 12.847783 -0.826849
v -1.443189 12.921796 -0.762537
v -1.447827 13.019696 -0.766010
v -1.504896 13.047839 -0.728184
v -1.559527 13.054804 -0.767377
v -1.586266 12.994542 -0.776468
v -1.554963 12.937980 -0.733615
v -1.501311 12.975392 -0.708819
v -1.626619 13.095077 -0.712396
v -1.660349 13.045106 -0.699239
v -1.637635 13.019782 -0.647755
v -1.589867 13.054101 -0.629092
v -1.583058 13.100636 -0.669043
v -1.746615 13.183864 -0.616064
v -1.762427 13.139043 -0.582475
v -1.724598 13.135376 -0.538399
v -1.685408 13.177932 -0.544748
v -1.699015 13.207897 -0.592748
v -1.843363 13.270202 -0.520267
v -1.839632 13.237311 -0.476688
v -1.794001 13.250417 -0.449469
v -1.769530 13.291404 -0.476227
v -1.800038 13.303632 -0.519982
v -1.912807 13.355525 -0.429492
v -1.891326 13.336280 -0.387083
v -1.845894 13.359159 -0.380547
v -1.839296 13.392545 -0.418916
v -1.880651 13.390299 -0.449166
v -1.929225 13.442834 -0.393061
v -1.937544 13.414655 -0.357406
v -1.898589 13.410796 -0.332867
v -1.866194 13.436591 -0.353355
v -1.885129 13.456391 -0.390557
v -1.954525 13.502563 -0.335292
v -1.946841 13.479573 -0.299942
v -1.904546 13.479701 -0.292992
v -1.886091 13.502770 -0.324046
v -1.916979 13.516898 -0.350189
v -1.932932 13.516809 -0.270915
v -1.894926 13.515623 -0.281848
v -1.891409 13.535287 -0.316001
v -1.927242 13.548625 -0.326175
v -1.952904 13.537206 -0.298311
v -1.909971 13.543496 -0.258075
v -1.884661 13.536938 -0.283276
v -1.894137 13.554599 -0.313559
v -1.925304 13.572070 -0.307073
v -1.935090 13.565209 -0.272783
v -1.904352 13.585855 -0.264232
v -1.884008 13.559859 -0.261646
v -1.880073 13.546900 -0.291860
v -1.897985 13.564885 -0.313119
v -1.912990 13.588962 -0.296044
v -1.866660 13.587104 -0.298853
v -1.867424 13.558915 -0.295476
v -1.894661 13.550908 -0.294672
v -1.910731 13.574148 -0.297552
v -1.893425 13.596520 -0.300136
v -1.886511 13.572082 -0.309332
v 1.169001 10.887380 -0.744555
v 1.074091 10.955636 -0.593661
v 1.096963 11.007663 -0.662957
v 0.964849 10.990013 -0.734433
v 0.957600 10.943303 -0.636427
v 0.923047 10.793307 -0.688207
v 0.904002 10.763237 -0.812328
v 1.029871 10.700825 -0.810331
v 1.030209 10.735973 -0.685697
v 1.131178 10.849901 -0.637473
v 1.106399 10.828230 -0.559397
v 1.059401 10.924977 -0.534758
v 0.953861 10.915687 -0.562686
v 0.927814 10.798623 -0.597146
v 1.022042 10.744729 -0.593864
v 1.081349 10.805154 -0.446596
v 1.042803 10.895978 -0.442058
v 0.945213 10.888412 -0.455255
v 0.923445 10.792912 -0.467949
v 1.007581 10.741456 -0.462598
v 1.045118 10.797887 -0.232651
v 1.016925 10.887361 -0.239329
v 0.923921 10.887561 -0.253292
v 0.894634 10.798210 -0.255244
v 0.969538 10.742789 -0.242487
v 1.014788 10.817193 -0.089857
v 1.000869 10.899696 -0.113836
v 0.915659 10.909373 -0.128709
v 0.876916 10.832849 -0.113922
v 0.938181 10.775879 -0.089910
v 0.991274 10.858045 0.047592
v 0.985274 10.932857 0.013538
v 0.905581 10.947798 -0.001234
v 0.862327 10.882222 0.023691
v 0.915288 10.826751 0.053867
v 0.981491 10.904120 0.131921
v 0.981657 10.969839 0.090210
v 0.907690 10.989659 0.076256
v 0.861809 10.936189 0.109341
v 0.907420 10.883323 0.143744
v 0.978026 10.940862 0.179710
v 0.984266 10.993281 0.132151
v 0.919521 11.020091 0.120401
v 0.873266 10.984240 0.160699
v 0.909425 10.935273 0.197354
v 0.982199 10.978957 0.222380
v 0.991118 11.024457 0.174584
v 0.933031 11.055437 0.164567
v 0.888211 11.029085 0.206173
v 0.918599 10.981816 0.241903
v 0.987541 11.002604 0.245659
v 0.998869 11.043386 0.200112
v 0.947639 11.077622 0.191798
v 0.904649 11.058001 0.232206
v 0.929310 11.011637 0.265493
v 0.988063 11.015711 0.257770
v 1.003434 11.053012 0.219436
v 0.961893 11.089545 0.213363
v 0.920850 11.074822 0.247943
v 0.937024 11.029189 0.275388
v 0.991441 11.027799 0.270393
v 1.009601 11.064166 0.238981
v 0.973464 11.100337 0.234004
v 0.932969 11.086327 0.262340
v 0.944080 11.041495 0.284830
v 1.012043 11.069978 0.254247
v 0.980238 11.104509 0.249877
v 0.940303 11.090231 0.270478
v 0.947426 11.046874 0.287580
v 0.991763 11.034356 0.277549
v 0.980294 11.077272 0.289388
v 1.316602 12.116057 -0.363849
v 1.326221 12.285050 -0.535640
v 1.428130 12.326598 -0.550305
v 1.430434 12.193664 -0.407761
v 1.504242 12.054808 -0.401836
v 1.484261 12.233357 -0.581754
v 1.404327 12.135866 -0.641479
v 1.402840 11.895579 -0.497528
v 1.289171 11.930552 -0.462474
v 1.307534 12.166720 -0.608552
v 1.427433 12.456977 -0.675686
v 1.472158 12.386851 -0.722897
v 1.401772 12.320992 -0.770963
v 1.317019 12.349536 -0.738175
v 1.334458 12.433722 -0.672681
v 1.428011 12.674188 -0.863796
v 1.464142 12.626763 -0.926576
v 1.400480 12.591727 -0.973645
v 1.325003 12.617497 -0.939955
v 1.342019 12.668462 -0.872064
v 1.352021 13.081553 -1.139122
v 1.434205 13.079968 -1.142487
v 1.456089 13.037887 -1.209705
v 1.387430 13.013463 -1.247882
v 1.323112 13.040450 -1.204259
v 1.356290 13.535283 -1.388965
v 1.432698 13.529150 -1.403360
v 1.441479 13.493289 -1.472062
v 1.370497 13.477258 -1.500128
v 1.317847 13.503211 -1.448771
v 1.427496 13.831680 -1.553798
v 1.419470 13.804656 -1.619678
v 1.349306 13.797095 -1.632113
v 1.313969 13.819446 -1.573919
v 1.362293 13.840819 -1.525518
v 1.415703 14.142638 -1.686135
v 1.398667 14.120259 -1.747477
v 1.331367 14.116124 -1.750220
v 1.306808 14.135950 -1.690573
v 1.358930 14.152338 -1.650966
v 1.356755 14.329344 -1.713406
v 1.404862 14.319479 -1.753429
v 1.380674 14.300422 -1.808794
v 1.317617 14.298511 -1.802988
v 1.302834 14.316386 -1.744035
v 1.352089 14.483823 -1.765884
v 1.391678 14.473739 -1.808818
v 1.362170 14.456691 -1.857305
v 1.304342 14.456236 -1.844337
v 1.298112 14.473006 -1.787836
v 1.349100 14.579387 -1.803634
v 1.376833 14.568450 -1.847724
v 1.342579 14.552285 -1.885114
v 1.293675 14.553233 -1.864133
v 1.297705 14.569984 -1.813776
v 1.360996 14.656645 -1.881841
v 1.325566 14.639959 -1.911715
v 1.282923 14.641528 -1.887113
v 1.291998 14.659183 -1.842033
v 1.340250 14.668527 -1.838776
v 1.331526 14.717858 -1.863254
v 1.346169 14.704867 -1.904154
v 1.311042 14.687024 -1.926596
v 1.274689 14.688989 -1.899567
v 1.287350 14.708046 -1.860420
v 1.325077 14.742831 -1.925619
v 1.293134 14.722560 -1.937240
v 1.266159 14.724629 -1.908355
v 1.281429 14.746181 -1.878882
v 1.317842 14.757432 -1.889551
v 1.290383 14.752694 -1.914856
v 1.762862 14.033429 -0.302592
v 1.818099 14.058490 -0.244495
v 1.793204 14.084664 -0.183850
v 1.736822 14.073002 -0.235113
v 1.673583 14.010826 -0.189262
v 1.762718 14.029014 -0.146343
v 1.785320 13.941778 -0.168698
v 1.703222 13.862832 -0.189295
v 1.720094 13.910542 -0.283767
v 1.805081 13.973084 -0.238584
v 1.864017 14.087833 -0.201068
v 1.837677 14.103512 -0.146292
v 1.828320 14.051585 -0.113166
v 1.855623 13.993350 -0.141352
v 1.872119 14.021100 -0.199225
v 1.903181 14.143399 -0.097317
v 1.916080 14.099122 -0.063330
v 1.957096 14.068458 -0.089007
v 1.969545 14.093781 -0.138862
v 1.936224 14.140099 -0.143998
v 2.072833 14.267732 -0.030600
v 2.055182 14.250869 0.017600
v 2.082750 14.206323 0.030825
v 2.117438 14.195655 -0.009202
v 2.111309 14.233609 -0.047165
v 2.181266 14.361393 0.059689
v 2.181112 14.331289 0.100614
v 2.215296 14.294456 0.093138
v 2.236577 14.301795 0.047593
v 2.215545 14.343165 0.026920
v 2.300152 14.402952 0.159650
v 2.331987 14.377669 0.134866
v 2.336889 14.398042 0.092112
v 2.308083 14.435917 0.090471
v 2.285378 14.438952 0.132212
v 2.365748 14.479221 0.173166
v 2.390564 14.444311 0.175425
v 2.405473 14.436077 0.136060
v 2.389870 14.465898 0.109471
v 2.365319 14.492562 0.132405
v 2.446899 14.521919 0.188564
v 2.468348 14.490968 0.175704
v 2.467083 14.490808 0.135933
v 2.444852 14.521661 0.124213
v 2.432378 14.540887 0.156741
v 2.495769 14.542861 0.177313
v 2.506589 14.515931 0.154799
v 2.489050 14.520152 0.122803
v 2.467390 14.549691 0.125543
v 2.471543 14.563725 0.159232
v 2.523006 14.534719 0.126899
v 2.493578 14.539720 0.111230
v 2.479268 14.567224 0.124470
v 2.499852 14.579221 0.148321
v 2.526884 14.559134 0.149822
v 2.518204 14.548488 0.100906
v 2.488540 14.551709 0.108289
v 2.485550 14.577655 0.124499
v 2.513366 14.590468 0.127134
v 2.533548 14.572439 0.112553
v 2.487530 14.556607 0.097341
v 2.494824 14.558907 0.122574
v 2.502110 14.583909 0.126705
v 2.499319 14.597061 0.104023
v 2.490308 14.580188 0.085876
v 2.484279 14.577943 0.110113
v 1.165051 11.218787 -1.703355
v 1.062092 11.241938 -1.735826
v 0.995612 11.242537 -1.674139
v 1.096294 11.219013 -1.609954
v 1.032123 11.088024 -1.584020
v 0.937895 11.118204 -1.643271
v 0.952943 11.078269 -1.711368
v 1.051478 11.029897 -1.677071
v 1.127642 11.124942 -1.760498
v 1.019968 11.177904 -1.784310
v 1.206892 11.182689 -1.675721
v 1.157489 11.182954 -1.587921
v 1.109896 11.081053 -1.568340
v 1.125963 11.026990 -1.650289
v 1.183519 11.095462 -1.720502
v 1.257989 11.064917 -1.678685
v 1.267815 11.148025 -1.644503
v 1.236081 11.147347 -1.559860
v 1.206642 11.063823 -1.541730
v 1.220182 11.012877 -1.615168
v 1.367856 11.116840 -1.609249
v 1.338521 11.123171 -1.528765
v 1.311446 11.045444 -1.504191
v 1.324049 10.991076 -1.569488
v 1.358912 11.035201 -1.634418
v 1.453977 11.013316 -1.590906
v 1.461018 11.092736 -1.574327
v 1.433191 11.105246 -1.498823
v 1.408953 11.033557 -1.468737
v 1.421800 10.976744 -1.525647
v 1.517219 11.002769 -1.555372
v 1.519769 11.077404 -1.550797
v 1.492588 11.097418 -1.484025
v 1.473238 11.035151 -1.447333
v 1.488461 10.976655 -1.491427
v 1.579343 11.069596 -1.524771
v 1.551685 11.093265 -1.464443
v 1.535775 11.037496 -1.424426
v 1.553600 10.979360 -1.460023
v 1.580527 10.999198 -1.522039
v 1.611377 11.067457 -1.509103
v 1.582776 11.093589 -1.455488
v 1.570189 11.044451 -1.413034
v 1.591010 10.987949 -1.440410
v 1.616465 11.002168 -1.499784
v 1.638445 11.068599 -1.494692
v 1.608761 11.095992 -1.447815
v 1.599123 11.053519 -1.403857
v 1.622851 10.999876 -1.423567
v 1.647153 11.009195 -1.479707
v 1.653516 11.068311 -1.484057
v 1.622760 11.095662 -1.446719
v 1.616352 11.062800 -1.402367
v 1.643148 11.015139 -1.412294
v 1.666117 11.018545 -1.462781
v 1.681761 11.028279 -1.450551
v 1.668099 11.071796 -1.474311
v 1.637507 11.098298 -1.442581
v 1.632262 11.071159 -1.399211
v 1.659612 11.027885 -1.404137
v 1.675802 11.073729 -1.467667
v 1.646371 11.099214 -1.440728
v 1.641461 11.076892 -1.399267
v 1.667857 11.037614 -1.400582
v 1.689081 11.035659 -1.442855
v 1.682141 11.074824 -1.459895
v 1.656625 11.099187 -1.438378
v 1.650739 11.081929 -1.401296
v 1.672617 11.046903 -1.399894
v 1.692024 11.042510 -1.436110
v 1.684625 11.077940 -1.420797
v 1.278193 11.810596 -1.919614
v 1.366263 11.753003 -1.899910
v 1.366382 11.626492 -1.955925
v 1.251063 11.726705 -1.969927
v 1.167281 11.656911 -1.907686
v 1.231367 11.515075 -1.879429
v 1.236047 11.548321 -1.773943
v 1.176467 11.688279 -1.818056
v 1.264011 11.780786 -1.825681
v 1.368892 11.689064 -1.787304
v 1.198780 11.849082 -1.853531
v 1.218224 11.862181 -1.936212
v 1.179472 11.799378 -1.980650
v 1.115024 11.752268 -1.925693
v 1.127415 11.782187 -1.846943
v 1.142812 11.947931 -1.961111
v 1.093127 11.904689 -2.001967
v 1.037331 11.880473 -1.953924
v 1.052533 11.908748 -1.883375
v 1.117723 11.950440 -1.887817
v 1.028066 12.098622 -1.933808
v 1.041448 12.089896 -2.005534
v 0.987764 12.048415 -2.033767
v 0.941203 12.031505 -1.979490
v 0.966112 12.062533 -1.917712
v 0.948913 12.218724 -2.042676
v 0.893681 12.179847 -2.059025
v 0.856812 12.169455 -2.001041
v 0.889258 12.201910 -1.948857
v 0.946179 12.232362 -1.974588
v 0.881138 12.336807 -2.006742
v 0.874633 12.319423 -2.069600
v 0.820045 12.283576 -2.075155
v 0.792813 12.278806 -2.015729
v 0.830571 12.311705 -1.973448
v 0.807186 12.408971 -2.090766
v 0.755129 12.376215 -2.086848
v 0.737055 12.376155 -2.027930
v 0.777941 12.408872 -1.995433
v 0.821284 12.429154 -2.034269
v 0.779493 12.485551 -2.056169
v 0.757355 12.462420 -2.101915
v 0.711980 12.433753 -2.086522
v 0.706074 12.439163 -2.031262
v 0.747800 12.471177 -2.012503
v 0.737031 12.539512 -2.071476
v 0.711811 12.514929 -2.109773
v 0.672463 12.488276 -2.088596
v 0.673364 12.496387 -2.037209
v 0.713270 12.528052 -2.026629
v 0.683387 12.540572 -2.110840
v 0.651192 12.515183 -2.085367
v 0.657811 12.525317 -2.038639
v 0.694095 12.556968 -2.035233
v 0.709902 12.566396 -2.079856
v 0.660104 12.557866 -2.108632
v 0.636263 12.532947 -2.080418
v 0.647626 12.544460 -2.038902
v 0.678489 12.576495 -2.041457
v 0.686201 12.584779 -2.084552
v 0.663471 12.597939 -2.085437
v 0.639365 12.570140 -2.103283
v 0.625351 12.545033 -2.074202
v 0.640796 12.557315 -2.038383
v 0.664355 12.590014 -2.045327
v 0.616575 12.577535 -2.088811
v 0.620980 12.552174 -2.064358
v 0.642706 12.564780 -2.039265
v 0.651728 12.597936 -2.048210
v 0.635578 12.605818 -2.078832
v 0.621614 12.584949 -2.056256
v 0.911191 5.027602 -1.651605
v 2.956461 5.409145 -2.011088
v 3.255774 4.035757 -1.969228
v 1.219461 3.551396 -1.604436
v 0.946369 4.217782 -2.392175
v 2.988123 4.644814 -2.709427
v 3.226647 4.738941 -1.326756
v 1.186274 4.315376 -0.905784
v 2.370211 3.182395 -1.765602
v 1.880513 4.392177 -3.111795
v 1.813994 5.773803 -1.845976
v 2.303692 4.564021 -0.499781
v 0.759995 4.405285 -2.479817
v -0.670169 5.414931 -3.494658
v -1.376585 5.629541 -2.364430
v 0.015830 4.625724 -1.256874
v 0.748040 5.155556 -1.739595
v -0.686292 6.126184 -2.799944
v -1.361752 4.975190 -3.003567
v 0.027108 3.917922 -1.955196
v -0.990957 5.219670 -1.304080
v 0.300128 6.110918 -2.186558
v 0.325830 4.825902 -3.446743
v -0.965255 3.934654 -2.564265
v 2.360628 4.594741 -2.587188
v 4.055979 5.271698 -2.050884
v 4.125870 4.432101 -1.106429
v 2.429157 3.691242 -1.575800
v 2.712793 3.676245 -2.493441
v 4.388276 4.405218 -1.962415
v 3.820158 5.229262 -1.187821
v 2.096926 4.557748 -1.664241
v 3.306915 3.689100 -0.921520
v 3.784449 3.707004 -2.539942
v 3.180552 5.274513 -2.700789
v 2.703019 5.256609 -1.082366
v 2.673063 3.772202 -2.796377
v 2.548682 3.982568 -4.596900
v 1.523178 4.613242 -4.482118
v 1.573243 4.447915 -2.664232
v 2.459544 4.685533 -2.687668
v 2.347240 4.844186 -4.494255
v 1.708504 3.820552 -4.576550
v 1.774676 3.586283 -2.766788
v 1.091925 4.809474 -3.520642
v 2.660459 5.181120 -3.562217
v 3.025264 3.621060 -3.744637
v 1.456731 3.249412 -3.703061
v 0.724553 5.466610 -1.979643
v 2.123807 6.114931 -2.669347
v 2.542898 5.087560 -2.855067
v 1.165787 4.360190 -2.174752
v 0.681338 4.888109 -2.639174
v 2.083775 5.569524 -3.291902
v 2.579728 5.589333 -2.282317
v 1.206556 4.905945 -1.552552
v 2.039251 4.266227 -2.595426
v 1.185911 5.220809 -3.376822
v 1.256898 6.207360 -2.249137
v 2.110238 5.252779 -1.467742
v 0.841272 4.985544 -2.631587
v -0.059230 5.616580 -3.799587
v -0.927369 5.601362 -3.176429
v -0.084089 4.964822 -1.954720
v 0.493554 5.517747 -2.091084
v -0.387026 6.118454 -3.289326
v -0.625797 5.139636 -3.645869
v 0.243947 4.462744 -2.464627
v -0.891230 5.273831 -2.287421
v 0.144909 6.216489 -2.549016
v 0.740610 5.306274 -3.469491
v -0.295529 4.363616 -3.207894
v 2.847403 4.958350 -2.976466
v 4.299311 5.259518 -2.972785
v 4.484753 4.446210 -2.450162
v 3.046850 4.085822 -2.415779
v 3.012359 4.227677 -3.148504
v 4.447574 4.568562 -3.134987
v 4.348352 5.081890 -2.300936
v 2.891232 4.775135 -2.253479
v 3.851256 3.907693 -2.199077
v 3.775298 4.191721 -3.478221
v 3.494227 5.439657 -3.184433
v 3.570186 5.155628 -1.905289
v 3.130000 4.343921 -3.078831
v 3.403170 4.669071 -4.412787
v 2.593865 5.117776 -4.484203
v 2.262582 4.826320 -3.159410
v 2.911176 5.026231 -2.970756
v 3.194897 5.310824 -4.302690
v 2.785477 4.527365 -4.585495
v 2.469020 4.182631 -3.261368
v 2.069964 5.169558 -3.858804
v 3.219321 5.485499 -3.526301
v 3.593480 4.320779 -3.712939
v 2.444123 4.004838 -4.045443
v 0.629249 5.690234 -2.128314
v 1.409954 6.474493 -2.752095
v 1.900036 5.828687 -2.985904
v 1.154422 4.996665 -2.378660
v 0.645318 5.280503 -2.643909
v 1.423516 6.086267 -3.237207
v 1.887560 6.185853 -2.539599
v 1.139262 5.383204 -1.892250
v 1.745553 5.127074 -2.785398
v 0.848152 5.644330 -3.224418
v 0.820759 6.344092 -2.343961
v 1.718160 5.826835 -1.904941
v 0.765728 5.316244 -2.592275
v 0.353207 6.151659 -3.321884
v -0.251738 6.300374 -2.840138
v 0.118492 5.471968 -2.071961
v 0.670727 5.695926 -2.118084
v 0.264017 6.508907 -2.873695
v -0.169683 5.971704 -3.252472
v 0.208115 5.113776 -2.519311
v -0.335791 5.950795 -2.242177
v 0.640904 6.322506 -2.344127
v 0.803518 5.673319 -3.153207
v -0.173177 5.301608 -3.051257
v 2.800650 5.129261 -3.138462
v 3.693645 5.623384 -3.430196
v 4.055818 5.284640 -2.931731
v 3.193394 4.768159 -2.605107
v 3.081197 4.657967 -3.115072
v 3.952435 5.175426 -3.406077
v 3.817730 5.696761 -2.953918
v 2.928726 5.212776 -2.627172
v 3.787635 4.879916 -2.548048
v 3.572842 4.707588 -3.444188
v 3.096052 5.513762 -3.484936
v 3.310845 5.686089 -2.588794
v 1.015514 4.230156 -1.819908
v 3.090366 4.526059 -1.505352
v 3.132226 3.453700 -0.596602
v 1.062947 3.079992 -0.844556
v 1.199958 3.150830 -1.900679
v 3.257973 3.506819 -1.582425
v 2.978028 4.391400 -0.525694
v 0.888944 4.098224 -0.768358
v 2.118642 2.793796 -0.316389
v 2.345552 2.971222 -2.169129
v 2.032603 4.814744 -2.030914
v 1.805694 4.637318 -0.178173
v 1.402468 3.175961 -1.734512
v 0.794749 2.841679 -3.629908
v -0.358996 3.494743 -3.410728
v 0.167789 3.878626 -1.488722
v 1.085119 4.171918 -1.824370
v 0.495939 3.781621 -3.712696
v -0.084090 2.629996 -3.334563
v 0.467174 2.939045 -1.403950
v -0.608826 3.975195 -2.349640
v 1.021506 4.442571 -2.927252
v 1.564004 2.742086 -2.771985
v -0.066329 2.274710 -2.194373
v 1.028476 4.006619 -1.986085
v 2.796976 4.639786 -1.867734
v 2.994980 3.967572 -0.832641
v 1.239905 3.284996 -0.875579
v 1.355374 3.106046 -1.800100
v 3.099065 3.787866 -1.692569
v 2.717058 4.751338 -0.993793
v 0.931511 4.134593 -1.051036
v 2.206156 3.330930 -0.393837
v 2.386631 3.058912 -2.028219
v 1.829770 4.597367 -2.345762
v 1.649295 4.869384 -0.711380
v 1.447775 3.117178 -1.755301
v 1.135866 2.944663 -3.508712
v 0.177963 3.641968 -3.429092
v 0.419811 3.865201 -1.671343
v 1.291373 4.027690 -1.833558
v 0.989805 3.804646 -3.573137
v 0.312339 2.850783 -3.369821
v 0.567360 3.006228 -1.597515
v -0.127728 4.059569 -2.517669
v 1.413034 4.300715 -2.791239
v 1.679660 2.745481 -2.660487
v 0.138898 2.504336 -2.386918
v 1.242452 3.941688 -1.984832
v 2.884889 4.023085 -2.029780
v 2.968007 3.274218 -1.236953
v 1.327020 3.137915 -1.134008
v 1.298673 3.089880 -1.962274
v 2.933390 3.219212 -2.008288
v 2.923386 4.013782 -1.256726
v 1.273981 3.941507 -1.155289
v 2.184466 2.875421 -0.832092
v 2.125336 2.832947 -2.288605
v 2.029730 4.287631 -2.327145
v 2.088859 4.330105 -0.870632
v 1.391644 3.094552 -1.930807
v 1.377730 3.434305 -3.446907
v 0.805772 4.274765 -3.273812
v 0.777990 3.996514 -1.746118
v 1.549627 3.867971 -1.772221
v 1.526754 4.163128 -3.293356
v 0.668670 3.604249 -3.415079
v 0.628950 3.266873 -1.895728
v 0.537584 4.507391 -2.434858
v 1.885850 4.242413 -2.485707
v 1.616062 2.921912 -2.757938
v 0.267796 3.186890 -2.707089
v 1.359331 3.904619 -2.012045
v 2.727054 3.711588 -2.314283
v 2.752906 2.941615 -1.780077
v 1.390839 3.078017 -1.439780
v 1.246453 3.190662 -2.127361
v 2.613861 3.038886 -2.421497
v 2.857044 3.560501 -1.681440
v 1.497328 3.751561 -1.330992
v 2.086658 2.669896 -1.372825
v 1.834614 2.903852 -2.574588
v 2.030302 4.122740 -2.378339
v 2.282346 3.888784 -1.176576
v 1.416308 3.151330 -2.015472
v 1.617375 3.468805 -3.281837
v 1.199265 4.229559 -3.172031
v 0.968704 3.968930 -1.903550
v 1.603429 3.784360 -1.839476
v 1.793157 4.064975 -3.111372
v 1.037545 3.681083 -3.328859
v 0.792175 3.371731 -2.069584
v 0.899111 4.435581 -2.492231
v 2.005141 4.079484 -2.387349
v 1.686091 2.999123 -2.690887
v 0.580062 3.355221 -2.795769
v 1.288621 3.843393 -2.098580
v 2.363473 3.803052 -2.577187
v 2.562141 3.203520 -2.117359
v 1.502839 3.200119 -1.605718
v 1.256493 3.235957 -2.143890
v 2.330336 3.230060 -2.618624
v 2.592627 3.730674 -2.079236
v 1.533149 3.773173 -1.562973
v 2.121753 2.936979 -1.657814
v 1.688553 3.030211 -2.600530
v 1.744583 4.067526 -2.523689
v 2.177783 3.974294 -1.580973
v 1.481761 3.235979 -1.945224
v 1.806268 3.311297 -2.978865
v 1.344087 3.849171 -3.095831
v 0.988030 3.813453 -2.077275
v 1.506109 3.795345 -1.907389
v 1.828058 3.838797 -2.939584
v 1.324041 3.363871 -3.131969
v 0.965061 3.285749 -2.112968
v 0.962744 4.068517 -2.640813
v 1.872061 4.008875 -2.344188
v 1.831513 3.053801 -2.411923
v 0.922196 3.113442 -2.708548
v 0.229065 4.944639 -1.378998
v 2.025298 5.816369 -2.098654
v 2.603106 4.544851 -2.262698
v 0.856255 3.584106 -1.557951
v 0.279236 4.214447 -2.197407
v 2.062969 5.122567 -2.866833
v 2.568449 5.183149 -1.555973
v 0.808923 4.272966 -0.785867
v 1.990375 3.504815 -1.982019
v 0.969406 4.646688 -3.063389
v 0.888618 5.896169 -1.667723
v 1.909587 4.754295 -0.586353
v 0.311646 4.316141 -2.177830
v -1.527524 4.931741 -2.752223
v -1.980656 4.867366 -1.488820
v -0.172074 4.246324 -0.821465
v 0.268239 4.984580 -1.370352
v -1.578395 5.565640 -1.993793
v -1.933854 4.284179 -2.186577
v -0.131124 3.615721 -1.583237
v -1.269586 4.529885 -0.593452
v -0.503094 5.797351 -1.601462
v -0.428809 4.655789 -2.980367
v -1.195301 3.388324 -1.972358
v 0.038221 5.047609 -1.354902
v 1.306586 5.984571 -2.391634
v 1.818592 4.911501 -2.777466
v 0.593381 3.900831 -1.773670
v -0.108759 4.444346 -2.107867
v 1.170542 5.417435 -3.104064
v 1.943752 5.433267 -2.122030
v 0.732042 4.469947 -1.063326
v 1.429619 3.932466 -2.447410
v 0.208496 4.922013 -3.001870
v 0.462333 5.954436 -1.718344
v 1.683456 4.964890 -1.163884
v -0.217976 4.522162 -2.069782
v -1.554983 5.676472 -1.814788
v -1.309248 5.756760 -0.655770
v 0.051886 4.603106 -0.827236
v 0.331463 5.060270 -1.551926
v -1.046171 6.192210 -1.324705
v -1.777356 5.282281 -1.106646
v -0.466452 4.095458 -1.315779
v -0.511054 5.212875 -0.229330
v -0.054335 5.995862 -1.527512
v -0.990216 5.074848 -2.412271
v -1.446935 4.291861 -1.114088
v -0.202256 5.157819 -1.378667
v 0.611481 6.249930 -2.314906
v 1.184947 5.444438 -2.782459
v 0.418207 4.300858 -1.886356
v -0.304138 4.666560 -2.069703
v 0.509906 5.778818 -2.960478
v 1.278396 5.877861 -2.188533
v 0.514323 4.764310 -1.234435
v 1.058946 4.521008 -2.542158
v -0.207260 5.185659 -2.827973
v -0.030167 6.028963 -1.651451
v 1.236040 5.364312 -1.365636
v -0.329742 4.760951 -2.078500
v -1.474202 5.810613 -1.952845
v -1.307498 5.892370 -0.938449
v -0.157973 4.855173 -0.989539
v 0.130332 5.230101 -1.613187
v -1.032381 6.246085 -1.514519
v -1.713974 5.491737 -1.341709
v -0.592005 4.412579 -1.428513
v -0.664225 5.411532 -0.515512
v -0.177800 6.044749 -1.634908
v -0.967872 5.247548 -2.429187
v -1.454297 4.614331 -1.309790
v -0.291390 5.282352 -1.433606
v 0.159484 6.311264 -2.297926
v 0.639527 5.689050 -2.809114
v 0.226977 4.622722 -1.988523
v -0.438766 4.871746 -2.021360
v 0.018669 5.919620 -2.848945
v 0.769077 6.049362 -2.302176
v 0.366011 5.010087 -1.434038
v 0.646486 4.884580 -2.626322
v -0.515969 5.343226 -2.655257
v -0.262793 6.048052 -1.654449
v 0.899663 5.589407 -1.625513
v -0.173092 4.988738 -2.106066
v -1.188106 5.790667 -2.373471
v -1.442589 5.772857 -1.536485
v -0.450717 4.973286 -1.209386
v -0.036884 5.363974 -1.551662
v -1.059665 6.144699 -1.850459
v -1.560755 5.447148 -2.017657
v -0.579214 4.619289 -1.732408
v -1.059213 5.366515 -1.003532
v -0.341205 6.036482 -1.633385
v -0.575610 5.397118 -2.580683
v -1.293618 4.727149 -1.950831
v -0.157363 5.378278 -1.490163
v -0.090851 6.180592 -2.354085
v 0.010717 5.616848 -2.885335
v -0.047935 4.779254 -2.066185
v -0.528058 5.045617 -1.842279
v -0.440717 5.864748 -2.684193
v 0.332594 5.907424 -2.581635
v 0.301777 5.093087 -1.733999
v 0.026105 4.951281 -2.711863
v -0.799152 5.437340 -2.302274
v -0.165920 6.007865 -1.703453
v 0.659336 5.521805 -2.113043
v -0.134609 5.073929 -2.041053
v -0.792385 5.869051 -2.350153
v -1.055573 5.938908 -1.684983
v -0.410501 5.140956 -1.324062
v 0.006241 5.373777 -1.588098
v -0.662078 6.155053 -1.924129
v -1.175456 5.675786 -2.076926
v -0.543379 4.858081 -1.751378
v -0.847904 5.568336 -1.206797
v -0.122396 5.962474 -1.693308
v -0.359398 5.446111 -2.465059
v -1.084906 5.051973 -1.978547
v 2.126697 3.798641 -2.547704
v 4.139548 3.808005 -1.879091
v 3.820096 2.939886 -0.819916
v 1.789504 2.867317 -1.409558
v 2.105660 2.708755 -2.416577
v 4.121464 2.779846 -1.754822
v 3.836734 3.885792 -0.934244
v 1.809350 3.895511 -1.533262
v 2.664182 2.518803 -0.647500
v 3.225555 2.294427 -2.422361
v 3.263321 4.155690 -2.645715
v 2.701948 4.380066 -0.870854
v 2.290187 2.688638 -2.279109
v 1.865792 2.137092 -4.178515
v 0.856111 3.021336 -4.244208
v 1.207371 3.638072 -2.347430
v 2.202162 3.694188 -2.565178
v 1.780563 3.082511 -4.458784
v 0.934522 2.151550 -3.986361
v 1.290413 2.689440 -2.077554
v 0.588210 3.725184 -3.321215
v 2.339040 3.771039 -3.698774
v 2.489776 2.054434 -3.208259
v 0.738945 2.008579 -2.830701
v 2.357756 3.511087 -2.594089
v 4.068864 2.829024 -2.202518
v 3.581024 1.971643 -1.434791
v 1.835091 2.590896 -1.770233
v 2.032084 2.596992 -2.698270
v 3.765887 1.965061 -2.299884
v 3.859763 2.766489 -1.345214
v 2.142328 3.453250 -1.671949
v 2.490419 1.901406 -1.264562
v 2.857343 1.955868 -2.889422
v 3.413216 3.517004 -2.711570
v 3.046292 3.462541 -1.086709
v 2.435628 2.540709 -2.429187
v 2.232371 1.981053 -4.115962
v 1.359899 2.765658 -4.298554
v 1.499522 3.382449 -2.625342
v 2.394222 3.417251 -2.728484
v 2.192846 2.806467 -4.402643
v 1.396262 2.006277 -4.034807
v 1.538584 2.555524 -2.342987
v 1.044942 3.423015 -3.541528
v 2.618965 3.439090 -3.712209
v 2.689732 1.942380 -3.200558
v 1.115709 1.926304 -3.029877
v 2.470115 3.318714 -2.885651
v 4.074215 3.004774 -2.736931
v 3.896990 2.329464 -1.895009
v 2.267742 2.596327 -1.983262
v 2.307853 2.484218 -2.804821
v 3.932395 2.215491 -2.659821
v 4.027464 3.055604 -1.965949
v 2.420821 3.383587 -2.059516
v 2.996224 2.162147 -1.566999
v 3.079747 2.005704 -3.014507
v 3.350582 3.431956 -3.153024
v 3.267058 3.588398 -1.705516
v 2.673459 2.540699 -2.609207
v 2.748471 2.122570 -4.101337
v 2.020613 2.807368 -4.355792
v 1.892295 3.276522 -2.878585
v 2.672987 3.313217 -2.836144
v 2.748396 2.849665 -4.321119
v 2.020682 2.138441 -4.153592
v 1.892740 2.547732 -2.664493
v 1.634801 3.347459 -3.727190
v 3.007108 3.372463 -3.644922
v 3.007768 2.053859 -3.255171
v 1.635461 2.028856 -3.337440
v 2.702973 3.341922 -2.967757
v 4.062083 2.948890 -3.047313
v 3.916963 2.269430 -2.417886
v 2.556901 2.610289 -2.293126
v 2.509945 2.636729 -3.002633
v 3.877871 2.284187 -3.080056
v 4.086438 2.880956 -2.387763
v 2.739002 3.275565 -2.260223
v 3.175386 2.139139 -2.078725
v 3.106051 2.219709 -3.324196
v 3.439118 3.423057 -3.264893
v 3.508453 3.342487 -2.019423
v 2.793641 2.678575 -2.759276
v 3.133923 2.575587 -4.026286
v 2.637545 3.264374 -4.237956
v 2.259979 3.417982 -2.982503
v 2.894046 3.353332 -2.795882
v 3.229982 3.211674 -4.065569
v 2.549171 2.679174 -4.201815
v 2.165257 2.781419 -2.947969
v 2.228859 3.647589 -3.701252
v 3.338933 3.500161 -3.373977
v 3.166846 2.348074 -3.309262
v 2.056772 2.495502 -3.636537
v 2.725569 3.442149 -3.003800
v 3.842607 3.214546 -3.298517
v 3.868459 2.620208 -2.792114
v 2.754900 2.804137 -2.460952
v 2.606483 2.844658 -3.033604
v 3.724126 2.652049 -3.324898
v 3.977462 3.137704 -2.767843
v 2.867245 3.367807 -2.432835
v 3.327848 2.449424 -2.401640
v 3.066978 2.551459 -3.404936
v 3.270307 3.571818 -3.354033
v 3.531176 3.469783 -2.350737
v 2.909985 2.954069 -2.686344
v 3.397856 2.724363 -3.622719
v 2.878843 3.054085 -3.994886
v 2.351193 3.308764 -3.082105
v 2.823437 3.478004 -2.867774
v 3.318121 3.217726 -3.797388
v 2.952200 2.600192 -3.834190
v 2.432842 2.814486 -2.910945
v 2.384090 3.328997 -3.701503
v 3.219161 3.599987 -3.317287
v 3.365920 2.705740 -3.005542
v 2.530850 2.434750 -3.389759
v 2.316613 4.942574 -2.198617
v 4.220912 5.133709 -1.267550
v 4.071702 3.872039 -0.664674
v 2.175042 3.591115 -1.542907
v 2.578801 3.913347 -2.476893
v 4.460566 4.161812 -1.533754
v 3.851221 4.766184 -0.419767
v 1.927694 4.562084 -1.280382
v 3.063793 3.176724 -0.835541
v 3.764500 3.794740 -2.461173
v 3.323956 5.553271 -1.982523
v 2.623249 4.935255 -0.356891
v 2.669667 4.035434 -2.409197
v 2.392434 4.828017 -4.254978
v 1.298121 5.501359 -3.840751
v 1.496904 4.753593 -1.954401
v 2.494338 4.985668 -1.988135
v 2.226074 5.727501 -3.865083
v 1.451172 4.673831 -4.199453
v 1.662308 3.857146 -2.351630
v 0.912810 5.425538 -2.708449
v 2.674281 5.786808 -2.790281
v 2.974376 4.161908 -3.504169
v 1.212905 3.800638 -3.422338
v 2.465949 5.169910 -2.062433
v 4.286631 5.087108 -1.530659
v 4.191393 3.851098 -1.275686
v 2.348922 3.844127 -1.793135
v 2.591342 4.337924 -2.580623
v 4.406743 4.302149 -2.018968
v 4.080890 4.573260 -0.826441
v 2.230626 4.629020 -1.304276
v 3.224285 3.297565 -1.420334
v 3.638396 4.206928 -2.780194
v 3.417141 5.627926 -1.897326
v 3.003030 4.718564 -0.537465
v 2.945982 4.513211 -2.109035
v 3.231395 4.555210 -3.916058
v 2.058602 4.776186 -4.111787
v 1.690610 4.750618 -2.335600
v 2.417954 5.291657 -2.191423
v 2.732335 5.289492 -3.988653
v 2.517737 4.100646 -4.045000
v 2.188749 4.016235 -2.257876
v 1.359137 4.861525 -3.314831
v 2.664633 5.773768 -3.062553
v 3.567419 4.444506 -2.927681
v 2.261924 3.532263 -3.179958
v 2.422965 5.420825 -2.346318
v 3.740651 6.266751 -1.719605
v 3.967090 5.441236 -0.989625
v 2.653571 4.526848 -1.568792
v 2.911371 4.691043 -2.366073
v 4.210056 5.584045 -1.734260
v 3.535238 6.069325 -0.976142
v 2.192810 5.215322 -1.550155
v 3.406534 4.612121 -0.958006
v 3.836903 4.938030 -2.357492
v 2.996672 6.180226 -2.326599
v 2.566303 5.854317 -0.927113
v 3.049555 4.927248 -2.099537
v 3.487689 5.175294 -3.627836
v 2.470291 5.320717 -3.921052
v 1.957568 5.083074 -2.412832
v 2.538542 5.584910 -2.150873
v 3.006891 5.796392 -3.680435
v 2.912625 4.749309 -3.872660
v 2.439656 4.462637 -2.364402
v 1.762974 5.267365 -3.294906
v 2.810378 6.117111 -2.835017
v 3.682602 4.993767 -2.745899
v 2.635198 4.144022 -3.205788
v 2.521742 5.695702 -2.345883
v 3.719103 6.482775 -1.944216
v 4.012022 5.758982 -1.344790
v 2.844774 4.925094 -1.699919
v 2.969879 5.075836 -2.420908
v 4.141439 5.897696 -2.015121
v 3.623472 6.297253 -1.279557
v 2.422003 5.509874 -1.629140
v 3.560289 5.023810 -1.258593
v 3.762538 5.322752 -2.520489
v 2.999615 6.382936 -2.391609
v 2.797365 6.083994 -1.129714
v 3.041850 5.187111 -2.314934
v 3.304109 6.020222 -3.410553
v 2.467649 6.413811 -3.327879
v 2.145766 5.613344 -2.231421
v 2.778417 5.760633 -1.958863
v 3.053691 6.555862 -3.067436
v 2.698034 5.921022 -3.643547
v 2.394287 5.072285 -2.567335
v 1.937172 6.189273 -2.749179
v 3.060837 6.415907 -2.282902
v 3.511361 5.438329 -2.893451
v 2.387697 5.211696 -3.359730
v 2.602109 5.900577 -2.202009
v 3.776168 6.402133 -2.153023
v 4.097943 5.650766 -1.943689
v 2.959886 5.100038 -1.976952
v 2.848879 5.389897 -2.537101
v 4.002929 5.917627 -2.469362
v 3.889322 6.096511 -1.652658
v 2.727085 5.581812 -1.660828
v 3.675405 5.047329 -1.867447
v 3.467287 5.581801 -2.835253
v 3.052396 6.456874 -2.262774
v 3.260514 5.922402 -1.294968
v 3.068060 5.431798 -2.176085
v 3.519651 6.066848 -3.070961
v 2.804600 6.335061 -3.263098
v 2.301235 5.720055 -2.382917
v 2.728021 5.917787 -2.014129
v 3.199726 6.526472 -2.919802
v 3.098931 5.912207 -3.402164
v 2.622026 5.261575 -2.535706
v 2.236465 6.146702 -2.907141
v 3.004408 6.471319 -2.268877
v 3.584944 5.641171 -2.545153
v 2.817000 5.316554 -3.183419
v 2.549377 5.868492 -2.386065
v 3.353251 6.552286 -2.434386
v 3.725379 6.174359 -1.972785
v 2.944754 5.459594 -1.890496
v 2.908314 5.454753 -2.422891
v 3.692830 6.162807 -2.469202
v 3.412966 6.532680 -1.940756
v 2.606135 5.849914 -1.855754
v 3.499196 5.648322 -1.726290
v 3.416131 5.659368 -2.660037
v 2.801483 6.364449 -2.597018
v 2.884547 6.353402 -1.663270
v 0.060652 5.515414 -2.126356
v 1.813628 6.602091 -2.606552
v 2.580578 5.423401 -2.609758
v 0.882721 4.250253 -2.129583
v 0.333652 4.768866 -2.883739
v 2.075443 5.900574 -3.322239
v 2.339707 6.068796 -1.951327
v 0.625174 4.954544 -1.415072
v 2.069493 4.313787 -2.372340
v 1.094231 5.264502 -3.660991
v 0.626535 6.538439 -2.367176
v 1.601797 5.587725 -1.078524
v 0.180773 4.800271 -2.905433
v -1.572811 5.730153 -3.283134
v -1.803238 5.895775 -1.969690
v -0.060495 4.974821 -1.494792
v 0.406472 5.543939 -2.200639
v -1.358569 6.431015 -2.617908
v -2.000341 5.250983 -2.581698
v -0.273418 4.273247 -2.159691
v -1.034466 5.507232 -1.148999
v -0.220545 6.468093 -2.423496
v -0.603685 5.196899 -3.626549
v -1.417606 4.236039 -2.352051
v 0.055836 5.591277 -2.253836
v 1.393759 6.192574 -3.448761
v 1.770608 5.016244 -3.640418
v 0.473233 4.335409 -2.471196
v -0.171556 4.889288 -2.892577
v 1.171931 5.526804 -4.044792
v 1.974689 5.628753 -3.092068
v 0.687755 4.997663 -1.868611
v 1.294252 4.160760 -3.144237
v 0.171134 5.168499 -3.851933
v 0.566022 6.370494 -2.767017
v 1.689140 5.362755 -2.059321
v 0.117195 4.972019 -2.990396
v -1.458555 5.529189 -3.650683
v -1.914140 5.586530 -2.555556
v -0.386415 5.038805 -1.821972
v 0.056398 5.629266 -2.339283
v -1.510988 6.147471 -3.034214
v -1.865902 5.017711 -3.122706
v -0.329059 4.418761 -2.436229
v -1.355253 5.339746 -1.708883
v -0.575913 6.345456 -2.651282
v -0.479765 5.225792 -3.766651
v -1.259105 4.220084 -2.824253
v -0.346417 5.638460 -2.425953
v 0.610640 6.652771 -3.299795
v 1.329202 5.851031 -3.492588
v 0.422558 4.776056 -2.630992
v -0.252946 5.044257 -3.032115
v 0.703492 6.097394 -3.875957
v 1.243779 6.361977 -2.962518
v 0.334377 5.336625 -2.059143
v 1.191361 4.955767 -3.147568
v 0.002459 5.459929 -3.825109
v -0.159135 6.472478 -2.788112
v 1.029766 5.968314 -2.110570
v -0.327358 5.136127 -3.069659
v -1.434351 6.198668 -3.300708
v -1.385320 6.496562 -2.314640
v -0.272555 5.453663 -2.011177
v 0.097359 5.684740 -2.661094
v -1.031999 6.714625 -2.914866
v -1.755484 6.021881 -2.669613
v -0.673232 4.936103 -2.396613
v -0.808400 6.106667 -1.725294
v -0.176611 6.482835 -2.887172
v -0.901282 5.545355 -3.584740
v -1.533072 5.169188 -2.422863
v -0.488672 5.771046 -2.561334
v 0.088913 6.721195 -3.428519
v 0.748010 6.109549 -3.693820
v 0.216944 5.112124 -2.843610
v -0.431685 5.268750 -3.090698
v 0.142201 6.246496 -3.927176
v 0.698986 6.546271 -3.235055
v 0.163184 5.585988 -2.344210
v 0.775447 5.339602 -3.385562
v -0.368629 5.637607 -3.791493
v -0.466457 6.494508 -2.886703
v 0.677620 6.196504 -2.480772
v -0.369401 5.351381 -3.128911
v -1.212816 6.288206 -3.490952
v -1.255787 6.600707 -2.674789
v -0.407231 5.677557 -2.249409
v -0.019150 5.815582 -2.770360
v -0.885128 6.729144 -3.153948
v -1.557260 6.195045 -2.984833
v -0.737656 5.239631 -2.587666
v -0.848415 6.275315 -2.097260
v -0.181721 6.492517 -3.029702
v -0.776430 5.696015 -3.640452
v -1.443123 5.478815 -2.708009
v -0.485108 5.861831 -2.605628
v -0.219841 6.657599 -3.423469
v 0.280612 6.168268 -3.770527
v 0.049607 5.329528 -2.970783
v -0.529206 5.437230 -3.041327
v -0.259761 6.262516 -3.839944
v 0.317338 6.531744 -3.387369
v 0.091208 5.730096 -2.559746
v 0.385913 5.527560 -3.522636
v -0.628910 5.738702 -3.625690
v -0.554737 6.460142 -2.877965
v 0.460086 6.249000 -2.774914
v -0.178622 5.525771 -3.078461
v -0.805609 6.187500 -3.664716
v -1.220397 6.321247 -3.093173
v -0.625116 5.670848 -2.466677
v -0.176453 5.907630 -2.667253
v -0.801229 6.545237 -3.274487
v -1.224427 5.992128 -3.452183
v -0.627162 5.310603 -2.854611
v -1.108154 6.055677 -2.528532
v -0.318254 6.451225 -2.900016
v -0.322851 5.800066 -3.603131
v -1.112751 5.404518 -3.231647
v 0.975814 5.712578 -2.067051
v 2.960682 6.415874 -1.852844
v 3.444284 5.101427 -1.726794
v 1.492056 4.301295 -1.932100
v 1.339628 4.948741 -2.766824
v 3.300338 5.693924 -2.513376
v 3.131800 5.765621 -1.119105
v 1.148835 5.021895 -1.271938
v 2.683253 4.118998 -1.771702
v 2.392468 5.293046 -3.204417
v 1.770823 6.597341 -2.009434
v 2.061608 5.423293 -0.576718
v 1.581524 4.988517 -2.669518
v 0.426603 5.859057 -4.072075
v -0.597024 5.985919 -3.210824
v 0.493747 5.116554 -1.732004
v 1.278260 5.719096 -1.980313
v 0.132774 6.554238 -3.431746
v -0.326702 5.346354 -3.799928
v 0.779845 4.427330 -2.382196
v -0.500318 5.605557 -2.079705
v 0.889874 6.630995 -2.555000
v 1.412902 5.379403 -3.725477
v 0.022711 4.353964 -3.250183
v 1.215318 5.776469 -2.138288
v 2.976060 6.426593 -2.001170
v 3.423115 5.265232 -1.883377
v 1.693520 4.529855 -2.012024
v 1.532075 5.092727 -2.758487
v 3.271254 5.780126 -2.586531
v 3.151537 5.859982 -1.344846
v 1.394693 5.174894 -1.426931
v 2.757405 4.383317 -1.893793
v 2.453701 5.404903 -3.175159
v 1.912907 6.572605 -2.116014
v 2.216611 5.551019 -0.834649
v 1.958781 5.206768 -2.465976
v 1.518031 5.708870 -4.115525
v 0.361366 5.704985 -3.846706
v 0.721816 5.197538 -2.160806
v 1.362678 5.830337 -2.126211
v 0.953670 6.299609 -3.803145
v 0.880578 5.161505 -4.134097
v 1.284177 4.609265 -2.481339
v 0.027888 5.448294 -2.876729
v 1.183486 6.529831 -2.834219
v 2.203648 5.462271 -3.405640
v 1.048050 4.380733 -3.448150
v 1.444749 5.918647 -2.216346
v 2.957910 6.576498 -2.182170
v 3.406517 5.583984 -2.082408
v 1.931517 4.856251 -2.109214
v 1.730404 5.327476 -2.762388
v 3.220754 6.015745 -2.697433
v 3.164700 6.099876 -1.608366
v 1.662030 5.413960 -1.594078
v 2.870840 4.783104 -2.049892
v 2.499758 5.639092 -3.170745
v 2.015077 6.650101 -2.238182
v 2.386158 5.794113 -1.117329
v 2.080599 5.422611 -2.544208
v 1.760751 6.275946 -3.806886
v 0.795807 6.430580 -3.477580
v 1.043802 5.592865 -2.197387
v 1.715733 5.980313 -2.092403
v 1.417614 6.798934 -3.375946
v 1.111493 5.949429 -3.874045
v 1.388015 5.066730 -2.623616
v 0.492732 6.081270 -2.695560
v 1.692029 6.733719 -2.532414
v 2.314382 5.783486 -3.307240
v 1.115085 5.131038 -3.470386
v 1.571622 6.098739 -2.274152
v 2.787367 6.808066 -2.347832
v 3.281952 6.015075 -2.273968
v 2.097782 5.245168 -2.194640
v 1.837888 5.608784 -2.748302
v 3.045754 6.350254 -2.795583
v 3.044235 6.436263 -1.862038
v 1.846588 5.707389 -1.747327
v 2.906437 5.276481 -2.203510
v 2.439885 5.941998 -3.153198
v 1.981569 6.776510 -2.343240
v 2.448122 6.110992 -1.393549
v 2.184132 5.712841 -2.409468
v 2.229917 6.436406 -3.502282
v 1.359632 6.526722 -3.510561
v 1.249631 5.802565 -2.407454
v 1.742262 6.159089 -2.140522
v 1.813487 6.861537 -3.254842
v 1.742747 6.135603 -3.738205
v 1.666489 5.381576 -2.661175
v 0.916850 6.202712 -2.958194
v 1.804564 6.806597 -2.501694
v 2.558846 6.041282 -2.956073
v 1.671132 5.437397 -3.412574
v 1.595742 6.180667 -2.297596
v 2.487181 6.914461 -2.491735
v 3.007891 6.335102 -2.432121
v 2.145542 5.551403 -2.231638
v 1.845711 5.783674 -2.687437
v 2.727391 6.543715 -2.860494
v 2.786898 6.676186 -2.092861
v 1.909721 5.925924 -1.863863
v 2.805473 5.682427 -2.304887
v 2.264855 6.109322 -3.086271
v 1.834170 6.784029 -2.419677
v 2.374787 6.357135 -1.638294
v 2.147546 5.821987 -2.359204
v 2.332828 6.552698 -3.139234
v 1.629054 6.686643 -3.197205
v 1.393296 5.968678 -2.424582
v 1.791246 6.183012 -2.119147
v 1.995955 6.890676 -2.909971
v 1.938977 6.375702 -3.408124
v 1.729428 5.628089 -2.651052
v 1.200566 6.387843 -2.838662
v 1.917426 6.745711 -2.312885
v 2.526339 6.130745 -2.724519
v 1.809479 5.772877 -3.250298
v 2.808864 5.479004 -3.220172
v 4.867847 5.535069 -2.705818
v 4.799301 4.223376 -2.203525
v 2.745122 4.072083 -2.678928
v 2.962906 4.477136 -3.642093
v 4.999321 4.589284 -3.107177
v 4.678346 5.093496 -1.834275
v 2.599800 5.017242 -2.280890
v 3.747919 3.569638 -2.214360
v 4.115477 4.330966 -3.887948
v 3.858669 6.042194 -3.165899
v 3.491111 5.280869 -1.492310
v 3.268783 4.597695 -3.372812
v 2.853712 4.666090 -5.345784
v 1.604538 5.099351 -5.105975
v 1.931011 5.062221 -3.102318
v 2.819537 5.538621 -3.256394
v 2.427449 5.554091 -5.248891
v 1.996700 4.282391 -5.195115
v 2.354829 4.174555 -3.212145
v 1.214714 5.275557 -3.991488
v 2.798000 6.066113 -4.271286
v 3.566659 4.459037 -4.462411
v 1.983374 3.668480 -4.182612
v 2.830009 5.634725 -3.325049
v 4.714536 5.648515 -3.156420
v 4.706505 4.446388 -2.813895
v 2.840270 4.345407 -2.955964
v 2.897903 4.782610 -3.795981
v 4.767596 4.844344 -3.601616
v 4.657689 5.186226 -2.404315
v 2.776218 5.149289 -2.511689
v 3.777318 3.867147 -2.732341
v 3.874974 4.677890 -4.185245
v 3.768063 6.133344 -3.380264
v 3.670407 5.322601 -1.927360
v 3.307558 4.932889 -3.467010
v 3.138368 5.032805 -5.249447
v 1.991005 5.320289 -5.144261
v 2.075838 5.241806 -3.363406
v 2.834795 5.727026 -3.393111
v 2.692487 5.781899 -5.177994
v 2.401216 4.631123 -5.210000
v 2.521841 4.492620 -3.433121
v 1.527103 5.408710 -4.209625
v 2.884225 6.222136 -4.268752
v 3.691283 4.866172 -4.398969
v 2.334161 4.052746 -4.339843
v 2.749671 5.841083 -3.608399
v 4.307965 6.376246 -3.514256
v 4.613134 5.452593 -3.014235
v 3.082750 4.852106 -3.071665
v 3.042726 5.082244 -3.868263
v 4.574485 5.656763 -3.759892
v 4.367935 6.114518 -2.788251
v 2.806282 5.567991 -2.826509
v 3.986814 4.746700 -2.819073
v 3.895932 5.186719 -4.206464
v 3.399636 6.484135 -3.762470
v 3.490517 6.044116 -2.375078
v 3.306409 5.240694 -3.658364
v 3.222985 5.700125 -5.144834
v 2.265521 6.054068 -4.998336
v 2.278789 5.623238 -3.510469
v 2.987926 5.946273 -3.436986
v 2.922631 6.364872 -4.933006
v 2.541846 5.442502 -5.193216
v 2.579245 4.957594 -3.719315
v 1.849838 5.995860 -4.192476
v 3.111894 6.529137 -4.076497
v 3.655638 5.325421 -4.458636
v 2.393583 4.792143 -4.574615
v 2.818425 6.060821 -3.675783
v 4.143460 6.539282 -3.831656
v 4.488842 5.732286 -3.502457
v 3.198870 5.198764 -3.323833
v 3.025712 5.426021 -3.975502
v 4.338631 5.940256 -4.114340
v 4.309285 6.283391 -3.242388
v 3.003316 5.797634 -3.041076
v 3.997823 5.110205 -3.269639
v 3.688102 5.543065 -4.400657
v 3.338143 6.628686 -3.889335
v 3.647864 6.195828 -2.758318
v 3.358435 5.575848 -3.626462
v 3.556428 5.956647 -4.874421
v 2.709583 6.157063 -4.965577
v 2.450444 5.791883 -3.727592
v 2.981183 6.136490 -3.526075
v 3.200806 6.486022 -4.781283
v 3.036756 5.670042 -5.051262
v 2.806342 5.262975 -3.822296
v 2.206014 6.064021 -4.386384
v 3.158134 6.642766 -4.040510
v 3.802593 5.685697 -4.213122
v 2.850473 5.106951 -4.558997
v 2.823726 6.148866 -3.687068
v 3.834779 6.672850 -3.997196
v 4.244240 6.065804 -3.724825
v 3.269197 5.500855 -3.396823
v 3.033616 5.628294 -3.925843
v 4.026040 6.178092 -4.220288
v 4.068278 6.520979 -3.519578
v 3.071187 5.991961 -3.171563
v 3.942455 5.518692 -3.440235
v 3.513524 5.766108 -4.356679
v 3.157767 6.656571 -3.949770
v 3.586698 6.409156 -3.033326
v 3.267349 5.642368 -3.674371
v 3.533748 6.258526 -4.527175
v 2.948103 6.664114 -4.431684
v 2.640442 6.080599 -3.576262
v 3.150792 6.109271 -3.385699
v 3.423033 6.697397 -4.252570
v 3.049961 6.260355 -4.684322
v 2.750401 5.640126 -3.848594
v 2.536132 6.552434 -3.963566
v 3.438943 6.579788 -3.643278
v 3.638660 5.783854 -4.138258
v 2.735848 5.756502 -4.458544
v 3.142204 5.057638 -3.249945
v 4.979984 5.639738 -2.389507
v 4.943679 4.558780 -1.490758
v 3.090985 3.893751 -2.291205
v 3.497218 4.018867 -3.270237
v 5.316010 4.660135 -2.408135
v 4.634536 5.460014 -1.473620
v 2.756066 4.873722 -2.272062
v 3.997374 3.745544 -1.491567
v 4.687592 4.015073 -3.213940
v 4.077722 5.787807 -3.180927
v 3.387505 5.518278 -1.458553
v 3.646798 4.048840 -3.095476
v 3.424971 4.200809 -5.107337
v 2.260382 4.852314 -4.949431
v 2.396204 4.748641 -2.937759
v 3.366146 5.055965 -3.008029
v 3.161174 5.150230 -5.014357
v 2.503075 3.978847 -5.034974
v 2.660970 3.798522 -3.020257
v 1.812636 5.086761 -3.879663
v 3.531515 5.576591 -4.004497
v 4.010217 3.857094 -4.160164
v 2.291338 3.367263 -4.035330
v 3.323096 4.988474 -3.191036
v 5.095012 5.198619 -2.616354
v 5.036816 4.149689 -1.938966
v 3.245152 3.860928 -2.469074
v 3.503317 4.044898 -3.363278
v 5.268427 4.308913 -2.777780
v 4.877273 4.968218 -1.790455
v 3.075132 4.751094 -2.306581
v 4.110330 3.538399 -1.902845
v 4.549058 3.907839 -3.467710
v 4.236240 5.518529 -3.175153
v 3.797512 5.149090 -1.610288
v 3.753312 4.061228 -3.081962
v 3.779577 4.286481 -4.859941
v 2.767751 4.906589 -4.817165
v 2.667949 4.727421 -3.043586
v 3.537428 4.957840 -2.986577
v 3.575872 5.132216 -4.768867
v 2.955160 4.128512 -4.900954
v 2.871613 3.881560 -3.133573
v 2.271472 5.091637 -3.913145
v 3.810397 5.452353 -3.820786
v 4.179169 3.921525 -3.986635
v 2.640244 3.560808 -4.078993
v 3.398944 4.852515 -3.333337
v 4.903913 5.405985 -2.989968
v 5.018967 4.682868 -2.177472
v 3.508487 4.071324 -2.464518
v 3.690222 4.051941 -3.274291
v 5.184209 4.652841 -2.933100
v 4.761094 5.375760 -2.229789
v 3.233697 4.826581 -2.520221
v 4.310322 4.053548 -1.960075
v 4.611802 4.057997 -3.386897
v 4.109145 5.423161 -3.488849
v 3.807665 5.418712 -2.062027
v 3.798963 4.076003 -3.183736
v 4.034247 4.642980 -4.602071
v 3.296474 5.352156 -4.474665
v 3.004745 4.831377 -3.032585
v 3.775399 4.827554 -2.895813
v 4.013155 5.354405 -4.336741
v 3.315878 4.697645 -4.718769
v 3.026975 4.122365 -3.304210
v 2.821102 5.405964 -3.691597
v 4.176466 5.361423 -3.464390
v 4.215456 4.075286 -3.949109
v 2.860092 4.119829 -4.176316
v 3.633637 4.913715 -3.147316
v 5.043209 4.859926 -3.163197
v 5.035454 3.976287 -2.850105
v 3.622471 3.965687 -2.811358
v 3.614065 4.253219 -3.462172
v 5.030292 4.236720 -3.460320
v 5.047338 4.549636 -2.576750
v 3.640935 4.588796 -2.514324
v 4.322713 3.578995 -2.693463
v 4.312738 4.117101 -3.821665
v 4.344245 5.245088 -3.283939
v 4.354220 4.706982 -2.155737
v 3.936511 4.204121 -3.070851
v 4.389408 4.497223 -4.278576
v 3.696946 5.011261 -4.426510
v 3.197037 4.757693 -3.238429
v 3.797460 4.866260 -2.976222
v 4.256021 5.120587 -4.183695
v 3.819662 4.437767 -4.513801
v 3.328217 4.133035 -3.327701
v 3.142655 5.111415 -3.901541
v 4.204752 5.269257 -3.445314
v 4.443883 4.139465 -3.611136
v 3.381786 3.981625 -4.067363
v 3.571530 4.821591 -3.321070
v 4.694427 5.120396 -3.472303
v 4.930079 4.579405 -2.960299
v 3.814908 4.238473 -2.770304
v 3.730789 4.233891 -3.357247
v 4.846843 4.566574 -3.506753
v 4.789857 5.088922 -2.928606
v 3.664664 4.792908 -2.736175
v 4.474616 4.167865 -2.636471
v 4.315202 4.188014 -3.665669
v 4.040222 5.190801 -3.603446
v 4.199637 5.170652 -2.574249
v 3.852849 4.225849 -3.157048
v 4.404085 4.620729 -4.002020
v 3.967889 5.190928 -4.036768
v 3.385758 4.838235 -3.195668
v 3.851965 4.739163 -2.930283
v 4.400552 5.103184 -3.784080
v 3.971139 4.747068 -4.237275
v 3.386592 4.353977 -3.409598
v 3.483767 5.266848 -3.633986
v 4.301328 5.065980 -3.176115
v 4.303904 4.190086 -3.564964
v 3.486342 4.390954 -4.022835
v 0.630495 6.288294 -2.023546
v 2.598639 6.988669 -2.342644
v 3.055388 5.687923 -2.620080
v 1.111509 4.889257 -2.319788
v 0.716943 5.672329 -2.928312
v 2.687599 6.410385 -3.197368
v 2.973545 6.219944 -1.833733
v 1.029954 5.470357 -1.466234
v 2.281270 4.709651 -2.593788
v 1.585875 6.117397 -3.618624
v 1.433593 7.167541 -2.072783
v 2.128988 5.759795 -1.047948
v 1.152606 5.729672 -2.782207
v -0.328475 6.480251 -3.965255
v -1.239476 6.291270 -2.987063
v 0.167546 5.530928 -1.739075
v 0.785203 6.311080 -1.983485
v -0.677315 7.029848 -3.213574
v -0.918544 5.785642 -3.678608
v 0.514152 4.982430 -2.492589
v -0.936566 5.830003 -1.930629
v 0.161349 7.175260 -2.404819
v 0.784097 6.184832 -3.772748
v -0.313818 4.839574 -3.298558
v 0.675928 6.357064 -2.016880
v 2.399308 7.064559 -2.428832
v 2.825907 5.916408 -2.747524
v 1.136439 5.126446 -2.359545
v 0.708056 5.830796 -2.852616
v 2.437088 6.571289 -3.218952
v 2.791149 6.370217 -2.020614
v 1.106130 5.622926 -1.571115
v 2.164312 5.013156 -2.696688
v 1.419131 6.281262 -3.523889
v 1.366932 7.181159 -2.097317
v 2.112113 5.913053 -1.270115
v 1.274584 5.922759 -2.626795
v 0.240366 6.622439 -3.946794
v -0.767208 6.398448 -3.316550
v 0.198546 5.678912 -1.943908
v 0.763873 6.400441 -1.992307
v -0.240141 7.072145 -3.346477
v -0.325141 5.984721 -3.868842
v 0.680349 5.228269 -2.542480
v -0.731304 5.936596 -2.350070
v 0.291649 7.178101 -2.461348
v 1.164562 6.361824 -3.543875
v 0.141608 5.120318 -3.432595
v 0.694532 6.469168 -2.034127
v 2.140028 7.280754 -2.410963
v 2.623859 6.312615 -2.717942
v 1.223067 5.435973 -2.365910
v 0.766685 6.022185 -2.786798
v 2.206209 6.857952 -3.120540
v 2.562973 6.701593 -2.065130
v 1.154999 5.857653 -1.655842
v 2.138988 5.448926 -2.678725
v 1.336867 6.503506 -3.381900
v 1.217149 7.268901 -2.097441
v 2.019270 6.214321 -1.394266
v 1.224539 6.068265 -2.642899
v 0.324056 7.029439 -3.557153
v -0.498312 6.959415 -2.878161
v 0.349351 5.985274 -1.906672
v 0.978710 6.493321 -1.968223
v 0.086065 7.437120 -2.927191
v -0.279360 6.584348 -3.457727
v 0.581265 5.584279 -2.543159
v -0.434673 6.438115 -2.084307
v 0.680207 7.313632 -2.229678
v 1.103362 6.584074 -3.378288
v -0.011518 5.708557 -3.232918
v 0.556025 6.497558 -2.224788
v 1.513705 7.635707 -2.167376
v 2.270566 7.012912 -2.076381
v 1.375522 5.838573 -2.126719
v 1.028779 6.141501 -2.715111
v 1.958987 7.298902 -2.629974
v 1.860907 7.322774 -1.650790
v 0.929528 6.174476 -1.664150
v 2.158267 6.153422 -2.062701
v 1.528866 6.707880 -3.072196
v 0.724092 7.319121 -2.234715
v 1.353493 6.764663 -1.225219
v 1.196731 6.208853 -2.611228
v 0.561979 7.262829 -3.269634
v -0.107855 7.291431 -2.627825
v 0.480299 6.235707 -1.920128
v 1.104073 6.557023 -1.982497
v 0.471673 7.596243 -2.679695
v -0.024773 6.984690 -3.170568
v 0.567712 5.907245 -2.513272
v -0.108505 6.774747 -1.986814
v 0.990883 7.324688 -2.129335
v 1.150481 6.727767 -3.201536
v 0.051093 6.177825 -3.059016
v 0.636111 6.569215 -2.175338
v 1.401015 7.573337 -2.346125
v 2.075470 7.067914 -2.385766
v 1.363281 6.031758 -2.218711
v 0.957078 6.257912 -2.659122
v 1.698868 7.272887 -2.801374
v 1.801445 7.344327 -1.966937
v 1.060482 6.325441 -1.762313
v 2.020632 6.330527 -2.318217
v 1.287626 6.739137 -3.067456
v 0.741391 7.273358 -2.241710
v 1.474397 6.864748 -1.492471
v 1.289713 6.303330 -2.450093
v 0.987800 7.209043 -3.152133
v 0.265724 7.235175 -2.838959
v 0.515514 6.329663 -2.112731
v 1.032343 6.596287 -1.974721
v 0.744103 7.488314 -2.705956
v 0.489926 6.978244 -3.249443
v 0.758316 6.053288 -2.561195
v 0.071411 6.793287 -2.335280
v 0.991983 7.249056 -2.117754
v 1.431872 6.747566 -2.928618
v 0.511300 6.291796 -3.146146
v 0.658195 6.530328 -2.227905
v 1.157782 7.428060 -2.484509
v 1.774256 7.091366 -2.515821
v 1.319572 6.168998 -2.261508
v 0.939655 6.271701 -2.621939
v 1.420960 7.179619 -2.854959
v 1.532132 7.319932 -2.175006
v 1.054044 6.412986 -1.889776
v 1.821565 6.483255 -2.401273
v 1.137516 6.672166 -3.013885
v 0.657050 7.114200 -2.341083
v 1.341099 6.925289 -1.728469
v -1.255069 6.457946 -1.748258
v -0.481001 7.330788 -3.518369
v -0.073524 6.070815 -3.991617
v -0.816493 5.107785 -2.259290
v -1.716587 5.672320 -2.360861
v -0.920297 6.584930 -4.087226
v 0.330629 6.757000 -3.468268
v -0.381099 5.848941 -1.681365
v -0.260526 5.033617 -3.336484
v -1.821988 6.061827 -3.478730
v -1.032146 7.405489 -2.436456
v 0.529317 6.377280 -2.294210
v -1.947048 5.996558 -2.203146
v -3.458550 6.963916 -1.257810
v -2.726504 7.058516 -0.134950
v -1.168263 6.102230 -0.994464
v -1.274829 6.701264 -1.812984
v -2.822536 7.627573 -0.890826
v -3.311637 6.447952 -0.472575
v -1.802433 5.437413 -1.362540
v -1.625825 6.623744 -0.067818
v -1.848673 7.642813 -1.524492
v -2.999122 6.440925 -2.189316
v -2.776274 5.421855 -0.732642
v -1.379716 6.103632 -3.728198
v -0.566294 6.063871 -5.424163
v -0.227135 4.871884 -5.260969
v -1.016970 4.824725 -3.550786
v -1.786955 5.237780 -3.920388
v -0.953856 5.247044 -5.598217
v 0.129422 5.623367 -5.100840
v -0.632782 5.641569 -3.369473
v -0.467480 4.320445 -4.334889
v -1.804399 5.089450 -4.966591
v -1.109025 6.568099 -4.638224
v 0.227894 5.799092 -4.006523
v -1.598315 5.555656 -4.179155
v -3.304715 5.625123 -4.700618
v -3.656489 5.912187 -3.603348
v -1.970152 5.863459 -3.000050
v -1.720979 6.349857 -3.716754
v -3.418679 6.374296 -4.263803
v -3.551642 5.222947 -4.005218
v -1.854430 5.114213 -3.436276
v -2.969426 6.013777 -2.814188
v -2.520716 6.828942 -4.095243
v -2.309228 5.472591 -4.884243
v -2.757938 4.657425 -3.603188
v -1.327469 7.584063 -1.758139
v -1.253123 8.406624 -3.182741
v -1.389423 7.482817 -3.752204
v -1.473803 6.592120 -2.367843
v -2.001305 7.151754 -2.055292
v -1.888473 8.002294 -3.468877
v -0.804901 7.854801 -3.488960
v -0.838108 6.999959 -2.087509
v -1.494257 6.627387 -3.309913
v -2.387567 7.635191 -2.750400
v -1.236937 8.372361 -2.241123
v -0.343627 7.364555 -2.800637
v -1.866479 7.364764 -2.152123
v -3.114190 8.207277 -1.771731
v -2.947371 8.038972 -0.768079
v -1.686863 7.183774 -1.075463
v -1.451907 7.740392 -1.573058
v -2.719671 8.559319 -1.226393
v -3.310327 7.715093 -1.269789
v -2.077969 6.829408 -1.621751
v -2.245437 7.536329 -0.476626
v -1.849471 8.493419 -1.380955
v -2.557629 7.852068 -2.369793
v -2.953595 6.894979 -1.465465
v -1.978597 7.145724 -3.889835
v -1.604474 8.005609 -4.938894
v -0.916827 7.425857 -5.203346
v -1.243315 6.517424 -4.166146
v -1.928432 6.577596 -4.348622
v -1.555844 7.472893 -5.375570
v -0.961568 7.915955 -4.801606
v -1.290640 7.053393 -3.733329
v -0.775496 6.711308 -4.799782
v -1.982225 6.844920 -5.097188
v -2.069058 7.812249 -4.310276
v -0.862330 7.678637 -4.012871
v -2.014272 6.726062 -4.351190
v -3.059660 7.384883 -4.790261
v -3.216205 7.718424 -3.996619
v -2.171717 7.077386 -3.494961
v -1.812256 7.284542 -4.013537
v -2.875256 7.915596 -4.474483
v -3.385857 7.230169 -4.287137
v -2.362298 6.550520 -3.813499
v -2.758994 7.544490 -3.390625
v -2.137249 7.880747 -4.318779
v -2.477266 6.923910 -4.893196
v -3.099011 6.587652 -3.965040
v -1.599124 8.097018 -1.558272
v -1.816073 9.001794 -2.277775
v -1.968506 8.514010 -2.868691
v -1.762544 7.572935 -2.191701
v -2.099303 7.820083 -1.770857
v -2.286965 8.736450 -2.475233
v -1.535286 8.758126 -2.687030
v -1.290677 7.834194 -1.991150
v -1.931707 7.829483 -2.794834
v -2.497596 8.272875 -2.041017
v -1.643185 8.744742 -1.677164
v -1.077296 8.301351 -2.430981
v -2.024580 7.858982 -1.911072
v -2.559861 8.785465 -1.763432
v -2.242127 8.888857 -1.127071
v -1.681173 7.965683 -1.228891
v -1.553874 8.111415 -1.738941
v -2.117548 9.026568 -1.600637
v -2.649055 8.667042 -1.276843
v -2.125235 7.727538 -1.391278
v -1.819138 8.471575 -0.895965
v -1.619050 8.715518 -1.800872
v -2.421653 8.282334 -2.095116
v -2.621741 8.038391 -1.190209
v -1.000033 5.119119 -2.178262
v -0.100319 4.816413 -4.083489
v 0.508953 3.634285 -3.626441
v -0.337524 3.848109 -1.707035
v -1.278705 4.057209 -2.164900
v -0.366744 3.815671 -4.063177
v 0.754064 4.554968 -3.645129
v -0.074626 4.849911 -1.719640
v 0.356854 3.220123 -2.471999
v -1.282326 3.640112 -3.279660
v -0.802256 5.452328 -3.311616
v 0.836924 5.032340 -2.503957
v -1.195433 4.006387 -2.253381
v -3.162059 4.469249 -2.202729
v -2.946272 5.417082 -1.274985
v -0.958152 5.022070 -1.258057
v -0.970235 5.030791 -2.277838
v -2.948240 5.435365 -2.225806
v -3.142986 4.528254 -1.253755
v -1.170602 4.055652 -1.234985
v -1.856136 5.639149 -0.853850
v -1.884139 5.602549 -2.644922
v -2.266808 3.852725 -2.603181
v -2.238805 3.889325 -0.812110
v -1.072834 4.928954 -2.363237
v -0.339761 4.653203 -4.072611
v 0.294316 3.653139 -3.672218
v -0.394449 3.856617 -1.929010
v -1.258913 3.972849 -2.302225
v -0.512973 3.750424 -4.020678
v 0.453671 4.483695 -3.719998
v -0.218904 4.758603 -1.986568
v 0.228815 3.311040 -2.620670
v -1.280174 3.562516 -3.282095
v -0.963597 5.195697 -3.383399
v 0.545391 4.944223 -2.721974
v -1.104809 3.926319 -2.495702
v -2.876159 4.038925 -2.763303
v -2.962941 4.888280 -1.937944
v -1.210663 4.838264 -1.612272
v -1.063393 4.852533 -2.501343
v -2.825564 4.912129 -2.766713
v -3.009488 4.084932 -1.934806
v -1.249735 3.964479 -1.606951
v -2.131089 5.236786 -1.410483
v -1.872021 5.215688 -2.972333
v -1.949830 3.634293 -2.963878
v -2.208899 3.655390 -1.402028
v -1.156357 4.806532 -2.605438
v -0.672487 4.473938 -4.149302
v -0.130475 3.587160 -3.808522
v -0.572373 3.853485 -2.247992
v -1.352011 3.981664 -2.502689
v -0.856282 3.695264 -4.054894
v 0.038616 4.303540 -3.895378
v -0.387793 4.631663 -2.344925
v -0.113835 3.327644 -2.879191
v -1.472247 3.592593 -3.338811
v -1.137667 5.000946 -3.515817
v 0.220745 4.735996 -3.056196
v -1.036472 4.031127 -2.798956
v -2.465529 3.725008 -3.309376
v -2.885915 4.238481 -2.520012
v -1.477974 4.584215 -1.948434
v -1.257680 4.794403 -2.669488
v -2.673486 4.445240 -3.186934
v -2.694595 3.575868 -2.632659
v -1.269287 3.864144 -2.070573
v -2.367501 4.638588 -1.881504
v -1.963400 4.971377 -3.152951
v -1.582370 3.668652 -3.372824
v -1.986471 3.335863 -2.101378
v -1.368232 4.802372 -2.705847
v -1.154527 4.790490 -4.096351
v -0.530368 4.094878 -4.022511
v -0.700020 4.055911 -2.616179
v -1.404846 4.071353 -2.712542
v -1.187717 4.100941 -4.112342
v -0.499833 4.729263 -4.007799
v -0.665479 4.745551 -2.609863
v -0.340233 3.764747 -3.280407
v -1.576483 3.828261 -3.454045
v -1.514690 5.076620 -3.437357
v -0.278441 5.013104 -3.263720
v -1.307340 4.115567 -2.824954
v -2.459811 4.368548 -3.420823
v -2.581071 5.075346 -2.919468
v -1.444225 4.875271 -2.290669
v -1.147787 4.777807 -2.876905
v -2.310612 4.993568 -3.470505
v -2.718334 4.500329 -2.873761
v -1.594747 4.250516 -2.241658
v -2.065753 5.287902 -2.385426
v -1.557545 5.084644 -3.415726
v -1.832898 3.954296 -3.328553
v -2.341106 4.157553 -2.298252
v -1.468999 4.826992 -2.700424
v -1.536240 4.887168 -3.875640
v -1.002837 4.321317 -3.950760
v -0.896998 4.220123 -2.784863
v -1.488214 4.218574 -2.739448
v -1.554597 4.313439 -3.916069
v -0.985948 4.849146 -3.913567
v -0.878872 4.794102 -2.748049
v -0.715741 4.019567 -3.399882
v -1.754243 4.047473 -3.323717
v -1.721539 5.086581 -3.258507
v -0.683037 5.058675 -3.334672
v -1.252015 4.274784 -2.873140
v -2.116654 4.350420 -3.528686
v -2.432235 4.808681 -3.073706
v -1.598727 4.767057 -2.391330
v -1.261089 4.832835 -2.814730
v -2.120612 4.876550 -3.469981
v -2.428594 4.324643 -3.127714
v -1.590166 4.240593 -2.446433
v -2.157637 4.989563 -2.534215
v -1.564615 5.077466 -3.281878
v -1.552663 4.124711 -3.384413
v -2.145685 4.036808 -2.636751
v -1.167886 6.303202 -1.103141
v -1.085836 7.114409 -3.064883
v -1.028737 5.821950 -3.616088
v -1.106200 4.921690 -1.706512
v -1.911138 5.576685 -1.457032
v -1.787525 6.423277 -3.385587
v -0.383183 6.457791 -3.321043
v -0.405019 5.607083 -1.372653
v -1.038316 4.805005 -2.913544
v -2.416372 5.988622 -2.449188
v -1.146862 7.231735 -1.850329
v 0.231193 6.048117 -2.314686
v -1.814159 5.751917 -1.565823
v -3.279536 6.277318 -0.274024
v -2.446504 6.138279 0.771148
v -0.918872 5.602212 -0.445719
v -1.155783 6.387154 -1.052277
v -2.655551 6.875566 0.208027
v -3.020569 5.587890 0.327660
v -1.539981 5.002932 -0.930196
v -1.314639 5.807264 0.626792
v -1.760237 7.153937 -0.467728
v -2.884617 6.069142 -1.344682
v -2.439019 4.722467 -0.250163
v -1.267452 6.511867 -0.725770
v -1.323158 7.655543 -2.231615
v -1.337168 6.669056 -2.999171
v -1.283011 5.464690 -1.563531
v -1.965243 5.967167 -1.136716
v -1.981203 7.136387 -2.612614
v -0.731767 7.146681 -2.648651
v -0.624718 5.978556 -1.175848
v -1.316224 5.636287 -2.624212
v -2.480614 6.548540 -1.856254
v -1.289189 7.483298 -1.160192
v -0.124800 6.571045 -1.928149
v -1.981869 6.173321 -1.010217
v -2.565376 7.172496 0.355468
v -1.500247 7.116033 0.877450
v -0.840063 6.114441 -0.447981
v -1.210830 6.687542 -1.036559
v -1.834553 7.651983 0.323106
v -2.172604 6.674904 0.907223
v -1.567458 5.629328 -0.423130
v -0.701245 6.590750 0.451945
v -1.388093 7.567364 -0.587958
v -2.705204 6.689836 -0.542140
v -2.018355 5.713220 0.497763
v -1.228269 6.910716 -0.696451
v -1.998464 7.788218 -1.868699
v -2.431699 6.875485 -2.287639
v -1.699639 5.939248 -1.155975
v -1.950488 6.472547 -0.571336
v -2.677631 7.372248 -1.747340
v -1.806865 7.258177 -2.399291
v -1.018301 6.352615 -1.274009
v -2.258939 6.007718 -1.909138
v -2.665822 6.969111 -0.890857
v -1.434799 7.720192 -1.108087
v -1.027915 6.758799 -2.126369
v -1.970134 6.655218 -0.654037
v -2.087167 7.821238 0.359428
v -1.068674 7.819181 0.521108
v -0.876588 6.646999 -0.485793
v -1.339290 7.023978 -0.992173
v -1.492878 8.175668 0.046105
v -1.615420 7.493106 0.809366
v -1.471724 6.299111 -0.166796
v -0.519845 7.230206 0.085273
v -1.364701 7.876740 -0.785836
v -2.441558 7.243362 -0.211526
v -1.596702 6.596827 0.659584
v -1.207874 7.247808 -0.638706
v -2.063324 8.120095 -1.347225
v -2.627614 7.409106 -1.581697
v -1.813605 6.485286 -0.890499
v -1.795197 6.931967 -0.336928
v -2.620722 7.825679 -1.065331
v -2.114809 7.679967 -1.841040
v -1.259527 6.783248 -1.175195
v -2.470524 6.631991 -1.337430
v -2.412009 7.435982 -0.382091
v -1.408047 7.974314 -0.896633
v -1.466562 7.170325 -1.851972
v -1.854686 7.024831 -0.703599
v -2.176168 8.029713 0.091944
v -1.394389 7.988805 0.482802
v -1.017717 6.986237 -0.280114
v -1.246382 7.317626 -0.808263
v -1.601539 8.303733 -0.008508
v -1.923048 7.736707 0.575218
v -1.591589 6.710016 -0.181375
v -0.861596 7.471222 0.275269
v -1.293989 8.039831 -0.647135
v -2.333636 7.542212 -0.466535
v -1.901243 6.973604 0.455868
v -1.206062 7.361438 -0.357924
v -1.586772 8.386981 -0.796860
v -1.943318 8.017687 -1.385798
v -1.589881 6.968771 -0.991248
v -1.762765 7.128622 -0.447043
v -2.110666 8.163713 -0.879462
v -1.461336 8.223093 -1.309804
v -1.064690 7.188410 -0.907174
v -1.924193 7.332016 -1.450157
v -2.199831 7.623086 -0.488717
v -1.249840 8.022668 -0.337332
v -0.974202 7.731596 -1.298773
v -1.743257 7.163469 -0.569663
v -1.933754 8.134584 -0.127908
v -1.239176 8.210289 0.040703
v -0.998483 7.246757 -0.387842
v -1.293282 7.377408 -0.827863
v -1.510030 8.339981 -0.369865
v -1.629002 8.021324 0.263304
v -1.422988 7.044927 -0.144257
v -0.811427 7.762241 -0.100815
v -1.352840 7.985469 -0.859394
v -2.121137 7.619476 -0.418747
v -1.579724 7.396248 0.339832
v -2.088565 5.479795 -3.801518
v -0.992469 5.810472 -5.571040
v -0.118614 4.748136 -5.278893
v -1.161703 4.336297 -3.470191
v -2.079957 4.401909 -4.010273
v -0.978143 4.795726 -5.778321
v -0.131794 5.681702 -5.088193
v -1.169823 5.353168 -3.273252
v -0.255793 4.066978 -4.238159
v -1.870615 4.235705 -5.175974
v -1.890225 6.074799 -4.811327
v -0.275404 5.906071 -3.873510
v -2.149982 4.353259 -4.104954
v -4.081120 4.929266 -4.103911
v -3.847511 5.856464 -3.159777
v -1.882201 5.343321 -3.091714
v -1.859681 5.361425 -4.111196
v -3.820714 5.884140 -4.109994
v -4.087084 4.977981 -3.154181
v -2.156070 4.392219 -3.085827
v -2.750005 6.011471 -2.707665
v -2.731819 5.995139 -4.499164
v -3.219421 4.271134 -4.488397
v -3.237607 4.287467 -2.696898
v -2.425816 5.244833 -4.081687
v -1.667052 5.716811 -5.731956
v -0.722681 4.914218 -5.569150
v -1.417422 4.380340 -3.896048
v -2.275597 4.304012 -4.293296
v -1.520347 4.832678 -5.942894
v -0.857650 5.727621 -5.375086
v -1.559138 5.267905 -3.696418
v -0.655945 4.286059 -4.653557
v -2.168452 4.200854 -5.348419
v -2.427142 5.806067 -4.982161
v -0.914636 5.891272 -4.287299
v -2.138064 4.403313 -4.581234
v -3.888098 4.129836 -4.861106
v -4.158998 4.704535 -3.857868
v -2.437748 5.018410 -3.506459
v -2.325257 5.284094 -4.360329
v -4.066642 4.960428 -4.653036
v -3.994737 3.940390 -4.049294
v -2.261151 4.187482 -3.714859
v -3.419571 5.116635 -3.240781
v -3.219424 5.538617 -4.753662
v -2.901251 4.034230 -5.131181
v -3.101398 3.612247 -3.618299
v -2.570614 5.295574 -4.552409
v -2.097690 5.402788 -6.128905
v -1.397372 4.573307 -5.995486
v -1.818124 4.405927 -4.413157
v -2.615971 4.447196 -4.638705
v -2.141963 4.602001 -6.205112
v -1.356642 5.310030 -5.925376
v -1.775334 5.206283 -4.331747
v -1.296303 4.123777 -5.147493
v -2.696990 4.238282 -5.536973
v -2.618823 5.687292 -5.392087
v -1.218135 5.572787 -5.002607
v -2.334458 4.642361 -5.001562
v -3.806197 4.527540 -5.473854
v -4.144841 5.015790 -4.630998
v -2.691282 5.166859 -4.095031
v -2.467498 5.411499 -4.804046
v -3.941183 5.252262 -5.290743
v -4.020655 4.349047 -4.799459
v -2.565772 4.441257 -4.281367
v -3.561622 5.310919 -3.988456
v -3.168802 5.702004 -5.246773
v -2.938924 4.388758 -5.583167
v -3.331743 3.997674 -4.324849
v -2.613349 5.584689 -4.895270
v -2.461484 5.543200 -6.298955
v -2.030236 4.712495 -6.245503
v -2.150579 4.693390 -4.838861
v -2.831736 4.886229 -4.910573
v -2.668053 4.884346 -6.307723
v -1.840193 5.318642 -6.237437
v -1.944554 5.352314 -4.824424
v -1.897552 4.335857 -5.520408
v -3.084268 4.709551 -5.641057
v -2.711154 5.902316 -5.616611
v -1.524439 5.528622 -5.495964
v -2.511193 4.995669 -5.177364
v -3.672759 5.276124 -5.743259
v -3.863846 5.842762 -5.104488
v -2.723617 5.605319 -4.495784
v -2.411041 5.664226 -5.078772
v -3.578970 5.906986 -5.650562
v -3.950131 5.262368 -5.189772
v -2.818100 4.974606 -4.588798
v -3.377847 5.974895 -4.519763
v -2.837778 6.046146 -5.551438
v -3.012777 4.905336 -5.721838
v -3.552846 4.834085 -4.690162
v -2.806312 5.712781 -4.873438
v -2.850112 6.074251 -5.989622
v -2.232070 5.634787 -6.177360
v -2.142913 5.239542 -5.069780
v -2.727550 5.140545 -5.069415
v -2.776055 5.535873 -6.178836
v -2.300203 6.130093 -6.003282
v -2.217217 5.779388 -4.884898
v -1.913551 5.240523 -5.704415
v -2.945034 5.095506 -5.695525
v -3.079391 6.071844 -5.358212
v -2.047908 6.216862 -5.367104
v -2.419863 5.329341 -5.202291
v -3.255863 5.453517 -5.880335
v -3.660333 5.729538 -5.354202
v -2.855262 5.625696 -4.639009
v -2.514607 5.845665 -5.003923
v -3.346532 5.940791 -5.694276
v -3.576917 5.281248 -5.525376
v -2.765880 5.138597 -4.826149
v -3.436089 5.800429 -4.763970
v -2.834686 6.161622 -5.416853
v -2.673211 5.279928 -5.755886
v -3.274614 4.918736 -5.103004
v -1.658080 6.833604 -3.781535
v -0.247429 7.652336 -5.133623
v 0.511610 6.468859 -5.105781
v -0.843115 5.564190 -3.752264
v -1.652160 5.901268 -4.361368
v -0.235988 6.776383 -5.686305
v 0.501085 7.274734 -4.597311
v -0.848700 6.443751 -3.205252
v 0.167042 5.490898 -4.417906
v -1.249863 6.132926 -5.464708
v -1.261851 7.723944 -4.472674
v 0.155054 7.081915 -3.425873
v -1.346312 6.109151 -4.452242
v -3.308218 6.119462 -4.969976
v -3.681628 6.305126 -3.686002
v -1.738603 6.308350 -3.072245
v -1.516545 6.949872 -3.839715
v -3.476175 6.912604 -4.394231
v -3.527107 5.575435 -4.215689
v -1.578005 5.515217 -3.650100
v -2.871308 6.390617 -2.808241
v -2.475209 7.476267 -4.188262
v -2.180121 6.040531 -5.233047
v -2.576220 4.954880 -3.853024
v -1.648548 7.060808 -3.859386
v -0.478157 7.923096 -5.085350
v 0.259251 6.897057 -5.157957
v -0.863117 5.955433 -3.931233
v -1.630189 6.252409 -4.427364
v -0.453219 7.166410 -5.629259
v 0.236309 7.593206 -4.657560
v -0.880437 6.718073 -3.395405
v 0.018329 5.966012 -4.574117
v -1.325437 6.532228 -5.423434
v -1.359398 7.910730 -4.450694
v -0.015633 7.344514 -3.601376
v -1.555922 6.424024 -4.487544
v -3.151744 7.276875 -4.669635
v -3.103975 7.674438 -3.528476
v -1.499276 6.847781 -3.262441
v -1.206283 7.190885 -4.061800
v -2.831679 8.005443 -4.269322
v -3.398435 7.004158 -3.896765
v -1.829125 6.124328 -3.664085
v -2.275342 7.437905 -2.889848
v -1.782971 8.005494 -4.316579
v -2.375403 6.693439 -5.042998
v -2.867774 6.125851 -3.616266
v -1.370108 7.446386 -4.027078
v -0.685468 7.708669 -5.550193
v -0.527166 6.605161 -5.701290
v -1.203601 6.260945 -4.181750
v -1.847056 6.791191 -4.365828
v -1.132990 7.091623 -5.875186
v -0.115445 7.172843 -5.402296
v -0.753651 6.879056 -3.862175
v -0.797545 5.942348 -5.005522
v -1.904130 6.907062 -5.313402
v -1.091306 8.025235 -4.731165
v 0.015279 7.060521 -4.423285
v -1.303635 6.922552 -4.592400
v -2.721400 7.351599 -5.231096
v -3.145962 7.468346 -4.257269
v -1.765002 7.049582 -3.550348
v -1.372173 7.553244 -4.050348
v -2.785159 7.946315 -4.719296
v -3.087304 6.921205 -4.728127
v -1.700344 6.454587 -4.061716
v -2.644194 7.311532 -3.474406
v -1.952791 8.166062 -4.381248
v -1.837970 7.089684 -5.307989
v -2.529373 6.235156 -4.401145
v -1.672429 7.677125 -4.046725
v -1.043773 8.567369 -5.045648
v -0.385944 7.875548 -5.285728
v -0.970181 6.929529 -4.298522
v -1.649156 7.103230 -4.557405
v -1.020656 8.027693 -5.529305
v -0.407211 8.372052 -4.840762
v -0.992136 7.470938 -3.816750
v -0.386630 7.093523 -4.896903
v -1.581839 7.426190 -5.325224
v -1.623192 8.403848 -4.450509
v -0.427983 8.071180 -4.022186
v -1.487450 7.223456 -4.603841
v -2.518609 8.066887 -5.023294
v -2.641850 8.379885 -4.158277
v -1.617773 7.557734 -3.674922
v -1.214830 7.769144 -4.212669
v -2.260205 8.580694 -4.653732
v -2.879582 7.907180 -4.498273
v -1.874962 7.042936 -4.043952
v -2.185061 8.106860 -3.532850
v -1.488302 8.449513 -4.496446
v -1.953665 7.517467 -5.164375
v -2.650424 7.174815 -4.200779
v -1.460357 7.918708 -4.073901
v -1.241768 8.435410 -5.211010
v -1.102094 7.676292 -5.551810
v -1.311470 7.101788 -4.434440
v -1.836322 7.461788 -4.363468
v -1.596370 8.004542 -5.484594
v -0.775861 8.072692 -5.300112
v -0.956787 7.532845 -4.161263
v -1.144287 7.051412 -5.143334
v -2.048442 7.705717 -5.001875
v -1.406810 8.484982 -4.505211
v -0.502655 7.830677 -4.646670
v -1.298609 7.527892 -4.534215
v -2.086828 8.106981 -5.202594
v -2.567626 8.198165 -4.585607
v -1.812562 7.624340 -3.870559
v -1.369313 7.954898 -4.097516
v -2.150736 8.507699 -4.788110
v -2.508830 7.829504 -4.966931
v -1.745860 7.221505 -4.282540
v -2.405343 7.950712 -3.955435
v -1.619064 8.507636 -4.372684
v -1.497816 7.778054 -5.118009
v -2.284095 7.221129 -4.700758
v -1.637636 7.936977 -4.017286
v -1.544507 8.607136 -4.832591
v -1.159801 8.138633 -5.188807
v -1.224837 7.434972 -4.400299
v -1.748554 7.533824 -4.373006
v -1.649582 8.222871 -5.163528
v -1.063132 8.492157 -4.884344
v -1.120197 7.815306 -4.064713
v -1.019698 7.582345 -4.954447
v -1.935079 7.772209 -4.884205
v -1.745676 8.460602 -4.276630
v -0.830295 8.270740 -4.346873
v -1.685763 8.321045 -1.337056
v -1.706466 9.093756 -3.305151
v -2.040184 7.834037 -3.833623
v -2.043792 6.966619 -1.897220
v -2.624160 7.792030 -1.549290
v -2.591775 8.597594 -3.512356
v -1.225699 8.290506 -3.642995
v -1.158512 7.465689 -1.697000
v -2.191579 6.840288 -3.095773
v -3.164901 8.318423 -2.476602
v -1.562348 9.220260 -2.110365
v -0.589026 7.742125 -2.729537
v -2.488928 7.884182 -1.897712
v -3.888371 8.581068 -0.618116
v -3.127008 8.256632 0.440528
v -1.666850 7.533512 -0.766428
v -1.751436 8.375340 -1.335941
v -3.192214 9.044209 -0.088496
v -3.767473 7.830540 -0.046722
v -2.362597 7.070157 -1.296400
v -2.058744 7.749526 0.306472
v -2.240909 9.203011 -0.725158
v -3.498294 8.363232 -1.686311
v -3.316129 6.909748 -0.654682
v -2.012449 8.432108 -1.042696
v -1.835946 9.549076 -2.536113
v -1.920547 8.578311 -3.319027
v -2.105046 7.378813 -1.867719
v -2.745493 7.967536 -1.489133
v -2.526736 9.115666 -2.963517
v -1.285020 8.977048 -2.925815
v -1.413495 7.817087 -1.446553
v -2.051185 7.542039 -2.937115
v -3.140553 8.598135 -2.247398
v -1.889540 9.386210 -1.478196
v -0.800172 8.330115 -2.167914
v -2.646564 8.118382 -1.708285
v -3.828928 8.890470 -0.604224
v -3.146822 8.631959 0.332823
v -1.920118 7.844629 -0.698022
v -1.964659 8.552462 -1.254194
v -3.177124 9.294406 -0.183459
v -3.746482 8.260338 -0.054280
v -2.563424 7.435121 -1.126411
v -2.239166 8.124436 0.237249
v -2.344778 9.342614 -0.768647
v -3.511483 8.602742 -1.542164
v -3.405871 7.384564 -0.536268
v -2.171665 8.678669 -0.999164
v -2.485096 9.662642 -2.287072
v -2.757334 8.800541 -2.902663
v -2.465032 7.757914 -1.664934
v -2.896799 8.258296 -1.162608
v -3.168224 9.262895 -2.437282
v -2.128855 9.168309 -2.764471
v -1.780944 8.154491 -1.510741
v -2.731257 7.900099 -2.558313
v -3.453868 8.799956 -1.666787
v -2.216176 9.519975 -1.390343
v -1.493564 8.620117 -2.281869
v -2.891791 8.382289 -1.414923
v -3.531496 9.407142 -0.448098
v -2.719162 9.358924 0.185355
v -2.015107 8.322665 -0.742549
v -2.192567 8.776938 -1.354734
v -2.872999 9.781228 -0.389671
v -3.324978 9.014766 0.131602
v -2.674752 7.950354 -0.799330
v -2.004669 8.816478 0.001610
v -2.349387 9.592217 -1.080063
v -3.541779 8.915644 -1.185276
v -3.197061 8.139905 -0.103602
v -2.353655 8.915538 -0.896296
v -2.732888 9.915627 -1.828076
v -2.992706 9.259461 -2.445200
v -2.635822 8.220880 -1.566805
v -2.976962 8.560987 -1.043111
v -3.320059 9.578795 -1.964493
v -2.452508 9.569345 -2.319696
v -2.047796 8.555363 -1.428300
v -2.930311 8.453856 -2.279736
v -3.499989 9.072352 -1.354845
v -2.436848 9.681413 -1.107306
v -1.867170 9.062915 -2.032197
v -2.937238 8.667174 -1.334353
v -3.485030 9.668523 -0.680369
v -2.813117 9.697421 -0.120618
v -2.214212 8.694453 -0.736160
v -2.338060 8.994809 -1.315379
v -2.919727 9.977538 -0.662508
v -3.333196 9.413128 -0.137050
v -2.779473 8.385364 -0.754060
v -2.215361 9.207662 -0.179831
v -2.461642 9.717151 -1.200064
v -3.484059 9.156203 -1.233384
v -3.237778 8.646715 -0.213151
v -2.400444 9.050612 -0.876009
v -2.838914 9.975294 -1.459428
v -3.136409 9.505450 -2.008148
v -2.720602 8.548608 -1.466004
v -2.931979 8.761926 -0.954716
v -3.338792 9.699529 -1.531620
v -2.676521 9.759153 -1.941731
v -2.219153 8.820953 -1.391752
v -3.059963 8.821006 -1.981550
v -3.404011 9.208060 -1.077732
v -2.496882 9.702354 -0.944102
v -2.152834 9.315300 -1.847920
v -2.744678 8.840529 -1.398515
v -3.370786 9.664056 -1.088866
v -3.096709 9.646827 -0.424649
v -2.447376 8.817842 -0.687332
v -2.308896 9.084523 -1.142632
v -2.961502 9.896615 -0.846636
v -3.473251 9.432872 -0.647501
v -2.858492 8.587660 -0.928730
v -2.648826 9.223223 -0.261670
v -2.427072 9.679702 -1.074599
v -3.169748 9.261045 -1.512274
v -3.391502 8.804566 -0.699345
v -1.400678 8.480909 -1.725463
v -1.069971 9.176984 -3.691773
v -1.387795 7.916985 -4.229294
v -1.743666 7.124738 -2.290796
v -2.322565 7.993626 -2.069221
v -1.939773 8.717034 -4.015459
v -0.587577 8.340137 -3.931502
v -0.873962 7.584439 -1.966496
v -1.705390 6.959351 -3.496465
v -2.678178 8.507979 -3.082879
v -1.104328 9.339100 -2.493096
v -0.131539 7.790474 -2.906682
v -1.911700 8.038617 -2.560582
v -3.664606 8.738549 -1.854999
v -3.350188 8.371325 -0.601226
v -1.558701 7.638282 -1.221287
v -1.419175 8.496069 -1.755056
v -3.203776 9.171642 -1.093620
v -3.774151 7.972878 -1.301695
v -2.023348 7.206724 -1.981217
v -2.310461 7.838423 -0.354963
v -2.083968 9.320881 -1.335311
v -2.919880 8.537591 -2.712906
v -3.146373 7.055134 -1.732558
v -1.559782 8.517616 -1.724139
v -0.952444 9.477874 -3.234153
v -0.955504 8.433921 -3.921648
v -1.558535 7.404923 -2.472857
v -2.212632 8.068379 -2.293750
v -1.569766 9.051730 -3.768028
v -0.387568 8.825974 -3.430483
v -0.942639 7.828731 -1.935489
v -1.257515 7.461535 -3.503754
v -2.373325 8.651976 -3.163767
v -1.256675 9.422040 -2.195334
v -0.140864 8.231601 -2.535322
v -1.961449 8.124827 -2.591568
v -3.238531 9.130649 -1.850906
v -2.792979 8.943223 -0.766237
v -1.480250 7.921286 -1.429537
v -1.335829 8.551976 -2.057000
v -2.643770 9.530013 -1.349087
v -3.340159 8.575806 -1.227911
v -2.070457 7.518317 -1.933845
v -1.941116 8.347198 -0.616032
v -1.712667 9.429888 -1.748521
v -2.781697 8.700935 -2.661067
v -3.010147 7.618246 -1.528578
v -1.486075 8.634292 -1.946183
v -1.332232 9.458659 -3.359522
v -1.532797 8.553617 -3.940002
v -1.702047 7.659111 -2.562204
v -2.187667 8.258700 -2.255933
v -1.994291 9.103295 -3.650074
v -0.923703 8.880552 -3.672695
v -1.040167 8.013444 -2.269988
v -1.704789 7.703241 -3.507936
v -2.523978 8.772433 -2.948926
v -1.325986 9.413129 -2.418779
v -0.506797 8.343937 -2.977790
v -1.746725 8.308728 -2.717053
v -3.010955 9.189209 -2.494629
v -2.984665 9.001019 -1.481038
v -1.723990 8.110650 -1.628722
v -1.404309 8.663913 -2.080752
v -2.684218 9.521695 -1.894906
v -3.285263 8.695131 -2.032783
v -2.047025 7.775569 -2.229004
v -2.345276 8.473781 -1.106865
v -1.800328 9.428353 -1.932966
v -2.387729 8.823645 -3.019202
v -2.932678 7.869071 -2.193099
v -1.521211 8.723706 -2.030423
v -1.496399 9.582936 -3.159439
v -1.662136 8.856986 -3.729027
v -1.698746 7.953524 -2.652558
v -2.121857 8.406552 -2.303205
v -2.063180 9.279735 -3.411753
v -1.140697 9.135933 -3.496898
v -1.132098 8.252727 -2.395216
v -1.752803 8.089027 -3.445676
v -2.466538 8.900919 -2.818052
v -1.440639 9.447040 -2.357857
v -0.726904 8.635148 -2.985481
v -1.830152 8.396298 -2.698723
v -2.625813 9.421663 -2.488535
v -2.416845 9.437583 -1.639005
v -1.602077 8.408433 -1.788130
v -1.348289 8.704881 -2.325491
v -2.172442 9.714332 -2.136148
v -2.833947 9.168326 -1.963200
v -2.056665 8.117318 -2.140235
v -1.915653 8.928453 -1.336482
v -1.492602 9.432834 -2.299673
v -2.313874 8.903787 -2.937427
v -2.736925 8.399407 -1.974236
v -1.575932 8.736035 -2.065680
v -1.652577 9.597886 -2.858714
v -1.760653 9.082930 -3.436199
v -1.691513 8.179013 -2.681286
v -2.061815 8.469871 -2.320900
v -2.110872 9.345857 -3.098678
v -1.339021 9.314795 -3.215432
v -1.233132 8.430112 -2.440512
v -1.772704 8.401320 -3.314835
v -2.399057 8.922346 -2.665773
v -1.569233 9.376079 -2.229209
v -0.942880 8.855052 -2.878272
v -1.731173 8.442813 -2.687584
v -2.335013 9.334489 -2.736503
v -2.328134 9.402741 -2.021035
v -1.718644 8.508453 -1.919327
v -1.396351 8.698033 -2.316543
v -2.020519 9.577288 -2.386623
v -2.617468 9.179365 -2.342924
v -2.034514 8.267678 -2.269366
v -2.019259 8.983429 -1.651521
v -1.467663 9.301228 -2.367863
v -2.037740 8.862866 -3.001308
v -2.589336 8.545068 -2.284966
v -1.710475 7.667399 1.054533
v -3.762460 7.945941 0.660934
v -3.977692 6.559261 0.569703
v -1.921352 6.176384 0.960502
v -1.965677 6.872875 1.768041
v -4.014939 7.198237 1.331808
v -3.745412 7.247149 -0.047502
v -1.680595 6.925935 0.287382
v -3.036220 5.748612 0.728057
v -3.105068 7.012752 2.111107
v -2.659022 8.368007 0.894577
v -2.590173 7.103868 -0.488473
v -1.816026 7.253777 2.036086
v -1.012013 8.099360 3.695942
v 0.167303 8.255306 3.071001
v -0.546890 7.425284 1.373918
v -1.376650 8.012114 1.459378
v -0.600153 8.811873 3.146098
v -0.211608 7.599792 3.576859
v -0.961395 6.709872 1.917982
v 0.333007 7.910090 1.950562
v -1.147606 8.903181 2.128383
v -1.896049 7.610222 3.117399
v -0.415436 6.617134 2.939578
v -1.796967 8.446624 1.347166
v -3.493827 9.126151 0.929968
v -3.953325 7.974563 0.771214
v -2.275836 7.205048 1.180312
v -2.216569 7.784832 1.928933
v -3.891953 8.502752 1.478218
v -3.587049 8.548090 0.266825
v -1.879985 7.829377 0.631476
v -3.316036 7.075437 0.904629
v -3.187179 8.125689 2.192316
v -2.462375 9.252375 1.200848
v -2.591232 8.202124 -0.086839
v -1.899023 8.209892 2.235044
v -1.164253 9.373280 3.379638
v -0.219690 9.510515 2.673154
v -0.884682 8.358673 1.478557
v -1.680369 8.778124 1.535815
v -0.954934 9.914284 2.724997
v -0.412264 9.012790 3.275424
v -1.090958 7.822604 2.138206
v -0.136748 8.996302 1.760782
v -1.542809 9.710532 1.901520
v -1.916729 8.739292 3.094756
v -0.510669 8.025062 2.954019
v -1.908651 9.111497 1.501031
v -3.408066 9.772214 1.437917
v -3.881243 8.788569 1.507438
v -2.402300 8.049539 1.576267
v -2.165748 8.609151 2.141965
v -3.659705 9.302544 2.042165
v -3.649736 9.220666 0.951531
v -2.159755 8.523450 0.971613
v -3.345356 7.977925 1.574810
v -2.920133 8.987934 2.536994
v -2.474039 9.842551 1.442754
v -2.899263 8.832542 0.480570
v -2.088838 8.915265 2.216798
v -1.756857 9.808990 3.448523
v -0.757532 9.814931 3.193989
v -1.014932 8.926708 1.950694
v -1.619049 9.388758 1.765813
v -1.315439 10.250407 3.015773
v -1.163637 9.408827 3.592119
v -1.458129 8.480017 2.376151
v -0.443854 9.374425 2.464467
v -1.529484 10.161284 2.159704
v -2.330750 9.355694 2.934054
v -1.245120 8.568835 3.238816
v -1.685868 9.677629 1.761831
v -2.619796 10.708686 1.564222
v -3.270283 10.101548 1.269002
v -2.374695 9.015721 1.446960
v -2.206121 9.278045 2.086549
v -3.114964 10.336725 1.869654
v -2.814728 10.443752 0.988004
v -1.883890 9.392689 1.140623
v -3.108864 9.283787 1.227779
v -2.787210 9.765239 2.335587
v -1.893988 10.442173 1.782043
v -2.215642 9.960721 0.674236
v -2.147818 9.442820 2.165496
v -2.162853 10.224742 3.230567
v -1.295133 10.149304 3.314193
v -1.217032 9.366070 2.260852
v -1.608067 9.791446 1.933447
v -1.653386 10.548404 3.004595
v -1.763843 9.851537 3.522088
v -1.726231 9.037177 2.479766
v -0.873188 9.725057 2.828725
v -1.587150 10.453237 2.262050
v -2.509056 9.860654 2.662101
v -1.795095 9.132474 3.228775
v -1.704991 9.936913 1.882248
v -2.396459 10.895605 1.892436
v -2.998456 10.476766 1.623131
v -2.357043 9.496416 1.593468
v -2.158932 9.620139 2.138485
v -2.823104 10.594442 2.134120
v -2.605942 10.753836 1.400782
v -1.928798 9.795259 1.351735
v -2.944754 9.804550 1.490347
v -2.576096 10.040789 2.435518
v -1.803084 10.584939 1.998003
v -2.171742 10.348701 1.052832
v -2.088549 9.690087 2.209142
v -2.124806 10.555943 2.858527
v -1.427286 10.686089 2.743951
v -1.340222 9.830437 2.086694
v -1.797284 9.992685 1.836966
v -1.849704 10.836732 2.503914
v -1.680380 10.427763 3.070195
v -1.615000 9.544967 2.437803
v -1.074201 10.317730 2.368422
v -1.891646 10.583092 1.944434
v -2.389028 10.065993 2.579744
v -1.571583 9.800631 3.003733
v -1.246741 6.401779 0.788665
v -2.829693 7.329555 -0.259834
v -2.839648 6.300711 -1.218434
v -1.250342 5.293589 -0.235220
v -1.764406 5.438687 0.688830
v -3.314643 6.418934 -0.351897
v -2.393493 7.138481 -1.133736
v -0.761979 6.202165 -0.141036
v -2.048668 5.341889 -1.155560
v -2.919514 5.640629 0.477840
v -2.030828 7.282501 0.651353
v -1.159982 6.983761 -0.982047
v -1.621421 5.406643 0.955861
v -1.440317 6.288116 2.775239
v -0.387587 7.005365 2.347484
v -0.491075 6.181125 0.507439
v -1.497450 6.346604 0.506618
v -1.323333 7.174948 2.351593
v -0.495211 6.189478 2.737236
v -0.608029 5.294368 0.931252
v 0.024148 6.911984 1.240366
v -1.750210 7.158938 1.267413
v -1.961690 5.555105 2.037516
v -0.187333 5.308151 2.010468
v -1.608896 6.270577 0.534121
v -3.338361 6.193728 -0.203869
v -3.135522 5.036823 -0.631563
v -1.389626 5.029344 0.075943
v -1.735110 5.370958 0.890828
v -3.462943 5.344908 0.130332
v -3.020907 5.817738 -0.939028
v -1.270556 5.878040 -0.260573
v -2.170814 4.520144 -0.464467
v -2.776193 5.165159 0.948064
v -2.559272 6.701499 0.339480
v -1.953892 6.056485 -1.073050
v -1.868058 5.341985 0.780147
v -2.115942 5.854449 2.479963
v -1.146454 6.538778 2.435946
v -0.829121 6.078423 0.740567
v -1.698747 6.225241 0.554736
v -1.955678 6.686760 2.264019
v -1.293898 5.773053 2.634613
v -0.988848 5.245162 0.953218
v -0.560028 6.611564 1.571356
v -2.097042 6.826101 1.257509
v -2.386687 5.318625 1.645527
v -0.849673 5.104088 1.959373
v -1.726199 6.167725 0.764562
v -3.176649 6.657769 0.145039
v -3.132945 5.878417 -0.621111
v -1.686724 5.334169 -0.060502
v -1.993058 5.358325 0.710674
v -3.425641 5.893204 0.095333
v -2.903872 6.581817 -0.575381
v -1.434970 6.097753 -0.009664
v -2.392947 5.263037 -0.679908
v -2.919462 5.346252 0.677512
v -2.467010 6.729651 0.768200
v -1.940495 6.646436 -0.589219
v -2.097669 5.402791 0.627809
v -2.671937 5.527837 2.066221
v -1.815733 6.004427 2.387545
v -1.179534 5.914246 0.973726
v -1.855654 6.169384 0.673070
v -2.440579 6.250460 2.101721
v -2.028583 5.339615 2.354886
v -1.407850 5.191045 0.931027
v -1.118298 6.168319 1.825554
v -2.316336 6.578186 1.289518
v -2.730813 5.269262 1.215036
v -1.532775 4.859396 1.751071
v -1.857391 6.104771 0.877164
v -3.129533 6.633305 0.573409
v -3.196200 6.089901 -0.187623
v -1.926415 5.520666 0.061194
v -2.115861 5.433531 0.741504
v -3.371777 5.999378 0.445775
v -2.973336 6.673113 -0.070200
v -1.682576 6.153911 0.189175
v -2.590488 5.565059 -0.401308
v -2.907722 5.444081 0.801697
v -2.465854 6.590174 1.033473
v -2.148619 6.711152 -0.169534
v -2.135877 5.470516 0.755667
v -2.757990 5.875774 1.852301
v -2.117949 6.449920 2.014560
v -1.455455 6.090366 0.940486
v -2.021738 6.124698 0.595244
v -2.646771 6.490794 1.694947
v -2.220271 5.884103 2.159327
v -1.563134 5.473214 1.091829
v -1.507342 6.523919 1.554386
v -2.507232 6.551119 0.953896
v -2.705407 5.435893 1.233366
v -1.705518 5.408693 1.833857
v -1.967539 6.137625 0.732583
v -3.137167 6.212109 0.770146
v -3.211997 5.477922 0.513785
v -2.039657 5.349223 0.457222
v -2.001174 5.589446 0.997973
v -3.168827 5.694940 1.020485
v -3.182869 5.953718 0.283473
v -2.007926 5.866373 0.206854
v -2.658183 5.087005 0.370236
v -2.584939 5.536133 1.307245
v -2.522951 6.471906 0.853865
v -2.596194 6.022778 -0.083144
v -2.165502 5.587777 0.658333
v -2.876949 5.783229 1.446918
v -2.375960 6.117236 1.839411
v -1.624431 5.945239 1.075641
v -1.983510 6.116778 0.702505
v -2.703781 6.281905 1.487038
v -2.535275 5.658454 1.802502
v -1.796121 5.446181 1.033969
v -1.776980 6.178270 1.632410
v -2.413787 6.452594 0.970879
v -2.723768 5.548996 0.894570
v -2.086960 5.274673 1.556101
v -0.888810 7.982943 1.080920
v -2.952141 8.395613 1.271147
v -3.242387 7.036033 1.482885
v -1.189721 6.521882 1.307178
v -0.951036 7.330434 1.961743
v -3.019614 7.781988 2.102889
v -3.180312 7.600567 0.717682
v -1.131017 7.137456 0.476212
v -2.339293 6.174326 1.490232
v -1.919592 7.628420 2.597064
v -1.807901 8.741534 1.092364
v -2.227602 7.287440 -0.014467
v -1.113978 7.462204 1.845682
v 0.032709 8.062443 3.408956
v 1.161593 7.907212 2.685065
v 0.092943 7.293341 1.062874
v -0.546511 8.080660 1.208131
v 0.572941 8.648542 2.814480
v 0.664579 7.368001 3.231985
v -0.442403 6.709892 1.664338
v 1.125152 7.531909 1.548295
v -0.024486 8.886154 1.838718
v -0.995980 7.828684 2.924052
v 0.153658 6.474440 2.633629
v -0.431601 8.266980 1.210069
v -2.073469 9.242412 1.146609
v -2.738173 8.166703 1.199754
v -1.152564 7.117672 1.266781
v -0.808326 7.713618 1.936921
v -2.423831 8.717238 1.832519
v -2.415840 8.649862 0.568716
v -0.797163 7.639712 0.581071
v -2.242155 7.169103 1.255845
v -1.618037 8.243738 2.397459
v -0.978464 9.191086 1.156037
v -1.602582 8.116450 0.014423
v -0.552060 7.941346 1.987006
v 0.728263 9.070930 2.636170
v 1.340255 9.002744 1.595305
v 0.111720 7.874660 0.874081
v -0.550110 8.432099 1.180323
v 0.721414 9.526080 1.870473
v 1.346555 8.584004 2.299747
v 0.109880 7.411686 1.635102
v 1.002148 8.410230 0.778369
v -0.165122 9.361905 1.354515
v -0.164082 8.527741 2.734487
v 1.003188 7.576066 2.158340
v -0.345779 8.673908 1.224343
v -1.726604 9.475166 1.817654
v -2.130973 8.506560 2.222512
v -0.793702 7.643196 1.664702
v -0.285728 8.247564 1.989939
v -1.665099 9.069972 2.537848
v -2.187558 8.879338 1.559934
v -0.850354 8.045408 0.942442
v -1.644639 7.651683 2.123635
v -0.756047 8.735763 2.657649
v -0.866195 9.468499 1.353441
v -1.754787 8.384419 0.819426
v -0.331369 8.463522 1.988879
v 0.727832 9.565320 2.479762
v 1.261340 9.503831 1.555742
v 0.235169 8.391326 0.994549
v -0.379787 8.853116 1.252563
v 0.683900 9.934706 1.785989
v 1.301757 9.163997 2.194013
v 0.280847 8.023785 1.689187
v 0.983827 8.918190 0.863780
v -0.095968 9.708879 1.353143
v -0.015923 9.040767 2.609264
v 1.063872 8.250078 2.119901
v -0.199835 9.104160 1.267179
v -1.203943 9.971684 1.926610
v -1.574479 9.207231 2.423909
v -0.596040 8.282795 1.799942
v -0.053256 8.774978 1.946034
v -1.071168 9.666042 2.570556
v -1.696632 9.488419 1.831479
v -0.734321 8.593344 1.159513
v -1.243752 8.404080 2.331768
v -0.302467 9.290272 2.558255
v -0.552914 9.852553 1.399045
v -1.494199 8.966360 1.172558
v -0.434552 8.934240 1.853268
v 0.270660 9.811020 2.677346
v 1.060807 9.639831 2.221522
v 0.410035 8.746450 1.360293
v -0.102183 9.222934 1.277683
v 0.584614 10.083879 2.134827
v 0.771969 9.388800 2.720640
v 0.096481 8.474098 1.903298
v 1.085844 9.115708 1.587979
v 0.167792 9.937060 1.469813
v -0.401164 9.442292 2.451085
v 0.516888 8.620939 2.569251
v -0.003542 9.352731 1.301297
v -0.699149 10.354893 1.670736
v -1.281219 9.843304 2.004475
v -0.632135 8.809952 1.661548
v -0.101041 9.082065 1.893927
v -0.787704 10.094408 2.227999
v -1.199749 10.082950 1.491793
v -0.540155 9.065297 1.102463
v -1.216123 9.103712 1.980363
v -0.277014 9.594081 2.358824
v -0.112655 10.059532 1.347902
v -1.051764 9.569162 0.969441
v -0.177950 9.151169 1.859852
v 0.302679 10.191193 2.143592
v 0.642255 10.254676 1.435911
v 0.181717 9.208959 1.097493
v -0.346328 9.383840 1.316202
v 0.146505 10.416594 1.632456
v 0.785935 10.047307 1.906155
v 0.340564 8.989458 1.610369
v 0.560521 9.755999 0.949870
v -0.358694 10.052732 1.361562
v -0.073492 9.650229 2.288464
v 0.845723 9.353495 1.876772
v -0.043566 9.465209 1.237603
v -0.420322 10.318592 1.731722
v -0.717064 9.920718 2.229742
v -0.359572 9.032762 1.768865
v 0.118771 9.264721 1.722189
v -0.266965 10.128897 2.188578
v -0.858152 10.095240 1.809435
v -0.512720 9.221901 1.311708
v -0.671191 9.299158 2.220045
v 0.162815 9.713508 2.112091
v -0.113164 10.052974 1.282934
v -0.947170 9.638624 1.390888
v -2.028540 9.239966 2.334245
v -3.821912 10.111362 1.601275
v -4.312696 8.843719 1.241069
v -2.565852 7.885332 1.943476
v -2.631547 8.470332 2.833781
v -4.378488 9.379024 2.077492
v -3.800646 9.517470 0.802948
v -1.996978 8.611402 1.472216
v -3.661687 7.808667 1.427184
v -3.740703 8.871743 2.969663
v -2.716735 10.189061 2.114223
v -2.637719 9.125985 0.571744
v -2.590323 8.524449 3.052418
v -1.555400 9.701092 4.331949
v -0.595994 9.911654 3.414963
v -1.562010 8.749249 2.067217
v -2.431042 9.232242 2.294543
v -1.399787 10.374963 3.623912
v -0.739158 9.291694 4.066358
v -1.712275 8.081521 2.782193
v -0.659824 9.422759 2.329796
v -2.189800 10.242547 2.773847
v -2.461681 9.033989 4.068270
v -0.931705 8.214202 3.624218
v -2.350130 9.337526 2.764030
v -4.022128 10.106279 2.370527
v -4.490019 8.992485 2.049534
v -2.850521 8.141729 2.420013
v -2.807207 8.618062 3.239359
v -4.457680 9.429651 2.817938
v -4.089312 9.614984 1.637916
v -2.419317 8.820470 1.971589
v -3.876376 8.072800 2.094332
v -3.780355 8.947098 3.510012
v -2.997988 10.174874 2.698694
v -3.094009 9.300575 1.283014
v -3.078154 8.760861 3.218983
v -2.672380 9.274678 4.876462
v -1.520324 9.361445 4.601885
v -1.844796 8.850200 2.912157
v -2.531721 9.433236 2.888921
v -2.156179 9.909945 4.568192
v -1.995228 8.776999 4.885492
v -2.360299 8.215884 3.223536
v -1.170775 9.142595 3.631609
v -2.406139 10.132543 3.603018
v -3.340302 8.982941 4.162210
v -2.104938 7.992994 4.190802
v -2.584867 9.610211 3.310325
v -3.827024 10.643638 3.035881
v -4.397859 9.871849 2.511688
v -3.184636 8.771126 2.750578
v -3.145858 9.010472 3.544521
v -4.362670 10.083375 3.255463
v -3.905065 10.387290 2.309673
v -2.655398 9.336917 2.529638
v -4.040648 8.972543 2.399486
v -3.945877 9.424109 3.782900
v -2.981180 10.442572 3.384372
v -3.075951 9.991005 2.000957
v -3.275123 9.217668 3.545161
v -3.020809 9.895420 4.910775
v -2.029819 10.062959 4.679817
v -2.214068 9.390703 3.283553
v -2.867252 9.810164 3.183394
v -2.634568 10.458774 4.578480
v -2.385161 9.544672 4.985528
v -2.598851 8.831745 3.624843
v -1.682162 9.799527 3.871017
v -2.849821 10.508969 3.716474
v -3.547494 9.493764 4.327399
v -2.379835 8.784321 4.481944
v -2.763345 10.036477 3.471073
v -3.898710 10.879809 3.500713
v -4.445719 10.183431 3.192917
v -3.354270 9.292436 3.140981
v -3.159679 9.510111 3.789870
v -4.274093 10.384383 3.801504
v -4.100367 10.639224 2.916191
v -2.980371 9.789007 2.840230
v -4.142031 9.430162 3.032361
v -3.783928 9.841688 4.157040
v -3.108185 10.741423 3.612664
v -3.466287 10.329896 2.487984
v -3.255039 9.676847 3.728877
v -3.130436 10.559432 4.690803
v -2.373255 10.849317 4.361763
v -2.443639 9.979149 3.366122
v -3.077342 10.155868 3.275356
v -2.962442 11.014225 4.266163
v -2.527809 10.430907 4.752432
v -2.611278 9.527244 3.793971
v -2.071119 10.540614 3.714219
v -3.193763 10.826583 3.576385
v -3.497800 10.003736 4.345534
v -2.375155 9.717765 4.483368
v -2.763963 10.290655 3.518782
v -3.628367 11.046586 3.756369
v -4.172111 10.513022 3.583155
v -3.341395 9.712727 3.331232
v -3.061996 9.860960 3.832793
v -3.914372 10.645640 4.053992
v -3.908987 10.881892 3.309341
v -3.060232 10.118098 3.034995
v -3.995797 9.872960 3.380505
v -3.490733 10.155570 4.246593
v -2.978645 10.886535 3.709449
v -3.483708 10.603924 2.843360
v -3.165235 9.905522 3.729485
v -3.243458 10.726050 4.434537
v -2.660233 11.038365 4.153632
v -2.539858 10.243787 3.430879
v -3.072974 10.278600 3.320564
v -3.156034 11.074751 4.045900
v -2.740664 10.717560 4.511177
v -2.626895 9.891828 3.816654
v -2.341940 10.780530 3.670383
v -3.283288 10.821678 3.495540
v -3.441047 10.186268 4.195374
v -2.499698 10.145122 4.370218
v -1.514086 10.520823 1.631712
v -3.057268 11.541276 0.590677
v -3.771884 10.341474 0.425335
v -2.287667 9.238299 1.449641
v -2.280802 9.987944 2.209359
v -3.778734 11.037268 1.136888
v -3.108136 10.805161 -0.077179
v -1.564350 9.741015 0.904691
v -3.347492 9.261514 0.863590
v -3.299415 10.606977 2.168594
v -1.992772 11.518872 1.180289
v -2.040848 10.173409 -0.124714
v -2.370666 10.158056 2.026732
v -1.572115 10.998500 3.693663
v -0.330326 10.706341 3.271453
v -1.033441 9.850046 1.584528
v -1.646853 10.653907 1.451457
v -0.890200 11.465231 3.148882
v -0.957688 10.276948 3.772651
v -1.716284 9.382262 2.127241
v -0.132953 10.151650 2.244059
v -1.245152 11.541839 2.042926
v -2.479402 10.697119 3.029402
v -1.367203 9.306931 3.230536
v -1.540402 10.877377 1.546931
v -2.859977 11.918134 0.712657
v -3.595021 10.919673 0.553662
v -2.320055 9.798656 1.382094
v -2.234955 10.440623 2.075444
v -3.519239 11.509428 1.208680
v -2.988499 11.295682 0.097320
v -1.664817 10.210689 0.883496
v -3.281300 9.912616 0.899360
v -3.096082 11.061660 2.092324
v -1.905901 11.804165 1.192367
v -2.091119 10.655122 -0.000597
v -2.362765 10.677264 1.846992
v -1.790297 11.637642 3.233088
v -0.656394 11.403700 2.969107
v -1.150881 10.417773 1.551527
v -1.717194 11.078118 1.315794
v -1.180295 12.017503 2.734432
v -1.217596 11.054227 3.427870
v -1.759910 10.039607 2.052657
v -0.399716 10.803586 2.140338
v -1.428539 11.941626 1.748766
v -2.533302 11.252973 2.649984
v -1.504479 10.114932 3.041556
v -1.670646 11.343717 1.328932
v -3.022938 12.222236 1.018328
v -3.662294 11.351933 1.191766
v -2.348231 10.404243 1.517007
v -2.059822 11.006524 2.010174
v -3.390674 11.904518 1.660864
v -3.323977 11.644233 0.600633
v -1.981084 10.722348 0.874327
v -3.287482 10.489512 1.430697
v -2.756982 11.561885 2.264555
v -2.089825 12.135992 1.101786
v -2.620325 11.063622 0.267928
v -2.312469 11.188425 1.774133
v -1.780037 12.335738 2.681695
v -0.827455 12.208114 2.307833
v -1.288068 11.056908 1.377242
v -1.895415 11.500291 1.160058
v -1.389912 12.622327 2.096340
v -1.186370 11.944452 2.846359
v -1.681516 10.762693 1.956559
v -0.633629 11.579494 1.683596
v -1.724325 12.337362 1.327737
v -2.435682 11.806758 2.377998
v -1.344986 11.048888 2.733858
v -1.630971 11.706352 1.461157
v -2.409383 12.791613 1.012507
v -3.104628 12.216628 0.757689
v -2.373521 11.084498 1.189735
v -2.223026 11.431547 1.792407
v -2.967660 12.531968 1.325153
v -2.591013 12.455501 0.470055
v -1.814979 11.343750 0.877235
v -3.046958 11.394330 0.859811
v -2.750920 12.014868 1.903740
v -1.738619 12.482369 1.338774
v -2.034658 11.861829 0.294846
v -2.377602 11.567239 1.497306
v -2.285128 12.554837 2.362012
v -1.417561 12.454909 2.416460
v -1.446970 11.456929 1.553004
v -1.840005 11.821806 1.161296
v -1.777656 12.799695 2.049133
v -1.884435 12.229638 2.704308
v -1.954137 11.216771 1.869995
v -1.047561 11.910403 2.005679
v -1.764870 12.541644 1.336268
v -2.683081 12.104825 1.908269
v -1.965771 11.473586 2.577680
v -1.782683 11.911626 1.269401
v -2.536103 12.811995 1.234931
v -3.142836 12.334805 1.355416
v -2.430852 11.396139 1.398835
v -2.071908 11.697630 1.761964
v -2.812561 12.614606 1.699415
v -2.888496 12.516404 0.928091
v -2.157999 11.598023 0.934153
v -3.054018 11.651719 1.432044
v -2.410581 12.194440 2.045646
v -1.914916 12.557717 1.204568
v -2.558354 12.014995 0.590965
v -2.380076 11.677426 1.535089
v -2.350395 12.659096 1.992788
v -1.649557 12.720639 1.845686
v -1.628121 11.745261 1.378095
v -2.081086 11.879535 1.105354
v -2.068364 12.845128 1.585204
v -1.909024 12.549489 2.220663
v -1.910187 11.554591 1.783505
v -1.328307 12.261319 1.548931
v -2.139275 12.484174 1.089511
v -2.649855 12.140862 1.824253
v -1.838887 11.918006 2.283673
v 2.556612 8.840226 0.805821
v 1.857786 9.878741 2.510914
v 1.346557 8.689784 3.060967
v 2.009936 7.561786 1.391631
v 2.952786 8.056602 1.464960
v 2.233796 9.135804 3.126983
v 1.000629 9.373286 2.494184
v 1.636187 8.301057 0.769802
v 1.446953 7.600066 2.471976
v 3.087611 8.503462 2.559905
v 2.412389 9.839613 1.431015
v 0.771731 8.936217 1.343085
v 3.334033 8.410042 1.341016
v 5.179611 8.866601 0.620403
v 4.707449 8.855292 -0.637609
v 2.844606 8.402158 -0.015075
v 2.926921 9.129561 0.695054
v 4.783691 9.542473 0.015358
v 5.071694 8.233491 -0.080968
v 3.228673 7.723366 0.594323
v 3.576853 8.623729 -0.883798
v 3.738194 9.865462 0.397657
v 4.442017 8.638814 1.497669
v 4.280676 7.397080 0.216214
v 2.821683 9.718053 1.033475
v 2.329433 10.695218 2.572984
v 2.014690 9.640097 3.164720
v 2.480908 8.592429 1.678076
v 3.289987 9.082870 1.607687
v 2.772745 10.092814 3.109913
v 1.606843 10.194308 2.670746
v 2.039112 9.191658 1.136366
v 2.107452 8.653215 2.685876
v 3.505903 9.547140 2.534204
v 2.704724 10.634894 1.558154
v 1.306273 9.740971 1.709826
v 3.499946 9.494383 1.496405
v 5.090217 10.125896 0.997960
v 4.801619 10.037988 -0.150576
v 3.178684 9.395458 0.267461
v 3.095523 10.053769 0.877417
v 4.714239 10.655820 0.412405
v 5.147519 9.550456 0.388135
v 3.560215 8.867734 0.851412
v 3.857518 9.676255 -0.451112
v 3.730242 10.804903 0.652015
v 4.415661 9.847548 1.710602
v 4.542936 8.718898 0.607476
v 2.885778 10.508160 1.221374
v 2.956735 11.214805 2.716163
v 3.088542 10.237028 3.188249
v 3.027815 9.465817 1.741426
v 3.557807 10.026621 1.435250
v 3.590561 10.758828 2.914601
v 2.505424 10.656527 3.005686
v 2.393825 9.920100 1.539657
v 3.116934 9.423097 2.676007
v 4.015067 10.433834 2.129657
v 2.867773 11.260026 1.772086
v 1.969641 10.249287 2.318436
v 3.572853 10.366317 1.389862
v 4.748376 11.271158 0.924458
v 4.410071 11.237978 -0.049155
v 3.212268 10.332619 0.344367
v 3.071162 10.813026 0.945970
v 4.268341 11.687379 0.508169
v 4.851704 10.855054 0.333831
v 3.685562 9.911193 0.763134
v 3.667222 10.771521 -0.285690
v 3.438061 11.588959 0.795930
v 4.295431 10.826570 1.553757
v 4.524592 10.009132 0.472137
v 3.034398 11.147258 1.042210
v 3.082011 12.059216 2.123454
v 3.113305 11.352769 2.738965
v 3.068186 10.393565 1.707457
v 3.568781 10.761023 1.360061
v 3.586110 11.694173 2.422558
v 2.649535 11.688609 2.463790
v 2.564051 10.757936 1.407597
v 3.105178 10.562274 2.496024
v 3.958461 11.228927 1.871542
v 3.045971 11.890323 1.330792
v 2.192688 11.223673 1.955274
v 3.608305 10.965799 1.291137
v 4.472762 11.916929 0.989458
v 4.177996 11.946118 0.166121
v 3.295061 11.000401 0.406813
v 3.122833 11.318005 0.964050
v 4.015162 12.249619 0.680756
v 4.598988 11.640045 0.450127
v 3.753053 10.668132 0.715386
v 3.606078 11.487117 -0.077073
v 3.329529 12.029943 0.917898
v 4.159752 11.429744 1.476107
v 4.436301 10.886916 0.481136
v 3.175072 11.477344 1.009028
v 3.360296 12.362379 1.767060
v 3.410537 11.859015 2.362418
v 3.229978 10.942185 1.651830
v 3.628424 11.168021 1.275215
v 3.787803 12.069674 2.017457
v 3.017231 12.128303 2.132052
v 2.802287 11.233998 1.400710
v 3.343169 11.179645 2.270701
v 4.021242 11.593715 1.597033
v 3.247467 12.124039 1.144161
v 2.569393 11.709970 1.817829
v 3.607643 11.255977 1.323374
v 4.232247 12.139976 1.247766
v 4.024624 12.243618 0.567508
v 3.387749 11.371181 0.593264
v 3.192347 11.539310 1.074040
v 3.839983 12.406605 1.012582
v 4.385508 11.998320 0.783876
v 3.779537 11.103885 0.828485
v 3.614879 11.854330 0.280140
v 3.293206 12.137231 1.137399
v 4.003625 11.655061 1.563093
v 4.325298 11.372158 0.705834
v 1.898069 7.194533 1.156306
v 1.318897 6.805698 3.159503
v 0.939039 5.495575 2.817713
v 1.488837 5.787759 0.795813
v 2.404139 6.220430 1.133749
v 1.799721 5.888875 3.125977
v 0.496682 6.339053 2.848557
v 1.011413 6.706723 0.817093
v 1.039981 5.061698 1.662499
v 2.626299 5.872283 2.247447
v 1.761417 7.535391 2.288284
v 0.175099 6.724806 1.703336
v 2.151538 6.153398 1.495242
v 4.175245 6.168594 1.354913
v 4.111691 6.788854 0.164577
v 2.092682 6.818871 0.217638
v 2.138246 7.153929 1.179841
v 4.164429 7.112479 1.057260
v 4.121642 5.920479 0.438418
v 2.105222 5.874973 0.515186
v 3.075480 7.079415 -0.333461
v 3.163025 7.618495 1.372936
v 3.188152 5.909855 1.911437
v 3.100607 5.370776 0.205041
v 2.060724 7.064737 1.600752
v 1.479635 6.808561 3.365505
v 1.025313 5.677191 3.089664
v 1.577695 5.852548 1.291003
v 2.421774 6.158029 1.598099
v 1.816458 5.951724 3.374839
v 0.715435 6.465481 3.081078
v 1.237083 6.707933 1.293504
v 1.103355 5.261678 2.062078
v 2.568192 5.843390 2.603960
v 1.953988 7.392750 2.601053
v 0.489152 6.811038 2.059174
v 2.332000 6.153256 1.898224
v 4.052433 6.593362 2.047532
v 3.970320 7.357029 1.141869
v 2.231154 6.969563 0.925202
v 2.118951 7.051821 1.815699
v 3.862104 7.443622 1.970779
v 4.145423 6.574791 1.212481
v 2.432143 6.121861 1.003059
v 3.058217 7.502808 0.631523
v 2.873261 7.603080 2.200814
v 3.230322 6.066924 2.341053
v 3.415278 5.966651 0.771762
v 2.491481 7.112596 1.968244
v 2.008951 7.648163 3.443712
v 1.175238 6.940427 3.461497
v 1.599932 6.349606 1.977782
v 2.387879 6.308275 2.235789
v 1.908187 6.893088 3.705883
v 1.267940 7.635098 3.220299
v 1.697669 7.108400 1.725383
v 1.019889 6.327351 2.723907
v 2.409000 6.295730 3.166742
v 2.587692 7.667150 2.704137
v 1.198582 7.698772 2.261302
v 2.559307 6.455708 2.334109
v 3.920596 7.101853 2.691425
v 3.793016 7.833502 1.975962
v 2.414139 7.236961 1.564181
v 2.224274 7.187753 2.321913
v 3.613465 7.796518 2.682400
v 4.075577 7.194411 1.984265
v 2.730208 6.546353 1.575687
v 3.041867 7.859576 1.452579
v 2.727560 7.737930 2.785634
v 3.294605 6.485451 2.805038
v 3.608912 6.607097 1.471985
v 2.581558 7.402488 2.293101
v 2.375021 7.694096 3.664894
v 1.817076 6.946106 3.754966
v 1.981474 6.602402 2.400397
v 2.682749 6.699801 2.471326
v 2.470460 7.031147 3.832896
v 1.729272 7.556019 3.600404
v 1.886010 7.265315 2.232260
v 1.654688 6.444526 3.118961
v 2.881480 6.651752 3.239521
v 2.707844 7.853179 2.941320
v 1.481052 7.645952 2.820760
v 2.553556 6.845837 2.614408
v 3.706861 7.226094 3.132854
v 3.873384 7.727663 2.435486
v 2.736540 7.385354 1.868227
v 2.427287 7.495640 2.445503
v 3.588694 7.839415 2.973946
v 3.982097 7.163408 2.581681
v 2.855662 6.772332 2.027573
v 3.378340 7.778961 1.844572
v 2.844357 7.941497 2.869049
v 3.061518 6.832295 3.158217
v 3.595501 6.669758 2.133742
v 2.670325 7.602771 2.344351
v 2.712971 7.970942 3.455340
v 2.239543 7.395391 3.689765
v 2.161818 6.981511 2.585304
v 2.750850 7.029705 2.537154
v 2.789291 7.432706 3.644057
v 2.169328 7.890566 3.516149
v 2.085851 7.522140 2.403414
v 1.990590 6.929526 3.236666
v 3.021932 7.043660 3.145154
v 2.884148 8.020470 2.810601
v 1.852806 7.906335 2.902113
v 2.514727 7.116926 2.654414
v 3.341805 7.456982 3.268956
v 3.614713 7.826209 2.715971
v 2.811372 7.514652 2.064075
v 2.457824 7.640288 2.460073
v 3.282643 7.948496 3.081380
v 3.669142 7.374014 2.888541
v 2.865054 7.020914 2.247416
v 3.337336 7.833233 2.147219
v 2.715807 8.026811 2.850518
v 2.815451 7.134031 3.184309
v 3.436980 6.940454 2.481009
v 2.351623 9.278886 0.082560
v 2.695888 9.848163 2.089383
v 2.966997 8.518247 2.457299
v 2.641264 7.849708 0.469856
v 3.252170 8.651902 0.119909
v 3.546728 9.258995 2.132203
v 2.184223 9.060280 2.417904
v 1.791691 8.441202 0.434622
v 2.925364 7.592913 1.622018
v 3.954787 9.034950 1.008476
v 2.416211 10.104434 0.940656
v 1.386787 8.662398 1.554197
v 3.129373 8.894285 0.291201
v 4.570741 9.446118 -1.016751
v 3.774521 9.177011 -2.073212
v 2.259930 8.599791 -0.829204
v 2.424453 9.441966 -0.269254
v 3.914645 9.966202 -1.553238
v 4.378128 8.698535 -1.579644
v 2.924949 8.083109 -0.300473
v 2.654595 8.767498 -1.915576
v 2.981650 10.221457 -0.906106
v 4.177796 9.283225 0.057713
v 3.850742 7.829265 -0.951757
v 2.362712 9.770362 -0.191659
v 3.176856 10.417889 1.395472
v 3.671273 9.280918 1.649741
v 2.885872 8.544199 0.066687
v 3.204679 9.307256 -0.422031
v 3.974754 9.984074 1.185239
v 2.937207 9.680026 1.843155
v 2.091565 8.981091 0.284019
v 3.496373 8.404317 0.966158
v 4.013584 9.767381 0.116335
v 2.572712 10.555679 0.503789
v 2.055501 9.192616 1.353612
v 3.199294 9.651109 -0.497067
v 3.362359 10.844430 -1.852443
v 2.200502 10.708730 -2.159459
v 1.950824 9.494353 -0.813933
v 2.389086 10.064345 -0.243338
v 2.599159 11.241091 -1.620732
v 2.902646 10.343802 -2.372634
v 2.715171 9.104509 -1.053300
v 1.557515 10.037667 -1.617959
v 2.367926 11.018123 -0.626954
v 3.750723 10.307377 -1.054581
v 2.940311 9.326922 -2.045587
v 2.353704 10.529914 -0.561998
v 3.209284 11.392905 0.625301
v 3.799113 10.473041 0.892830
v 2.991064 9.547755 -0.268642
v 3.112870 10.179074 -0.830496
v 3.920610 11.056761 0.365176
v 3.144693 10.782294 1.132145
v 2.274869 9.878737 -0.015342
v 3.656453 9.606093 0.434878
v 3.831143 10.731329 -0.541505
v 2.537409 11.333382 -0.079139
v 2.362720 10.208146 0.897245
v 3.074603 10.542540 -0.522766
v 3.778014 11.421393 -1.667327
v 3.040097 11.131070 -2.383858
v 2.278827 10.226132 -1.285325
v 2.333202 10.842482 -0.760778
v 3.082523 11.709156 -1.897936
v 3.679949 10.866328 -2.171698
v 2.978261 9.943168 -1.060785
v 2.328733 10.548534 -2.149124
v 2.462431 11.618377 -1.217362
v 3.726279 11.103374 -0.807387
v 3.592582 10.033530 -1.739148
v 2.314980 11.293988 -0.967968
v 2.672161 12.413846 -0.071025
v 3.147761 11.804629 0.538606
v 2.823396 10.634110 -0.318715
v 3.035975 11.033477 -0.913288
v 3.351836 12.166423 -0.020674
v 2.522460 12.032257 0.492284
v 2.143213 10.879876 -0.370300
v 3.195505 10.948117 0.382108
v 3.531813 11.658174 -0.669256
v 2.299590 12.099864 -0.765113
v 1.963282 11.389808 0.286251
v 2.991879 11.267877 -0.890648
v 3.064428 12.372836 -1.738773
v 2.183286 12.254825 -2.005373
v 2.046033 11.136265 -1.172908
v 2.348925 11.503768 -0.653845
v 2.457992 12.596765 -1.516426
v 2.741208 12.048811 -2.209932
v 2.652593 10.913724 -1.396307
v 1.723358 11.641510 -1.706661
v 2.287525 12.274119 -0.805040
v 3.385343 11.869328 -1.207957
v 2.821176 11.236720 -2.109579
v 2.243801 11.803393 -0.919042
v 2.827625 12.794177 -0.387624
v 3.455468 12.302440 -0.112093
v 2.913897 11.269508 -0.626717
v 2.821899 11.604682 -1.164585
v 3.372393 12.605605 -0.619796
v 2.954282 12.475926 0.101506
v 2.368522 11.456975 -0.395072
v 3.463367 11.566763 -0.245408
v 3.270680 12.161700 -1.180577
v 2.281225 12.497109 -0.763323
v 2.473913 11.902171 0.171847
v 2.855036 11.724128 -0.837358
v 3.106414 12.716044 -1.438952
v 2.466861 12.620564 -1.888406
v 2.169265 11.623363 -1.320530
v 2.268584 11.905627 -0.803124
v 2.551646 12.881635 -1.403361
v 2.977249 12.468221 -1.921150
v 2.722522 11.452135 -1.352827
v 2.036907 12.082148 -1.807298
v 2.239149 12.563836 -0.896490
v 3.240665 12.253932 -0.954977
v 3.038423 11.772243 -1.865785
v 2.207758 12.009881 -1.049205
v 2.642956 12.930978 -0.778952
v 3.218962 12.611391 -0.533053
v 2.821725 11.657899 -0.787936
v 2.687035 11.852931 -1.266075
v 3.097507 12.788277 -0.982031
v 2.800776 12.742675 -0.346220
v 2.369577 11.805967 -0.583342
v 3.275350 11.988099 -0.552990
v 3.015496 12.340209 -1.382085
v 2.194945 12.603642 -1.013030
v 2.454798 12.251532 -0.183936
v 3.781191 10.766377 1.251143
v 3.748260 11.246231 3.314184
v 3.812100 9.885289 3.662455
v 3.849688 9.306321 1.625284
v 4.591924 10.051972 1.445636
v 4.513017 10.573394 3.502106
v 3.108523 10.504300 3.489566
v 3.084846 9.980288 1.441800
v 3.860856 8.993215 2.796771
v 5.124923 10.340279 2.475566
v 3.740428 11.560002 2.142302
v 2.476362 10.212939 2.463506
v 4.753844 10.130416 1.572945
v 5.874079 11.235521 0.302464
v 4.839851 11.359061 -0.546517
v 3.642536 10.261383 0.663865
v 3.969761 10.817256 1.453867
v 5.131904 11.881104 0.192787
v 5.522652 10.765122 -0.445614
v 4.382236 9.613420 0.776203
v 3.783887 10.864083 -0.319585
v 4.394681 11.803708 1.078304
v 5.733305 10.630413 1.282067
v 5.122511 9.690787 -0.115823
v 4.505549 11.023551 1.255186
v 4.426235 11.838246 2.941237
v 4.275488 10.734986 3.509201
v 4.344516 9.831992 1.849260
v 5.107345 10.347522 1.620306
v 4.993456 11.206219 3.296914
v 3.753645 11.316454 3.181978
v 3.776786 10.469756 1.504807
v 4.245262 9.788678 2.925036
v 5.555873 10.729558 2.506926
v 4.528507 11.880126 1.875677
v 3.217896 10.939248 2.293787
v 5.160912 10.556557 1.843830
v 6.571944 11.260755 0.991081
v 5.952109 11.321521 -0.019990
v 4.502720 10.625177 0.755082
v 4.621767 11.195413 1.442829
v 6.053750 11.858712 0.618284
v 6.428847 10.771399 0.322983
v 5.011347 10.022483 1.133385
v 4.959639 10.999944 -0.083081
v 5.189945 11.967551 1.148840
v 6.114645 10.878501 1.831361
v 5.884338 9.910892 0.599440
v 5.057052 11.528562 1.336315
v 5.135689 12.431485 2.706423
v 4.968872 11.549988 3.332056
v 4.877599 10.577429 1.999828
v 5.560572 10.944775 1.703613
v 5.611085 11.884984 3.059073
v 4.531507 12.052768 3.007618
v 4.402581 11.128170 1.653320
v 4.850206 10.669368 2.940105
v 6.025568 11.345132 2.402894
v 5.165444 12.339348 1.771666
v 3.990081 11.663585 2.308877
v 5.487359 11.288745 1.980561
v 6.837264 11.883639 1.516454
v 6.536798 11.870438 0.530037
v 5.152981 11.269324 0.926032
v 5.103900 11.804263 1.495294
v 6.477830 12.370984 1.057899
v 6.867476 11.422082 0.951909
v 5.514734 10.782986 1.383832
v 5.708449 11.561729 0.289561
v 5.637034 12.474380 1.315518
v 6.286804 11.591797 2.145858
v 6.358218 10.679146 1.119901
v 5.310557 12.076364 1.353053
v 5.533712 12.997681 2.394739
v 5.406723 12.330777 3.041281
v 5.173179 11.356059 2.041556
v 5.746038 11.598268 1.695910
v 5.944105 12.544950 2.716372
v 5.029162 12.747291 2.745380
v 4.762347 11.807092 1.718106
v 5.231630 11.547432 2.829141
v 6.215772 11.992758 2.200139
v 5.471545 12.806937 1.612146
v 4.487403 12.361609 2.241147
v 5.681147 11.826501 1.822748
v 6.532931 12.748231 1.441172
v 6.035638 12.958592 0.752644
v 5.139398 12.043569 1.087400
v 5.168554 12.264584 1.712980
v 6.051944 13.164255 1.336521
v 6.478148 12.575850 0.848922
v 5.622976 11.630284 1.190955
v 5.363502 12.592028 0.614100
v 5.439169 12.957538 1.719443
v 6.310185 12.204803 1.908727
v 6.234518 11.839293 0.803384
v 5.252212 12.456936 1.415202
v 5.762251 13.164060 2.212463
v 5.944429 12.548537 2.657763
v 5.451731 11.802367 1.899287
v 5.731341 12.081800 1.457318
v 6.212947 12.808265 2.250157
v 5.529789 12.875867 2.623084
v 4.999722 12.156268 1.859554
v 5.779897 11.905943 2.476501
v 6.248659 12.417411 1.699502
v 5.431935 13.060205 1.629903
v 4.963173 12.548738 2.406902
v 5.564812 12.140847 1.796700
v 6.312012 12.921738 1.688761
v 6.065790 13.081822 1.032752
v 5.305646 12.317753 1.092270
v 5.179752 12.494487 1.592780
v 5.947428 13.254003 1.496532
v 6.401207 12.776137 1.209603
v 5.668911 11.984130 1.284648
v 5.578292 12.772063 0.773220
v 5.377740 13.066670 1.662819
v 6.037333 12.464822 2.010832
v 6.237886 12.170215 1.121234
v 2.739296 11.998034 1.095819
v 2.295883 12.682185 3.055263
v 2.566631 11.409505 3.588660
v 3.028010 10.635417 1.675777
v 3.631992 11.495855 1.491292
v 3.137574 12.209154 3.430335
v 1.792275 11.844694 3.243594
v 2.185844 11.109172 1.302690
v 2.918624 10.461280 2.868665
v 3.934298 12.000726 2.530840
v 2.409286 12.859174 1.857769
v 1.393613 11.319728 2.195594
v 3.449019 11.606662 1.706202
v 4.616922 12.743840 0.500582
v 3.808675 12.504846 -0.545973
v 2.586047 11.354297 0.579181
v 2.603392 12.076019 1.299589
v 3.815141 13.182765 0.120944
v 4.546313 12.101033 -0.196707
v 3.383809 10.911506 0.962777
v 2.842998 11.824910 -0.448440
v 2.914219 13.068707 0.839177
v 4.360664 12.269413 1.531264
v 4.289444 11.025617 0.243647
v 2.736891 12.272719 1.067184
v 2.053234 13.247136 2.522168
v 2.035931 12.221753 3.236862
v 2.720421 11.169501 1.829617
v 3.370696 11.841998 1.671548
v 2.652083 12.839409 3.090364
v 1.484990 12.596862 2.714122
v 2.122492 11.575842 1.259463
v 2.368846 11.240162 2.849961
v 3.482189 12.440508 2.537860
v 2.400496 13.175078 1.504362
v 1.287154 11.974732 1.816463
v 3.183171 12.007426 1.808498
v 4.241180 13.164784 0.945297
v 3.654774 12.975188 -0.069757
v 2.555728 11.805944 0.718077
v 2.449524 12.393421 1.393301
v 3.542951 13.522267 0.558336
v 4.297146 12.646306 0.286247
v 3.247847 11.441797 1.109772
v 2.850400 12.307231 -0.128234
v 2.695261 13.315160 1.082942
v 3.949719 12.657695 1.790763
v 4.104859 11.649765 0.579587
v 2.599371 12.629071 1.144160
v 2.041093 13.657905 2.303036
v 1.962887 12.837228 3.021826
v 2.515600 11.748408 1.915211
v 3.122067 12.281808 1.723335
v 2.536799 13.325274 2.844017
v 1.506838 13.143247 2.524124
v 2.022490 12.076013 1.368820
v 2.200248 11.931203 2.789561
v 3.242973 12.880510 2.417716
v 2.350668 13.472949 1.427999
v 1.307943 12.523643 1.799845
v 2.715295 12.476178 1.954421
v 3.903579 13.447078 1.694294
v 3.880706 13.234771 0.685395
v 2.695510 12.252310 0.871042
v 2.336632 12.787297 1.315590
v 3.548354 13.742213 1.091233
v 4.207512 12.963246 1.240210
v 3.052739 11.958802 1.473712
v 3.277273 12.651555 0.332371
v 2.669837 13.579978 1.144575
v 3.317152 13.049216 2.235399
v 3.924588 12.120794 1.423195
v 2.443304 12.949221 1.209906
v 2.028239 13.979278 2.077488
v 1.888813 13.369660 2.775938
v 2.295448 12.290828 1.955833
v 2.857250 12.674596 1.747495
v 2.416080 13.726956 2.590079
v 1.531999 13.601796 2.304354
v 1.904932 12.549908 1.448674
v 2.034413 12.556079 2.672944
v 2.999265 13.249125 2.284039
v 2.293144 13.716090 1.364348
v 1.328293 13.023047 1.753253
v 2.422569 12.800839 1.968359
v 3.307213 13.779976 1.937011
v 3.442395 13.654583 1.081660
v 2.570242 12.669295 1.050625
v 2.145373 13.046622 1.394364
v 3.048530 14.014943 1.395485
v 3.680384 13.438411 1.579863
v 2.831748 12.437424 1.592130
v 3.063325 13.106720 0.688140
v 2.334608 13.762345 1.320781
v 2.809381 13.344186 2.301006
v 3.538098 12.688561 1.668364
v 2.461802 13.054130 1.317231
v 2.183713 14.095335 1.799400
v 1.787135 13.737594 2.369573
v 2.034515 12.677406 1.932138
v 2.599864 12.846492 1.873910
v 2.315587 13.893004 2.321710
v 1.665811 13.923738 1.889048
v 1.904269 12.873289 1.406969
v 1.733939 13.052904 2.403140
v 2.721001 13.359031 2.272520
v 2.484230 13.717572 1.323598
v 1.497168 13.411447 1.454218
v 2.424660 12.872375 1.978978
v 2.906926 13.840482 1.978724
v 2.849321 13.889284 1.263951
v 2.361868 12.922853 1.212040
v 2.038129 13.072555 1.624807
v 2.545076 14.034864 1.644726
v 3.182222 13.710453 1.571228
v 2.726520 12.734003 1.546163
v 2.576692 13.425384 0.921664
v 2.029348 13.683337 1.664815
v 2.689008 13.340625 2.269626
v 3.236352 13.082669 1.526474
v -0.116804 10.278497 -3.191393
v 1.379318 10.987187 -4.526678
v 1.927918 9.696149 -4.625634
v 0.484169 8.899547 -3.308712
v -0.271875 9.417940 -3.855383
v 1.224867 10.171226 -5.145735
v 2.070014 10.446835 -4.056102
v 0.630463 9.711392 -2.682307
v 1.453504 8.731504 -4.014055
v 0.132693 9.685471 -4.941968
v 0.403340 11.158042 -3.813296
v 1.724151 10.204076 -2.885384
v -0.445862 9.701028 -3.961890
v -2.335782 10.414052 -4.150083
v -2.414911 10.613242 -2.823538
v -0.539746 9.918129 -2.539695
v -0.228729 10.499955 -3.317463
v -2.122477 11.164577 -3.541110
v -2.611152 9.922760 -3.383793
v -0.744588 9.164426 -3.147646
v -1.517891 10.353808 -2.095980
v -0.978803 11.335387 -3.494532
v -1.354413 9.972830 -4.595630
v -1.893501 8.991252 -3.197078
v -0.253058 10.860006 -3.547635
v 1.015062 11.757047 -4.626112
v 1.619854 10.683380 -4.835787
v 0.406871 9.716238 -3.782059
v -0.305966 10.159045 -4.224643
v 0.959853 11.091824 -5.260257
v 1.670647 11.295384 -4.252373
v 0.456784 10.377521 -3.143372
v 1.283765 9.729654 -4.404336
v 0.035448 10.544120 -5.150070
v 0.130332 11.744567 -3.997814
v 1.378649 10.930100 -3.252079
v -0.318636 10.450278 -4.310907
v -1.926046 11.044298 -4.842446
v -2.308706 11.068599 -3.718555
v -0.739233 10.480083 -3.108615
v -0.326157 11.084350 -3.634509
v -1.928986 11.640931 -4.202856
v -2.306001 10.519695 -4.306978
v -0.732138 9.881901 -3.746727
v -1.696158 10.786263 -2.919019
v -0.971177 11.817216 -3.877391
v -0.962933 10.736106 -5.034142
v -1.687915 9.705153 -4.075769
v -0.135842 11.396410 -3.774993
v 0.745527 12.068031 -4.998393
v 1.034904 11.076701 -5.358685
v 0.178094 10.335574 -4.166372
v -0.460296 10.838868 -4.334568
v 0.436594 11.539762 -5.522337
v 1.319122 11.562710 -4.876656
v 0.484182 10.861555 -3.638472
v 0.736713 10.269389 -4.923408
v -0.369725 11.181141 -5.190308
v 0.186169 12.134733 -4.237223
v 1.292607 11.222982 -3.970322
v -0.418725 11.068239 -4.359784
v -1.552617 12.100293 -4.599557
v -1.654987 12.254404 -3.585041
v -0.526626 11.231885 -3.270843
v -0.090359 11.572143 -3.824488
v -1.238286 12.571486 -4.093449
v -1.944172 11.820908 -4.050660
v -0.836405 10.756503 -3.775839
v -1.139887 11.811265 -2.978042
v -0.383910 12.379153 -3.976352
v -0.944095 11.518106 -4.890360
v -1.700071 10.950219 -3.892050
v -0.183158 11.804769 -3.799424
v 0.441166 12.623734 -4.758019
v 0.802862 11.878174 -5.196447
v 0.200406 10.998636 -4.262865
v -0.407138 11.361512 -4.337131
v 0.230976 12.207086 -5.267000
v 0.996237 12.261489 -4.728186
v 0.411708 11.416803 -3.755595
v 0.661786 11.105045 -4.922329
v -0.396405 11.762662 -5.023655
v -0.015534 12.517406 -4.102896
v 1.042658 11.859788 -4.001570
v -0.344640 11.490667 -4.326252
v -1.161322 12.482814 -4.641103
v -1.327494 12.629762 -3.794689
v -0.529290 11.656094 -3.420777
v -0.070896 11.887303 -3.842040
v -0.898143 12.850990 -4.182235
v -1.569619 12.291039 -4.216847
v -0.787539 11.281907 -3.877580
v -1.005244 12.210167 -3.235671
v -0.212769 12.596210 -3.999911
v -0.683501 11.922807 -4.828191
v -1.475976 11.536767 -4.063952
v -0.315100 12.000157 -3.769610
v 0.041420 12.892287 -4.452922
v 0.518228 12.415806 -4.847850
v 0.197793 11.492435 -4.195945
v -0.368248 11.653421 -4.268622
v -0.010279 12.561031 -4.920610
v 0.565791 12.720563 -4.417577
v 0.247931 11.819545 -3.725179
v 0.570547 11.745979 -4.697305
v -0.422379 12.044108 -4.798705
v -0.330853 12.638276 -3.948026
v 0.662073 12.340144 -3.846624
v -0.239940 11.724441 -4.269522
v -0.783068 12.562409 -4.686269
v -1.085192 12.704476 -4.049765
v -0.563541 11.876022 -3.586156
v -0.103432 12.042188 -3.827574
v -0.656087 12.864966 -4.270807
v -1.202014 12.426123 -4.431989
v -0.692322 11.576261 -4.003087
v -0.956410 12.352523 -3.535152
v -0.156023 12.631026 -3.982609
v -0.388694 12.087701 -4.736970
v -1.189081 11.809199 -4.289515
v -0.211447 9.125802 -3.012971
v 1.255036 9.921412 -4.300737
v 2.208513 8.984523 -3.864096
v 0.797114 8.112242 -2.531372
v 0.080669 8.113701 -3.322502
v 1.539018 8.971432 -4.600362
v 1.947250 9.858502 -3.588441
v 0.521534 9.067053 -2.239361
v 1.921054 8.126724 -2.998822
v 0.648012 8.179978 -4.374372
v 0.142096 9.904353 -3.839402
v 1.415137 9.851099 -2.463849
v -0.113073 8.045363 -3.295856
v -1.891784 8.856813 -3.821749
v -1.792653 9.780167 -2.850538
v -0.007588 9.036480 -2.254150
v 0.291618 9.010999 -3.228830
v -1.518306 9.771398 -3.761062
v -2.136253 8.938749 -2.906370
v -0.389372 8.125504 -2.317382
v -0.850566 9.817006 -2.124016
v -0.353735 9.728120 -3.843120
v -1.045116 8.079201 -3.957675
v -1.541946 8.168089 -2.238571
v -0.197324 8.847981 -3.274252
v 1.012147 9.420847 -4.592638
v 1.921261 8.713135 -4.107717
v 0.772896 8.086048 -2.748136
v 0.110991 7.932033 -3.410146
v 1.300268 8.555367 -4.717700
v 1.656190 9.509375 -3.992660
v 0.482033 8.950150 -2.619934
v 1.751446 8.087186 -3.210586
v 0.567440 7.859350 -4.361234
v 0.040210 9.423182 -4.128367
v 1.224216 9.651019 -2.977721
v 0.051911 7.881802 -3.452200
v -1.482925 8.309801 -4.282661
v -1.643379 9.224781 -3.542919
v -0.134441 8.867261 -2.666426
v 0.284461 8.779290 -3.459596
v -1.253677 9.153897 -4.284140
v -1.854287 8.448212 -3.541560
v -0.353828 8.020576 -2.659449
v -0.967266 9.449785 -2.781373
v -0.240062 9.249883 -4.173547
v -0.644286 7.719044 -4.164882
v -1.371491 7.918947 -2.772707
v -0.159910 8.646385 -3.513985
v 0.791608 9.026561 -4.801725
v 1.634289 8.478442 -4.370749
v 0.742285 8.057465 -3.048883
v 0.123450 7.842041 -3.558562
v 1.056824 8.266850 -4.840797
v 1.390290 9.177376 -4.334805
v 0.474965 8.816278 -3.006829
v 1.563108 8.026506 -3.518369
v 0.458385 7.686606 -4.407630
v -0.025807 9.060083 -4.331100
v 1.078916 9.399982 -3.441839
v 0.132065 7.834945 -3.639832
v -1.031263 8.163743 -4.626289
v -1.252197 9.022292 -4.099452
v -0.115519 8.758873 -3.083706
v 0.364791 8.604578 -3.682140
v -0.805610 8.888210 -4.660917
v -1.459797 8.355783 -4.067595
v -0.335073 8.032805 -3.043794
v -0.785501 9.269465 -3.362432
v 0.046080 8.960266 -4.412901
v -0.356000 7.647140 -4.344688
v -1.187581 7.956338 -3.294219
v -0.014824 8.617431 -3.724324
v 0.713870 8.657425 -4.929265
v 1.340143 8.043039 -4.598788
v 0.653712 7.957952 -3.363908
v 0.043730 7.887812 -3.723499
v 0.771255 7.969286 -4.932168
v 1.287349 8.676127 -4.596118
v 0.598473 8.646274 -3.364687
v 1.273308 7.727193 -3.832394
v 0.198460 7.640220 -4.464561
v 0.096830 8.886081 -4.463170
v 1.171677 8.973056 -3.831004
v 0.414983 8.005030 -3.801570
v -0.389072 7.837772 -4.828494
v -1.021064 8.295725 -4.432904
v -0.259580 8.497206 -3.372531
v 0.236739 8.664213 -3.780971
v -0.555262 8.460084 -4.806388
v -0.868169 7.723198 -4.453240
v -0.091426 7.875333 -3.391964
v -0.922949 8.598218 -3.727019
v -0.038071 8.859816 -4.440928
v 0.268698 7.734661 -4.472981
v -0.616179 7.473063 -3.759073
v 0.080196 8.672612 -3.768876
v 0.513350 8.637561 -4.860965
v 0.971354 8.031146 -4.679738
v 0.570615 8.022011 -3.571872
v 0.018016 8.065969 -3.782350
v 0.456050 8.065207 -4.877237
v 1.024070 8.557712 -4.664766
v 0.629276 8.594316 -3.559161
v 0.972654 7.757205 -4.044016
v 0.005264 7.864605 -4.415082
v 0.110811 8.900618 -4.390389
v 1.078200 8.793218 -4.019324
v 0.394071 8.113290 -3.800865
v -0.098556 8.153987 -4.768527
v -0.580409 8.623723 -4.516006
v -0.126456 8.617476 -3.537173
v 0.362586 8.672858 -3.772471
v -0.128093 8.681872 -4.741345
v -0.553235 8.138069 -4.541013
v -0.096753 8.089580 -3.563960
v -0.565590 8.828200 -3.916758
v 0.293959 8.897784 -4.334771
v 0.345831 7.942292 -4.387163
v -0.513717 7.872707 -3.969151
v -0.380617 10.524128 -2.555142
v 0.874902 11.443126 -3.986506
v 1.314557 10.192369 -4.455381
v 0.086405 9.178543 -3.052868
v -0.721534 9.820347 -3.325828
v 0.557491 10.782432 -4.718363
v 1.606575 10.800207 -3.782073
v 0.408025 9.842487 -2.325806
v 0.892175 9.128697 -3.960381
v -0.509559 10.292607 -4.403181
v 0.070104 11.492524 -3.084166
v 1.471839 10.328616 -2.641366
v -0.762099 9.940294 -3.237938
v -2.398437 10.952161 -2.564841
v -1.911516 10.938036 -1.305792
v -0.247863 9.930261 -1.883898
v -0.153129 10.584002 -2.667173
v -1.813079 11.552723 -2.030568
v -2.450045 10.385518 -1.797324
v -0.822363 9.322989 -2.422355
v -0.873766 10.429358 -1.034711
v -0.729500 11.541369 -2.442762
v -1.772742 10.444096 -3.416224
v -1.917007 9.332085 -2.008173
v -0.479057 10.692221 -2.339451
v 0.395109 11.709178 -3.704429
v 0.723484 10.646983 -4.309171
v -0.120132 9.560579 -2.998599
v -0.889423 10.134045 -3.044068
v 0.003791 11.177523 -4.362644
v 1.083497 11.136105 -3.703613
v 0.267006 10.087161 -2.333865
v 0.449997 9.638572 -3.924052
v -0.881583 10.674203 -3.968943
v -0.177665 11.631224 -2.770502
v 1.153914 10.595593 -2.725612
v -0.857831 10.300330 -3.005256
v -2.295610 11.212708 -2.371234
v -1.901855 11.104605 -1.232878
v -0.428043 10.179729 -1.786901
v -0.299000 10.810868 -2.440777
v -1.773613 11.697631 -1.836564
v -2.382092 10.658477 -1.724774
v -0.955242 9.698091 -2.319429
v -0.986192 10.592904 -1.005914
v -0.788307 11.677418 -2.182698
v -1.738987 10.803246 -3.148192
v -1.936872 9.718730 -1.971408
v -0.429416 10.984066 -2.258259
v -0.456253 11.750108 -3.769636
v -0.698714 10.778263 -4.281838
v -0.689595 9.941581 -2.808214
v -1.169773 10.564065 -2.475015
v -1.154573 11.349848 -3.966573
v -0.056259 11.146502 -4.100656
v 0.008855 10.337810 -2.603728
v -0.798754 9.930013 -3.774560
v -1.605766 11.041495 -3.171788
v -0.341462 11.759995 -2.803973
v 0.465550 10.648513 -3.406745
v -0.991752 10.680646 -2.750074
v -2.172084 11.595514 -2.152395
v -1.810230 11.451386 -1.157150
v -0.601759 10.524674 -1.683093
v -0.450620 11.079211 -2.255491
v -1.657699 11.968497 -1.687652
v -2.283464 11.108240 -1.584714
v -1.112262 10.148670 -2.149680
v -1.047550 10.922918 -0.978236
v -0.804433 11.874289 -2.010907
v -1.729218 11.194168 -2.855200
v -1.972335 10.242799 -1.822529
v -0.693591 11.217803 -1.965592
v -0.677104 12.251554 -3.027974
v -0.729179 11.561081 -3.727635
v -0.749485 10.476697 -2.715988
v -1.264979 10.862727 -2.337246
v -1.216195 11.912990 -3.375056
v -0.233215 11.872560 -3.408319
v -0.210438 10.811673 -2.365372
v -0.760546 10.714040 -3.533142
v -1.638162 11.406652 -2.845587
v -0.662372 12.013672 -2.211544
v 0.215244 11.321062 -2.899099
v -1.120486 10.976957 -2.547815
v -2.037018 11.907399 -2.053110
v -1.697984 11.813403 -1.194254
v -0.755002 10.874403 -1.627206
v -0.599654 11.303324 -2.163978
v -1.541963 12.211523 -1.692865
v -2.153434 11.533610 -1.525680
v -1.246352 10.566511 -1.989317
v -1.078616 11.301465 -1.028748
v -0.827097 12.034635 -1.993425
v -1.716735 11.477492 -2.648817
v -1.968253 10.744321 -1.684140
v -0.800577 11.365920 -1.909469
v -0.996599 12.340106 -2.699040
v -1.136775 11.815437 -3.344785
v -0.950480 10.800346 -2.600246
v -1.331431 11.066708 -2.159753
v -1.498211 12.062057 -2.938438
v -0.675293 12.071244 -3.124539
v -0.449674 11.082622 -2.364129
v -1.106765 11.073163 -3.256743
v -1.750384 11.558775 -2.472168
v -0.843499 12.068059 -2.043435
v -0.199881 11.582447 -2.828011
v -1.151125 11.150220 -2.470368
v -1.887715 12.030465 -2.184753
v -1.663575 12.001700 -1.430373
v -0.906354 11.114308 -1.662477
v -0.710153 11.419756 -2.137298
v -1.476220 12.290076 -1.868953
v -2.042150 11.762858 -1.720908
v -1.322365 10.860028 -1.976694
v -1.182224 11.543697 -1.212437
v -0.860720 12.068748 -2.062997
v -1.611206 11.605392 -2.632705
v -1.932710 11.080340 -1.782145
v -0.832119 11.430902 -1.910162
v -1.186500 12.281584 -2.438978
v -1.449560 11.871604 -2.946027
v -1.116614 10.996625 -2.457496
v -1.315169 11.185936 -1.999748
v -1.642375 12.050920 -2.523784
v -1.030155 12.083814 -2.868005
v -0.660906 11.227726 -2.372981
v -1.400075 11.253809 -2.924716
v -1.726206 11.601697 -2.117550
v -0.902670 12.023484 -1.966595
v -0.576539 11.675595 -2.773760
v -0.611162 11.530986 -4.206033
v 0.812764 12.079590 -5.674174
v 1.178825 10.735626 -5.867285
v -0.219246 10.088676 -4.412395
v -0.953454 10.719655 -4.861828
v 0.494905 11.316295 -6.298053
v 1.471255 11.437860 -5.293315
v 0.103671 10.854083 -3.793720
v 0.637932 9.816102 -5.224927
v -0.631051 10.967199 -5.986684
v -0.047667 12.352248 -4.865562
v 1.221316 11.201153 -4.103805
v -0.944969 10.714607 -4.987411
v -2.592401 11.859680 -4.785540
v -2.283599 12.143814 -3.508995
v -0.601185 11.010917 -3.618981
v -0.382999 11.459874 -4.508366
v -2.067271 12.566211 -4.333118
v -2.766719 11.493807 -3.925222
v -1.131345 10.307834 -4.070910
v -1.300942 11.700858 -2.996547
v -0.943071 12.451192 -4.583678
v -1.897489 11.174859 -5.402286
v -2.255361 10.424523 -3.815154
v -0.854714 11.536111 -4.508112
v 0.206803 12.100062 -5.953305
v 0.596513 10.930507 -6.160085
v -0.439925 10.279369 -4.725408
v -1.171342 10.788892 -5.050233
v -0.093031 11.394480 -6.463170
v 0.872360 11.579642 -5.691010
v -0.141219 10.984293 -4.213973
v 0.252429 10.085961 -5.533422
v -1.020158 11.016950 -6.073377
v -0.480647 12.292314 -5.145938
v 0.791940 11.361325 -4.605983
v -0.917136 10.867745 -5.302421
v -2.566038 11.501621 -5.610481
v -2.725219 11.701530 -4.450804
v -1.096489 11.085528 -4.059963
v -0.766525 11.584603 -4.734045
v -2.414660 12.174335 -5.072339
v -2.864487 11.082631 -4.945893
v -1.238575 10.409249 -4.596167
v -1.986433 11.481561 -3.743887
v -1.410763 12.321775 -4.956149
v -1.673144 11.099545 -5.927872
v -2.248815 10.259329 -4.715610
v -1.312813 11.616488 -4.838229
v -0.519863 12.647629 -5.846860
v 0.243214 11.892625 -6.056539
v -0.495375 10.804683 -5.061545
v -1.219572 10.997198 -5.418774
v -0.433270 12.061502 -6.392739
v 0.163548 12.431861 -5.554330
v -0.583339 11.388917 -4.513861
v 0.213488 11.014793 -5.651379
v -1.065925 11.381173 -6.247700
v -1.225492 12.438294 -5.255852
v 0.053921 12.071916 -4.659531
v -1.249946 11.128293 -5.509205
v -2.447695 12.109710 -5.707717
v -2.339562 12.455323 -4.742144
v -1.146184 11.509028 -4.475526
v -0.838114 11.726402 -5.161434
v -2.052914 12.668902 -5.378443
v -2.702760 11.940865 -5.045076
v -1.534705 10.944776 -4.803612
v -1.700132 12.137557 -4.184475
v -1.180106 12.490573 -5.407412
v -1.889022 11.473691 -6.002398
v -2.409048 11.120676 -4.779462
v -1.408983 11.893676 -5.038850
v -0.948919 12.742351 -6.067256
v -0.351876 12.085735 -6.369423
v -0.769371 11.187310 -5.360862
v -1.443875 11.345721 -5.522896
v -0.983460 12.222172 -6.520091
v -0.320098 12.564300 -5.952814
v -0.736454 11.704248 -4.904215
v -0.293883 11.346528 -5.998363
v -1.479553 11.648305 -6.254516
v -1.419706 12.584578 -5.428496
v -0.234036 12.282802 -5.172344
v -1.288320 11.467981 -5.602607
v -2.230995 12.301959 -5.972832
v -2.289364 12.636774 -5.166535
v -1.342226 11.819632 -4.733825
v -0.979042 11.976504 -5.267243
v -1.945567 12.787234 -5.659121
v -2.551958 12.190318 -5.455150
v -1.633998 11.339893 -5.050206
v -1.835617 12.374084 -4.589652
v -1.215711 12.627131 -5.545054
v -1.739648 11.754998 -6.116000
v -2.359555 11.501950 -5.160600
v -1.424833 12.068908 -5.056606
v -1.267023 12.790033 -5.978079
v -0.828684 12.252253 -6.337247
v -0.953551 11.496949 -5.448219
v -1.534941 11.613504 -5.447179
v -1.371890 12.355318 -6.340243
v -0.732206 12.652190 -6.004055
v -0.849676 11.926577 -5.079754
v -0.695858 11.640412 -6.053623
v -1.712464 11.866334 -6.030444
v -1.523853 12.646996 -5.367075
v -0.507246 12.421076 -5.390255
v -1.239960 11.674898 -5.536749
v -1.913693 12.366801 -6.022653
v -2.114586 12.642911 -5.390194
v -1.453602 11.969217 -4.856737
v -1.056808 12.092836 -5.210104
v -1.744239 12.764476 -5.717018
v -2.270483 12.277049 -5.671379
v -1.626386 11.574936 -5.164893
v -1.870652 12.427977 -4.842104
v -1.184312 12.626403 -5.480827
v -1.495623 11.911172 -6.037540
v -2.181963 11.712746 -5.398819
v 0.054747 12.546651 -3.716174
v 1.511924 13.028380 -5.182725
v 1.519020 11.700699 -5.646128
v 0.068843 11.124478 -4.219828
v -0.502531 11.987790 -4.479460
v 0.984000 12.500366 -5.900624
v 2.004710 12.186471 -4.985662
v 0.594577 11.651706 -3.499746
v 0.798835 10.827024 -5.139791
v -0.175863 12.372699 -5.559873
v 0.778310 13.327981 -4.258870
v 1.753007 11.782306 -3.838789
v -0.152449 12.062069 -4.607361
v -1.791540 13.221007 -4.431158
v -1.775234 13.112273 -3.091916
v -0.120356 11.935107 -3.171591
v 0.297650 12.597137 -3.825166
v -1.377661 13.733387 -3.692373
v -2.156002 12.640882 -3.771598
v -0.544977 11.430326 -3.909511
v -0.930739 12.471560 -2.536359
v -0.223526 13.612031 -3.723470
v -0.985093 12.693251 -5.059853
v -1.692307 11.552779 -3.872741
v -0.113680 12.800799 -3.718209
v 1.338293 13.775062 -4.430505
v 1.853130 12.723801 -4.869009
v 0.446883 11.678608 -4.192679
v -0.168133 12.303036 -4.555915
v 1.281948 13.301988 -5.218371
v 1.904968 13.159030 -4.144172
v 0.498254 12.148196 -3.402390
v 1.381081 11.739515 -4.725366
v 0.302430 12.861342 -5.321840
v 0.399407 13.714194 -3.893201
v 1.478058 12.592365 -3.296726
v 0.301547 12.495560 -4.537374
v -1.161103 13.300084 -5.186935
v -1.754905 13.070777 -4.184452
v -0.339988 12.252082 -3.463851
v 0.171316 12.942739 -3.735695
v -1.275061 13.716908 -4.426456
v -1.650064 12.687300 -4.884093
v -0.217129 11.830216 -4.220152
v -1.316175 12.559916 -3.384111
v -0.404353 13.747716 -3.898550
v -0.184410 12.985433 -5.268765
v -1.096231 11.797632 -4.754325
v -0.073893 13.104614 -3.790182
v 1.069801 14.170548 -4.307652
v 1.683457 13.355048 -4.700933
v 0.583767 12.228941 -4.211825
v -0.016057 12.699821 -4.539878
v 1.120596 13.785000 -5.013199
v 1.636725 13.709754 -4.051828
v 0.529205 12.610820 -3.504565
v 1.407727 12.431456 -4.629346
v 0.346814 13.275411 -5.166876
v 0.248705 13.967326 -3.886892
v 1.309617 13.123371 -3.349362
v 0.236645 12.856198 -4.553550
v -0.826542 13.956597 -4.782308
v -1.124196 13.915811 -3.795793
v -0.074234 12.803592 -3.492983
v 0.462359 13.226331 -3.875066
v -0.620557 14.313037 -4.143957
v -1.313703 13.587886 -4.383076
v -0.287172 12.454412 -4.133062
v -0.726792 13.338909 -3.204365
v 0.204063 14.064462 -3.909846
v -0.176942 13.427712 -5.067432
v -1.107796 12.702159 -4.361951
v 0.082833 13.423760 -3.817897
v 0.888400 14.361985 -4.484043
v 1.311652 13.689173 -4.981122
v 0.528484 12.691602 -4.344288
v -0.048463 13.092448 -4.457245
v 0.768653 14.054394 -5.090579
v 1.421819 13.972157 -4.423110
v 0.652348 13.004161 -3.741130
v 1.104758 12.886284 -4.881960
v 0.097917 13.607953 -5.049173
v 0.317686 14.168393 -3.953680
v 1.324527 13.446723 -3.786467
v 0.362796 13.187375 -4.509087
v -0.375246 14.211596 -4.864347
v -0.774046 14.227828 -4.085682
v -0.057890 13.194633 -3.669850
v 0.485323 13.491843 -3.909917
v -0.262751 14.503185 -4.300700
v -0.877541 13.959565 -4.604237
v -0.173482 12.907397 -4.235104
v -0.590738 13.714852 -3.529197
v 0.357784 14.222141 -3.980939
v 0.152381 13.696788 -5.002174
v -0.796141 13.189498 -4.550431
v 0.121953 13.568997 -3.878958
v 0.617268 14.464538 -4.459762
v 0.998188 13.971086 -4.930672
v 0.530613 13.039520 -4.384187
v -0.000885 13.300839 -4.412875
v 0.503314 14.215171 -4.965694
v 1.103027 14.200501 -4.465215
v 0.646497 13.292499 -3.880492
v 0.931134 13.285837 -4.866194
v 0.004829 13.761609 -4.892034
v 0.214053 14.218513 -3.979601
v 1.140357 13.742742 -3.953762
v 0.523395 13.338160 -4.403994
v 0.102586 14.198752 -4.914622
v -0.469386 14.191628 -4.479425
v -0.092518 13.335280 -3.939961
v 0.395014 13.578600 -3.913461
v -0.017651 14.423705 -4.450712
v -0.358768 13.984672 -4.906222
v 0.028596 13.108451 -4.402727
v -0.534093 13.761882 -4.018582
v 0.328778 14.178273 -3.996849
v 0.546999 13.769853 -4.835880
v -0.315872 13.353461 -4.857613
v -0.676086 11.442348 -0.873008
v -1.690375 12.443084 -2.434650
v -2.109802 11.220922 -2.989569
v -1.122236 10.127063 -1.462425
v -1.550006 10.790358 -0.743929
v -2.513982 11.827121 -2.311597
v -1.352084 11.787610 -3.102777
v -0.297784 10.742148 -1.584198
v -1.800404 10.130855 -2.472887
v -2.505839 11.326009 -1.212101
v -1.012089 12.438050 -1.430471
v -0.306654 11.242897 -2.691258
v -1.600892 11.068056 -0.599541
v -1.561377 11.962786 1.220826
v -0.222579 11.856357 1.265033
v -0.164448 10.958309 -0.543255
v -0.798299 11.676158 -0.894112
v -0.804217 12.530438 0.930802
v -0.919166 11.334118 1.531855
v -0.921611 10.384628 -0.265359
v 0.397910 11.360637 0.389036
v -0.755961 12.588246 -0.220569
v -2.126589 11.552119 0.287249
v -0.972718 10.324511 0.896854
v -0.953068 12.059720 -0.724637
v -1.575085 13.232223 -2.047209
v -1.979446 12.282591 -2.752323
v -1.381016 11.029119 -1.468538
v -1.786493 11.556385 -0.792021
v -2.365167 12.764966 -2.118969
v -1.252571 12.712468 -2.686304
v -0.594766 11.503964 -1.404968
v -1.859151 11.228368 -2.418566
v -2.530391 12.180203 -1.226420
v -1.104283 13.034204 -1.105300
v -0.433042 12.082365 -2.297445
v -1.793281 11.824364 -0.610986
v -1.764588 12.883689 0.821658
v -0.581509 12.809302 0.891958
v -0.523869 11.736649 -0.546210
v -1.083980 12.304781 -0.965540
v -1.095422 13.337090 0.487443
v -1.197142 12.392173 1.199436
v -1.193022 11.283425 -0.211724
v -0.026392 12.236726 0.203036
v -1.046030 13.207044 -0.522058
v -2.257316 12.384122 0.080043
v -1.237678 11.413806 0.805137
v -1.187529 12.649060 -1.015832
v -2.379817 13.406102 -1.850378
v -2.953004 12.478591 -1.936805
v -1.792478 11.647154 -1.101408
v -1.779529 12.258615 -0.540086
v -2.946457 13.043229 -1.407352
v -2.431695 12.812430 -2.344389
v -1.233987 12.015497 -1.550225
v -2.623784 11.647446 -1.552356
v -2.573708 12.742904 -0.591005
v -1.557503 13.406200 -1.399766
v -1.607579 12.310743 -2.361116
v -1.852043 12.463563 -0.714698
v -1.892238 13.579347 0.370876
v -0.869430 13.522893 0.489833
v -0.755018 12.408796 -0.581452
v -1.218816 12.831518 -1.049240
v -1.294621 13.922814 0.051727
v -1.419238 13.206906 0.783450
v -1.352402 12.061668 -0.265847
v -0.360873 12.942916 0.009560
v -1.207454 13.667142 -0.796306
v -2.289023 13.041604 -0.222258
v -1.442442 12.317381 0.583609
v -1.179701 13.054038 -0.756429
v -1.628862 14.171966 -1.500693
v -2.023937 13.607446 -2.136412
v -1.606146 12.454973 -1.442735
v -1.840466 12.750214 -0.839219
v -2.250345 13.880466 -1.575685
v -1.452174 13.875626 -2.067420
v -0.982784 12.741601 -1.364631
v -1.989785 12.785095 -2.072670
v -2.368307 13.317983 -1.007189
v -1.241177 13.840172 -0.867932
v -0.862655 13.307284 -1.933413
v -1.803468 12.893605 -0.862088
v -2.045805 13.907779 -0.066017
v -1.230773 13.886300 0.251605
v -0.926493 12.861117 -0.528612
v -1.209266 13.181977 -1.036682
v -1.486481 14.184524 -0.227093
v -1.745351 13.631695 0.399795
v -1.487061 12.589069 -0.363900
v -0.714838 13.360990 0.000139
v -1.240963 13.909034 -0.885270
v -2.254683 13.412675 -0.590132
v -1.728559 12.864633 0.295277
v -1.151867 13.280560 -0.784279
v -1.628498 14.271276 -1.209879
v -2.083386 13.860831 -1.694607
v -1.641650 12.843928 -1.305883
v -1.710476 13.038004 -0.749826
v -2.155386 14.042230 -1.177291
v -1.598649 14.071554 -1.724587
v -1.114661 13.072755 -1.338385
v -2.064204 13.171831 -1.714285
v -2.158244 13.526856 -0.739514
v -1.204895 13.942389 -0.798883
v -1.110855 13.587363 -1.773655
v -1.694903 13.098675 -0.915538
v -1.956899 14.025876 -0.421195
v -1.311782 14.058667 -0.106000
v -1.002899 13.134397 -0.577103
v -1.197562 13.320115 -1.051665
v -1.489041 14.239124 -0.547319
v -1.742212 13.862477 0.010034
v -1.472090 12.925491 -0.448681
v -0.870907 13.610566 -0.204397
v -1.239069 13.930276 -1.029408
v -2.088164 13.551354 -0.797337
v -1.720002 13.231648 0.027674
v -0.703992 10.493412 -1.133806
v -1.991952 10.834193 -2.793881
v -1.902817 9.479199 -3.159368
v -0.621306 9.043375 -1.542455
v -1.279341 9.587462 -0.902031
v -2.526535 9.977101 -2.564765
v -1.411000 10.267725 -3.370155
v -0.078524 9.898044 -1.761110
v -1.227510 8.667103 -2.521361
v -2.352340 9.667459 -1.403478
v -1.376282 11.216535 -1.807573
v -0.251453 10.216178 -2.925455
v -1.339491 9.527036 -1.101077
v -1.843605 10.370111 0.677268
v -0.589643 10.824547 0.840752
v 0.001802 10.020875 -0.912284
v -0.831224 10.409205 -1.354372
v -1.363852 11.201994 0.437600
v -1.031016 10.059215 1.061246
v -0.477695 9.188641 -0.673327
v 0.257199 10.625508 0.037647
v -1.233996 11.266980 -0.720582
v -2.103918 9.763405 -0.281768
v -0.612723 9.121932 0.476460
v -0.935609 10.354909 -1.224951
v -2.205828 10.462809 -2.606483
v -2.049594 9.254523 -2.886002
v -0.763943 9.058045 -1.520491
v -1.345356 9.519748 -0.929826
v -2.596781 9.675431 -2.332804
v -1.689918 9.978911 -3.137786
v -0.377389 9.845933 -1.798912
v -1.336179 8.619810 -2.323758
v -2.339465 9.472986 -1.302348
v -1.637389 10.898952 -1.803830
v -0.634104 10.045775 -2.825239
v -1.428680 9.438265 -1.230402
v -2.227422 10.180635 0.178794
v -1.230419 10.748268 0.485275
v -0.352637 10.041759 -0.912245
v -1.053016 10.260701 -1.435572
v -1.873645 10.957068 -0.013686
v -1.555894 10.033949 0.662358
v -0.707036 9.265877 -0.718689
v -0.345906 10.644913 -0.078930
v -1.592373 10.986056 -0.993740
v -2.232172 9.580038 -0.646311
v -0.985705 9.238894 0.268499
v -1.149415 10.225954 -1.142894
v -2.254192 10.567096 -2.322865
v -2.051335 9.611093 -2.813979
v -0.938033 9.202332 -1.676391
v -1.473485 9.437830 -1.087352
v -2.558672 9.823163 -2.269171
v -1.771212 10.295508 -2.863378
v -0.632305 9.945845 -1.728789
v -1.407233 8.985164 -2.463111
v -2.334346 9.438980 -1.432945
v -1.783571 10.785771 -1.530565
v -0.856457 10.331955 -2.560731
v -1.532347 9.413665 -1.358246
v -2.513242 9.971587 -0.297615
v -1.767031 10.539094 0.132012
v -0.725751 10.019340 -0.903518
v -1.247471 10.158380 -1.470178
v -2.243978 10.673877 -0.403726
v -2.014754 9.892989 0.229635
v -0.994502 9.316777 -0.797922
v -0.913073 10.529539 -0.195052
v -1.840280 10.734772 -1.189429
v -2.325513 9.462319 -0.999600
v -1.398306 9.257086 -0.005223
v -1.348362 10.072852 -1.028860
v -2.321501 10.677556 -1.866207
v -2.099153 10.093647 -2.565146
v -1.119586 9.452579 -1.786933
v -1.585565 9.416778 -1.250383
v -2.541496 10.056212 -2.072048
v -1.896757 10.665283 -2.375772
v -0.895808 10.071519 -1.577948
v -1.514749 9.517992 -2.486253
v -2.323938 9.489001 -1.533957
v -1.922952 10.612010 -1.159042
v -1.113762 10.640999 -2.111338
v -1.601080 9.455118 -1.437956
v -2.614994 9.882639 -0.724826
v -2.094382 10.394778 -0.242852
v -1.031895 10.000390 -0.928001
v -1.374358 10.097571 -1.488646
v -2.406351 10.490820 -0.769091
v -2.286335 9.835250 -0.202128
v -1.245785 9.394303 -0.880181
v -1.327259 10.424521 -0.373701
v -1.939889 10.563153 -1.356845
v -2.322056 9.463998 -1.273696
v -1.709426 9.325365 -0.290552
v -1.420948 9.998677 -1.042156
v -2.353408 10.512393 -1.548213
v -2.226614 10.116741 -2.209827
v -1.288341 9.576047 -1.753777
v -1.607523 9.463216 -1.266959
v -2.523561 10.003982 -1.757264
v -2.070074 10.584479 -2.017499
v -1.112327 10.081199 -1.541699
v -1.703943 9.675099 -2.277247
v -2.250965 9.500800 -1.408078
v -1.933642 10.415955 -1.024846
v -1.386621 10.590253 -1.894015
v -1.589990 9.488790 -1.405591
v -2.500888 9.949603 -1.031512
v -2.119621 10.470753 -0.715856
v -1.188813 10.051747 -1.063801
v -1.408512 9.996833 -1.560098
v -2.328269 10.428217 -1.177815
v -2.278430 10.030428 -0.581258
v -1.360018 9.572460 -0.918039
v -1.488239 10.491961 -0.750735
v -1.886070 10.371474 -1.614224
v -2.199652 9.505630 -1.348932
v -1.801821 9.626118 -0.485444
v -0.226947 12.054442 -0.617932
v -1.567277 13.112024 -1.872466
v -2.321916 11.946244 -2.093861
v -1.037460 10.804354 -0.856225
v -1.088591 11.582605 -0.127598
v -2.373480 12.661361 -1.403618
v -1.580209 12.360856 -2.525202
v -0.224588 11.249485 -1.318803
v -2.013774 10.859736 -1.577635
v -2.055640 12.246679 -0.316585
v -0.586664 13.054517 -1.156302
v -0.544798 11.667573 -2.417352
v -0.925027 11.737196 -0.031995
v 0.272130 12.851872 1.177715
v 1.359296 12.535136 0.442703
v 0.242608 11.398564 -0.819346
v -0.444656 12.156756 -0.871156
v 0.730500 13.252652 0.391561
v 0.937596 12.166417 1.165965
v -0.210572 11.002752 -0.027685
v 1.279556 11.828134 -0.517001
v 0.053218 13.145017 -0.560596
v -0.767934 12.427739 0.871609
v 0.458403 11.110855 0.915205
v 0.076629 12.349828 -0.439380
v -1.107670 13.557408 -1.325976
v -1.961435 12.636746 -1.484939
v -0.843591 11.366504 -0.613115
v -0.689463 12.009423 0.083761
v -1.826268 13.231873 -0.829312
v -1.300324 12.936240 -1.941870
v -0.120864 11.687638 -1.106644
v -1.781608 11.596799 -1.122288
v -1.471030 12.741935 0.077651
v -0.165048 13.325708 -0.817486
v -0.475626 12.180573 -2.017425
v -0.405553 12.218951 0.225665
v 0.878044 13.439822 0.685896
v 1.531626 13.141631 -0.286986
v 0.307857 11.910841 -0.813453
v -0.355313 12.527902 -0.665180
v 0.921048 13.727004 -0.156232
v 1.492063 12.877423 0.487772
v 0.260460 11.619381 0.026967
v 1.211118 12.398952 -0.977325
v 0.046325 13.471183 -0.671172
v -0.034911 12.948041 0.851941
v 1.129882 11.875810 0.545788
v 0.190510 12.871226 -0.479996
v -1.148291 13.897690 -0.360081
v -1.773587 13.074419 0.083597
v -0.475363 11.983918 -0.004369
v 0.028439 12.584420 0.334245
v -1.301864 13.627652 0.408124
v -1.632300 13.322852 -0.623152
v -0.322466 12.254490 -0.772521
v -1.400967 12.162557 0.235846
v -0.505232 13.230390 0.790270
v -0.226807 13.718863 -0.600366
v -1.122542 12.651031 -1.154790
v -0.211521 12.778913 0.266199
v 0.847649 13.810603 0.913719
v 1.594221 13.517724 0.207267
v 0.595100 12.470357 -0.488140
v 0.018298 13.040689 -0.492054
v 1.065922 14.058966 0.199319
v 1.393409 13.289231 0.864516
v 0.378290 12.223399 0.227193
v 1.422814 12.866200 -0.453208
v 0.401775 13.859668 -0.419713
v 0.012768 13.416131 0.877426
v 1.033806 12.422664 0.843931
v 0.297501 13.351615 -0.408508
v -0.668684 14.344931 0.115858
v -1.055780 13.679194 0.729001
v -0.116381 12.635818 0.248603
v 0.442856 13.127173 0.312039
v -0.535241 14.137099 0.797555
v -1.178547 13.870399 0.101840
v -0.253509 12.847554 -0.431158
v -0.754660 12.861261 0.760683
v 0.218207 13.738893 0.837796
v -0.028899 14.120984 -0.393300
v -1.001766 13.243354 -0.470413
v 0.206632 13.249337 0.369306
v 0.995046 14.398456 0.442922
v 1.309460 14.262237 -0.419633
v 0.541314 13.099304 -0.556488
v -0.008352 13.451938 -0.292394
v 0.789932 14.586116 -0.181624
v 1.498165 14.089590 0.154950
v 0.744129 12.908172 0.067756
v 1.067499 13.620202 -0.870360
v 0.108454 14.224395 -0.373786
v 0.474382 13.876637 0.756065
v 1.433428 13.272445 0.259491
v 0.448039 13.642106 -0.354718
v -0.177382 14.650636 0.095429
v -0.569525 14.174420 0.671063
v 0.028883 13.128530 0.261776
v 0.577865 13.458254 0.264410
v -0.054508 14.476521 0.679229
v -0.682569 14.334607 0.133966
v -0.093594 13.301973 -0.322307
v -0.444641 13.439736 0.721113
v 0.514973 14.026277 0.694066
v 0.293612 14.339673 -0.363480
v -0.666003 13.753133 -0.336434
v 0.175846 13.543759 0.264825
v 0.736988 14.533051 0.579179
v 1.275589 14.436845 0.012780
v 0.748019 13.430112 -0.346397
v 0.221362 13.711918 -0.324830
v 0.783014 14.697309 0.024781
v 1.233245 14.285729 0.522826
v 0.705079 13.271474 0.209881
v 1.248793 13.886397 -0.421345
v 0.321708 14.374688 -0.353657
v 0.241012 14.082135 0.651528
v 1.168096 13.593843 0.583840
v 0.530886 13.772428 -0.359460
v 0.222665 14.697864 0.061039
v -0.034930 14.367086 0.625498
v 0.252710 13.423166 0.248606
v 0.731075 13.628433 0.131011
v 0.413507 14.555812 0.521061
v -0.210505 14.497775 0.202277
v 0.063852 13.559011 -0.214103
v -0.007042 13.751777 0.686792
v 0.824356 14.117697 0.454877
v 0.481355 14.367116 -0.381212
v -0.350042 14.001197 -0.149296
v -1.266915 13.695599 -0.611027
v -2.209466 14.649226 -2.241091
v -2.837352 13.451728 -2.627474
v -1.934055 12.403752 -1.014138
v -2.217325 13.203319 -0.366343
v -3.108230 14.187116 -2.014029
v -2.010489 13.876870 -2.836371
v -1.037442 12.868167 -1.244972
v -2.662592 12.392915 -1.989407
v -3.111512 13.820855 -0.860216
v -1.485768 14.658650 -1.273336
v -1.036847 13.230712 -2.402528
v -2.307325 13.217376 -0.520244
v -1.949665 14.296625 1.144023
v -0.629836 14.056876 1.065075
v -0.893874 12.950971 -0.619084
v -1.494615 13.688034 -0.987894
v -1.180840 14.747970 0.714107
v -1.337155 13.641637 1.460599
v -1.660581 12.506952 -0.177904
v -0.175988 13.394350 0.178459
v -1.271269 14.669442 -0.441672
v -2.660506 13.861125 0.349975
v -1.565225 12.586032 0.970105
v -1.414791 13.678645 -0.361293
v -2.021717 14.839496 -1.704113
v -2.543148 13.892520 -2.331684
v -1.969978 12.654002 -1.025024
v -2.289471 13.245760 -0.355815
v -2.846968 14.431273 -1.699194
v -1.783917 14.268084 -2.336209
v -1.144807 13.062383 -1.030192
v -2.486763 12.850204 -1.957497
v -3.002945 13.908081 -0.777574
v -1.506667 14.642186 -0.781168
v -0.990485 13.584308 -1.961092
v -2.346514 13.307427 -0.614578
v -2.512341 14.201760 0.925573
v -1.379813 13.977500 1.203492
v -1.131428 13.067010 -0.316140
v -1.538312 13.738086 -0.759354
v -1.748874 14.603436 0.781241
v -2.082202 13.607957 1.336278
v -1.893883 12.660727 -0.179558
v -0.754982 13.421868 0.571129
v -1.509332 14.575709 -0.207682
v -2.889751 13.841269 0.041279
v -2.135401 12.687428 0.820089
v -1.561680 13.714029 -0.217307
v -2.154424 14.882368 -1.215019
v -2.630396 14.131804 -1.852505
v -2.071882 12.907718 -0.900432
v -2.324358 13.330160 -0.231900
v -2.876054 14.524632 -1.232408
v -1.966497 14.460921 -1.836507
v -1.352374 13.269858 -0.886664
v -2.562594 13.185653 -1.656045
v -2.970148 13.950807 -0.483370
v -1.667149 14.605220 -0.457520
v -1.259596 13.840064 -1.630195
v -2.390870 13.386163 -0.368412
v -2.351968 14.469499 0.751231
v -1.322621 14.416375 0.784330
v -1.286378 13.336581 -0.325315
v -1.788777 13.770604 -0.739860
v -1.784018 14.824769 0.393196
v -1.845134 14.089527 1.113722
v -1.854390 12.973901 0.025108
v -0.850224 13.856297 0.251057
v -1.763136 14.595711 -0.463420
v -2.791337 13.942699 0.174544
v -1.878425 13.203284 0.889021
v -1.627977 13.805345 -0.217968
v -2.428609 14.798758 -0.810197
v -2.986627 14.154192 -1.200143
v -2.220591 13.105857 -0.631824
v -2.234085 13.451549 -0.010037
v -3.004657 14.470501 -0.617186
v -2.456663 14.456187 -1.377714
v -1.648791 13.439626 -0.827985
v -2.849862 13.340139 -1.086702
v -2.843626 13.965533 -0.004417
v -1.805573 14.565877 -0.357303
v -1.811808 13.940484 -1.439588
v -2.335531 13.537734 -0.472825
v -2.700945 14.409188 0.451122
v -1.930599 14.320443 0.856479
v -1.511204 13.447541 -0.032716
v -1.730313 13.852271 -0.511497
v -2.127324 14.699891 0.408376
v -2.458330 14.052998 0.895805
v -2.082164 13.150809 0.003767
v -1.382944 13.846530 0.595627
v -1.796694 14.539012 -0.247216
v -2.831503 14.004672 -0.178246
v -2.417753 13.312188 0.664597
v -1.657289 13.787068 -0.097477
v -2.240109 14.760763 -0.400939
v -2.725306 14.351731 -0.856601
v -2.175856 13.344703 -0.585334
v -2.190517 13.502864 -0.014046
v -2.745212 14.496232 -0.323283
v -2.260611 14.595101 -0.928045
v -1.672811 13.612818 -0.664042
v -2.665210 13.664634 -0.921777
v -2.665323 13.958241 0.077654
v -1.753598 14.441651 -0.064256
v -1.753486 14.148046 -1.063687
v -2.256357 13.516682 -0.334712
v -2.484526 14.419958 0.213322
v -1.790266 14.522683 0.368404
v -1.510663 13.624011 -0.170078
v -1.829521 13.783200 -0.583095
v -2.082979 14.675436 -0.018551
v -2.159689 14.287644 0.581727
v -1.913338 13.372578 0.064245
v -1.341916 14.117473 0.165624
v -1.924157 14.386256 -0.546521
v -2.652584 13.929324 -0.123427
v -2.070343 13.660540 0.588718
v 1.293068 12.518292 -0.639993
v 0.077433 13.547839 0.748939
v -0.251852 12.347875 1.404064
v 0.945083 11.226121 0.056884
v 1.726558 11.941271 0.187426
v 0.482546 13.006885 1.533878
v -0.624555 12.845555 0.681920
v 0.536130 11.770480 -0.723700
v 0.203575 11.252419 1.019237
v 1.554910 12.538435 1.208100
v 0.817276 13.521489 -0.207921
v -0.534059 12.235473 -0.396784
v 1.788215 12.223153 0.212642
v 3.558147 13.046332 -0.347546
v 3.285629 12.796225 -1.639382
v 1.508003 11.960544 -1.176999
v 1.320091 12.752696 -0.562703
v 3.104053 13.540050 -1.075334
v 3.703396 12.342004 -0.969817
v 1.949629 11.460978 -0.445541
v 2.284578 12.268462 -1.980044
v 1.972770 13.632058 -0.860472
v 2.779088 12.730947 0.461614
v 3.090895 11.367351 -0.657958
v 1.418360 13.142184 -0.481221
v 0.481969 14.173694 0.788064
v 0.246248 13.155730 1.474124
v 1.163523 12.052224 0.257501
v 1.871666 12.683566 0.251354
v 0.914124 13.735853 1.473080
v -0.151335 13.558541 0.843910
v 0.735876 12.484883 -0.433608
v 0.596619 12.155105 1.170405
v 1.821498 13.284189 1.119312
v 1.045492 14.069535 -0.129214
v -0.179386 12.940452 -0.078121
v 1.955884 12.973946 0.198676
v 3.138121 14.108136 -0.525211
v 2.673001 13.939588 -1.604751
v 1.460181 12.796283 -0.961501
v 1.285036 13.379129 -0.296707
v 2.506141 14.491232 -0.993075
v 3.254422 13.587140 -1.174316
v 2.093057 12.414033 -0.494158
v 1.860543 13.294610 -1.760143
v 1.588764 14.301337 -0.568682
v 2.735431 13.610380 0.276702
v 3.007209 12.603656 -0.914760
v 1.449225 13.747503 -0.391492
v 0.868927 14.737950 0.796600
v 0.806643 13.895705 1.491605
v 1.379108 12.849624 0.360838
v 1.977331 13.396111 0.180237
v 1.368891 14.403371 1.332436
v 0.346677 14.203519 0.998636
v 0.880895 13.181124 -0.178529
v 1.063695 13.003108 1.235385
v 2.088733 13.981114 0.889653
v 1.185298 14.583964 -0.083540
v 0.160259 13.605958 0.262192
v 1.875178 13.583545 0.227974
v 2.937798 14.635954 -0.166628
v 2.759957 14.483315 -1.170893
v 1.675245 13.410777 -0.846453
v 1.371888 13.899274 -0.315441
v 2.470193 14.940919 -0.681713
v 3.190153 14.202748 -0.697015
v 2.150047 13.112920 -0.333798
v 2.133372 13.876428 -1.454054
v 1.626230 14.720200 -0.494119
v 2.481027 14.176371 0.435499
v 2.988169 13.332598 -0.524436
v 1.542804 14.108918 -0.461842
v 1.176300 15.155492 0.411919
v 1.068824 14.551166 1.120540
v 1.427633 13.460155 0.298153
v 1.979732 13.841153 0.060813
v 1.589573 14.899683 0.902432
v 0.688613 14.786512 0.669268
v 1.015436 13.712762 -0.194918
v 1.198652 13.738854 1.023981
v 2.148341 14.418493 0.578251
v 1.402074 14.876094 -0.314040
v 0.452384 14.196454 0.131689
v 1.757168 13.995793 0.148013
v 2.670602 14.950582 0.089190
v 2.815612 14.776752 -0.756019
v 1.919337 13.816241 -0.759074
v 1.499955 14.222636 -0.442834
v 2.424657 15.161107 -0.468095
v 3.041882 14.583070 -0.243316
v 2.161991 13.602238 -0.201671
v 2.434014 14.222176 -1.130244
v 1.710334 14.925733 -0.545093
v 2.152572 14.541505 0.463818
v 2.876251 13.837946 -0.121333
v 1.703233 14.291121 -0.568004
v 1.525898 15.327382 -0.032535
v 1.300307 14.964135 0.621308
v 1.460286 13.907016 0.136300
v 1.986116 14.092537 -0.065404
v 1.793624 15.134749 0.439006
v 1.053999 15.141358 0.187490
v 1.193416 14.094357 -0.337850
v 1.279088 14.278075 0.668598
v 2.189437 14.612239 0.288248
v 1.705846 14.954452 -0.568546
v 0.795497 14.620292 -0.188195
v 1.882828 14.128421 -0.022892
v 2.387022 15.079257 -0.127041
v 2.271650 15.083684 -0.836456
v 1.757722 14.130778 -0.783830
v 1.473197 14.316630 -0.357100
v 2.003639 15.262488 -0.442823
v 2.624362 14.915111 -0.545937
v 2.144166 13.953222 -0.468539
v 1.960136 14.606965 -1.123809
v 1.482897 14.928817 -0.357616
v 2.181749 14.606118 0.213235
v 2.658988 14.284265 -0.552959
v 1.134247 11.548504 -0.534623
v -0.280642 12.301740 0.864813
v -0.808957 11.012001 1.051871
v 0.554474 10.172027 -0.321057
v 1.340900 10.716994 0.151943
v -0.081253 11.514778 1.508100
v -0.992395 11.736005 0.460048
v 0.359518 10.956471 -0.968761
v -0.363502 10.026181 0.452234
v 1.004608 11.027436 1.253094
v 0.647068 12.450081 0.085250
v -0.721042 11.448827 -0.715610
v 1.069906 10.702305 0.266973
v 3.022414 11.215611 0.510576
v 3.155458 11.402802 -0.813402
v 1.231112 10.907952 -1.150880
v 0.956457 11.518941 -0.381834
v 2.907355 11.983930 -0.102676
v 3.261312 10.695948 -0.249210
v 1.338139 10.137540 -0.538798
v 2.258001 11.239414 -1.564309
v 1.784881 12.273613 -0.179878
v 1.985823 10.880894 0.929183
v 2.458944 9.846694 -0.455249
v 1.251755 11.399608 -0.272465
v 0.045445 12.375110 0.780837
v -0.747476 11.409963 0.828395
v 0.410619 10.355886 -0.230005
v 1.131916 10.633538 0.320209
v -0.070685 11.655015 1.342697
v -0.640637 12.072448 0.311484
v 0.523674 11.078592 -0.789131
v -0.518591 10.451144 0.317239
v 0.757896 10.974787 1.252199
v 0.966084 12.280032 0.236936
v -0.310403 11.756391 -0.698024
v 0.836469 10.695827 0.389099
v 2.439290 10.962394 1.138337
v 2.933305 11.139092 0.073030
v 1.367724 10.885622 -0.753286
v 0.982816 11.434909 -0.151233
v 2.573003 11.658916 0.626444
v 2.810289 10.498293 0.543971
v 1.229660 10.188375 -0.243539
v 2.371265 11.089381 -0.811104
v 1.684217 12.017436 0.272233
v 1.435713 10.755515 1.195672
v 2.122761 9.827462 0.112336
v 0.970716 11.413013 -0.024385
v 0.108914 11.689233 1.348839
v -0.182960 10.636787 1.407589
v 0.660457 10.282776 0.033993
v 1.301400 10.713997 0.337927
v 0.421146 11.029681 1.690203
v -0.470213 11.243573 1.093533
v 0.348490 10.942225 -0.307811
v 0.108788 9.992676 0.745661
v 1.220614 10.784640 1.258852
v 0.656948 11.977992 0.638429
v -0.454877 11.186028 0.125238
v 0.996279 10.670319 0.500100
v 2.148227 11.556461 1.067316
v 2.245719 12.034816 0.158942
v 1.111056 11.191270 -0.469257
v 0.674277 11.328154 0.165657
v 1.841187 12.174584 0.750109
v 2.528195 11.466143 0.450772
v 1.414831 10.570670 -0.153744
v 1.724058 11.826475 -0.553528
v 0.975593 12.036708 0.580590
v 1.529040 10.915996 1.153585
v 2.277505 10.705766 0.019467
v 1.182250 11.346294 0.121893
v 0.509070 12.081483 1.122486
v -0.165505 11.432494 1.174113
v 0.458217 10.650301 0.177726
v 1.079351 10.736779 0.513907
v 0.409589 11.509250 1.495967
v -0.073983 11.958949 0.830510
v 0.555292 11.225315 -0.192099
v -0.150415 10.752535 0.699063
v 0.944042 10.937488 1.273913
v 1.120339 11.977712 0.603581
v 0.025882 11.792762 0.028731
v 0.854583 10.800919 0.554611
v 1.739430 11.428349 1.308642
v 2.094147 11.806911 0.604023
v 1.239312 11.210009 -0.197703
v 0.747870 11.383401 0.213960
v 1.639092 11.978089 0.987557
v 2.186458 11.301151 0.899420
v 1.339986 10.660496 0.123666
v 1.823243 11.676840 -0.107155
v 0.967446 11.954432 0.635585
v 1.151054 10.960677 1.218548
v 2.006851 10.683084 0.475808
v 1.196823 11.333288 0.171894
v 0.852586 11.981519 1.089054
v 0.248498 11.504472 1.222667
v 0.549813 10.819160 0.312092
v 1.110152 10.830197 0.505738
v 0.770893 11.506748 1.403783
v 0.323655 11.941260 0.933117
v 0.631578 11.293776 -0.002856
v 0.130787 10.950097 0.825785
v 1.120566 10.993118 1.147584
v 1.268988 11.851429 0.576323
v 0.279209 11.808408 0.254524
v 0.881009 10.862581 0.525422
v 1.430892 11.441958 1.252032
v 1.746524 11.826894 0.733574
v 1.216869 11.272662 -0.034682
v 0.756912 11.336443 0.251614
v 1.315284 11.890534 0.995740
v 1.852882 11.414204 0.969363
v 1.333942 10.825623 0.223627
v 1.620650 11.719789 0.117727
v 0.818313 11.808154 0.634298
v 1.028942 10.997567 1.100110
v 1.831279 10.909198 0.583539
v 1.248070 13.155849 -1.224668
v 0.254973 14.274772 0.280505
v 0.316641 13.186829 1.169389
v 1.310481 11.993014 -0.265316
v 1.966122 12.810112 -0.469450
v 0.929756 13.951541 0.996795
v -0.304159 13.484199 0.510402
v 0.633073 12.319183 -0.977786
v 0.844724 12.109775 0.843510
v 1.956798 13.568231 0.453873
v 0.727984 14.161675 -0.831995
v -0.384090 12.703219 -0.442359
v 1.956052 12.985587 -0.653816
v 2.704096 14.047961 -2.192543
v 1.763611 13.576923 -3.028768
v 0.939119 12.469356 -1.535824
v 0.989384 13.287065 -0.928372
v 1.796120 14.337876 -2.459303
v 2.598948 13.310201 -2.783348
v 1.851069 12.184943 -1.276809
v 0.928206 12.809501 -2.648090
v 1.065439 14.232750 -1.568464
v 2.712182 13.712249 -1.091620
v 2.574948 12.289000 -2.171246
v 0.995184 13.507604 -1.182487
v 1.573591 14.416635 0.357455
v 2.340619 13.477744 0.661838
v 1.816171 12.496884 -0.861408
v 1.923171 13.281855 -1.383391
v 2.451227 14.207366 0.173963
v 1.533194 13.670272 0.830651
v 0.940712 12.709855 -0.671876
v 2.418608 12.569474 0.030843
v 2.561573 13.962071 -0.873591
v 0.975725 14.345743 -0.533513
v 0.832760 12.953145 0.370921
v 1.855789 13.515440 -1.018078
v 2.489347 14.482303 -2.375908
v 1.716159 13.989261 -3.130391
v 1.022162 12.980453 -1.819422
v 0.992455 13.711673 -1.293331
v 1.679333 14.674034 -2.644561
v 2.461371 13.812869 -2.883231
v 1.836629 12.795327 -1.559749
v 1.022006 13.264666 -2.805366
v 1.014165 14.542155 -1.870009
v 2.486023 14.203305 -1.394876
v 2.493864 12.925815 -2.330232
v 0.992254 14.039036 -1.563120
v 1.586791 15.132773 -0.488883
v 2.358475 14.431190 -0.159386
v 1.818027 13.281995 -1.213701
v 1.790727 13.860948 -1.808012
v 2.342295 14.969138 -0.715739
v 1.663411 14.581732 0.049321
v 1.064751 13.450003 -0.982671
v 2.430165 13.543279 -0.543812
v 2.343477 14.571587 -1.574250
v 0.978713 14.873399 -1.158248
v 1.065400 13.845093 -0.127810
v 1.831142 14.103706 -1.492282
v 1.925460 15.132982 -2.642083
v 1.074053 14.758136 -3.087135
v 0.916512 13.691787 -1.959178
v 1.042919 14.256671 -1.432344
v 1.182147 15.279847 -2.588344
v 1.757901 14.623019 -3.136575
v 1.660118 13.547481 -2.015724
v 0.616215 14.054709 -2.718764
v 0.877216 15.036703 -1.792381
v 2.222868 14.771808 -1.890711
v 1.961868 13.789813 -2.817094
v 0.989088 14.535057 -1.803985
v 1.522112 15.659285 -1.135592
v 2.262220 15.161813 -0.846344
v 1.783359 14.001740 -1.493407
v 1.654453 14.392692 -2.073791
v 2.151077 15.527804 -1.388479
v 1.683572 15.282773 -0.613688
v 1.155657 14.136046 -1.238874
v 2.350432 14.360906 -1.043648
v 2.092115 15.058032 -2.048527
v 0.955751 15.300929 -1.587902
v 1.214068 14.603801 -0.583023
v 1.749386 14.547799 -1.891438
v 1.447456 15.628889 -2.581676
v 0.596438 15.426135 -2.564869
v 0.836418 14.329854 -1.873114
v 1.229097 14.681916 -1.469502
v 0.955207 15.760974 -2.187186
v 1.049306 15.304618 -2.927800
v 1.327257 14.203330 -2.271167
v 0.339984 14.787677 -2.208466
v 1.054795 15.404442 -1.523081
v 1.943742 15.173701 -2.242552
v 1.228931 14.556933 -2.927937
v 1.032597 14.824677 -1.714796
v 1.642284 15.819697 -1.597771
v 2.307634 15.456960 -1.787723
v 1.742559 14.428844 -1.919429
v 1.329234 14.712764 -2.235897
v 1.921729 15.713374 -2.089443
v 2.050545 15.554778 -1.335385
v 1.462713 14.534422 -1.427824
v 2.321397 14.780807 -1.936866
v 1.578023 15.281590 -2.467598
v 1.069013 15.468580 -1.578211
v 1.812387 14.967797 -1.047478
v 1.645758 14.746694 -2.001924
v 1.458076 15.749613 -2.371071
v 0.754008 15.676303 -2.246515
v 0.889582 14.672677 -1.870003
v 1.306360 14.853357 -1.567935
v 1.138394 15.847184 -1.960514
v 1.048115 15.586540 -2.624227
v 1.209769 14.572050 -2.279426
v 0.510454 15.143870 -2.004348
v 1.259841 15.455909 -1.494986
v 1.839076 15.275999 -2.236957
v 1.089688 14.963960 -2.746319
v 1.680469 14.735881 -0.405727
v 1.018815 15.537974 1.428891
v 1.297488 14.335063 2.101850
v 1.985429 13.437753 0.300182
v 2.557018 14.318128 0.106751
v 1.842971 15.147351 1.919871
v 0.539264 14.694436 1.650149
v 1.158497 13.831861 -0.183288
v 1.767746 13.348479 1.495026
v 2.729767 14.915149 1.126682
v 1.235281 15.625535 0.244934
v 0.273260 14.058866 0.613278
v 2.141878 14.351345 0.542774
v 3.929050 15.098357 -0.065071
v 3.726369 14.649438 -1.322007
v 1.918624 13.867240 -0.803987
v 1.695903 14.746200 -0.326809
v 3.514131 15.473323 -0.887269
v 4.108095 14.304470 -0.565585
v 2.339355 13.494737 0.016373
v 2.729039 14.059129 -1.619864
v 2.361667 15.585030 -0.738581
v 3.119940 14.909307 0.747493
v 3.487312 13.383407 -0.133790
v 1.791878 14.765603 -0.264266
v 1.540534 15.516090 1.464003
v 1.897669 14.436827 2.020282
v 2.176557 13.603143 0.322782
v 2.653056 14.387307 0.038571
v 2.352491 15.160619 1.752793
v 1.150668 14.763858 1.754596
v 1.364125 13.960026 0.037087
v 2.195967 13.538886 1.415813
v 2.990904 14.934834 0.899045
v 1.520921 15.578844 0.377461
v 0.725984 14.182897 0.894229
v 2.473985 14.362498 0.482067
v 3.575212 15.469548 -0.454106
v 2.971513 15.249254 -1.478608
v 1.825047 14.124969 -0.616164
v 1.731537 14.751941 0.047690
v 2.880453 15.842540 -0.868459
v 3.610691 14.906100 -1.097403
v 2.525470 13.757569 -0.206375
v 2.127503 14.590144 -1.499178
v 2.004129 15.676700 -0.314136
v 3.269759 15.009366 0.429501
v 3.393134 13.922811 -0.755542
v 2.203976 14.773156 -0.302396
v 1.614033 15.871066 0.853190
v 1.459086 15.034411 1.589141
v 2.034108 13.882535 0.494383
v 2.691932 14.400035 0.325452
v 2.078335 15.511401 1.437750
v 1.031928 15.365302 1.051346
v 1.573773 14.234535 -0.097927
v 1.672531 14.094117 1.371373
v 2.807080 15.016991 1.038060
v 1.972210 15.657199 -0.031108
v 0.837661 14.734327 0.302205
v 2.385633 14.472077 0.613788
v 3.678941 15.362408 0.234280
v 3.548623 15.139935 -0.802901
v 2.254838 14.239625 -0.501438
v 1.972656 14.827067 -0.018448
v 3.289685 15.697520 -0.362273
v 3.906738 14.831632 -0.254072
v 2.644439 13.904729 0.095011
v 2.844841 14.594281 -1.109898
v 2.374789 15.612741 -0.231027
v 3.082950 15.008534 0.847891
v 3.553002 13.990078 -0.030980
v 2.325375 14.825708 -0.189144
v 2.074765 15.833648 0.868195
v 2.020725 15.132376 1.556881
v 2.267643 14.072469 0.548928
v 2.831038 14.479256 0.274499
v 2.550443 15.512280 1.311100
v 1.583102 15.428033 1.149409
v 1.790603 14.399313 0.111529
v 2.123591 14.289666 1.355409
v 3.087398 15.026835 0.855101
v 2.224054 15.617702 0.062532
v 1.260247 14.880531 0.562840
v 2.518894 14.525104 0.607693
v 3.531163 15.453391 0.362643
v 3.424455 15.362465 -0.554831
v 2.400284 14.423776 -0.375811
v 2.111095 14.850190 0.104574
v 3.149917 15.763254 -0.112734
v 3.775202 15.077392 -0.117485
v 2.785000 14.117090 0.098830
v 2.862425 14.851567 -0.872020
v 2.375391 15.585656 -0.002933
v 3.069638 15.028509 0.856724
v 3.556672 14.294419 -0.012363
v 2.550411 14.795472 -0.180636
v 2.435109 15.841601 0.539369
v 2.209756 15.371849 1.203040
v 2.307907 14.298850 0.536353
v 2.872450 14.505046 0.315266
v 2.739678 15.560016 1.002168
v 1.929552 15.630908 0.777264
v 2.004096 14.572835 0.068521
v 2.156621 14.633662 1.165710
v 3.133287 15.005586 0.749274
v 2.582994 15.504823 -0.095451
v 1.606329 15.132902 0.320985
v 2.673676 14.520271 0.495005
v 3.328278 15.488889 0.330046
v 3.075513 15.560586 -0.412331
v 2.396305 14.588189 -0.300195
v 2.200125 14.802096 0.222305
v 2.883124 15.757080 0.072429
v 3.485055 15.313850 -0.175323
v 2.843050 14.322317 -0.042930
v 2.622041 15.103518 -0.686791
v 2.299053 15.462864 0.245435
v 3.105038 14.977628 0.711729
v 3.428026 14.618281 -0.220497
v 2.491327 14.777734 -0.201880
v 2.626221 15.655482 0.369813
v 2.618353 15.288581 0.969565
v 2.482143 14.379138 0.438548
v 2.871422 14.527052 0.104811
v 2.985389 15.422883 0.661559
v 2.287919 15.502572 0.701159
v 2.123564 14.615632 0.149217
v 2.547196 14.668386 0.968861
v 3.212602 14.941892 0.367751
v 2.563117 15.367467 -0.157566
v 1.897711 15.093964 0.443544
v 1.102399 12.241844 -1.995639
v 2.013793 13.431458 -0.504235
v 2.387439 12.288696 0.225163
v 1.500038 11.011328 -1.218371
v 1.979232 11.581167 -1.983119
v 2.840690 12.807761 -0.492902
v 1.626695 12.862496 0.214737
v 0.672837 11.634608 -1.230182
v 2.108023 11.142142 -0.172789
v 2.904553 12.173722 -1.520750
v 1.405877 13.300237 -1.544231
v 0.609348 12.268658 -0.196269
v 1.958301 11.688805 -2.181012
v 1.686863 12.637481 -3.957453
v 0.355394 12.633042 -3.776259
v 0.527851 11.691739 -2.001042
v 1.266608 12.347194 -1.746501
v 1.035536 13.253640 -3.538225
v 0.954616 12.066173 -4.161949
v 1.180391 11.070617 -2.410957
v -0.146126 12.162353 -2.814986
v 1.186590 13.281672 -2.389486
v 2.366956 12.160929 -3.138306
v 1.034240 11.041610 -3.563805
v 1.260732 12.477146 -1.928521
v 2.449338 13.387050 -0.795830
v 2.925335 12.309941 -0.376596
v 1.764401 11.315833 -1.485426
v 1.991009 11.891546 -2.204660
v 3.140364 12.836268 -1.054346
v 2.289591 12.816661 -0.138761
v 1.075461 11.868285 -1.224917
v 2.554097 11.332453 -0.746308
v 2.914264 12.371964 -1.998292
v 1.664039 13.369521 -1.529689
v 1.303873 12.330009 -0.277705
v 2.024836 12.036317 -2.214956
v 1.816443 13.090670 -3.645816
v 0.638001 13.098197 -3.499627
v 0.760297 12.045461 -2.059541
v 1.425186 12.569837 -1.750850
v 1.250383 13.596122 -3.210905
v 1.158777 12.633181 -3.899746
v 1.326004 11.542142 -2.497376
v 0.178127 12.575763 -2.713100
v 1.376052 13.473416 -2.197223
v 2.400086 12.562353 -2.989851
v 1.202160 11.664701 -3.505728
v 1.388169 12.681279 -1.864430
v 2.715186 13.419021 -1.229019
v 3.233906 12.460196 -1.140310
v 1.942408 11.651191 -1.770394
v 1.901979 12.223651 -2.370219
v 3.194623 12.984194 -1.708698
v 2.792823 12.860237 -0.699006
v 1.457681 12.082913 -1.293234
v 2.818388 11.630717 -1.412901
v 2.715764 12.656041 -2.444844
v 1.839046 13.437974 -1.580739
v 1.941670 12.412648 -0.548795
v 2.039121 12.302213 -2.147097
v 2.051877 13.306142 -3.336040
v 1.021461 13.297219 -3.376492
v 0.933730 12.296475 -2.194993
v 1.452243 12.735772 -1.806677
v 1.497972 13.709466 -3.008183
v 1.531053 12.926162 -3.678120
v 1.487388 11.887456 -2.516145
v 0.522259 12.793578 -2.807776
v 1.462597 13.541402 -2.139088
v 2.464958 12.803838 -2.723802
v 1.524621 12.056015 -3.392490
v 1.344998 12.807448 -2.061937
v 2.210017 13.795300 -1.533441
v 2.761058 13.134975 -1.160307
v 1.940288 12.103805 -1.659116
v 1.931567 12.433464 -2.289633
v 2.761199 13.439887 -1.749581
v 2.253971 13.461955 -0.961459
v 1.386921 12.456618 -1.444308
v 2.595360 12.329586 -1.243787
v 2.551171 12.927930 -2.340386
v 1.551299 13.568776 -1.950426
v 1.595488 12.970433 -0.853828
v 1.969792 12.493020 -2.060890
v 2.200268 13.381114 -3.005420
v 1.366815 13.347285 -3.269682
v 1.075102 12.455173 -2.342747
v 1.397117 12.827530 -1.896985
v 1.661477 13.701734 -2.856142
v 1.862502 13.052312 -3.407018
v 1.615361 12.139598 -2.497375
v 0.850723 12.886144 -2.919931
v 1.446151 13.527450 -2.148376
v 2.423562 12.954228 -2.426214
v 1.828133 12.312922 -3.197770
v 1.284818 12.795081 -2.150081
v 1.890009 13.771514 -1.910474
v 2.422856 13.367307 -1.506694
v 1.853256 12.355876 -1.718130
v 1.807598 12.512755 -2.288134
v 2.386543 13.510816 -2.039414
v 1.966045 13.607148 -1.388069
v 1.360068 12.622220 -1.587892
v 2.373738 12.679116 -1.434905
v 2.268570 12.970670 -2.429390
v 1.373877 13.449582 -2.194372
v 1.479045 13.158027 -1.199887
v 1.848161 12.523131 -2.077579
v 2.014739 13.427217 -2.656241
v 1.307922 13.498452 -2.765490
v 1.091087 12.605826 -2.198760
v 1.429721 12.784517 -1.810183
v 1.618675 13.667485 -2.399965
v 1.672301 13.277404 -3.001264
v 1.485842 12.359237 -2.451020
v 0.888444 13.086354 -2.534055
v 1.503802 13.384606 -1.862654
v 2.219098 12.941592 -2.321445
v 1.603740 12.643340 -2.992846
v 1.408139 11.803462 -1.614906
v 2.669352 11.831825 0.094737
v 2.377017 10.481009 0.354286
v 1.102660 10.354529 -1.325576
v 1.855496 10.843136 -1.903232
v 3.082763 10.925408 -0.188775
v 1.996678 11.314913 0.615116
v 0.680625 11.260497 -1.053571
v 1.614044 9.822579 -0.360911
v 2.909435 10.728729 -1.369113
v 2.149127 12.368926 -0.871822
v 0.853736 11.462778 0.136380
v 1.879194 10.781634 -1.479798
v 2.813983 11.158196 -3.231832
v 1.694480 11.692654 -3.748289
v 0.675465 11.354113 -2.029244
v 1.464061 11.744564 -1.513650
v 2.419133 12.065411 -3.258056
v 2.057743 10.858017 -3.724164
v 1.067100 10.445687 -1.997309
v 0.687559 11.757800 -3.119407
v 2.089935 12.394563 -2.204020
v 2.799315 10.750302 -2.147008
v 1.396938 10.113540 -3.062395
v 1.551344 11.643085 -1.762420
v 2.517065 12.097386 -0.202840
v 2.101782 11.069769 0.375119
v 1.113120 10.544177 -1.130733
v 1.870888 10.725362 -1.672078
v 2.815942 11.230328 -0.121673
v 1.826817 11.867463 0.300445
v 0.811663 11.409953 -1.215960
v 1.426937 10.354944 -0.119574
v 2.744612 10.719924 -1.072618
v 2.201880 12.288625 -1.222244
v 0.884205 11.923646 -0.269200
v 1.856329 10.720082 -1.376667
v 2.986974 11.028585 -2.732148
v 2.146922 11.625248 -3.322453
v 0.959348 11.361358 -2.015014
v 1.589263 11.606931 -1.418996
v 2.730077 11.863982 -2.766362
v 2.383267 10.856681 -3.290975
v 1.211297 10.524708 -1.975081
v 1.184023 11.756244 -2.933666
v 2.301891 12.143107 -1.881219
v 2.760386 10.629209 -1.811725
v 1.642518 10.242344 -2.864172
v 1.708649 11.453843 -1.805644
v 2.603550 12.093978 -0.573619
v 2.125484 11.422309 0.145129
v 1.200644 10.736765 -1.027933
v 1.878305 10.673454 -1.503227
v 2.760504 11.355512 -0.292443
v 1.981087 12.101697 -0.113553
v 1.040591 11.472980 -1.313232
v 1.453595 10.785052 -0.121184
v 2.635744 10.712325 -0.972045
v 2.348429 12.046774 -1.485291
v 1.166280 12.119502 -0.634430
v 1.861241 10.690840 -1.340183
v 3.041134 11.062516 -2.269578
v 2.449527 11.714541 -2.806548
v 1.217170 11.387680 -1.909221
v 1.675553 11.472013 -1.280412
v 2.867561 11.799943 -2.214422
v 2.609215 11.036107 -2.857292
v 1.392348 10.650723 -1.965609
v 1.567311 11.839646 -2.595558
v 2.378111 11.947818 -1.490333
v 2.692433 10.612966 -1.590274
v 1.881632 10.504792 -2.695499
v 1.786237 11.351375 -1.755005
v 2.701990 11.871921 -0.804204
v 2.293339 11.375035 -0.122288
v 1.356968 10.823545 -1.014144
v 1.888024 10.686050 -1.467331
v 2.794084 11.241990 -0.536737
v 2.208612 11.954572 -0.368358
v 1.260942 11.451211 -1.285534
v 1.648439 10.882733 -0.264793
v 2.577112 10.674423 -1.075144
v 2.407951 11.813317 -1.561770
v 1.479279 12.021626 -0.751418
v 1.845880 10.739641 -1.261743
v 3.006890 11.013658 -1.827033
v 2.624141 11.572651 -2.380794
v 1.439024 11.340232 -1.857652
v 1.703740 11.407792 -1.252335
v 2.875439 11.644561 -1.819408
v 2.745078 10.992220 -2.387809
v 1.573119 10.709901 -1.866528
v 1.862827 11.704650 -2.362787
v 2.339597 11.791135 -1.301506
v 2.582511 10.650153 -1.317653
v 2.105741 10.563669 -2.378935
v 1.735767 11.411908 -1.559238
v 2.693478 11.514124 -0.875618
v 2.523149 10.841196 -0.517139
v 1.560213 10.690827 -1.169586
v 1.877626 10.825939 -1.651866
v 2.824938 10.961017 -0.964656
v 2.402205 11.350054 -0.435225
v 1.426383 11.243629 -1.082201
v 1.968929 10.469517 -0.684016
v 2.521650 10.736367 -1.525655
v 2.282234 11.737412 -1.365493
v 1.729513 11.470564 -0.523853
v 1.817829 10.770089 -1.308429
v 2.823724 11.118564 -1.529532
v 2.559428 11.685219 -1.884004
v 1.543079 11.380953 -1.690584
v 1.677782 11.295299 -1.168940
v 2.687349 11.612655 -1.397055
v 2.684893 11.230656 -2.005883
v 1.675199 10.885473 -1.822178
v 1.937851 11.783660 -1.944245
v 2.182985 11.607466 -1.034704
v 2.425811 10.711736 -1.273668
v 2.180677 10.887930 -2.183209
v 0.785088 12.544106 -1.886279
v 2.246950 13.543214 -0.732808
v 2.998946 12.362428 -0.599475
v 1.585263 11.272420 -1.748541
v 1.587603 12.065505 -2.462820
v 3.006038 13.093142 -1.275116
v 2.300585 12.776495 -0.100551
v 0.828174 11.723930 -1.204635
v 2.623869 11.291550 -1.116038
v 2.586183 12.707825 -2.344188
v 1.213031 13.523229 -1.361748
v 1.250718 12.106952 -0.133597
v 1.659125 12.148412 -2.271697
v 0.809053 13.045394 -3.862705
v -0.419784 12.677506 -3.462358
v 0.348261 11.745181 -1.827146
v 0.922406 12.570421 -1.655363
v 0.111919 13.445870 -3.285423
v 0.221579 12.309067 -3.993458
v 1.043279 11.347058 -2.408593
v -0.580710 12.044165 -2.462583
v 0.467468 13.470745 -2.186442
v 1.728370 12.746980 -3.233510
v 0.680192 11.320399 -3.509651
v 0.793637 12.601240 -1.706430
v 2.457944 13.454827 -1.523740
v 3.058829 12.433450 -1.921505
v 1.432339 11.502154 -2.133910
v 1.077886 12.262761 -2.576557
v 2.726711 13.135834 -2.344540
v 2.811563 12.726924 -1.166368
v 1.164180 11.821473 -1.313036
v 2.510876 11.513438 -2.203682
v 1.870913 12.865470 -2.938683
v 1.383615 13.442490 -1.452966
v 2.023578 12.090457 -0.717965
v 1.271205 12.300009 -2.480672
v 0.090742 13.477696 -3.121580
v -0.697621 13.182490 -2.284030
v 0.428188 11.980390 -1.580414
v 1.081976 12.599273 -1.623788
v -0.083889 13.755995 -2.310957
v -0.536960 12.926455 -3.029804
v 0.606705 11.698066 -2.388796
v -0.485846 12.448844 -1.562466
v 0.677513 13.516587 -1.678466
v 0.999982 13.006223 -3.142187
v -0.163378 11.938478 -3.026187
v 0.719505 12.682357 -1.704259
v 2.016897 13.641395 -1.993390
v 2.521181 12.847254 -2.551354
v 1.247452 11.820209 -2.300143
v 0.732546 12.432826 -2.520844
v 2.035119 13.410529 -2.765009
v 2.504416 13.059651 -1.841465
v 1.235149 12.055614 -1.529780
v 2.104150 11.976363 -2.673647
v 1.197469 13.064588 -3.020672
v 1.168972 13.485965 -1.624836
v 2.075654 12.397741 -1.277810
v 1.160536 12.486970 -2.398404
v 0.230028 13.503567 -3.098268
v -0.572050 13.218022 -2.516367
v 0.308930 12.170419 -1.766912
v 0.863508 12.716825 -1.686206
v -0.055042 13.725903 -2.430231
v -0.309785 13.013474 -3.130961
v 0.589145 11.953574 -2.438798
v -0.484635 12.563220 -1.878509
v 0.503645 13.513373 -1.772991
v 1.015537 13.115601 -2.985577
v 0.027258 12.165448 -3.091094
v 0.607283 12.760508 -1.744356
v 1.466755 13.788733 -2.172038
v 1.912994 13.208043 -2.757335
v 1.079586 12.129439 -2.369204
v 0.516025 12.557742 -2.441731
v 1.384046 13.601638 -2.831576
v 1.989085 13.380170 -2.150560
v 1.165679 12.320727 -1.711303
v 1.692109 12.407578 -2.822724
v 0.705657 13.169715 -2.915235
v 0.858578 13.512374 -1.722886
v 1.845030 12.750241 -1.630376
v 0.843521 12.578052 -2.472155
v 0.117749 13.665257 -2.635364
v -0.285229 13.532523 -1.870111
v 0.411757 12.434746 -1.650942
v 0.960095 12.766098 -1.825807
v 0.230008 13.839141 -2.025004
v -0.388508 13.372550 -2.431642
v 0.301782 12.257342 -2.260705
v -0.117215 12.924926 -1.422236
v 0.843114 13.494200 -1.761063
v 0.643707 13.173568 -2.864938
v -0.316622 12.604296 -2.526110
v 0.427631 12.748210 -1.837525
v 0.916863 13.790135 -2.074324
v 1.491337 13.451124 -2.481020
v 1.042674 12.381571 -2.273303
v 0.506340 12.587148 -2.420559
v 0.993948 13.644484 -2.625667
v 1.420418 13.585124 -1.973785
v 0.968420 12.533515 -1.723271
v 1.518393 12.762270 -2.558283
v 0.574291 13.136962 -2.789246
v 0.439453 13.411071 -1.793379
v 1.383555 13.036379 -1.562417
v 0.884774 12.617219 -2.333755
v 0.427141 13.554893 -2.640648
v -0.109550 13.456824 -2.172731
v 0.304852 12.520725 -1.834692
v 0.793644 12.760291 -1.798834
v 0.342400 13.687201 -2.135093
v -0.031588 13.335099 -2.637843
v 0.390824 12.385753 -2.339335
v -0.139592 12.948300 -1.798529
v 0.723378 13.363497 -1.762553
v 0.876843 13.123815 -2.677650
v 0.013872 12.708620 -2.713626
v 1.130178 13.327762 -2.209670
v 1.780395 14.530175 -0.604418
v 2.454720 13.448470 -0.010500
v 1.847875 12.155630 -1.587208
v 2.140402 12.905034 -2.288641
v 2.737363 14.139117 -0.668987
v 1.574311 13.808243 0.048903
v 0.894833 12.554431 -1.512707
v 2.450360 12.315082 -0.543349
v 2.915769 13.656156 -1.768312
v 1.187645 14.372357 -1.640801
v 0.722236 13.031285 -0.415839
v 2.158321 13.000339 -1.933312
v 2.181407 13.756293 -3.820007
v 0.925448 13.315436 -4.045181
v 0.810723 12.526755 -2.173439
v 1.192615 13.400952 -1.799526
v 1.270581 14.136811 -3.700138
v 1.763408 12.965360 -4.155461
v 1.721766 12.148816 -2.299652
v 0.311115 12.726672 -3.205314
v 1.030486 14.245324 -2.560190
v 2.679606 13.560604 -2.787240
v 1.960235 12.041950 -3.432364
v 1.101757 13.416065 -2.037412
v 2.090017 14.442424 -0.769354
v 2.811641 13.443250 -0.481760
v 1.877065 12.345189 -1.727521
v 1.951273 13.045821 -2.380470
v 2.895706 14.097810 -1.087378
v 2.070406 13.760293 -0.189178
v 1.075635 12.694474 -1.403881
v 2.664172 12.451818 -0.981670
v 2.756918 13.706588 -2.106212
v 1.305678 14.338323 -1.521009
v 1.212933 13.083551 -0.396467
v 2.018981 13.101506 -2.195128
v 1.299877 14.340049 -3.334318
v 0.184715 14.053561 -2.964289
v 0.816081 12.805770 -1.808828
v 1.438980 13.414456 -1.518932
v 0.757127 14.627254 -2.688998
v 0.684045 13.789332 -3.557983
v 1.363251 12.510534 -2.446748
v 0.006385 13.307147 -2.229088
v 1.130233 14.360827 -1.752773
v 2.117623 13.832065 -2.912781
v 0.993776 12.778386 -3.389095
v 1.078307 13.506495 -1.897613
v 2.171014 14.471342 -1.025901
v 2.899697 13.617028 -0.956700
v 1.865192 12.594580 -1.819247
v 1.746905 13.219069 -2.389421
v 2.800679 14.199172 -1.490754
v 2.320405 13.867425 -0.529036
v 1.234439 12.865736 -1.355277
v 2.705640 12.730021 -1.356841
v 2.466176 13.843399 -2.333079
v 1.326550 14.336253 -1.491448
v 1.566014 13.222875 -0.515210
v 1.958888 13.258342 -1.885052
v 1.833611 14.313391 -3.090042
v 0.812869 14.043499 -3.255769
v 0.864090 12.964401 -2.057931
v 1.223711 13.522020 -1.591320
v 1.139751 14.565583 -2.816816
v 1.451221 13.811482 -3.507136
v 1.557653 12.715648 -2.335037
v 0.385413 13.382792 -2.727601
v 1.053945 14.350320 -1.922879
v 2.309630 13.897776 -2.421956
v 1.641099 12.930249 -3.226678
v 1.034907 13.551907 -1.930333
v 1.818787 14.594890 -1.218856
v 2.532485 13.946542 -1.020687
v 1.804195 12.861228 -1.714429
v 1.679059 13.327625 -2.284530
v 2.424978 14.381211 -1.554393
v 1.974789 14.143126 -0.711994
v 1.196504 13.072814 -1.380280
v 2.484682 13.119217 -1.278963
v 2.233400 13.951003 -2.262651
v 1.134822 14.336061 -1.656424
v 1.386105 13.504272 -0.672737
v 1.806440 13.376599 -1.681235
v 1.998880 14.381137 -2.629446
v 1.219845 14.142497 -3.073934
v 0.969591 13.115853 -2.153793
v 1.109450 13.568871 -1.632792
v 1.341586 14.563670 -2.584805
v 1.824555 13.974566 -3.115004
v 1.627128 12.934464 -2.199494
v 0.748656 13.521659 -2.810302
v 1.028804 14.306766 -1.895685
v 2.218662 13.976480 -1.976621
v 1.938514 13.191371 -2.891237
v 1.019549 13.562861 -1.838310
v 1.688961 14.559999 -1.407496
v 2.370083 14.072803 -1.304413
v 1.755548 13.048255 -1.724276
v 1.533748 13.395459 -2.214543
v 2.171853 14.398629 -1.763886
v 1.925823 14.221261 -0.976534
v 1.270455 13.206183 -1.369339
v 2.364728 13.348502 -1.467779
v 1.950343 13.968593 -2.310036
v 1.074366 14.257827 -1.666119
v 1.488750 13.637737 -0.823863
v 1.687989 13.402715 -1.578172
v 1.948274 14.375529 -2.196232
v 1.365430 14.232181 -2.706033
v 1.060500 13.241418 -2.120512
v 1.092022 13.550551 -1.609934
v 1.386016 14.514898 -2.226177
v 1.882708 14.103959 -2.678484
v 1.622733 13.101947 -2.090548
v 0.953878 13.671420 -2.640595
v 1.037909 14.203818 -1.739491
v 2.054426 13.947013 -1.682557
v 1.970395 13.414613 -2.583660
v 1.544871 13.421906 -1.459890
v 1.931482 14.315198 -1.872112
v 1.649811 14.166228 -2.498892
v 1.241186 13.258763 -2.130910
v 1.064581 13.526450 -1.704356
v 1.477270 14.411261 -2.101640
v 2.067687 14.077849 -2.287726
v 1.694290 13.160135 -1.900283
v 1.321991 13.646080 -2.594020
v 1.033620 14.107089 -1.830334
v 1.853337 13.927453 -1.412365
v 2.141708 13.466445 -2.176052
vn 0.3046 -0.4909 -0.8162
vn -0.0437 -0.5589 -0.8281
vn 0.9012 -0.2332 -0.3654
vn 0.9483 -0.1409 -0.2845
vn 0.5381 0.4269 0.7268
vn 0.6763 0.4477 0.5849
vn 0.8541 0.5177 0.0503
vn 0.7858 0.5939 0.1727
vn 0.7017 0.1687 -0.6922
vn 0.4383 0.0440 -0.8977
vn 0.8414 0.5042 -0.1946
vn 0.7754 0.0650 -0.6281
vn 0.6143 -0.0407 -0.7880
vn 0.7567 -0.0591 -0.6511
vn 0.8478 0.0444 -0.5285
vn 0.3514 -0.0528 -0.9347
vn 0.0659 -0.1717 -0.9829
vn -0.0603 -0.2918 -0.9546
vn 0.3994 0.0990 -0.9114
vn -0.0633 -0.2759 -0.9591
vn 0.7783 0.0417 -0.6265
vn 0.6149 0.3859 -0.6878
vn 0.2540 -0.2664 -0.9298
vn 0.8977 0.3546 -0.2614
vn 0.8959 0.3898 -0.2131
vn 0.9917 0.0792 -0.1010
vn 0.9085 -0.2355 -0.3452
vn 0.8972 0.3496 0.2696
vn 0.8123 0.4932 0.3113
vn 0.8579 0.4021 -0.3198
vn 0.5932 0.6093 -0.5262
vn -0.0195 0.3924 -0.9196
vn -0.7045 -0.0409 -0.7085
vn 0.4024 0.6197 -0.6738
vn -0.8414 -0.0582 -0.5372
vn -0.8345 -0.1846 -0.5192
vn -0.5279 0.1387 -0.8379
vn -0.9087 -0.2403 -0.3413
vn -0.9216 -0.3204 -0.2193
vn -0.9939 0.1069 -0.0277
vn -0.9767 0.1347 0.1671
vn -0.9863 0.1255 -0.1072
vn -0.9550 0.1250 -0.2691
vn -0.9047 -0.3359 -0.2619
vn -0.2651 0.0880 -0.9602
vn -0.5862 0.3627 -0.7245
vn -0.6963 -0.2464 -0.6741
vn 0.0607 0.2766 -0.9591
vn 0.8298 -0.2733 0.4866
vn 0.3698 -0.4745 -0.7988
vn -0.1623 -0.0545 -0.9852
vn 0.0634 0.2952 -0.9533
vn -0.1642 0.5385 -0.8265
vn -0.6258 0.5056 -0.5939
vn -0.9539 0.2997 -0.0164
vn -0.2844 0.6093 -0.7402
vn -0.9023 0.1775 0.3930
vn -0.6813 -0.1134 0.7232
vn -0.9093 0.3787 -0.1724
vn -0.7559 -0.0849 0.6492
vn -0.5776 -0.2422 0.7796
vn -0.0238 -0.4163 -0.9089
vn 0.0819 -0.6507 -0.7549
vn 0.0104 0.3840 -0.9233
vn -0.0471 0.3853 -0.9216
vn -0.4949 -0.2684 0.8265
vn -0.9001 -0.1373 0.4134
vn -0.9762 0.1496 0.1568
vn -0.6036 -0.3044 0.7369
vn -0.9819 0.1180 -0.1478
vn -0.8217 0.1913 0.5369
vn -0.6159 0.1430 0.7747
vn -0.5419 0.0545 0.8387
vn -0.6338 0.0053 0.7735
vn -0.9079 0.1780 -0.3795
vn -0.8811 0.4154 -0.2260
vn -0.8720 0.4779 0.1059
vn -0.3867 0.3437 0.8558
vn -0.8389 0.5212 -0.1567
vn -0.4876 -0.1265 -0.8639
vn -0.9025 -0.2552 0.3470
vn 0.7297 0.0041 -0.6837
vn -0.7328 0.4668 0.4951
vn -0.2581 0.3906 0.8836
vn 0.4328 -0.1189 0.8936
vn 0.4043 -0.0108 0.9146
vn 0.1180 0.1235 0.9853
vn -0.1911 -0.2648 -0.9452
vn 0.6087 0.5701 -0.5517
vn 0.5686 0.7804 -0.2603
vn -0.1079 -0.1878 -0.9763
vn 0.5953 -0.1767 0.7838
vn 0.5096 -0.1990 0.8371
vn -0.0107 0.3160 0.9487
vn 0.6244 -0.2293 0.7467
vn -0.0008 -0.0204 0.9998
vn 0.9814 0.1918 -0.0122
vn 0.9551 0.1161 -0.2725
vn 0.9595 0.0627 -0.2745
vn 0.9807 0.0651 -0.1846
vn -0.5193 0.0996 0.8488
vn -0.5429 0.3273 0.7734
vn -0.3918 0.4399 0.8080
vn 0.2063 0.4617 0.8627
vn -0.5359 0.4620 0.7067
vn -0.1623 -0.0546 -0.9852
vn 0.7581 0.2869 0.5856
vn 0.6579 0.0704 0.7498
vn -0.1038 0.4645 0.8795
vn 0.4234 0.5219 0.7405
vn 0.9930 0.0009 0.1185
vn 0.9908 -0.0576 -0.1221
vn 0.7950 0.3222 0.5140
vn -0.8863 0.1021 -0.4517
vn 0.4055 -0.1712 -0.8979
vn 0.8014 -0.1556 -0.5776
vn -0.5964 0.0402 -0.8017
vn 0.9752 -0.1223 -0.1844
vn 0.9188 -0.1949 -0.3432
vn 0.9746 -0.1701 -0.1460
vn 0.9503 0.0862 0.2992
vn 0.8960 -0.2390 -0.3744
vn -0.6001 0.3924 0.6971
vn -0.8488 -0.1523 -0.5063
vn -0.7747 -0.2215 -0.5923
vn -0.6238 0.4077 0.6668
vn 0.9034 -0.0491 0.4259
vn 0.6415 0.2424 0.7278
vn 0.4621 0.4375 0.7714
vn -0.8038 -0.0308 0.5942
vn -0.9049 -0.3115 0.2900
vn -0.9762 -0.2125 0.0435
vn 0.0514 0.3157 -0.9475
vn 0.6677 -0.2611 0.6972
vn -0.6503 -0.4806 0.5883
vn -0.8397 -0.4647 0.2809
vn 0.3614 -0.2904 0.8860
vn -0.6459 0.7488 -0.1483
vn 0.3019 0.1999 -0.9321
vn 0.7020 0.2505 -0.6667
vn -0.6224 0.6203 -0.4774
vn 0.4230 0.0975 0.9009
vn -0.1890 0.3180 0.9290
vn -0.7648 -0.0072 -0.6442
vn -0.8775 -0.0882 -0.4714
vn -0.1622 -0.0546 -0.9852
vn -0.3915 0.9181 0.0611
vn -0.4826 0.8567 -0.1819
vn -0.8559 0.2189 -0.4685
vn -0.9716 0.1701 0.1643
vn -0.9446 -0.0431 -0.3254
vn -0.8322 -0.0047 -0.5545
vn -0.1623 -0.0544 -0.9852
vn 0.0512 0.9604 0.2739
vn 0.4447 0.7576 -0.4777
vn 0.7474 0.4269 -0.5091
vn 0.8443 0.2416 -0.4783
vn -0.3399 0.5943 -0.7289
vn 0.1745 -0.0401 -0.9838
vn 0.9666 0.1333 -0.2188
vn 0.9472 0.0719 0.3125
vn 0.3937 -0.4383 -0.8080
vn -0.4816 0.2181 0.8488
vn -0.8408 0.2661 -0.4714
vn -0.7410 0.2589 -0.6195
vn -0.5270 0.2199 0.8209
vn 0.7877 0.2617 0.5577
vn 0.5449 0.4230 0.7240
vn -0.2032 -0.8498 -0.4863
vn -0.3867 -0.8317 -0.3984
vn 0.1827 -0.9506 0.2508
vn 0.4228 -0.8924 -0.1575
vn 0.3750 0.0492 -0.9257
vn 0.8490 0.3795 -0.3678
vn -0.2644 0.4274 0.8645
vn -0.9064 -0.1739 0.3849
vn -0.8953 -0.1976 0.3992
vn -0.1624 -0.0546 -0.9852
vn 0.1575 0.0701 -0.9850
vn -0.0856 0.1030 -0.9910
vn 0.2369 0.2878 -0.9279
vn 0.2367 -0.1027 -0.9661
vn -0.2017 -0.0976 -0.9746
vn 0.7790 -0.2357 -0.5811
vn 0.8996 -0.2925 -0.3243
vn 0.0199 0.9933 0.1142
vn -0.6652 0.7440 -0.0629
vn 0.9721 -0.1175 -0.2031
vn 0.3106 -0.3286 0.8920
vn -0.1196 -0.3728 0.9202
vn 0.9755 -0.1554 0.1559
vn -0.9367 0.0915 0.3381
vn 0.1604 0.0598 -0.9852
vn -0.0045 0.0543 -0.9985
vn 0.3868 0.1048 -0.9162
vn 0.6067 0.1756 -0.7753
vn -0.2408 -0.4449 0.8626
vn -0.5768 0.8159 0.0390
vn -0.0491 0.9973 0.0539
vn -0.4085 -0.3599 0.8388
vn -0.0450 0.0041 -0.9990
vn 0.7072 -0.1043 0.6992
vn 0.9705 -0.1636 0.1769
vn -0.8331 -0.2593 0.4886
vn -0.9935 0.1065 -0.0410
vn -0.5428 -0.1224 -0.8309
vn -0.9259 -0.2370 0.2942
vn 0.9338 -0.3579 -0.0019
vn 0.9380 -0.3432 0.0485
vn 0.8551 0.0937 -0.5100
vn 0.7275 0.0175 -0.6859
vn -0.4325 0.7640 0.4788
vn -0.9124 -0.3189 -0.2566
vn -0.5614 -0.2853 -0.7769
vn -0.7931 0.5280 0.3037
vn 0.5188 0.1077 0.8481
vn 0.0130 0.1945 0.9808
vn -0.0586 0.3235 0.9444
vn 0.3565 0.4835 0.7994
vn -0.1912 0.9570 0.2181
vn -0.3118 0.9198 0.2382
vn 0.3724 -0.4096 0.8328
vn -0.5581 0.2977 0.7745
vn -0.6111 0.5428 0.5761
vn 0.1278 -0.3381 0.9324
vn -0.6811 0.0496 0.7305
vn -0.4909 0.0618 0.8690
vn -0.1991 -0.4691 -0.8604
vn -0.1926 -0.7486 -0.6344
vn -0.2908 0.1595 0.9434
vn -0.9639 -0.1604 -0.2124
vn -0.8455 -0.1558 -0.5107
vn -0.5702 0.1015 0.8152
vn 0.5624 -0.8148 0.1404
vn 0.7071 -0.6699 -0.2266
vn 0.3053 -0.7546 0.5808
vn -0.0272 -0.5747 0.8179
vn 0.4006 0.7248 -0.5605
vn 0.7000 0.6903 -0.1828
vn -0.6491 0.2828 0.7062
vn -0.4327 -0.0477 0.9003
vn 0.2276 -0.2248 -0.9474
vn 0.8437 0.2466 -0.4768
vn 0.7562 0.4744 -0.4506
vn 0.2904 -0.2232 -0.9305
vn -0.8208 0.2874 0.4936
vn -0.9049 0.1399 -0.4019
vn -0.7953 0.1278 -0.5926
vn -0.8898 0.3132 0.3318
vn 0.6500 -0.4752 -0.5930
vn 0.2822 -0.5474 -0.7879
vn 0.9391 -0.1221 -0.3212
vn 0.9924 0.1204 0.0247
vn 0.0867 -0.8768 -0.4729
vn 0.1392 -0.8649 -0.4823
vn -0.3088 0.9371 -0.1626
vn -0.5880 0.7564 0.2866
vn 0.0875 -0.4145 -0.9058
vn 0.4355 -0.6845 -0.5846
vn 0.3492 0.3813 0.8560
vn 0.4604 0.7570 -0.4637
vn 0.5228 0.4369 -0.7320
vn 0.4126 0.4240 0.8062
vn 0.2170 -0.3804 -0.8990
vn 0.9747 0.1616 0.1548
vn 0.6920 0.4407 0.5718
vn 0.6669 -0.2586 -0.6988
vn 0.5615 -0.5229 -0.6413
vn 0.2457 0.7267 -0.6416
vn -0.0757 0.6361 -0.7679
vn 0.6582 -0.4075 -0.6330
vn -0.3605 0.1475 0.9210
vn -0.8858 0.3612 -0.2914
vn -0.7831 0.2499 -0.5695
vn -0.5325 0.3863 0.7531
vn 0.8954 0.1003 -0.4339
vn 0.9204 0.0723 -0.3841
vn 0.9815 0.0284 0.1893
vn 0.8377 0.0584 0.5430
vn 0.7218 0.1253 0.6807
vn 0.9056 0.1658 0.3903
vn -0.0785 0.9670 -0.2425
vn -0.2504 0.7730 -0.5828
vn -0.1624 -0.0545 -0.9852
vn 0.7743 0.6246 -0.1017
vn 0.5996 -0.6132 0.5143
vn 0.4221 -0.6118 0.6690
vn 0.8737 0.4052 0.2690
vn 0.4302 -0.6188 0.6572
vn 0.5172 -0.8203 0.2440
vn -0.3020 -0.1724 0.9376
vn -0.3464 0.0892 0.9338
vn 0.6005 0.1333 0.7884
vn 0.4218 0.2078 0.8826
vn 0.1984 0.2391 0.9505
vn 0.5663 -0.0685 0.8213
vn -0.0054 0.7519 0.6592
vn -0.6686 0.5029 -0.5478
vn -0.3468 0.4039 -0.8465
vn -0.3556 0.7890 0.5010
vn 0.6271 -0.0404 0.7779
vn -0.7434 0.2395 0.6245
vn -0.9506 0.2973 0.0897
vn 0.1821 0.1254 0.9752
vn -0.7662 -0.6090 -0.2052
vn -0.2426 0.4112 -0.8786
vn -0.1359 0.5421 -0.8292
vn -0.8059 -0.5131 -0.2955
vn -0.4140 0.3637 -0.8345
vn -0.5715 0.2819 -0.7706
vn -0.7517 0.3247 0.5740
vn -0.6673 -0.3389 -0.6632
vn -0.1482 -0.4736 -0.8682
vn -0.9816 0.1396 0.1300
vn 0.7562 0.2333 0.6113
vn -0.9336 0.3418 0.1072
vn -0.9135 0.3675 0.1747
vn -0.7123 -0.2801 -0.6435
vn -0.6240 -0.2998 -0.7216
vn -0.2623 -0.2274 -0.9378
vn 0.6651 -0.2848 -0.6903
vn -0.9772 0.0398 -0.2086
vn -0.8959 0.0761 -0.4377
vn 0.8815 -0.1866 -0.4338
vn 0.6668 -0.1306 -0.7337
vn 0.9865 -0.1100 0.1209
vn 0.8597 -0.1028 0.5004
vn -0.5954 0.0269 -0.8030
vn -0.1894 -0.0106 -0.9818
vn -0.4291 0.0712 -0.9004
vn 0.3838 0.9051 0.1832
vn 0.7288 0.6439 -0.2329
vn 0.5123 0.6150 -0.5995
vn -0.3838 0.5890 -0.7112
vn 0.8807 -0.3064 0.3611
vn 0.9109 -0.4096 -0.0492
vn 0.8698 0.4705 -0.1488
vn 0.8436 0.4383 -0.3101
vn 0.3430 0.3314 0.8789
vn 0.2976 0.8892 -0.3475
vn -0.1624 -0.0544 -0.9852
vn 0.2945 0.9490 -0.1124
vn 0.5745 0.6838 0.4499
vn -0.4373 0.1832 0.8805
vn -0.1783 0.2089 0.9616
vn -0.2547 0.1679 0.9523
vn -0.4279 0.1244 0.8952
vn -0.8688 0.1587 0.4690
vn -0.7451 0.1969 0.6373
vn -0.9261 0.2119 0.3122
vn -0.9810 0.1907 0.0364
vn -0.7466 -0.3293 0.5781
vn -0.6297 -0.2575 0.7329
vn -0.8146 -0.5336 -0.2275
vn -0.7755 -0.4805 -0.4094
vn -0.2061 -0.2087 -0.9560
vn -0.3113 -0.3641 -0.8778
vn 0.4486 -0.8471 -0.2848
vn 0.6681 -0.6865 -0.2870
vn -0.9872 0.1307 -0.0916
vn -0.4747 -0.1030 -0.8741
vn -0.3078 -0.1595 -0.9380
vn -0.9519 0.1178 -0.2827
vn -0.5676 -0.3371 -0.7512
vn 0.9396 -0.1006 -0.3271
vn 0.9871 0.0880 -0.1339
vn -0.3228 -0.5641 -0.7600
vn -0.2018 -0.1201 -0.9720
vn -0.3703 0.0427 -0.9279
vn -0.6842 0.0524 -0.7275
vn -0.1622 -0.0545 -0.9852
vn 0.4862 0.7585 0.4339
vn 0.5017 0.6824 0.5316
vn 0.9548 0.1532 0.2547
vn 0.9879 0.1250 -0.0916
vn 0.1922 -0.7048 0.6829
vn 0.1957 -0.7122 0.6742
vn -0.4605 0.2929 0.8379
vn -0.4217 0.3851 0.8209
vn -0.6360 -0.6791 -0.3665
vn -0.1936 0.1995 -0.9606
vn -0.0582 0.0384 -0.9976
vn -0.5246 -0.8122 -0.2550
vn -0.6428 0.6726 -0.3666
vn -0.0304 0.3053 -0.9518
vn 0.1964 0.2851 -0.9382
vn 0.3919 0.9068 -0.1553
vn 0.5777 0.7941 -0.1886
vn -0.3848 0.4519 0.8048
vn 0.9422 -0.1692 -0.2891
vn 0.3604 0.0652 0.9305
vn 0.1820 0.2414 0.9532
vn 0.9691 -0.2449 -0.0303
vn -0.6304 0.2484 -0.7355
vn -0.8247 0.1973 -0.5301
vn -0.1460 0.0591 -0.9875
vn 0.1067 0.0530 -0.9929
vn 0.1100 -0.0477 -0.9928
vn -0.3628 0.0753 -0.9288
vn -0.4077 0.0527 -0.9116
vn -0.9785 -0.2062 -0.0034
vn -0.8684 0.4593 -0.1869
vn -0.4460 0.3318 -0.8313
vn -0.4165 -0.3642 -0.8330
vn -0.6272 0.0500 -0.7772
vn -0.8697 0.1846 -0.4578
vn -0.9342 0.2802 0.2208
vn -0.8286 0.3845 0.4069
vn -0.9763 0.1844 -0.1136
vn -0.8954 0.2687 0.3550
vn 0.8168 0.5464 0.1854
vn 0.4335 0.3988 -0.8081
vn 0.3898 0.1081 -0.9145
vn 0.8691 0.4549 0.1941
vn -0.7891 0.2457 0.5630
vn -0.3788 0.3068 0.8732
vn -0.5436 0.2949 0.7859
vn -0.5866 0.6426 -0.4929
vn -0.7019 0.5774 -0.4172
vn -0.0597 0.2067 0.9766
vn 0.3490 0.2145 0.9122
vn 0.3680 0.2110 0.9056
vn 0.2618 0.2958 -0.9187
vn -0.0665 0.1562 -0.9855
vn 0.6133 0.1372 0.7778
vn 0.9310 0.0839 0.3553
vn 0.8346 0.0564 0.5480
vn -0.1622 -0.0544 -0.9853
vn 0.3703 -0.8421 0.3921
vn 0.3645 -0.8816 0.2999
vn 0.9917 -0.0000 0.1286
vn 0.9409 0.0203 -0.3380
vn 0.9372 -0.0701 -0.3416
vn -0.8661 0.2410 0.4379
vn -0.7690 0.2515 0.5877
vn -0.9978 0.0532 -0.0399
vn 0.7549 -0.0697 -0.6521
vn 0.4095 -0.0282 -0.9119
vn 0.5625 -0.1067 -0.8199
vn 0.9953 0.0249 -0.0931
vn 0.3261 -0.9453 -0.0015
vn 0.1685 -0.9333 0.3170
vn 0.7181 -0.4866 -0.4976
vn 0.6864 -0.4304 -0.5862
vn 0.2548 0.3770 -0.8905
vn 0.1930 0.2620 -0.9456
vn 0.4209 0.3192 -0.8491
vn 0.6573 0.4349 -0.6154
vn -0.7681 0.2866 0.5727
vn -0.7969 0.3038 0.5221
vn -0.3232 0.3221 -0.8898
vn -0.6539 0.1098 -0.7486
vn -0.5817 -0.0659 -0.8107
vn 0.8029 -0.2520 0.5402
vn -0.8233 0.0439 0.5658
vn -0.9486 0.2949 0.1143
vn 0.3479 -0.4001 0.8479
vn 0.4888 -0.1053 0.8660
vn 0.7135 0.2521 0.6538
vn 0.5626 -0.0212 -0.8265
vn 0.3998 0.0806 -0.9130
vn 0.9834 0.1653 0.0745
vn 0.9670 0.0898 0.2386
vn -0.9136 0.1610 0.3734
vn -0.8230 0.1278 0.5535
vn -0.6114 0.6334 -0.4742
vn -0.6005 0.3652 -0.7114
vn 0.8067 -0.0060 -0.5909
vn 0.6604 -0.0907 -0.7455
vn -0.4411 -0.6693 -0.5978
vn -0.4653 -0.6866 -0.5586
vn -0.7379 0.5320 0.4153
vn -0.5481 0.5727 0.6096
vn -0.9395 0.2833 -0.1925
vn -0.9097 0.0537 -0.4118
vn 0.7648 0.1574 0.6248
vn 0.6846 0.3027 0.6631
vn -0.1685 0.1446 0.9750
vn -0.0971 0.1503 0.9839
vn 0.1311 -0.1701 -0.9767
vn 0.7747 -0.0311 -0.6315
vn 0.8745 -0.1342 -0.4661
vn 0.1287 -0.1590 -0.9788
vn -0.9558 -0.1415 0.2578
vn -0.9613 -0.0021 0.2755
vn -0.5407 0.7134 -0.4458
vn -0.6112 0.6892 -0.3891
vn -0.2464 0.8827 -0.4002
vn -0.3680 0.8714 -0.3244
vn 0.9654 0.1939 0.1745
vn 0.9897 0.1134 -0.0870
vn 0.5942 -0.0417 0.8033
vn 0.3718 -0.0153 0.9282
vn 0.1530 0.1722 0.9731
vn 0.3526 0.2458 0.9029
vn -0.1632 -0.0562 -0.9850
vn -0.6418 -0.7658 -0.0405
vn 0.4588 -0.2170 -0.8616
vn 0.4698 -0.0875 -0.8784
vn -0.6900 -0.7202 0.0720
vn -0.9015 0.4148 0.1232
vn -0.3427 -0.3092 -0.8871
vn -0.0061 -0.4826 -0.8758
vn -0.7966 -0.5837 0.1574
vn -0.7056 0.2289 0.6706
vn -0.3309 -0.0412 -0.9428
vn 0.0831 0.0095 -0.9965
vn -0.9260 0.1348 0.3527
vn -0.4587 0.4228 0.7816
vn -0.6103 0.7197 0.3311
vn -0.3270 0.9175 -0.2263
vn -0.4169 0.3776 -0.8268
vn -0.8894 0.3059 0.3398
vn -0.6364 0.3041 0.7089
vn -0.6946 0.2233 -0.6839
vn 0.4079 0.7751 -0.4825
vn 0.5176 0.7396 -0.4303
vn -0.1624 -0.0555 -0.9852
vn -0.2215 -0.0741 -0.9723
vn 0.9565 -0.1772 -0.2318
vn 0.9733 -0.1650 0.1594
vn 0.1563 -0.1423 -0.9774
vn -0.0526 0.0056 -0.9986
vn -0.1207 -0.0804 -0.9894
vn 0.8315 -0.5199 -0.1956
vn 0.9199 -0.3897 -0.0434
vn -0.4848 -0.1056 0.8682
vn -0.9823 0.1277 -0.1367
vn -0.9232 0.1158 -0.3665
vn -0.6604 -0.0718 0.7475
vn -0.1992 0.5212 0.8299
vn -0.9219 -0.3703 0.1143
vn -0.7874 -0.6106 -0.0848
vn -0.4977 0.4501 0.7415
vn -0.5406 -0.0282 0.8408
vn -0.2353 0.0888 0.9679
vn 0.6092 0.5776 0.5434
vn -0.0302 0.3779 0.9254
vn -0.3015 0.7133 0.6327
vn 0.4009 0.7801 0.4802
vn -0.1759 0.0082 -0.9844
vn -0.2695 0.0613 -0.9611
vn 0.9242 0.2046 0.3225
vn 0.9750 0.1744 0.1377
vn 0.3276 0.2903 0.8991
vn 0.1479 0.3249 0.9341
vn -0.1622 -0.0545 -0.9853
vn 0.1222 0.3760 0.9185
vn 0.1408 -0.2024 0.9691
vn 0.0052 0.6658 0.7461
vn -0.9507 0.2067 -0.2312
vn -0.1985 0.6965 0.6896
vn -0.2871 0.3558 0.8893
vn -0.9337 0.2465 0.2598
vn -0.9679 0.2145 0.1308
vn -0.4300 0.3381 0.8371
vn -0.9895 -0.0719 0.1253
vn -0.9402 0.1219 0.3181
vn -0.5305 0.5737 0.6241
vn -0.7103 -0.0233 0.7035
vn -0.9781 0.2028 0.0477
vn -0.6157 -0.1560 -0.7724
vn -0.0284 -0.0869 -0.9958
vn 0.2956 -0.0674 -0.9529
vn -0.0232 0.8193 0.5729
vn -0.8636 0.5040 0.0090
vn -0.8014 0.5961 -0.0502
vn 0.0906 0.8986 0.4292
vn 0.6930 0.4687 0.5478
vn 0.6254 0.5576 0.5459
vn -0.2512 0.6702 0.6984
vn -0.1859 0.6544 0.7329
vn -0.0613 -0.2093 -0.9759
vn -0.4955 0.3843 -0.7790
vn -0.4291 0.1950 -0.8820
vn -0.8466 -0.4621 0.2640
vn -0.8749 -0.3956 0.2793
vn -0.6883 -0.6949 0.2082
vn 0.9644 -0.1854 0.1884
vn -0.5375 -0.1244 -0.8340
vn 0.4420 0.0751 -0.8939
vn -0.9896 0.1436 -0.0063
vn -0.4160 0.8824 -0.2197
vn -0.6919 0.6981 0.1844
vn 0.1767 0.9205 0.3486
vn 0.3124 0.9224 0.2273
vn 0.7885 -0.5569 0.2611
vn 0.9096 -0.4091 -0.0721
vn 0.0244 -0.5336 0.8454
vn 0.3289 -0.6020 0.7276
vn 0.2355 -0.5799 0.7799
vn 0.8604 -0.1134 0.4968
vn 0.8681 -0.1958 0.4562
vn -0.9691 0.1861 0.1618
vn -0.9211 0.3081 0.2381
vn -0.8500 -0.0541 -0.5241
vn -0.7708 -0.0591 -0.6344
vn -0.8770 0.4768 -0.0590
vn -0.9077 0.4195 0.0113
vn 0.0207 0.8271 -0.5617
vn -0.6688 0.4676 -0.5779
vn -0.8111 0.1609 0.5623
vn -0.3561 0.8732 -0.3329
vn -0.6632 0.7250 0.1860
vn -0.2521 0.6864 0.6821
vn 0.1516 0.9005 -0.4076
vn -0.1276 0.2268 0.9655
vn 0.6273 0.2404 0.7408
vn 0.2110 0.2256 0.9511
vn 0.1233 -0.7013 0.7021
vn 0.1370 -0.9038 0.4053
vn 0.3553 -0.1486 0.9228
vn 0.3386 0.1971 0.9201
vn 0.9916 0.0212 0.1279
vn 0.8854 0.0140 -0.4647
vn 0.3848 -0.8894 -0.2468
vn 0.3303 -0.9298 -0.1624
vn -0.7127 -0.5291 0.4606
vn -0.6231 -0.0191 -0.7819
vn -0.2114 -0.1171 -0.9704
vn -0.1628 -0.0569 -0.9850
vn -0.6361 0.2662 -0.7242
vn -0.5319 0.1994 -0.8230
vn -0.9628 -0.2030 -0.1785
vn 0.0773 -0.2736 -0.9587
vn 0.2151 -0.3115 -0.9256
vn -0.9135 -0.3088 -0.2649
vn 0.0354 0.4662 0.8840
vn 0.0731 0.4010 0.9131
vn -0.5527 -0.2295 0.8011
vn -0.6125 -0.0807 0.7863
vn -0.5981 0.2856 -0.7488
vn 0.6307 -0.1812 -0.7545
vn 0.7569 -0.1897 -0.6254
vn -0.4740 0.2632 -0.8403
vn 0.0199 0.5622 -0.8268
vn -0.1931 0.5005 -0.8439
vn 0.8158 -0.1837 -0.5484
vn 0.8049 -0.3544 -0.4760
vn 0.7469 0.5675 -0.3465
vn 0.0505 -0.1734 0.9836
vn 0.0516 -0.3002 0.9525
vn 0.6946 0.7020 -0.1571
vn -0.2922 0.8340 0.4681
vn 0.2991 0.7230 -0.6227
vn 0.3231 0.7641 -0.5584
vn -0.2392 0.7984 0.5526
vn 0.3457 -0.8121 -0.4701
vn 0.4882 -0.3644 0.7930
vn 0.5285 -0.1962 0.8259
vn 0.4297 -0.7818 -0.4519
vn 0.5280 0.7377 -0.4207
vn 0.4044 0.8030 -0.4378
vn 0.0637 0.9359 0.3466
vn 0.2038 0.8911 0.4055
vn -0.4243 -0.8903 -0.1653
vn -0.4967 -0.8470 -0.1895
vn -0.6200 -0.1845 -0.7626
vn -0.5419 -0.1447 -0.8279
vn -0.2373 -0.8801 -0.4112
vn -0.3771 -0.8874 -0.2652
vn -0.2351 -0.9568 -0.1712
vn -0.1549 -0.9716 -0.1791
vn 0.5670 -0.7403 0.3612
vn 0.4477 -0.7791 0.4389
vn 0.9364 0.0386 -0.3487
vn 0.8808 0.0421 -0.4716
vn -0.8097 -0.3206 -0.4916
vn -0.4553 0.1348 0.8801
vn -0.2925 0.0636 0.9542
vn -0.5106 -0.1594 -0.8449
vn 0.4891 0.5601 0.6686
vn 0.3609 0.6088 0.7065
vn 0.6438 0.3052 0.7016
vn 0.7850 0.2667 0.5592
vn -0.1068 0.3597 0.9269
vn -0.3364 0.3670 0.8673
vn -0.8979 0.2922 -0.3293
vn -0.3179 0.8824 -0.3469
vn -0.4258 0.8504 -0.3092
vn -0.8706 0.4463 -0.2070
vn 0.3502 -0.7860 0.5094
vn 0.2683 -0.7484 0.6065
vn -0.0598 -0.6459 0.7611
vn -0.0264 -0.7111 0.7026
vn -0.5856 -0.7746 0.2388
vn -0.9254 0.2292 0.3018
vn -0.9394 0.1720 0.2967
vn -0.5935 -0.8039 0.0399
vn -0.6100 -0.7427 0.2763
vn -0.6560 -0.6374 0.4041
vn -0.8415 -0.1637 -0.5148
vn -0.8126 -0.1424 -0.5651
vn 0.2566 -0.3507 0.9007
vn 0.2213 -0.2823 0.9335
vn -0.6535 -0.0461 0.7555
vn -0.6253 -0.0821 0.7761
vn 0.0679 0.2429 -0.9677
vn -0.0045 0.2357 -0.9718
vn 0.7122 -0.1934 -0.6748
vn 0.7282 -0.2551 -0.6362
vn 0.8507 0.1760 0.4953
vn 0.8888 0.1732 0.4243
vn 0.2244 0.0252 -0.9742
vn 0.9042 0.0352 0.4257
vn 0.8528 0.0474 0.5201
vn 0.3374 0.0134 -0.9413
vn -0.7872 0.2937 0.5423
vn -0.7516 0.2712 0.6012
vn -0.8117 0.4810 -0.3312
vn -0.8275 0.3833 -0.4104
vn 0.1466 -0.9410 0.3051
vn 0.1864 -0.9474 0.2602
vn 0.1282 -0.7500 -0.6489
vn 0.0825 -0.8008 -0.5933
vn -0.0713 0.0532 0.9960
vn 0.0649 0.0574 0.9962
vn 0.9240 0.1459 -0.3535
vn 0.8833 0.1717 -0.4362
vn 0.6525 0.7467 -0.1290
vn -0.9712 -0.1534 -0.1824
vn -0.1158 -0.5573 -0.8222
vn -0.1779 -0.5591 -0.8098
vn -0.9768 -0.2009 -0.0746
vn -0.0346 -0.9489 -0.3138
vn -0.3627 -0.4883 0.7937
vn -0.3560 -0.5536 0.7528
vn -0.0464 -0.9153 -0.4001
vn -0.8069 0.2223 -0.5472
vn -0.7543 0.4065 -0.5156
vn 0.0242 0.3874 -0.9216
vn -0.0198 0.1681 -0.9856
vn -0.9093 0.2899 0.2986
vn -0.8941 0.3468 0.2835
vn -0.3643 0.8833 -0.2952
vn -0.3537 0.9292 -0.1071
vn -0.0470 0.6652 0.7452
vn 0.6356 0.7665 0.0921
vn 0.1636 0.8153 0.5554
vn 0.1777 0.7820 -0.5975
vn 0.5534 0.8171 -0.1619
vn -0.6361 0.7665 -0.0882
vn -0.1646 0.8177 -0.5516
vn 0.9129 0.2875 -0.2899
vn 0.8326 -0.1829 0.5228
vn 0.2707 0.0167 -0.9625
vn 0.7657 0.1647 -0.6217
vn -0.1891 -0.6937 0.6950
vn -0.1940 -0.5995 0.7765
vn -0.7786 -0.6275 0.0007
vn -0.9054 0.0673 0.4193
vn -0.6379 0.0471 0.7687
vn -0.9686 -0.1308 -0.2116
vn -0.8493 -0.2399 -0.4703
vn -0.9047 -0.1775 -0.3872
vn -0.1533 -0.3177 -0.9357
vn -0.4973 -0.3325 0.8013
vn -0.2015 -0.2216 0.9541
vn -0.8452 -0.3955 0.3595
vn -0.9331 -0.3584 -0.0299
vn 0.6254 0.1579 -0.7642
vn 0.5236 -0.8470 0.0916
vn 0.5410 -0.8231 0.1726
vn 0.1658 -0.6845 0.7099
vn 0.1452 -0.7809 0.6075
vn -0.1109 -0.0814 0.9905
vn -0.0785 -0.0065 0.9969
vn -0.9071 -0.3330 0.2575
vn -0.4818 0.2160 -0.8493
vn -0.2495 0.0977 -0.9634
vn -0.9618 -0.2608 0.0832
vn -0.0884 -0.5008 -0.8610
vn -0.3555 -0.2983 -0.8858
vn 0.4589 -0.7375 -0.4956
vn 0.4881 -0.8543 -0.1790
vn 0.9598 -0.0070 0.2805
vn -0.2937 0.2162 0.9311
vn -0.6220 0.2295 0.7486
vn 0.7551 0.0158 0.6555
vn 0.5723 0.3439 0.7444
vn -0.8775 0.4266 0.2190
vn 0.3474 0.5124 0.7853
vn 0.9535 0.2604 0.1520
vn 0.5634 -0.2867 0.7748
vn 0.3094 -0.2112 -0.9272
vn 0.8273 -0.0194 -0.5614
vn 0.9865 -0.1006 0.1294
vn -0.8212 -0.2815 -0.4964
vn -0.9287 -0.2984 -0.2202
vn 0.8146 0.0363 0.5789
vn 0.8623 0.1975 0.4663
vn 0.4181 -0.4226 0.8041
vn 0.3302 -0.6295 0.7034
vn -0.1924 0.3477 -0.9176
vn 0.0772 0.2092 -0.9748
vn 0.8849 0.0248 -0.4652
vn 0.9300 0.0354 -0.3657
vn 0.4206 0.6333 -0.6496
vn 0.4545 0.5324 -0.7141
vn 0.3348 0.1342 0.9327
vn 0.5435 0.1648 0.8231
vn -0.1627 -0.0566 -0.9851
vn -0.6647 0.5791 -0.4721
vn -0.3261 0.9432 0.0641
vn 0.7372 -0.2819 0.6141
vn -0.5071 0.0772 0.8584
vn -0.6281 0.1024 0.7714
vn 0.6214 -0.3351 0.7082
vn -0.1853 0.5472 -0.8162
vn 0.8016 0.3111 -0.5105
vn 0.7798 0.2623 -0.5685
vn -0.2195 0.5148 -0.8288
vn 0.2256 -0.1582 -0.9613
vn 0.8865 0.1832 -0.4249
vn 0.0796 0.8280 0.5550
vn -0.5465 0.6009 0.5833
vn -0.5268 -0.0927 0.8449
vn 0.6424 0.3432 0.6853
vn 0.1831 -0.2279 0.9563
vn -0.6821 -0.0255 0.7308
vn -0.6869 -0.1553 -0.7099
vn 0.6374 -0.1559 -0.7546
vn 0.7350 -0.1542 -0.6603
vn -0.5973 -0.1274 -0.7918
vn 0.8723 0.4757 0.1131
vn 0.1688 -0.1923 0.9667
vn 0.1413 -0.2791 0.9498
vn 0.8838 0.4363 0.1691
vn 0.1828 -0.0819 -0.9797
vn 0.5887 0.6811 -0.4353
vn 0.2390 -0.1712 -0.9558
vn -0.1622 -0.0546 -0.9853
vn -0.4675 -0.6021 -0.6472
vn 0.8385 -0.0251 -0.5444
vn 0.8204 0.1669 0.5469
vn 0.7821 0.1839 0.5954
vn 0.8733 -0.0808 -0.4804
vn -0.7714 0.2326 -0.5923
vn -0.1138 -0.6964 -0.7086
vn -0.1808 -0.6719 -0.7183
vn -0.6962 0.3449 -0.6296
vn 0.1692 0.9702 0.1736
vn 0.2393 0.8743 0.4223
vn -0.5434 0.6336 0.5507
vn -0.5788 0.7012 0.4163
vn -0.8397 -0.1101 0.5318
vn -0.1744 -0.9780 -0.1149
vn 0.0516 -0.9035 -0.4255
vn -0.8540 -0.1706 0.4915
vn 0.6926 0.2854 -0.6625
vn 0.7116 0.1272 -0.6910
vn 0.5604 0.7743 -0.2940
vn 0.6220 0.6762 -0.3947
vn -0.5462 0.2622 0.7955
vn -0.9296 -0.3541 -0.1025
vn -0.9149 -0.3987 -0.0633
vn -0.4867 0.1524 0.8602
vn -0.2176 0.0314 0.9755
vn -0.8537 -0.0076 -0.5207
vn -0.7608 -0.0019 -0.6490
vn -0.3541 0.0380 0.9344
vn 0.1687 0.5997 -0.7823
vn 0.1827 0.4555 -0.8713
vn 0.8713 0.4485 -0.1990
vn 0.8274 0.5552 -0.0849
vn 0.9970 -0.0549 0.0537
vn 0.9995 -0.0324 0.0016
vn 0.6045 0.0613 0.7942
vn 0.5622 0.0267 0.8266
vn -0.5248 -0.1500 0.8379
vn -0.9868 -0.1262 -0.1016
vn -0.9879 -0.1074 -0.1119
vn 0.9811 0.1903 0.0347
vn 0.9567 0.2730 0.1011
vn 0.3007 0.9509 0.0731
vn 0.3921 0.9110 -0.1279
vn 0.5530 -0.0157 0.8330
vn -0.1083 0.8171 0.5662
vn 0.0530 0.8964 0.4400
vn 0.5528 0.0030 0.8333
vn -0.6845 0.0309 0.7283
vn -0.8510 -0.0769 -0.5196
vn -0.7986 -0.1966 -0.5688
vn -0.6956 -0.1468 0.7033
vn -0.2842 -0.9566 0.0646
vn -0.3069 -0.9468 -0.0965
vn 0.4712 -0.6956 -0.5423
vn 0.5397 -0.7711 -0.3378
vn -0.0200 -0.9546 0.2972
vn 0.0190 -0.9267 0.3754
vn 0.6391 -0.0743 -0.7656
vn 0.9031 -0.3224 0.2837
vn 0.8488 -0.3922 0.3545
vn 0.6911 -0.1116 -0.7141
vn -0.3908 0.1138 -0.9134
vn -0.4459 0.0794 -0.8916
vn 0.4407 0.0006 -0.8977
vn 0.4874 -0.0048 -0.8732
vn -0.5811 -0.7805 0.2307
vn -0.8195 -0.0996 -0.5643
vn -0.9305 0.0828 0.3568
vn -0.9604 0.1085 0.2566
vn 0.3229 -0.5057 0.8000
vn 0.3327 -0.5960 0.7308
vn 0.6726 -0.7383 0.0496
vn 0.7021 0.0953 0.7057
vn 0.7682 0.0835 0.6348
vn 0.6680 -0.7437 -0.0257
vn -0.3141 0.4011 0.8605
vn -0.9959 -0.0685 0.0598
vn -0.9669 -0.2140 0.1392
vn -0.2684 0.2468 0.9312
vn 0.6536 -0.1063 0.7493
vn -0.6320 -0.1435 0.7616
vn -0.6681 -0.1682 0.7248
vn 0.6164 -0.0919 0.7821
vn 0.6813 0.3967 0.6152
vn 0.7176 0.2328 0.6563
vn -0.0291 0.1016 0.9944
vn -0.0489 0.2306 0.9718
vn 0.9079 0.4179 -0.0327
vn 0.2245 0.5675 0.7922
vn 0.2678 0.4928 0.8279
vn 0.8877 0.4567 -0.0588
vn 0.8420 0.5370 0.0518
vn 0.1751 -0.0699 0.9821
vn 0.3242 -0.2365 -0.9160
vn 0.2355 -0.2214 -0.9463
vn -0.8312 0.0224 0.5555
vn -0.8744 0.0254 0.4845
vn 0.5671 0.7559 -0.3272
vn -0.4858 0.7632 -0.4261
vn -0.4181 0.7278 -0.5436
vn 0.6321 0.6660 -0.3961
vn -0.8912 0.4014 0.2113
vn -0.8956 0.4203 0.1457
vn -0.3830 0.7232 -0.5748
vn -0.3601 0.8256 -0.4344
vn 0.5868 0.1093 -0.8023
vn 0.7864 -0.5471 0.2868
vn 0.6141 -0.5116 0.6009
vn 0.6388 0.0956 -0.7634
vn -0.4994 -0.6302 -0.5945
vn 0.4409 -0.5107 -0.7381
vn -0.4213 -0.8929 -0.1589
vn 0.9557 -0.1996 -0.2162
vn 0.6332 0.3513 0.6896
vn 0.6285 0.4434 0.6390
vn 0.9598 -0.2216 -0.1725
vn -0.2236 0.2075 -0.9523
vn -0.0755 0.2166 -0.9733
vn -0.7316 0.1073 0.6732
vn -0.7726 0.0827 0.6295
vn -0.9718 0.2331 -0.0355
vn -0.4422 -0.4708 -0.7634
vn -0.4935 -0.4570 -0.7400
vn -0.8591 0.4820 -0.1723
vn -0.9096 0.3943 -0.1315
vn -0.8999 0.3973 -0.1796
vn -0.2588 0.4886 -0.8333
vn -0.2979 0.4814 -0.8243
vn -0.7228 -0.6402 -0.2602
vn -0.7043 -0.6775 -0.2119
vn -0.1965 -0.3718 -0.9073
vn -0.2728 -0.3248 -0.9056
vn -0.9014 -0.1341 -0.4117
vn -0.9706 -0.0920 -0.2223
vn -0.0171 -0.8680 0.4963
vn 0.2278 -0.6313 -0.7413
vn -0.1179 -0.8519 0.5103
vn -0.2965 0.5446 0.7845
vn -0.7595 -0.5868 0.2808
vn -0.6637 -0.7143 0.2222
vn -0.4149 0.4420 0.7953
vn 0.9999 0.0096 -0.0114
vn 0.1596 0.0471 0.9861
vn 0.9799 -0.0615 0.1897
vn -0.8462 -0.0682 -0.5284
vn -0.8243 -0.1097 -0.5554
vn -0.7152 -0.6876 0.1255
vn -0.7796 -0.5985 0.1845
vn -0.8521 0.1780 0.4922
vn -0.9377 0.1390 0.3184
vn -0.0733 -0.5546 0.8289
vn -0.3199 0.3269 0.8893
vn -0.2469 0.4503 0.8581
vn 0.6510 0.2252 0.7249
vn -0.7986 0.0210 0.6015
vn 0.4912 0.2447 0.8360
vn 0.0966 0.9243 0.3693
vn 0.1690 -0.5008 -0.8489
vn 0.2365 -0.5582 -0.7953
vn 0.2201 -0.2857 0.9327
vn 0.2198 0.3370 0.9155
vn -0.4425 0.6393 0.6289
vn -0.7529 0.0406 0.6569
vn 0.6723 -0.7400 0.0226
vn 0.5990 -0.7832 0.1669
vn -0.2323 0.4473 0.8637
vn -0.9746 -0.1825 -0.1300
vn -0.3302 0.3453 0.8785
vn 0.2164 0.8947 -0.3907
vn 0.6407 0.7651 -0.0645
vn 0.8908 0.2274 -0.3934
vn -0.0437 -0.1026 -0.9938
vn -0.1159 -0.0640 -0.9912
vn -0.1622 -0.0541 -0.9853
vn -0.1655 -0.0634 -0.9842
vn 0.1655 -0.8133 0.5578
vn 0.6597 0.1015 0.7446
vn 0.6334 0.0420 0.7727
vn 0.0354 -0.8146 0.5790
vn 0.6462 0.0682 0.7601
vn 0.7589 0.0598 0.6484
vn -0.5013 0.0548 0.8636
vn -0.2630 0.4964 -0.8273
vn -0.3358 0.5686 -0.7510
vn 0.1545 0.9859 -0.0637
vn 0.1134 0.9857 -0.1244
vn 0.7528 -0.6230 0.2124
vn 0.8409 0.4272 0.3322
vn 0.8554 0.3437 0.3874
vn 0.6941 -0.6802 0.2359
vn 0.2617 -0.3992 0.8787
vn -0.8299 0.2492 0.4991
vn -0.8526 0.3523 0.3859
vn 0.0838 -0.4185 0.9044
vn 0.3289 -0.0272 0.9440
vn -0.7014 0.5635 0.4366
vn -0.7470 0.6459 0.1576
vn 0.3164 0.0296 0.9482
vn -0.4317 0.3213 -0.8429
vn -0.7272 0.2249 0.6485
vn -0.2059 0.6971 0.6868
vn -0.3450 0.9376 -0.0434
vn -0.8041 0.5396 -0.2496
vn -0.6452 0.3028 0.7014
vn -0.7487 0.2983 0.5920
vn 0.6850 0.6668 -0.2934
vn 0.7646 0.3869 -0.5154
vn 0.7237 0.4445 -0.5279
vn 0.6691 0.2409 0.7030
vn 0.6959 0.1204 0.7080
vn 0.2349 -0.0043 -0.9720
vn 0.9770 -0.0103 -0.2132
vn 0.9854 -0.0518 -0.1619
vn 0.2520 -0.0570 -0.9661
vn 0.7807 -0.1573 0.6048
vn 0.2602 -0.8140 0.5193
vn 0.9701 -0.0288 -0.2411
vn -0.0757 0.0257 0.9968
vn -0.4393 -0.0559 0.8966
vn 0.5300 -0.4493 0.7192
vn 0.6376 -0.5381 0.5513
vn 0.1649 0.2358 0.9577
vn 0.0577 0.4100 0.9102
vn -0.8707 -0.3312 0.3636
vn -0.8248 -0.3388 0.4526
vn -0.5602 -0.8183 -0.1286
vn -0.2855 0.2708 0.9193
vn -0.3242 0.2057 0.9233
vn 0.0310 0.0659 -0.9973
vn -0.0843 0.6934 0.7156
vn -0.1289 0.6757 0.7259
vn -0.8235 0.5633 -0.0679
vn -0.9564 -0.2250 -0.1860
vn -0.9676 -0.2283 -0.1080
vn -0.3182 -0.1955 -0.9276
vn -0.2416 -0.2080 -0.9478
vn 0.6250 -0.0955 -0.7748
vn 0.5116 -0.8364 0.1967
vn 0.6982 -0.2598 -0.6671
vn -0.0046 0.9789 -0.2043
vn 0.7135 0.4014 0.5742
vn 0.8138 0.4333 -0.3872
vn -0.4344 -0.4946 -0.7528
vn -0.3088 -0.4350 -0.8458
vn 0.7432 0.1255 -0.6572
vn 0.7905 0.0676 -0.6087
vn 0.9490 0.2864 0.1319
vn -0.2720 -0.1950 -0.9423
vn -0.5383 0.8143 -0.2171
vn -0.6199 0.7846 0.0129
vn -0.1552 -0.9878 0.0123
vn 0.2870 -0.2910 -0.9126
vn 0.9556 -0.2883 -0.0609
vn 0.9212 -0.3891 0.0035
vn 0.2970 -0.3520 -0.8876
vn 0.6709 0.4028 0.6226
vn 0.6828 0.5907 0.4299
vn 0.3228 -0.3869 0.8638
vn 0.1538 -0.4205 0.8941
vn 0.2254 0.6604 0.7162
vn 0.9420 0.3357 -0.0027
vn 0.5796 0.8091 0.0972
vn 0.8702 0.4860 -0.0803
vn 0.8488 0.1311 -0.5121
vn 0.3499 0.1134 -0.9299
vn -0.2116 -0.2497 -0.9449
vn -0.0024 0.6631 -0.7485
vn 0.3827 0.3979 -0.8338
vn 0.0567 0.9677 -0.2458
vn 0.1437 0.7920 -0.5933
vn 0.3291 0.9350 -0.1326
vn 0.7183 0.6936 0.0552
vn 0.9256 0.3340 -0.1779
vn -0.3852 0.0138 -0.9227
vn -0.7225 -0.2156 -0.6569
vn 0.9356 0.3480 -0.0601
vn -0.2676 0.0041 0.9635
vn -0.4106 0.0280 0.9114
vn -0.8723 0.2633 0.4121
vn 0.4004 -0.2155 -0.8906
vn 0.8090 -0.3370 -0.4815
vn -0.9276 0.3508 -0.1286
vn -0.8309 0.1931 0.5218
vn -0.9545 -0.0325 -0.2963
vn -0.9782 0.1554 -0.1379
vn -0.8765 0.1319 -0.4631
vn -0.7719 0.2372 -0.5899
vn 0.8709 -0.1194 0.4767
vn -0.2944 0.2171 0.9307
vn -0.3736 0.2820 0.8837
vn 0.8310 -0.0843 0.5499
vn 0.0791 0.1479 0.9858
vn -0.9642 0.2610 0.0480
vn -0.9061 0.2455 -0.3445
vn -0.3198 0.2286 0.9195
vn 0.7907 -0.1235 -0.5997
vn 0.3416 0.0968 0.9348
vn -0.0327 0.2670 0.9631
vn -0.0045 0.4553 0.8903
vn -0.7038 0.4978 0.5068
vn -0.8019 0.2963 0.5189
vn -0.7936 -0.5039 -0.3409
vn -0.2843 0.6241 -0.7278
vn -0.8392 -0.3225 -0.4379
vn 0.2615 -0.6990 0.6656
vn 0.4727 -0.5810 0.6626
vn -0.4137 -0.1409 0.8994
vn -0.5269 -0.0693 0.8471
vn 0.4179 -0.9066 0.0594
vn 0.4868 -0.8734 0.0116
vn 0.1182 0.1273 0.9848
vn -0.9883 -0.0413 -0.1471
vn -0.8827 -0.1679 -0.4389
vn -0.1844 0.0992 0.9778
vn -0.7428 0.0748 -0.6654
vn -0.3325 0.4908 -0.8053
vn -0.3788 0.6060 -0.6995
vn -0.0319 0.0176 0.9993
vn 0.9203 -0.1515 0.3607
vn -0.4790 0.3092 -0.8216
vn -0.4692 0.2450 -0.8484
vn -0.2336 0.8824 0.4085
vn 0.3876 0.6881 -0.6134
vn -0.4749 -0.8029 0.3603
vn -0.4010 -0.7919 0.4606
vn 0.4917 -0.8343 0.2492
vn 0.3654 -0.9250 0.1042
vn 0.0899 0.5964 -0.7976
vn 0.1022 0.5351 -0.8386
vn -0.8734 -0.2584 0.4127
vn -0.7339 0.1021 -0.6715
vn -0.6036 0.1939 -0.7734
vn -0.9105 -0.3623 0.1993
vn 0.9724 0.1925 0.1317
vn 0.9407 0.3128 0.1314
vn 0.2993 0.5868 0.7524
vn 0.3706 0.5182 0.7708
vn -0.7238 0.2015 -0.6599
vn -0.7289 0.2429 -0.6401
vn 0.6979 0.4180 0.5816
vn 0.7982 0.3138 0.5141
vn 0.7890 0.5607 -0.2512
vn 0.8948 0.4237 -0.1407
vn -0.7417 -0.1576 -0.6520
vn -0.5889 -0.8067 -0.0499
vn -0.4917 0.1422 0.8591
vn -0.5368 0.1136 0.8360
vn 0.7265 0.5711 -0.3821
vn 0.5603 0.5042 0.6572
vn 0.8622 0.3307 -0.3837
vn -0.0244 0.0068 -0.9997
vn -0.1664 -0.0431 -0.9851
vn 0.8392 0.5432 -0.0238
vn 0.8164 0.5022 0.2851
vn 0.2007 -0.9227 0.3292
vn 0.3085 -0.9251 0.2213
vn -0.8942 0.2068 0.3971
vn -0.9230 0.1935 0.3327
vn -0.3600 0.8177 0.4491
vn -0.3988 0.7550 0.5205
vn 0.2731 0.5718 -0.7736
vn 0.2393 0.7788 -0.5799
vn -0.4023 0.4157 -0.8157
vn -0.3743 0.3423 -0.8618
vn 0.3535 -0.7414 -0.5704
vn 0.8911 0.4496 -0.0615
vn 0.3115 0.4196 0.8526
vn 0.3394 0.3744 0.8629
vn 0.9137 0.4027 -0.0544
vn -0.3882 -0.9156 -0.1049
vn -0.3066 -0.9513 -0.0330
vn -0.5190 0.0801 -0.8510
vn -0.5107 0.1498 -0.8466
vn 0.2893 -0.1790 -0.9403
vn -0.0217 -0.2353 0.9717
vn -0.9271 -0.2820 0.2468
vn -0.9390 -0.2097 0.2727
vn -0.0138 -0.2236 0.9746
vn -0.7592 -0.2245 -0.6109
vn 0.6165 0.4582 -0.6403
vn 0.6136 0.5757 -0.5403
vn 0.7562 0.4745 -0.4506
vn 0.4010 0.7801 0.4802
vn 0.1600 0.9868 0.0259
vn 0.7050 0.3177 -0.6341
vn -0.9066 0.0596 -0.4177
vn 0.0386 -0.3236 -0.9454
vn -0.0473 -0.4813 -0.8753
vn -0.9475 -0.0524 -0.3155
vn -0.7145 0.1760 -0.6771
vn 0.2579 0.9105 0.3233
vn -0.5426 0.3929 0.7424
vn -0.4915 0.4110 0.7678
vn 0.3415 0.8877 0.3087
vn -0.9569 -0.2891 -0.0260
vn -0.9653 -0.2519 -0.0689
vn -0.4129 -0.5172 -0.7496
vn -0.3846 -0.6722 -0.6326
vn 0.5534 0.0126 -0.8328
vn 0.9725 -0.1395 0.1866
vn 0.9433 -0.2340 0.2354
vn 0.6013 -0.0349 -0.7983
vn 0.9202 0.3335 0.2047
vn 0.8840 0.3945 0.2508
vn 0.2012 0.9416 0.2700
vn 0.4509 -0.0590 0.8906
vn -0.6413 0.1061 0.7599
vn -0.6821 0.1110 0.7228
vn 0.3783 -0.1411 0.9149
vn -0.6590 0.7521 -0.0044
vn -0.6774 0.7329 -0.0624
vn -0.7882 0.0957 -0.6080
vn -0.8060 0.1419 -0.5747
vn -0.5986 0.1932 -0.7774
vn -0.6075 0.0952 -0.7886
vn -0.6076 -0.2439 0.7558
vn -0.7317 -0.6399 -0.2348
vn -0.5392 -0.2975 0.7879
vn 0.1195 -0.9712 0.2061
vn -0.0160 -0.9867 0.1620
vn -0.1702 -0.6826 -0.7107
vn 0.0027 -0.7267 -0.6870
vn 0.1137 -0.2615 -0.9585
vn 0.9967 0.0696 -0.0408
vn 0.9911 0.0946 0.0934
vn 0.2464 -0.2721 -0.9302
vn 0.3458 0.3808 0.8576
vn -0.4298 0.0699 0.9002
vn -0.4418 0.1232 0.8886
vn -0.3340 0.5370 -0.7746
vn 0.6753 0.2161 -0.7052
vn 0.6367 0.2147 -0.7406
vn -0.3716 0.5676 -0.7346
vn 0.1217 0.7446 -0.6564
vn 0.7749 0.6307 0.0424
vn -0.8042 0.0241 -0.5939
vn 0.1989 0.2080 -0.9577
vn 0.2041 0.0828 -0.9754
vn -0.8010 -0.0457 -0.5969
vn -0.6725 -0.0855 -0.7352
vn -0.6962 -0.1419 -0.7037
vn -0.5751 -0.7231 0.3826
vn -0.5088 -0.7963 0.3270
vn 0.4285 -0.8200 0.3795
vn 0.3554 -0.8030 0.4784
vn 0.3346 0.4513 0.8272
vn -0.4662 0.2346 0.8530
vn 0.7035 -0.0730 0.7069
vn -0.5670 -0.1841 0.8029
vn -0.5974 -0.1491 0.7880
vn 0.6829 -0.0920 0.7247
vn 0.7629 0.2005 -0.6146
vn 0.8092 0.1374 -0.5712
vn 0.7369 0.0134 0.6759
vn 0.7309 -0.0037 0.6825
vn -0.0148 -0.1515 0.9884
vn -0.9173 -0.1055 -0.3840
vn 0.0175 -0.1283 -0.9916
vn 0.0806 -0.1744 -0.9814
vn -0.8874 -0.1250 -0.4437
vn -0.7670 0.0737 0.6374
vn -0.7223 0.3242 -0.6108
vn -0.7940 -0.0115 0.6078
vn -0.4438 0.0831 0.8923
vn 0.2910 -0.9289 -0.2293
vn 0.2784 -0.9584 -0.0636
vn 0.4653 -0.3032 0.8316
vn 0.4935 -0.3632 0.7903
vn 0.8813 0.2249 0.4155
vn -0.1092 -0.4698 0.8760
vn -0.1655 -0.4211 0.8918
vn 0.8558 0.2468 0.4546
vn 0.8470 0.4436 -0.2929
vn 0.6693 0.1370 0.7303
vn 0.7106 0.0425 0.7023
vn 0.8690 0.3841 -0.3120
vn -0.8932 -0.2643 0.3637
vn -0.9206 -0.1993 0.3360
vn -0.7596 -0.3377 -0.5559
vn -0.7151 -0.5036 -0.4848
vn 0.1923 0.3029 -0.9334
vn 0.8897 0.3017 -0.3426
vn 0.9016 0.2202 -0.3724
vn -0.9346 -0.3508 -0.0582
vn -0.9180 -0.3930 -0.0536
vn -0.4210 -0.3850 -0.8213
vn -0.4441 -0.3431 -0.8277
vn 0.7235 0.2459 -0.6450
vn 0.9930 -0.1068 -0.0503
vn 0.9967 -0.0761 -0.0283
vn 0.7947 0.0176 -0.6067
vn 0.5609 0.0640 -0.8254
vn 0.5854 -0.0139 -0.8106
vn -0.4479 -0.3416 -0.8263
vn -0.3853 -0.4402 -0.8110
vn 0.5816 0.0417 -0.8124
vn 0.5558 0.0830 -0.8271
vn 0.7844 0.5793 -0.2216
vn -0.7998 0.0322 0.5994
vn -0.9448 -0.1469 0.2928
vn 0.8403 0.0785 -0.5364
vn 0.8457 0.1193 -0.5202
vn -0.8101 -0.0855 0.5800
vn -0.8622 -0.1977 -0.4663
vn -0.8564 -0.0080 -0.5163
vn -0.0848 -0.0364 -0.9957
vn -0.1019 -0.1907 -0.9763
vn 0.3265 -0.7038 0.6309
vn 0.9437 0.2086 0.2566
vn 0.9524 0.2219 0.2089
vn -0.0191 -0.0347 0.9992
vn -0.9454 -0.1175 0.3040
vn -0.9397 -0.1355 0.3140
vn -0.3559 0.8995 0.2533
vn 0.6733 0.7389 0.0248
vn 0.6982 0.6667 0.2608
vn 0.3143 -0.3846 0.8679
vn -0.3141 -0.9298 0.1917
vn 0.5403 -0.8212 -0.1837
vn -0.2352 -0.3425 0.9096
vn 0.8295 0.2915 0.4764
vn -0.3283 -0.9303 -0.1638
vn 0.3117 -0.8044 0.5058
vn 0.5614 -0.4370 -0.7028
vn 0.9892 0.0376 0.1415
vn 0.9828 -0.1088 0.1493
vn 0.4830 -0.5898 -0.6472
vn -0.8513 0.3897 -0.3513
vn 0.1559 -0.1817 -0.9709
vn -0.8078 0.3814 -0.4494
vn -0.9514 -0.1649 -0.2601
vn -0.4257 0.2773 0.8614
vn -0.9821 0.0751 -0.1727
vn -0.9737 0.0737 -0.2155
vn -0.6774 0.2024 0.7073
vn -0.7700 0.1883 0.6096
vn -0.4175 0.0142 -0.9086
vn -0.4360 -0.0461 -0.8988
vn -0.3915 0.2060 0.8968
vn 0.2036 0.3905 -0.8978
vn 0.6934 0.3742 -0.6158
vn 0.7692 -0.2846 -0.5721
vn -0.2297 -0.3298 -0.9157
vn 0.8303 -0.2067 -0.5176
vn -0.3541 0.2119 -0.9109
vn -0.7891 -0.1737 -0.5891
vn 0.2119 -0.0472 -0.9762
vn 0.0605 0.9457 -0.3194
vn 0.6120 0.7863 -0.0848
vn 0.0128 0.8448 0.5349
vn -0.8366 0.3696 0.4043
vn -0.7841 0.4246 0.4527
vn -0.1733 0.9653 -0.1955
vn -0.2824 0.8923 -0.3522
vn -0.1486 0.2541 -0.9557
vn -0.1261 0.2853 -0.9501
vn -0.2437 -0.5147 -0.8220
vn -0.9846 -0.1738 -0.0198
vn -0.4381 0.2266 0.8699
vn -0.3332 0.9404 0.0682
vn 0.3163 0.9229 0.2197
vn -0.0126 0.9996 -0.0261
vn 0.7328 0.6802 -0.0216
vn 0.4575 0.8872 0.0593
vn 0.7216 0.6402 -0.2637
vn 0.5285 0.4910 -0.6925
vn -0.3612 0.7069 -0.6081
vn 0.0440 0.5960 -0.8018
vn 0.8305 0.3899 0.3978
vn 0.6895 0.6088 0.3923
vn 0.7352 0.3720 0.5666
vn -0.5417 0.1210 -0.8318
vn -0.2961 0.1142 -0.9483
vn -0.5305 0.0867 -0.8432
vn -0.4930 0.0547 -0.8683
vn 0.1044 0.7114 -0.6950
vn 0.9183 0.2438 0.3119
vn 0.7700 0.1757 0.6134
vn 0.4048 0.6751 -0.6168
vn -0.7657 -0.5599 -0.3165
vn -0.3611 -0.2855 -0.8877
vn 0.2199 0.5934 -0.7743
vn -0.5826 0.0694 -0.8098
vn -0.0155 0.3972 0.9176
vn -0.7014 0.4413 0.5597
vn -0.8116 0.4722 0.3441
vn 0.8515 0.5152 -0.0975
vn 0.8571 0.5138 -0.0381
vn 0.6209 0.6796 -0.3907
vn 0.8711 0.4789 -0.1085
vn -0.0528 0.8629 0.5026
vn -0.4782 0.8651 0.1517
vn 0.6302 -0.0717 0.7731
vn -0.6129 0.4687 0.6361
vn -0.6560 0.6017 0.4556
vn 0.4439 -0.0253 0.8957
vn -0.6630 0.4857 0.5696
vn -0.7469 0.3669 0.5546
vn 0.9438 0.1133 -0.3105
vn 0.9531 -0.0989 -0.2862
vn -0.6824 0.2406 0.6903
vn -0.7049 0.1535 0.6925
vn -0.8862 -0.1787 -0.4275
vn -0.5623 0.2555 0.7865
vn -0.9663 0.0065 0.2573
vn -0.8950 0.0148 0.4459
vn -0.6961 0.2245 -0.6819
vn 0.9891 -0.0989 0.1095
vn 0.5135 -0.0437 0.8570
vn -0.5629 -0.8196 -0.1071
vn -0.0803 -0.6848 -0.7243
vn 0.2563 -0.7217 -0.6430
vn -0.0261 0.3625 0.9316
vn -0.0162 0.3276 0.9447
vn -0.5464 -0.6891 -0.4760
vn 0.6125 -0.1376 -0.7784
vn 0.6784 -0.0160 -0.7345
vn -0.3900 -0.7619 -0.5171
vn -0.1107 -0.0709 0.9913
vn -0.9128 -0.3520 0.2073
vn -0.9144 -0.3372 0.2241
vn -0.0514 -0.1820 0.9820
vn 0.8916 0.1756 -0.4173
vn 0.8725 0.1594 -0.4619
vn 0.9415 0.3339 -0.0448
vn 0.0379 -0.1372 -0.9898
vn -0.1638 -0.0581 -0.9848
vn 0.0038 -0.8924 -0.4513
vn -0.2904 -0.5813 0.7601
vn -0.1889 -0.6058 0.7729
vn -0.2595 0.6587 0.7062
vn -0.0752 0.6635 0.7443
vn 0.3359 0.7534 -0.5653
vn 0.8692 -0.1565 -0.4691
vn 0.7722 -0.1081 -0.6261
vn -0.7275 -0.2099 -0.6532
vn 0.1056 0.2936 -0.9501
vn 0.7416 -0.2388 -0.6269
vn 0.1756 0.5552 0.8130
vn -0.5474 0.7858 0.2879
vn -0.6601 0.5965 0.4566
vn 0.1314 0.5577 0.8196
vn -0.8331 0.3954 0.3867
vn -0.8080 0.3562 0.4694
vn 0.1836 0.6314 0.7534
vn 0.9101 0.1814 0.3725
vn -0.4558 -0.5592 -0.6925
vn -0.4248 -0.6160 -0.6633
vn 0.1248 -0.9922 -0.0027
vn 0.1436 -0.9831 -0.1137
vn -0.0065 0.8605 -0.5094
vn -0.7329 -0.2440 -0.6351
vn -0.8187 -0.2054 -0.5362
vn -0.5246 -0.2455 0.8152
vn -0.9020 0.4244 0.0794
vn -0.5159 -0.3393 0.7866
vn -0.8318 0.2859 0.4758
vn -0.8236 0.2995 -0.4817
vn -0.7466 0.0735 0.6612
vn -0.7073 0.4368 -0.5559
vn -0.7229 0.3629 -0.5880
vn -0.7586 0.0581 0.6490
vn 0.3477 0.8993 -0.2651
vn -0.6306 0.7708 0.0910
vn -0.6324 0.7707 -0.0775
vn 0.3791 0.8411 -0.3857
vn 0.0227 0.3540 0.9350
vn 0.0438 0.3499 0.9358
vn -0.6979 -0.2390 0.6752
vn 0.5721 -0.0751 0.8168
vn 0.8984 0.2608 0.3533
vn -0.0396 -0.4568 0.8887
vn 0.1972 0.6212 0.7584
vn 0.1892 0.6423 0.7427
vn -0.6115 0.5080 0.6066
vn -0.5953 0.3886 0.7033
vn -0.0757 0.2313 -0.9699
vn -0.9423 -0.1159 -0.3140
vn -0.0642 -0.1283 -0.9897
vn -0.7424 -0.5112 0.4330
vn -0.6539 -0.0096 -0.7565
vn -0.6272 0.0673 -0.7760
vn -0.7679 -0.5220 0.3712
vn 0.4952 -0.1178 0.8608
vn -0.6944 -0.4922 0.5249
vn 0.4717 -0.2001 0.8587
vn -0.2955 -0.6539 -0.6965
vn 0.3041 -0.9519 -0.0361
vn -0.8445 -0.4884 0.2196
vn -0.8713 -0.4658 0.1546
vn -0.8192 0.2387 0.5214
vn -0.8166 0.1015 0.5682
vn -0.8151 -0.4967 0.2983
vn -0.5676 0.1463 -0.8102
vn -0.5170 0.1933 -0.8338
vn 0.8504 0.1927 -0.4896
vn 0.0070 -0.4592 -0.8883
vn 0.9715 0.1977 0.1309
vn 0.9531 0.2450 0.1775
vn 0.9020 0.3741 0.2155
vn 0.9961 0.0776 0.0417
vn 0.9868 0.1385 0.0837
vn 0.8290 0.2313 -0.5091
vn 0.3003 -0.4001 -0.8659
vn 0.2399 -0.2963 -0.9245
vn 0.9112 -0.1031 -0.3988
vn 0.9389 -0.1654 -0.3018
vn 0.2581 0.9272 0.2714
vn 0.5841 0.0289 0.8111
vn -0.8620 0.0743 0.5015
vn -0.1737 -0.9744 0.1425
vn 0.0568 -0.9502 0.3064
vn -0.7999 -0.0182 0.5998
vn -0.6266 -0.7463 0.2243
vn -0.4836 0.3598 0.7979
vn -0.7015 -0.3637 0.6129
vn -0.9453 -0.0120 -0.3261
vn -0.9161 -0.0982 -0.3887
vn -0.9734 -0.0671 -0.2190
vn -0.1687 -0.1280 -0.9773
vn -0.1188 -0.1354 -0.9837
vn -0.9577 -0.1101 -0.2659
vn 0.5347 -0.0874 0.8405
vn -0.6226 -0.3048 -0.7207
vn 0.4735 0.5638 0.6768
vn -0.0941 0.9889 -0.1146
vn 0.0830 0.9620 -0.2600
vn 0.7076 0.5011 0.4983
vn -0.6787 0.6436 -0.3538
vn 0.9167 0.3655 0.1612
vn 0.2342 0.6358 0.7355
vn 0.1094 -0.4382 -0.8922
vn 0.0955 0.6532 -0.7512
vn 0.2037 0.0841 0.9754
vn -0.9228 0.2009 0.3289
vn -0.9598 0.1635 0.2281
vn 0.0962 0.0635 0.9933
vn -0.0287 -0.1927 -0.9808
vn 0.0135 -0.2726 -0.9620
vn -0.1978 -0.9793 0.0421
vn 0.7501 -0.0745 0.6571
vn 0.7811 0.0259 0.6239
vn 0.1683 0.7307 0.6616
vn 0.1969 0.6795 0.7067
vn -0.8746 0.4195 -0.2430
vn -0.5671 0.8214 0.0602
vn 0.0013 0.6365 0.7713
vn -0.8675 -0.2865 0.4067
vn -0.8301 -0.4387 0.3443
vn -0.1561 0.6117 0.7755
vn -0.6421 0.7260 -0.2463
vn -0.7043 0.6923 -0.1571
vn 0.8017 0.2788 0.5287
vn 0.0797 0.0302 -0.9964
vn 0.9563 0.0237 0.2916
vn 0.0358 0.5301 0.8472
vn 0.9260 -0.3765 -0.0269
vn 0.2165 0.0982 0.9713
vn 0.9356 -0.3370 0.1053
vn -0.4939 0.4367 0.7519
vn -0.7509 0.6029 -0.2695
vn -0.6755 0.6943 -0.2483
vn -0.2981 0.5954 0.7461
vn 0.8916 0.2734 0.3608
vn 0.8576 0.1805 0.4816
vn 0.0587 0.4228 0.9043
vn 0.6755 0.4727 -0.5660
vn 0.7216 0.3678 -0.5865
vn 0.3710 0.8874 -0.2736
vn -0.3249 0.7566 -0.5675
vn 0.0714 0.9464 -0.3151
vn -0.8043 0.5715 -0.1628
vn -0.5011 0.7539 -0.4250
vn -0.7706 0.6271 0.1139
vn -0.3602 0.7423 0.5651
vn 0.2004 -0.0148 -0.9796
vn 0.2182 -0.0651 -0.9737
vn 0.7501 0.2118 -0.6265
vn -0.4490 0.1379 -0.8828
vn -0.4007 0.4890 0.7748
vn -0.1673 0.1959 0.9662
vn -0.2867 0.0428 0.9571
vn 0.2855 0.9536 -0.0960
vn 0.6337 -0.4932 0.5960
vn 0.7990 0.5579 0.2242
vn -0.4976 0.8127 -0.3031
vn -0.8202 0.5643 -0.0938
vn 0.3587 -0.7357 -0.5745
vn -0.6912 0.4979 -0.5238
vn 0.8867 0.0555 -0.4590
vn 0.9374 -0.0345 -0.3464
vn -0.4657 -0.8666 -0.1791
vn 0.0486 0.6005 0.7981
vn -0.0745 0.7136 -0.6966
vn 0.0476 0.6928 0.7196
vn 0.5616 -0.0758 0.8239
vn 0.8323 -0.1256 0.5398
vn 0.2076 -0.2145 -0.9544
vn 0.7978 -0.3262 -0.5070
vn 0.7565 -0.3262 -0.5668
vn -0.2041 -0.3494 0.9145
vn -0.0444 -0.2434 0.9689
vn -0.7915 -0.1864 0.5821
vn -0.8188 0.0918 0.5667
vn -0.3008 -0.9486 -0.0980
vn -0.1782 -0.9834 -0.0325
vn -0.8249 -0.0459 0.5634
vn -0.6868 0.3540 -0.6348
vn -0.1317 0.2543 -0.9581
vn 0.0353 -0.8277 -0.5600
vn 0.0182 -0.4125 0.9108
vn 0.1008 -0.3538 0.9299
vn 0.3476 0.9250 0.1534
vn -0.4020 0.7201 -0.5656
vn -0.2742 0.7410 -0.6129
vn 0.4212 0.8908 0.1704
vn 1.0000 -0.0081 0.0022
vn -0.5525 0.7582 -0.3461
vn 0.1860 0.3547 0.9163
vn -0.8012 -0.3927 0.4515
vn -0.8407 -0.4446 0.3092
vn 0.0534 0.2883 0.9560
vn 0.4756 -0.5961 -0.6469
vn 0.2367 -0.5873 -0.7740
vn 0.8646 -0.3524 -0.3582
vn 0.8105 -0.2457 -0.5316
vn 0.8765 -0.1072 0.4694
vn 0.7715 -0.1512 0.6180
vn -0.4904 -0.8319 -0.2598
vn 0.0243 -0.8658 0.4998
vn 0.2164 0.8264 -0.5199
vn -0.0488 0.7197 0.6925
vn -0.0423 0.7547 0.6547
vn 0.1797 0.8001 -0.5724
vn -0.1929 -0.2884 -0.9379
vn 0.9812 0.0738 -0.1785
vn -0.0373 -0.2415 -0.9697
vn 0.0670 -0.2615 0.9629
vn 0.0569 -0.2377 0.9697
vn 0.4534 -0.1566 -0.8774
vn 0.7681 -0.6233 0.1466
vn 0.5549 -0.7299 0.3992
vn 0.5747 -0.3695 -0.7302
vn -0.8955 0.2814 -0.3447
vn -0.9087 0.1458 -0.3911
vn -0.3160 -0.0819 -0.9452
vn -0.3427 0.0676 -0.9370
vn -0.4635 0.0395 -0.8852
vn 0.2606 -0.4829 -0.8360
vn 0.2645 -0.5501 -0.7921
vn 0.0442 0.0242 0.9987
vn -0.9563 0.0197 -0.2917
vn -0.9046 0.0060 -0.4261
vn -0.1034 0.0444 0.9936
vn 0.0251 0.6301 0.7761
vn 0.1669 0.5668 0.8068
vn 0.0542 0.7650 0.6417
vn 0.1314 0.7665 0.6287
vn 0.0278 -0.9807 -0.1934
vn -0.1727 0.2196 -0.9602
vn -0.5261 0.6880 -0.4999
vn 0.1846 -0.6747 0.7146
vn -0.8866 0.1081 -0.4497
vn -0.1857 0.8954 -0.4048
vn -0.5439 0.0111 0.8391
vn -0.4672 0.8807 -0.0782
vn -0.1685 0.9808 -0.0983
vn -0.4998 0.1719 0.8489
vn -0.3063 -0.4237 0.8524
vn -0.1618 0.6740 0.7208
vn -0.1657 0.5988 0.7836
vn -0.8897 -0.4518 0.0656
vn -0.9406 -0.3395 0.0023
vn -0.0203 -0.7006 -0.7133
vn 0.1720 -0.7905 -0.5878
vn 0.5789 0.8106 -0.0880
vn 0.4043 0.9083 0.1072
vn -0.1498 -0.2622 -0.9533
vn -0.8695 0.4845 -0.0959
vn 0.2645 0.9549 0.1351
vn 0.1971 0.9140 0.3546
vn -0.8985 0.4365 0.0467
vn -0.5834 0.0926 0.8069
vn -0.6107 -0.2698 -0.7445
vn 0.4096 -0.0414 -0.9113
vn 0.3482 0.0535 -0.9359
vn -0.6342 -0.3012 -0.7121
vn 0.6821 0.5483 -0.4838
vn 0.7285 0.4507 -0.5160
vn 0.7498 0.0037 -0.6616
vn -0.0111 -0.4508 0.8925
vn -0.6786 -0.3649 0.6374
vn -0.6415 -0.2772 0.7153
vn -0.1578 -0.4864 0.8594
vn -0.4367 0.1940 -0.8785
vn 0.3844 -0.5911 -0.7091
vn 0.1789 -0.7164 -0.6744
vn -0.5766 0.1324 -0.8062
vn -0.4925 0.8649 0.0964
vn -0.3213 0.9261 0.1978
vn -0.1844 -0.4603 -0.8684
vn -0.0309 0.2885 0.9570
vn 0.3086 0.1673 -0.9364
vn 0.4605 0.1245 -0.8789
vn 0.2997 0.4614 0.8351
vn 0.4861 0.8402 -0.2403
vn 0.6658 -0.1603 -0.7287
vn 0.8252 -0.1794 -0.5355
vn -0.6193 -0.7015 0.3525
vn 0.3591 0.6566 -0.6633
vn 0.5348 0.8315 -0.1501
vn 0.9500 0.2715 0.1542
vn 0.5632 -0.0255 -0.8260
vn 0.4054 0.6788 -0.6123
vn 0.6236 0.6587 -0.4210
vn -0.1628 -0.0567 -0.9850
vn -0.8937 0.3798 -0.2387
vn 0.7973 0.0848 -0.5976
vn -0.4689 0.2198 0.8555
vn -0.5532 0.2498 0.7947
vn -0.0841 0.2086 0.9744
vn -0.9986 -0.0489 -0.0213
vn -0.6184 -0.7838 0.0568
vn -0.6570 -0.7327 -0.1774
vn 0.9974 -0.0718 -0.0054
vn 0.9963 -0.0724 0.0461
vn 0.3394 -0.0820 -0.9371
vn 0.9695 -0.1516 0.1924
vn 0.9534 -0.1028 0.2836
vn 0.4162 -0.0828 -0.9055
vn -0.3261 -0.3861 -0.8629
vn -0.2332 -0.3356 -0.9127
vn -0.0288 -0.0650 -0.9975
vn 0.8972 -0.4320 -0.0913
vn 0.8344 -0.5355 0.1301
vn 0.1118 -0.2650 -0.9577
vn 0.7344 0.2131 -0.6444
vn 0.3077 -0.3468 -0.8860
vn 0.3517 -0.1330 -0.9266
vn 0.6863 0.7065 0.1727
vn -0.1887 0.9494 0.2509
vn 0.3726 0.4198 0.8276
vn 0.0150 0.6586 0.7523
vn 0.8552 0.4743 0.2089
vn 0.5883 0.4758 0.6539
vn 0.5191 0.8113 -0.2689
vn 0.7557 0.6491 0.0866
vn -0.7826 0.4488 -0.4314
vn -0.3089 -0.2464 0.9186
vn 0.5107 0.5439 0.6658
vn 0.6571 0.2263 0.7190
vn 0.8764 0.2018 0.4373
vn -0.4792 -0.0653 0.8753
vn 0.9018 0.3489 0.2550
vn 0.8711 0.3831 0.3074
vn 0.7326 0.6449 0.2176
vn 0.5463 0.0758 0.8342
vn 0.0303 -0.3349 0.9418
vn -0.2926 -0.3762 0.8791
vn 0.0064 0.9883 -0.1525
vn -0.0947 0.9731 -0.2098
vn -0.8944 -0.2649 -0.3605
vn -0.8018 -0.5278 -0.2801
vn -0.8878 0.1589 -0.4319
vn -0.8980 0.2268 -0.3771
vn -0.7172 -0.0204 0.6965
vn -0.7354 -0.0536 0.6755
vn -0.2891 0.9557 -0.0562
vn -0.6052 0.4455 -0.6597
vn -0.5334 0.5222 -0.6654
vn -0.6427 -0.0168 -0.7659
vn -0.7703 0.1145 -0.6273
vn 0.2630 -0.4684 -0.8435
vn 0.5400 -0.2959 -0.7879
vn 0.8090 -0.5538 0.1970
vn 0.8829 -0.4629 0.0783
vn 0.2404 0.0154 0.9706
vn 0.2051 0.1632 0.9650
vn -0.6709 0.2801 0.6866
vn -0.6172 0.3034 0.7260
vn -0.3078 -0.4646 -0.8303
vn 0.6536 -0.2856 -0.7009
vn 0.6106 -0.3272 -0.7212
vn -0.0964 0.9482 -0.3026
vn -0.4295 0.7220 0.5425
vn -0.7306 0.6081 0.3107
vn -0.5313 -0.6193 0.5781
vn -0.3490 -0.4970 0.7945
vn -0.9398 -0.3382 -0.0490
vn 0.4240 0.6018 0.6768
vn 0.1132 0.7619 0.6377
vn -0.1861 0.7386 -0.6479
vn 0.4347 0.5343 -0.7250
vn -0.0079 0.2975 0.9547
vn 0.1881 0.2709 0.9441
vn -0.5701 0.3566 0.7402
vn 0.1417 0.9875 0.0696
vn 0.2297 0.9707 0.0701
vn 0.5212 -0.2014 -0.8293
vn 0.4095 -0.2201 -0.8853
vn 0.6228 0.2037 -0.7554
vn 0.8020 0.2872 -0.5238
vn -0.2223 0.4393 0.8704
vn -0.1431 0.9850 0.0967
vn 0.7533 0.3881 -0.5309
vn 0.7354 0.4683 -0.4898
vn 0.3330 0.9150 0.2278
vn 0.3245 0.9395 0.1097
vn -0.0998 -0.0556 -0.9935
vn 0.7926 0.2166 -0.5700
vn 0.8772 0.2479 -0.4111
vn 0.9137 0.2877 0.2870
vn 0.5428 -0.1988 0.8160
vn -0.7438 0.5266 -0.4116
vn -0.7646 0.4805 -0.4296
vn -0.6491 0.3587 -0.6708
vn 0.1231 -0.1148 -0.9857
vn 0.8825 -0.0933 -0.4610
vn 0.8389 -0.2569 -0.4799
vn 0.2625 0.0990 -0.9598
vn 0.9699 -0.2357 0.0612
vn 0.9711 -0.2007 0.1294
vn 0.2983 0.0069 -0.9545
vn 0.9262 0.3064 -0.2196
vn 0.9144 0.0389 0.4029
vn 0.8267 0.0208 0.5623
vn -0.7163 0.3360 0.6116
vn -0.9493 0.1713 -0.2638
vn -0.0145 -0.0664 -0.9977
vn -0.1658 -0.0956 -0.9815
vn -0.8386 -0.5446 -0.0140
vn -0.9019 -0.4308 0.0306
vn -0.7366 0.6231 -0.2629
vn -0.8072 0.5611 -0.1832
vn -0.3119 0.6992 -0.6433
vn -0.3095 0.7470 -0.5884
vn 0.3535 0.9352 0.0221
vn 0.3073 0.9516 -0.0051
vn -0.8710 0.1801 0.4571
vn 0.7897 0.5271 -0.3139
vn 0.6171 0.7362 0.2780
vn 0.7704 0.2406 0.5904
vn -0.8190 0.4369 0.3719
vn -0.0431 -0.4080 0.9120
vn 0.4097 0.9042 -0.1208
vn 0.4425 0.8965 0.0233
vn 0.8583 0.4677 -0.2113
vn -0.6481 -0.0202 -0.7613
vn 0.4454 -0.3544 -0.8222
vn -0.9052 0.4075 0.1204
vn 0.1215 0.8596 0.4963
vn 0.3432 0.6932 0.6338
vn -0.8901 0.4179 0.1820
vn 0.6350 0.1965 0.7471
vn 0.1664 0.9842 -0.0599
vn -0.4635 0.5980 -0.6538
vn -0.0982 0.9566 -0.2745
vn -0.9514 0.2537 -0.1747
vn -0.6746 0.4614 -0.5762
vn -0.5527 0.5951 0.5834
vn -0.9466 0.2942 0.1321
vn -0.1155 -0.8531 -0.5088
vn -0.3077 0.2404 -0.9206
vn -0.3199 0.4086 -0.8548
vn -0.3697 -0.8453 -0.3857
vn -0.6607 0.7322 -0.1655
vn -0.9511 0.0424 0.3061
vn -0.4925 0.7427 -0.4537
vn -0.9730 -0.1797 0.1449
vn 0.2572 0.2206 -0.9408
vn 0.5194 -0.2130 -0.8276
vn -0.4771 0.7532 -0.4530
vn -0.2007 0.7510 -0.6290
vn 0.5158 -0.2140 -0.8296
vn 0.9602 0.2721 -0.0632
vn -0.3881 -0.6307 -0.6720
vn -0.2815 -0.1472 0.9482
vn -0.2150 0.1166 0.9696
vn -0.7999 -0.5737 0.1763
vn -0.9612 0.2254 -0.1589
vn 0.0634 -0.1942 -0.9789
vn 0.1546 -0.9410 -0.3011
vn 0.1400 -0.7732 -0.6186
vn 0.5919 -0.7811 0.1987
vn 0.4581 -0.6845 0.5671
vn 0.8131 0.5455 -0.2032
vn 0.6740 0.6141 -0.4105
vn 0.7869 -0.6117 0.0810
vn 0.7078 -0.6074 0.3606
vn 0.6905 -0.0341 -0.7226
vn 0.7851 -0.2646 0.5599
vn 0.6580 -0.4111 0.6309
vn 0.7689 -0.0672 -0.6359
vn -0.6842 0.0577 -0.7270
vn -0.5695 0.0062 -0.8219
vn -0.6681 -0.7239 0.1721
vn -0.5451 0.3038 0.7814
vn -0.7502 0.3902 -0.5337
vn 0.3984 -0.1845 -0.8984
vn -0.6927 0.4280 -0.5806
vn -0.9732 0.1145 -0.1995
vn -0.9911 0.1307 0.0251
vn -0.6727 -0.0354 -0.7391
vn -0.5041 0.0127 -0.8635
vn 0.0766 -0.4007 -0.9130
vn 0.6605 0.2378 0.7122
vn -0.9509 0.1199 0.2854
vn -0.9123 0.2484 0.3256
vn -0.7033 -0.3141 0.6378
vn -0.3593 -0.0750 -0.9302
vn -0.0554 0.1903 -0.9802
vn -0.8231 -0.5054 0.2588
vn 0.4272 0.3342 0.8401
vn 0.4814 0.3448 0.8058
vn -0.5230 0.3788 0.7635
vn -0.6142 0.7260 0.3092
vn -0.6935 0.5916 0.4113
vn 0.2285 -0.1658 -0.9593
vn 0.3531 -0.7064 -0.6134
vn 0.4254 -0.6412 -0.6387
vn 0.0517 -0.0330 -0.9981
vn 0.3546 0.1091 -0.9286
vn -0.1832 0.0476 0.9819
vn -0.9422 -0.3327 0.0399
vn -0.9897 -0.1325 -0.0535
vn 0.0755 0.1727 -0.9821
vn 0.5792 0.6463 -0.4968
vn 0.2784 0.8690 0.4089
vn 0.4843 0.6027 0.6342
vn 0.9249 0.3659 0.1036
vn 0.9453 0.2175 -0.2431
vn 0.6806 0.0197 -0.7323
vn 0.6998 0.1986 0.6862
vn 0.4001 0.2004 0.8943
vn 0.9194 0.0501 -0.3901
vn -0.0654 -0.0363 -0.9972
vn 0.7743 0.3454 0.5302
vn 0.6965 0.3020 0.6509
vn 0.1681 0.6523 0.7391
vn -0.4845 0.0283 -0.8743
vn -0.6712 -0.1630 -0.7231
vn 0.6801 0.4908 0.5446
vn -0.5602 0.1957 0.8049
vn -0.6597 0.1741 0.7311
vn 0.5961 0.5183 0.6132
vn -0.0936 -0.5901 -0.8019
vn 0.8635 -0.2978 -0.4070
vn -0.7439 -0.4138 -0.5247
vn -0.5594 -0.5182 -0.6470
vn -0.1607 -0.0558 -0.9854
vn -0.7316 -0.3051 -0.6097
vn 0.3662 0.8683 0.3346
vn -0.4950 -0.4483 0.7443
vn -0.7732 -0.4907 0.4018
vn 0.4596 -0.1511 -0.8752
vn 0.6535 -0.0955 -0.7509
vn -0.9058 0.4201 -0.0557
vn -0.2690 0.5954 -0.7571
vn -0.0733 0.3273 -0.9421
vn 0.4352 0.8614 0.2620
vn 0.7208 -0.0578 0.6907
vn -0.1489 0.8835 0.4442
vn 0.4326 0.0734 0.8986
vn -0.0415 0.2708 0.9618
vn 0.8141 0.5427 0.2067
vn 0.6683 0.1348 0.7316
vn 0.9292 0.2481 -0.2739
vn 0.9863 0.0406 -0.1597
vn 0.3382 0.9338 0.1169
vn -0.4805 -0.3261 0.8141
vn 0.8307 0.0261 -0.5562
vn 0.7408 -0.0096 -0.6717
vn 0.9521 -0.0232 0.3048
vn 0.8868 0.0354 0.4607
vn -0.5483 0.7895 -0.2757
vn -0.4726 0.8537 0.2190
vn -0.9692 0.1836 0.1641
vn -0.7677 0.0095 -0.6408
vn -0.2639 -0.0382 -0.9638
vn -0.8756 -0.4662 0.1266
vn 0.4444 0.5118 0.7353
vn -0.2170 -0.2104 -0.9532
vn 0.6883 -0.7229 -0.0610
vn 0.6151 -0.7048 0.3534
vn 0.2166 -0.3357 -0.9167
vn 0.9682 0.1413 -0.2065
vn 0.9030 0.0898 -0.4201
vn 0.8027 0.1255 0.5831
vn 0.9289 -0.0389 0.3682
vn 0.5263 0.1207 0.8417
vn -0.6829 -0.5058 0.5270
vn -0.6573 -0.6431 0.3929
vn 0.6397 0.1555 0.7527
vn 0.8657 0.2368 0.4411
vn 0.1321 -0.0721 0.9886
vn -0.2121 -0.1680 0.9627
vn -0.5166 0.5228 0.6781
vn -0.9344 -0.3492 0.0708
vn 0.1911 0.6133 -0.7664
vn 0.3827 0.5237 -0.7612
vn -0.3669 0.2961 -0.8819
vn 0.3956 0.0018 0.9184
vn -0.5699 -0.4071 -0.7138
vn -0.7003 -0.0456 -0.7124
vn -0.2870 0.3971 -0.8717
vn -0.2336 -0.3743 0.8974
vn 0.5998 -0.5060 -0.6199
vn -0.7464 -0.5252 -0.4087
vn -0.1622 -0.0544 -0.9852
vn -0.3711 0.1699 -0.9129
vn -0.0377 0.0204 -0.9991
vn -0.1422 0.7145 -0.6850
vn 0.1881 0.4913 -0.8505
vn -0.2622 0.0272 -0.9646
vn 0.0549 0.2161 0.9748
vn 0.9932 0.1116 -0.0332
vn 0.1957 -0.7269 0.6583
vn -0.0125 -0.3916 0.9200
vn -0.4161 0.4847 0.7694
vn -0.9898 -0.0703 0.1239
vn -0.9736 -0.0487 0.2231
vn -0.2823 0.2692 0.9208
vn -0.7879 0.5037 0.3542
vn -0.0998 -0.3426 0.9342
vn 0.4833 0.1548 -0.8617
vn -0.4602 0.4600 -0.7593
vn 0.0459 0.2905 -0.9558
vn 0.1763 -0.3420 -0.9230
vn 0.9354 0.3533 -0.0116
vn 0.9085 0.1062 -0.4042
vn 0.7251 0.1194 -0.6782
vn -0.9072 0.2592 -0.3313
vn -0.2882 0.2028 0.9359
vn -0.3119 0.1015 0.9447
vn -0.3587 0.1125 0.9266
vn 0.9849 0.0926 0.1463
vn 0.4357 0.1632 0.8852
vn 0.5392 -0.7224 -0.4329
vn 0.7830 0.0573 0.6194
vn 0.6816 0.0576 0.7294
vn 0.7258 0.6643 0.1785
vn -0.1088 0.9452 0.3078
vn -0.2826 0.9591 0.0175
vn 0.9075 0.0403 0.4181
vn 0.9252 0.3778 -0.0367
vn -0.6025 0.2314 0.7639
vn -0.6824 -0.5248 -0.5088
vn -0.6815 0.0988 0.7251
vn -0.9257 0.3616 0.1107
vn 0.9377 -0.1639 0.3063
vn -0.0834 -0.4575 -0.8853
vn 0.6086 -0.0542 -0.7917
vn -0.1170 -0.2050 -0.9717
vn -0.4005 0.5354 -0.7436
vn -0.8249 0.3240 -0.4631
vn 0.3832 0.6935 0.6101
vn 0.5483 0.7903 -0.2736
vn 0.6131 0.5516 -0.5655
vn 0.3667 -0.2118 -0.9059
vn -0.3075 0.0184 -0.9514
vn 0.0724 -0.1849 -0.9801
vn 0.4609 -0.1684 -0.8714
vn -0.0629 0.3640 -0.9293
vn -0.8307 0.3460 0.4361
vn -0.0462 -0.9219 -0.3848
vn 0.1278 -0.3678 0.9211
vn 0.1930 -0.0516 0.9798
vn 0.0820 -0.9526 -0.2930
vn 0.8258 0.5421 -0.1556
vn 0.8423 0.4651 0.2724
vn 0.7111 -0.1826 0.6790
vn -0.1673 -0.8629 -0.4769
vn -0.1048 -0.9528 0.2849
vn 0.0251 -0.9360 0.3510
vn -0.2570 -0.5352 -0.8047
vn 0.1537 -0.6018 -0.7837
vn 0.7567 0.5379 0.3717
vn 0.8907 0.2397 0.3862
vn 0.5966 0.2032 0.7764
vn 0.9740 0.0712 0.2153
vn 0.1251 -0.1675 0.9779
vn 0.9437 -0.2498 -0.2167
vn 0.0175 0.2656 0.9639
vn -0.5218 0.6250 0.5806
vn 0.9006 -0.3865 0.1988
vn 0.5884 -0.1627 0.7920
vn -0.0777 -0.1319 -0.9882
vn -0.6529 0.2414 -0.7180
vn 0.5810 0.0564 0.8120
vn 0.5196 -0.7153 -0.4673
vn -0.0229 -0.6425 -0.7660
vn 0.0659 0.2446 -0.9674
vn 0.5442 -0.4792 -0.6886
vn 0.2846 -0.8490 0.4452
vn 0.2431 -0.7697 0.5903
vn 0.6176 0.5549 -0.5574
vn -0.3781 -0.5154 -0.7690
vn -0.0185 -0.2864 -0.9579
vn -0.1553 0.4042 0.9014
vn -0.4871 0.4122 -0.7700
vn -0.1319 -0.9759 -0.1739
vn -0.3189 0.7842 0.5323
vn -0.8043 -0.5392 -0.2496
vn -0.4058 -0.7306 0.5492
vn -0.4362 -0.1396 0.8889
vn -0.7111 -0.7030 0.0141
vn 0.0546 -0.6086 0.7916
vn -0.3681 0.2807 -0.8864
vn 0.1930 0.2619 -0.9456
vn -0.2957 0.9097 0.2914
vn 0.7037 0.5128 -0.4917
vn 0.8766 0.4235 0.2284
vn 0.6163 0.4774 0.6263
vn 0.9733 -0.1901 0.1290
vn 0.8935 0.0482 0.4465
vn 0.8034 0.1217 0.5829
vn 0.8325 0.2112 -0.5122
vn 0.8642 0.4786 -0.1553
vn 0.3283 0.8050 -0.4942
vn -0.1955 0.7502 0.6316
vn -0.0996 -0.9899 0.1007
vn -0.2224 -0.9716 0.0806
vn -0.4359 -0.5448 -0.7164
vn -0.2749 -0.6174 -0.7371
vn -0.9421 -0.3091 0.1300
vn 0.3079 -0.2066 0.9287
vn 0.2285 -0.2185 0.9487
vn 0.2144 -0.9653 0.1488
vn 0.1386 -0.9896 0.0390
vn 0.6904 0.5410 -0.4802
vn -0.4320 -0.8787 0.2030
vn 0.5118 -0.8216 0.2510
vn 0.6266 -0.2920 0.7226
vn 0.6899 -0.1903 0.6985
vn 0.2451 0.6371 0.7308
vn 0.3364 0.6062 0.7206
vn 0.6175 0.2735 -0.7375
vn -0.1532 0.2892 -0.9449
vn -0.1447 0.2311 -0.9621
vn 0.3009 -0.3613 -0.8826
vn 0.3410 0.9400 0.0105
vn -0.5865 0.6692 0.4563
vn -0.6312 0.7269 0.2707
vn 0.3226 0.9362 -0.1392
vn 0.1152 -0.8553 0.5051
vn 0.9649 -0.1428 -0.2202
vn 0.3689 0.3377 0.8659
vn 0.9847 -0.0960 -0.1455
vn 0.8525 -0.5159 0.0838
vn 0.6810 0.0849 0.7273
vn 0.6259 0.0069 0.7799
vn 0.5914 -0.7999 -0.1022
vn 0.4768 -0.8753 -0.0800
vn 0.8606 -0.1414 0.4893
vn 0.9178 -0.0928 0.3860
vn -0.0234 0.0181 0.9996
vn -0.3761 0.2551 0.8908
vn -0.4951 0.3397 0.7997
vn -0.4370 0.3059 0.8458
vn -0.9305 0.3589 -0.0739
vn -0.9146 0.3731 -0.1557
vn -0.8669 -0.4779 -0.1416
vn -0.7570 -0.4385 -0.4844
vn -0.4076 0.1017 0.9075
vn -0.8219 0.2164 0.5269
vn -0.8378 0.0789 -0.5403
vn -0.7653 0.3144 0.5616
vn -0.7167 0.3082 0.6256
vn 0.7866 0.4296 -0.4434
vn -0.5689 -0.0851 0.8180
vn -0.9025 0.4287 -0.0404
vn -0.9115 0.4112 0.0090
vn -0.5458 -0.1751 0.8194
vn -0.1319 -0.3627 0.9225
vn -0.7007 -0.2466 0.6695
vn -0.6848 -0.3733 0.6258
vn 0.4019 0.8898 -0.2162
vn 0.3489 0.8833 -0.3132
vn 0.5622 0.6863 -0.4614
vn -0.8770 0.1229 -0.4645
vn 0.4796 0.5283 0.7006
vn 0.4864 0.5371 0.6892
vn -0.3171 0.5130 0.7977
vn -0.9241 0.3819 0.0135
vn -0.9487 -0.2563 -0.1849
vn -0.9454 -0.1136 -0.3054
vn -0.2846 -0.4300 -0.8568
vn -0.3192 -0.4822 -0.8158
vn -0.5263 0.4976 0.6895
vn -0.7634 0.3326 -0.5537
vn 0.5582 -0.8287 0.0405
vn 0.9344 0.0814 -0.3468
vn 0.9483 0.0250 -0.3164
vn 0.5473 -0.8117 0.2043
vn 0.6364 -0.7194 0.2784
vn 0.7839 -0.5990 0.1633
vn 0.6118 0.0139 0.7909
vn -0.3448 -0.8242 -0.4492
vn 0.6846 -0.5083 -0.5225
vn 0.6887 -0.5609 -0.4595
vn -0.2874 -0.9310 -0.2252
vn 0.3023 -0.0245 0.9529
vn 0.6646 0.7097 -0.2336
vn 0.3886 0.9028 0.1841
vn 0.9697 0.1631 -0.1819
vn -0.9999 0.0148 0.0070
vn -0.9972 -0.0165 -0.0725
vn -0.7558 -0.6438 0.1195
vn -0.8864 -0.4001 0.2329
vn -0.3338 0.8714 -0.3596
vn 0.3740 0.9169 0.1390
vn 0.6902 0.4713 -0.5490
vn 0.5511 0.2435 0.7981
vn 0.4288 0.2433 0.8700
vn 0.3801 -0.1091 0.9185
vn 0.3384 -0.0122 0.9409
vn -0.2308 0.4324 -0.8716
vn 0.9876 0.1526 -0.0376
vn -0.5610 0.6032 0.5669
vn -0.5827 -0.7458 0.3228
vn -0.9013 -0.3077 -0.3050
vn -0.8645 -0.1909 -0.4649
vn 0.4966 -0.6297 -0.5974
vn 0.6357 -0.5147 -0.5753
vn 0.0270 0.7185 -0.6950
vn -0.1393 0.7482 -0.6486
vn 0.9532 0.2751 -0.1252
vn 0.9149 0.3155 -0.2517
vn -0.8983 -0.4261 0.1073
vn -0.5028 0.3791 -0.7769
vn -0.9251 -0.3708 0.0814
vn 0.6750 -0.5442 0.4982
vn 0.6622 -0.4819 0.5739
vn 0.7777 -0.1362 -0.6137
vn -0.4579 -0.4358 -0.7748
vn 0.6589 0.2765 -0.6996
vn 0.0963 0.4027 0.9103
vn 0.9972 -0.0565 -0.0491
vn 0.9283 -0.3007 0.2188
vn -0.2461 0.0831 0.9657
vn 0.8941 -0.2477 0.3730
vn 0.5145 0.4731 -0.7152
vn 0.5957 0.3907 -0.7018
vn 0.2579 -0.0218 -0.9659
vn 0.3141 -0.0280 -0.9490
vn 0.4468 -0.1322 0.8848
vn -0.7292 -0.0446 -0.6828
vn -0.8010 0.0773 -0.5937
vn 0.6226 0.4992 0.6027
vn 0.9617 -0.1943 -0.1936
vn 0.7211 0.2209 0.6566
vn -0.3567 0.9233 -0.1424
vn -0.5424 0.8401 -0.0029
vn 0.0594 0.4848 -0.8726
vn -0.6423 -0.2625 -0.7201
vn -0.9967 0.0381 -0.0722
vn 0.8135 0.1211 0.5688
vn -0.0253 0.2658 0.9637
vn 0.1177 0.5254 -0.8427
vn -0.2021 0.6100 -0.7662
vn 0.4423 0.6883 0.5750
vn 0.3741 0.8421 0.3885
vn -0.7465 0.5784 -0.3290
vn -0.4888 0.8591 -0.1517
vn 0.3532 0.0941 0.9308
vn 0.6034 0.3477 -0.7176
vn 0.0398 -0.9958 -0.0823
vn 0.2296 0.8994 -0.3719
vn 0.3173 0.6288 -0.7099
vn -0.0668 0.5404 0.8388
vn 0.3064 0.3305 -0.8927
vn -0.2113 0.0982 -0.9725
vn -0.5416 0.5566 -0.6300
vn -0.2140 0.3543 -0.9103
vn -0.2951 0.9247 -0.2404
vn -0.3713 0.7255 -0.5795
vn -0.0035 0.9559 -0.2938
vn 0.4673 0.8118 -0.3502
vn 0.5890 0.4717 -0.6562
vn 0.2537 0.5654 -0.7848
vn -0.0552 -0.8507 -0.5228
vn 0.1621 0.6290 -0.7603
vn 0.7870 0.1075 0.6075
vn -0.8831 -0.0732 -0.4635
vn -0.3726 0.8181 -0.4379
vn -0.7901 -0.1960 -0.5808
vn 0.0372 0.9787 -0.2017
vn -0.7593 0.3961 -0.5163
vn -0.7671 0.4361 -0.4705
vn 0.0514 0.9895 -0.1351
vn 0.8087 0.4174 0.4145
vn -0.8769 0.2412 0.4158
vn 0.2819 0.0398 0.9586
vn -0.9022 -0.3835 0.1974
vn 0.9034 0.2369 -0.3574
vn 0.5766 0.0673 0.8142
vn 0.4232 0.0140 0.9059
vn -0.0928 0.7112 0.6968
vn 0.1498 -0.3309 0.9317
vn 0.1568 -0.4306 0.8888
vn -0.9083 -0.3301 0.2570
vn 0.6307 -0.0379 -0.7751
vn 0.6860 -0.1318 -0.7156
vn 0.9400 0.3402 0.0268
vn -0.8833 -0.1388 -0.4479
vn -0.7108 -0.1987 -0.6748
vn 0.2275 0.2691 -0.9359
vn 0.1955 0.3355 -0.9215
vn -0.7549 -0.1056 -0.6473
vn 0.9247 -0.1580 -0.3464
vn 0.1660 -0.5041 0.8476
vn 0.1686 -0.4954 0.8522
vn 0.9250 0.3059 0.2254
vn 0.6752 0.2724 0.6855
vn 0.1658 -0.2750 0.9470
vn 0.1807 -0.2222 0.9581
vn -0.8181 -0.2106 0.5352
vn 0.5609 -0.1034 0.8214
vn 0.4592 -0.1081 0.8818
vn -0.5484 -0.3292 0.7687
vn 0.7908 0.3303 0.5153
vn -0.8214 -0.2849 0.4941
vn -0.8047 -0.4175 0.4221
vn -0.9529 -0.2958 -0.0677
vn -0.9635 -0.2570 -0.0750
vn -0.4648 0.8853 -0.0146
vn -0.1780 -0.3584 -0.9164
vn 0.5998 0.3566 -0.7163
vn 0.5271 0.4125 -0.7429
vn 0.6486 -0.7564 -0.0848
vn -0.8494 -0.3241 -0.4164
vn -0.7944 0.0087 0.6073
vn 0.3133 0.5786 0.7530
vn -0.4920 0.3794 0.7836
vn 0.9050 0.1638 -0.3926
vn 0.7335 0.0965 0.6728
vn 0.9014 0.1500 -0.4062
vn -0.9031 0.0421 0.4273
vn 0.6605 0.3140 -0.6820
vn -0.6667 -0.2721 -0.6938
vn 0.2831 0.1660 -0.9446
vn 0.8975 0.3281 0.2948
vn -0.7830 -0.5111 0.3545
vn 0.1830 -0.7615 0.6218
vn 0.7307 -0.4757 -0.4897
vn 0.7142 0.0052 -0.6999
vn 0.1939 -0.8948 0.4021
vn -0.3493 -0.4805 -0.8044
vn -0.7863 -0.0208 -0.6175
vn -0.8017 0.0333 -0.5968
vn 0.7800 -0.5820 0.2299
vn 0.5453 0.1114 -0.8308
vn 0.9875 -0.1395 -0.0730
vn 0.2305 -0.2596 0.9378
vn 0.2272 -0.2276 0.9469
vn 0.9857 -0.1515 -0.0736
vn -0.7019 0.1806 -0.6890
vn -0.6945 0.1938 -0.6929
vn 0.8887 0.3666 -0.2754
vn 0.8536 0.4340 -0.2881
vn 0.7122 -0.1261 0.6905
vn -0.5549 0.3729 0.7437
vn 0.6433 -0.1397 0.7527
vn -0.6513 -0.2136 0.7281
vn -0.7531 -0.5984 -0.2734
vn 0.3931 -0.0198 -0.9193
vn -0.7098 0.0947 -0.6980
vn 0.0368 -0.7687 -0.6386
vn -0.0384 -0.7683 -0.6389
vn -0.7188 -0.4914 0.4917
vn 0.8654 0.2303 -0.4450
vn 0.8239 0.3029 -0.4790
vn 0.9995 -0.0021 0.0316
vn -0.2688 -0.1775 -0.9467
vn -0.3050 -0.1660 -0.9378
vn 0.6022 -0.0410 -0.7973
vn -0.2397 0.9255 0.2933
vn 0.1200 0.4686 -0.8752
vn -0.5958 0.5926 0.5421
vn -0.9016 0.0510 -0.4295
vn 0.1707 0.0741 -0.9825
vn 0.8979 0.1259 -0.4219
vn 0.2938 -0.7938 0.5326
vn 0.5087 -0.6290 -0.5879
vn 0.5087 0.3019 0.8063
vn 0.4687 0.3611 0.8062
vn 0.2662 0.9630 -0.0424
vn -0.8542 -0.5155 -0.0681
vn -0.8481 -0.5299 0.0001
vn 0.8867 -0.2366 -0.3972
vn -0.9280 0.0531 -0.3688
vn 0.6857 -0.1309 -0.7161
vn -0.8593 -0.0160 -0.5113
vn -0.9379 0.3267 0.1170
vn 0.7535 0.2941 -0.5880
vn 0.1195 0.7992 -0.5890
vn -0.8626 0.1120 -0.4933
vn -0.2550 0.9579 -0.1319
vn -0.2619 0.9132 0.3122
vn -0.0094 0.9940 0.1091
vn 0.4552 0.8902 -0.0182
vn 0.3848 0.4795 -0.7887
vn 0.5608 0.6943 -0.4511
vn -0.1719 0.5106 -0.8424
vn 0.2062 0.5922 -0.7790
vn -0.5628 0.7637 -0.3161
vn -0.2774 0.6911 -0.6674
vn 0.9752 -0.0542 -0.2146
vn -0.9981 -0.0211 -0.0571
vn -0.5274 -0.1774 -0.8309
vn 0.7869 0.2336 0.5711
vn -0.0680 -0.3054 0.9498
vn 0.3538 -0.6221 0.6984
vn 0.4072 -0.5935 0.6942
vn -0.0515 -0.1163 -0.9919
vn 0.3516 -0.3058 -0.8848
vn 0.2353 -0.1039 0.9664
vn -0.9109 -0.3558 0.2088
vn -0.9519 -0.2703 -0.1445
vn -0.1134 -0.2613 0.9586
vn 0.8767 0.4808 -0.0190
vn 0.5929 -0.5695 0.5694
vn -0.8019 0.0266 0.5968
vn 0.6878 -0.4245 -0.5889
vn 0.5015 -0.1440 -0.8531
vn 0.7055 -0.6786 -0.2043
vn 0.5603 -0.7939 0.2362
vn -0.9788 0.1680 0.1174
vn -0.9709 0.2377 0.0291
vn -0.1421 -0.0831 0.9864
vn -0.7635 0.1778 0.6208
vn 0.4568 -0.3434 0.8207
vn -0.3712 -0.9243 0.0882
vn -0.3571 -0.8956 -0.2653
vn -0.7728 -0.6341 -0.0260
vn -0.7841 -0.6144 -0.0874
vn -0.8576 -0.1368 -0.4958
vn 0.1477 -0.2351 -0.9607
vn -0.8107 -0.1560 -0.5643
vn -0.6698 0.3658 0.6462
vn -0.9308 -0.2561 -0.2608
vn -0.7622 0.6434 -0.0710
vn -0.5527 -0.0654 -0.8308
vn -0.6077 0.0773 0.7904
vn 0.4910 0.3612 -0.7927
vn 0.9063 -0.0612 0.4182
vn -0.2402 0.1545 0.9583
vn -0.1980 0.7367 0.6466
vn -0.2521 0.6509 0.7161
vn 0.3437 0.0262 -0.9387
vn -0.4388 -0.3835 -0.8126
vn -0.2921 -0.4784 -0.8282
vn -0.9849 0.0817 0.1528
vn -0.3430 0.1928 -0.9194
vn 0.7136 -0.2005 -0.6713
vn 0.5877 -0.3985 -0.7041
vn -0.3564 0.2333 -0.9047
vn 0.2744 -0.1275 -0.9531
vn 0.4546 -0.1872 -0.8708
vn 0.2531 0.3770 -0.8910
vn 0.2557 0.2398 -0.9365
vn -0.9835 -0.0827 -0.1612
vn -0.6348 0.4123 0.6535
vn 0.8460 0.4861 0.2192
vn 0.1078 0.9942 0.0016
vn 0.7199 -0.5397 0.4364
vn 0.4972 -0.7759 0.3883
vn -0.6336 0.7215 -0.2793
vn -0.1655 0.9472 -0.2747
vn -0.2607 0.9067 -0.3314
vn 0.0806 -0.5001 -0.8622
vn 0.9640 0.1852 -0.1908
vn 0.9490 0.2937 -0.1146
vn 0.2205 -0.5625 -0.7968
vn -0.9969 -0.0688 0.0389
vn -0.9902 -0.1158 -0.0784
vn 0.9942 -0.0763 -0.0757
vn -0.1764 -0.1895 -0.9659
vn 0.4464 -0.2466 -0.8602
vn -0.9008 0.4256 0.0859
vn -0.4114 0.4852 -0.7716
vn -0.1632 0.6027 -0.7811
vn 0.0022 -0.9799 -0.1996
vn 0.0650 -0.9703 -0.2330
vn 0.8152 -0.5685 0.1102
vn 0.3917 -0.5773 -0.7164
vn 0.9457 -0.2365 0.2228
vn 0.8660 -0.4680 0.1762
vn 0.8403 0.4502 -0.3021
vn 0.6215 0.7650 0.1687
vn 0.1059 0.9750 0.1953
vn -0.2161 0.6490 0.7294
vn 0.7591 0.2590 0.5973
vn -0.8422 0.0748 -0.5340
vn -0.7216 -0.6150 0.3181
vn -0.7252 -0.6798 0.1094
vn -0.9125 0.0353 -0.4076
vn -0.8588 -0.0468 -0.5102
vn 0.0743 0.9954 -0.0606
vn -0.4365 -0.8980 0.0561
vn 0.3013 -0.5967 -0.7437
vn 0.8234 0.5664 0.0328
vn 0.8061 0.5904 -0.0408
vn 0.2119 0.4951 -0.8426
vn 0.5849 0.7367 -0.3394
vn 0.3983 0.1757 0.9003
vn -0.7244 0.1224 0.6785
vn -0.8407 -0.0086 -0.5414
vn 0.1304 0.9831 -0.1287
vn 0.7425 0.4737 0.4736
vn 0.7452 0.5439 0.3859
vn 0.6125 -0.5173 0.5977
vn 0.4792 -0.7230 0.4976
vn -0.5888 0.1894 0.7858
vn 0.2142 0.6082 -0.7643
vn 0.0972 0.9023 -0.4200
vn 0.7316 0.4022 -0.5505
vn 0.7733 0.5554 -0.3058
vn 0.8974 -0.2983 -0.3251
vn 0.8263 -0.0406 -0.5618
vn 0.0183 -0.1446 -0.9893
vn 0.0492 0.3515 -0.9349
vn 0.4442 0.5536 -0.7044
vn 0.8083 0.2597 -0.5284
vn 0.4873 -0.5043 -0.7129
vn 0.7775 -0.2364 -0.5828
vn 0.3340 0.7451 -0.5774
vn 0.3235 0.4090 -0.8533
vn 0.5377 0.8140 -0.2197
vn 0.9258 0.3717 0.0682
vn 0.9058 -0.0214 -0.4231
vn 0.4631 -0.0676 -0.8837
vn 0.8559 -0.1237 0.5021
vn 0.5684 -0.0857 0.8183
vn 0.7944 -0.2203 -0.5661
vn -0.5483 -0.2805 -0.7878
vn -0.9774 0.1997 -0.0692
vn 0.7693 0.3384 0.5419
vn 0.5893 0.7892 -0.1730
vn -0.9874 0.0909 0.1293
vn -0.4713 0.1194 -0.8738
vn 0.2972 -0.8771 0.3773
vn -0.7027 -0.6507 -0.2878
vn 0.2287 0.1536 -0.9613
vn 0.9551 -0.2743 -0.1118
vn 0.5527 -0.3075 -0.7746
vn 0.6943 -0.3344 -0.6373
vn 0.6553 0.5051 0.5617
vn -0.3454 0.9349 0.0815
vn 0.0933 0.3531 0.9309
vn 0.0669 0.3572 0.9316
vn -0.4351 -0.3994 -0.8070
vn 0.6158 -0.1393 -0.7755
vn 0.6424 -0.2842 -0.7117
vn 0.6093 0.2573 0.7500
vn -0.1355 -0.2796 -0.9505
vn -0.1370 -0.3372 -0.9314
vn 0.1973 -0.2019 0.9593
vn 0.6383 0.6671 -0.3841
vn 0.6591 0.7270 -0.1924
vn -0.7001 0.2386 -0.6730
vn 0.6419 0.0532 0.7649
vn 0.7191 0.0491 0.6932
vn 0.1674 0.3413 -0.9249
vn 0.8953 0.3391 -0.2889
vn 0.1875 0.3481 -0.9185
vn -0.0763 -0.7349 -0.6739
vn 0.7984 0.3297 -0.5039
vn 0.7018 0.0346 0.7115
vn 0.4989 0.4714 0.7272
vn -0.9625 0.0384 -0.2684
vn 0.1006 0.2366 -0.9664
vn 0.1445 0.2654 -0.9532
vn -0.1484 -0.3558 -0.9227
vn -0.9901 -0.0504 -0.1308
vn -0.2293 -0.1577 -0.9605
vn -0.3812 0.6438 -0.6635
vn 0.5458 0.3769 0.7484
vn -0.1915 0.0804 0.9782
vn 0.6329 -0.0300 -0.7736
vn 0.7630 -0.2506 0.5959
vn 0.7852 -0.2183 0.5795
vn 0.9751 -0.2198 -0.0297
vn -0.0954 0.3057 -0.9473
vn -0.9898 -0.0719 -0.1227
vn 0.9627 0.1400 0.2316
vn 0.3812 -0.3143 -0.8694
vn 0.9625 0.2692 -0.0351
vn 0.9718 0.2333 -0.0330
vn 0.9985 0.0120 -0.0538
vn 0.7663 -0.1286 0.6295
vn 0.6562 -0.4102 -0.6333
vn 0.9767 -0.1679 -0.1337
vn 0.7142 0.1388 0.6860
vn 0.0431 -0.7548 0.6545
vn 0.1498 -0.5489 0.8224
vn 0.4940 -0.2769 0.8242
vn -0.3159 -0.6735 0.6683
vn -0.5974 -0.7266 0.3393
vn 0.7622 -0.6323 0.1390
vn 0.4752 0.8689 -0.1385
vn 0.3559 0.9344 -0.0156
vn -0.7497 -0.6575 0.0748
vn -0.5502 0.8182 0.1669
vn -0.2750 0.6107 -0.7426
vn -0.9944 0.0054 0.1051
vn 0.5656 0.7396 0.3648
vn 0.4688 0.8769 -0.1061
vn -0.4004 0.9073 -0.1285
vn -0.0018 0.9688 -0.2480
vn -0.4564 0.7968 0.3959
vn -0.3755 0.9233 0.0811
vn 0.0354 0.6700 0.7415
vn -0.2787 0.7859 0.5520
vn 0.3080 0.0817 -0.9479
vn 0.1325 -0.0188 -0.9910
vn 0.5941 0.7364 -0.3237
vn -0.8145 -0.1480 -0.5610
vn 0.1851 -0.9722 -0.1432
vn -0.1699 -0.4824 0.8593
vn -0.6546 0.7157 0.2436
vn -0.4876 0.5216 -0.7002
vn 0.8003 0.5047 -0.3237
vn -0.7635 0.3690 0.5300
vn -0.5494 0.5329 0.6436
vn -0.8518 0.3930 0.3464
vn 0.1296 -0.7133 -0.6887
vn 0.6974 0.1145 0.7074
vn 0.6507 0.1594 0.7424
vn 0.2257 -0.2952 0.9284
vn -0.7506 0.0471 0.6591
vn -0.6720 -0.4927 -0.5528
vn 0.4459 0.1297 -0.8857
vn 0.5595 0.2009 -0.8041
vn -0.5765 -0.4666 -0.6708
vn 0.7970 -0.5615 -0.2225
vn 0.9232 -0.2838 -0.2592
vn 0.3042 0.5071 0.8064
vn -0.0293 0.2872 -0.9574
vn -0.0621 0.3138 -0.9475
vn 0.4083 0.7663 -0.4960
vn -0.7172 0.5116 0.4732
vn -0.7205 0.4742 0.5061
vn 0.9928 -0.0239 -0.1174
vn 0.2857 -0.0527 -0.9569
vn -0.0111 0.3489 0.9371
vn -0.0040 0.3770 0.9262
vn -0.3245 0.0221 -0.9456
vn 0.1328 -0.7162 -0.6852
vn 0.0087 -0.8296 -0.5583
vn 0.5056 0.4629 0.7281
vn -0.5228 0.6396 0.5636
vn -0.6107 0.4868 0.6246
vn -0.9974 -0.0711 -0.0073
vn -0.9967 0.0797 -0.0170
vn -0.7870 -0.5373 0.3032
vn -0.6849 0.1700 0.7085
vn -0.5651 0.0889 0.8202
vn -0.9255 0.3713 -0.0751
vn -0.5278 0.2575 -0.8094
vn -0.3835 0.3811 -0.8412
vn 0.8825 0.2276 0.4116
vn 0.2792 -0.6097 -0.7418
vn 0.0711 0.4214 -0.9041
vn 0.5110 -0.2172 -0.8317
vn -0.6850 0.4387 0.5816
vn -0.8860 0.4114 -0.2139
vn -0.3207 -0.8781 0.3549
vn 0.2864 -0.8361 0.4678
vn 0.0107 0.2744 -0.9616
vn 0.0545 0.2439 -0.9683
vn 0.9526 0.1435 -0.2681
vn 0.6344 -0.3677 0.6800
vn 0.7783 -0.3621 0.5129
vn -0.7502 0.2151 0.6252
vn -0.7128 0.1546 0.6841
vn -0.9319 -0.3118 0.1853
vn -0.3921 -0.7989 -0.4560
vn 0.1675 0.6137 0.7715
vn 0.5100 -0.0689 -0.8574
vn -0.1621 0.9121 -0.3765
vn 0.2375 -0.5227 -0.8188
vn -0.2986 0.5402 -0.7868
vn 0.4010 0.7801 0.4803
vn -0.6588 -0.7038 0.2659
vn 0.2166 -0.9083 0.3578
vn -0.4011 -0.1075 -0.9097
vn 0.2801 0.9482 0.1499
vn 0.9278 -0.0235 0.3722
vn -0.1926 0.0887 0.9773
vn -0.1113 0.9780 -0.1765
vn 0.3026 0.9476 0.1024
vn 0.8203 0.4361 -0.3700
vn 0.7043 0.7062 -0.0719
vn 0.4767 0.3795 -0.7929
vn 0.6921 0.4953 -0.5251
vn -0.1307 0.6196 -0.7739
vn 0.2782 0.5257 -0.8039
vn 0.6856 0.3513 0.6375
vn 0.4732 -0.1146 -0.8734
vn 0.6882 -0.1650 -0.7065
vn -0.5905 0.4867 -0.6437
vn -0.6533 0.4674 -0.5956
vn -0.8778 0.4329 0.2049
vn -0.9752 0.1719 0.1397
vn -0.0789 0.6840 0.7252
vn 0.3307 0.5890 0.7373
vn 0.9936 -0.1110 0.0216
vn -0.5920 0.8059 0.0092
vn 0.3987 0.9167 -0.0255
vn 0.6493 0.6972 -0.3038
vn 0.7606 0.5298 -0.3752
vn 0.7466 -0.5675 0.3471
vn 0.2993 0.0877 0.9501
vn 0.8954 0.1334 -0.4248
vn -0.7660 0.3497 -0.5394
vn -0.7311 0.3060 -0.6098
vn -0.3135 0.8421 -0.4389
vn 0.7327 -0.2129 -0.6464
vn 0.9633 0.2436 0.1125
vn 0.9997 -0.0253 0.0042
vn 0.9913 -0.1173 -0.0602
vn -0.2470 0.1785 -0.9524
vn -0.5899 -0.4448 -0.6739
vn 0.8992 -0.2799 -0.3361
vn 0.3270 -0.1475 0.9335
vn 0.9428 -0.2614 -0.2070
vn 0.1254 0.1961 -0.9725
vn -0.9742 0.1451 0.1727
vn -0.9802 0.1778 0.0866
vn 0.9228 0.2158 0.3192
vn -0.3904 -0.9189 -0.0573
vn -0.1203 -0.9431 -0.3099
vn -0.2263 -0.9685 -0.1038
vn 0.5551 0.8257 -0.1005
vn 0.0886 0.7133 -0.6952
vn -0.1116 0.8483 0.5177
vn -0.1300 0.8815 0.4539
vn -0.7642 -0.2120 -0.6092
vn -0.8801 0.3334 0.3381
vn -0.8672 0.1058 -0.4867
vn -0.2702 -0.1288 0.9542
vn -0.4716 0.7116 0.5207
vn -0.2621 0.5896 0.7640
vn 0.9189 0.0703 0.3882
vn -0.1623 -0.0543 -0.9852
vn 0.9321 0.0946 0.3497
vn 0.5195 -0.6951 -0.4970
vn 0.6365 -0.6527 -0.4108
vn -0.9230 0.1264 -0.3635
vn 0.4636 0.0481 -0.8847
vn 0.3530 -0.1748 0.9191
vn 0.4965 -0.2252 0.8383
vn -0.3377 -0.0695 0.9387
vn -0.2076 0.7601 -0.6158
vn 0.9797 -0.1934 -0.0521
vn -0.0781 0.2597 0.9625
vn 0.9840 0.1057 0.1433
vn -0.3134 0.5134 -0.7989
vn 0.1689 0.9728 -0.1583
vn -0.4287 0.9033 -0.0164
vn -0.0770 0.5497 0.8318
vn -0.4638 0.6857 0.5610
vn 0.4989 0.6541 0.5685
vn 0.1120 0.6208 0.7759
vn 0.3658 0.7531 -0.5468
vn 0.0770 -0.5724 -0.8164
vn 0.0373 -0.6838 -0.7287
vn 0.3435 0.6896 0.6376
vn 0.6093 0.5635 0.5579
vn -0.0862 -0.2032 0.9753
vn -0.6067 0.2245 0.7626
vn -0.9565 -0.1695 -0.2374
vn -0.8287 0.2585 0.4965
vn -0.5666 -0.7894 -0.2361
vn -0.3418 -0.5999 0.7234
vn 0.0107 0.7697 0.6384
vn 0.3690 -0.1599 -0.9156
vn 0.2292 -0.1536 -0.9612
vn 0.7570 -0.1426 -0.6377
vn 0.8504 -0.1663 -0.4992
vn -0.7915 -0.6110 0.0168
vn 0.3983 -0.6653 -0.6314
vn -0.2227 0.8680 0.4437
vn -0.1326 0.9071 0.3996
vn 0.9013 -0.4318 -0.0356
vn 0.7970 -0.1914 0.5728
vn 0.6034 -0.3143 0.7329
vn -0.2238 -0.7995 -0.5574
vn -0.0667 -0.7917 -0.6073
vn 0.6644 -0.4151 -0.6214
vn 0.9695 0.2386 -0.0562
vn -0.8775 -0.1248 0.4631
vn -0.7164 -0.5434 -0.4375
vn -0.8152 -0.0982 -0.5708
vn -0.3004 -0.3218 -0.8979
vn -0.3262 -0.9400 0.1000
vn 0.3048 -0.8182 0.4875
vn 0.3133 -0.8868 0.3398
vn 0.4994 0.8456 0.1887
vn 0.5817 0.7860 0.2094
vn 0.9303 -0.3627 -0.0548
vn 0.8914 0.2302 -0.3903
vn -0.2413 -0.0269 -0.9701
vn -0.2538 -0.0966 0.9624
vn -0.2913 0.5667 -0.7707
vn -0.4032 0.3789 -0.8330
vn -0.4635 0.7612 0.4537
vn 0.6416 0.6177 0.4548
vn 0.4349 0.0168 0.9003
vn -0.4468 -0.3705 0.8143
vn 0.8659 -0.1239 -0.4847
vn 0.6719 0.2339 0.7027
vn 0.9327 -0.0826 -0.3511
vn -0.3422 0.4721 -0.8124
vn 0.3873 0.0342 -0.9213
vn 0.0713 -0.0028 -0.9974
vn -0.1635 -0.0532 -0.9851
vn -0.9755 0.0858 -0.2028
vn -0.7726 -0.6317 -0.0640
vn -0.3187 0.9398 0.1236
vn -0.6087 0.7488 -0.2622
vn -0.2200 -0.1396 -0.9654
vn -0.3202 -0.1259 -0.9389
vn -0.8355 -0.5481 0.0402
vn -0.6356 0.3947 -0.6635
vn -0.3838 0.5829 0.7162
vn -0.3171 0.2741 0.9079
vn 0.1238 0.8705 0.4763
vn -0.3438 0.8249 0.4487
vn -0.6274 0.7725 0.0980
vn -0.2266 0.9305 -0.2877
vn -0.7549 0.6357 -0.1613
vn -0.7531 0.4898 0.4392
vn -0.2238 0.6943 0.6840
vn -0.1546 -0.0270 0.9876
vn -0.2320 0.0603 0.9708
vn -0.3423 0.8942 0.2884
vn -0.2832 0.1882 -0.9404
vn 0.9505 0.3044 -0.0626
vn -0.8479 0.3106 -0.4297
vn 0.8677 -0.1761 -0.4648
vn 0.9795 -0.1159 -0.1645
vn -0.2785 -0.1545 0.9479
vn -0.2912 -0.2347 0.9274
vn 0.9868 -0.0008 -0.1621
vn 0.9998 0.0196 -0.0094
vn -0.6161 0.6649 0.4223
vn -0.6903 0.6804 -0.2460
vn -0.7151 0.3013 0.6308
vn 0.0119 -0.3662 -0.9305
vn 0.1427 0.7670 -0.6256
vn 0.8233 -0.5245 -0.2171
vn 0.7410 -0.6666 -0.0808
vn -0.1808 0.1834 0.9663
vn 0.6574 0.0720 0.7501
vn 0.8195 -0.0211 0.5727
vn -0.0941 0.6280 0.7725
vn -0.4224 0.3788 0.8235
vn -0.9221 -0.1821 -0.3415
vn 0.4763 -0.0984 -0.8737
vn -0.7902 -0.3262 -0.5187
vn -0.6470 0.3040 0.6992
vn -0.5537 0.2740 0.7863
vn -0.5205 -0.2177 0.8257
vn -0.8395 -0.5351 -0.0947
vn -0.3351 0.0810 0.9387
vn 0.0949 -0.0856 -0.9918
vn -0.9707 -0.2377 -0.0365
vn -0.9010 0.4137 -0.1304
vn -0.4424 0.4788 -0.7583
vn -0.3951 -0.1882 -0.8992
vn 0.2417 0.8487 -0.4704
vn 0.8384 0.5312 0.1220
vn -0.3109 0.0475 -0.9492
vn 0.9494 -0.2662 -0.1667
vn 0.2498 -0.0413 0.9674
vn -0.5715 -0.4107 0.7104
vn 0.7425 -0.5100 -0.4343
vn 0.0683 -0.5415 0.8379
vn -0.6128 -0.5136 0.6006
vn 0.8283 -0.1607 -0.5368
vn 0.8236 0.1852 0.5360
vn 0.6617 0.3784 0.6473
vn -0.2898 -0.3274 0.8993
vn -0.9255 -0.2449 -0.2890
vn -0.8750 -0.2043 -0.4389
vn -0.3991 -0.3041 0.8650
vn 0.5467 0.4357 -0.7150
vn -0.5143 0.2950 0.8053
vn 0.3211 0.2574 0.9114
vn 0.4871 0.2103 0.8476
vn -0.1117 0.2961 0.9486
vn 0.1181 0.9735 -0.1961
vn -0.7374 -0.1111 0.6663
vn -0.1548 0.1597 0.9749
vn 0.8945 -0.3525 0.2749
vn 0.9276 -0.3459 0.1409
vn -0.1322 0.0883 0.9873
vn 0.6352 0.2024 -0.7453
vn -0.8441 -0.1646 0.5103
vn -0.6173 -0.2158 0.7565
vn -0.9061 -0.3905 -0.1625
vn -0.8469 -0.3050 -0.4356
vn 0.9448 0.2412 0.2216
vn -0.2175 0.7636 0.6080
vn 0.5401 0.1272 0.8319
vn 0.1619 -0.7226 0.6721
vn 0.4003 -0.4567 0.7945
vn 0.1003 0.8615 0.4978
vn 0.0851 0.9830 0.1628
vn 0.4627 0.3369 -0.8200
vn 0.3367 -0.0415 -0.9407
vn -0.7032 0.4804 -0.5242
vn 0.3657 0.9267 0.0865
vn 0.8429 0.5362 0.0444
vn 0.8187 0.2640 -0.5099
vn -0.0048 0.7470 -0.6648
vn 0.7408 -0.4428 -0.5051
vn 0.9327 -0.2608 -0.2491
vn -0.4694 -0.3386 -0.8155
vn 0.2247 -0.4282 -0.8753
vn 0.6024 -0.5476 -0.5807
vn 0.4099 0.7598 0.5047
vn -0.8282 -0.4604 -0.3194
vn -0.9096 0.0566 -0.4117
vn -0.8189 0.0595 -0.5708
vn 0.9972 -0.0683 0.0320
vn 0.9785 -0.1339 -0.1567
vn -0.2849 -0.7811 0.5557
vn -0.6820 -0.6304 0.3709
vn 0.4900 -0.1862 0.8516
vn -0.6437 -0.3642 -0.6730
vn -0.2950 0.6359 -0.7132
vn -0.9805 -0.0082 -0.1966
vn 0.5089 0.2213 -0.8319
vn -0.1756 -0.5492 0.8170
vn -0.1599 -0.5985 0.7850
vn -0.9395 0.2906 0.1815
vn 0.5074 0.3402 0.7917
vn 0.2887 0.3796 0.8790
vn -0.9083 -0.3301 0.2569
vn -0.3333 -0.1404 -0.9323
vn 0.7693 -0.0082 0.6388
vn 0.0650 -0.4653 0.8828
vn -0.9618 0.2720 0.0315
vn -0.9669 0.2381 -0.0912
vn 0.1508 -0.9873 0.0497
vn -0.8481 0.3172 0.4244
vn -0.3515 0.8684 -0.3499
vn 0.7980 0.0022 -0.6027
vn 0.9724 -0.0479 0.2283
vn -0.9001 -0.4336 0.0427
vn -0.4108 -0.1755 0.8947
vn 0.3515 -0.7873 -0.5066
vn 0.2340 -0.9094 -0.3438
vn -0.1983 -0.1109 0.9738
vn 0.2710 0.8637 -0.4249
vn 0.9922 -0.0114 -0.1243
vn 0.3295 0.6286 -0.7045
vn 0.8569 -0.1075 -0.5042
vn 0.5774 -0.1431 0.8039
vn -0.4172 0.8524 -0.3151
vn -0.3244 0.2268 0.9183
vn -0.4565 0.3347 0.8244
vn 0.7431 0.2627 0.6155
vn 0.8038 -0.2676 -0.5312
vn -0.7084 0.3325 -0.6226
vn 0.4884 -0.1259 -0.8635
vn 0.6152 -0.1249 -0.7784
vn 0.5991 -0.4463 0.6647
vn 0.5489 -0.1737 0.8177
vn 0.9363 0.3511 0.0037
vn -0.1765 -0.2852 0.9421
vn -0.3381 0.2043 0.9187
vn -0.8967 0.1135 0.4277
vn 0.6714 -0.3505 0.6529
vn 0.8176 0.1318 -0.5604
vn 0.7767 -0.3224 0.5411
vn 0.9834 0.0852 -0.1604
vn 0.7543 0.3885 -0.5293
vn 0.6062 0.4568 -0.6511
vn -0.8775 0.4366 0.1985
vn -0.0203 -0.1898 0.9816
vn -0.3237 0.3832 0.8651
vn -0.6327 -0.1058 -0.7671
vn -0.0403 -0.1588 0.9865
vn 0.5648 -0.1691 0.8078
vn -0.1181 0.6846 0.7193
vn 0.0898 -0.2634 0.9605
vn 0.6165 0.0096 0.7873
vn 0.3482 0.9310 0.1097
vn -0.8167 0.0375 0.5758
vn -0.5409 0.7001 -0.4662
vn -0.5887 0.6128 -0.5271
vn 0.5965 0.1171 0.7940
vn -0.7453 -0.0789 -0.6621
vn 0.5713 0.3843 -0.7252
vn 0.7989 0.4110 -0.4392
vn -0.4820 0.1099 -0.8693
vn -0.2415 0.2989 0.9232
vn -0.9834 -0.0136 0.1810
vn -0.1571 -0.1365 -0.9781
vn 0.2101 -0.1379 -0.9679
vn -0.9685 -0.1024 -0.2268
vn 0.9453 -0.1493 -0.2900
vn 0.9928 0.0151 0.1186
vn 0.9528 0.0360 0.3016
vn 0.8220 0.3391 -0.4575
vn 0.7823 0.4271 -0.4534
vn -0.8865 0.4626 0.0105
vn -0.5716 0.5778 0.5826
vn -0.2356 0.5228 0.8193
vn 0.6029 -0.3026 0.7382
vn -0.3213 0.5224 -0.7898
vn 0.3310 -0.0735 0.9408
vn -0.8377 -0.1449 -0.5266
vn -0.9419 -0.3128 -0.1223
vn -0.6214 0.1517 -0.7687
vn -0.0437 0.4035 -0.9139
vn -0.4120 0.2165 -0.8851
vn -0.3706 0.0585 -0.9269
vn -0.4499 0.1789 0.8750
vn -0.4464 -0.5119 0.7340
vn -0.7742 -0.4245 0.4695
vn -0.4079 0.6381 -0.6530
vn -0.0372 0.6196 -0.7841
vn 0.4858 0.0103 0.8740
vn 0.2771 0.3814 0.8819
vn 0.3671 -0.5284 -0.7655
vn 0.3728 0.3747 0.8489
vn -0.3357 0.1876 -0.9231
vn -0.2776 0.2200 -0.9352
vn 0.1248 0.8302 -0.5434
vn -0.6576 -0.0934 -0.7475
vn -0.0677 0.1532 0.9859
vn 0.3266 0.4863 -0.8105
vn 0.7250 -0.3314 0.6038
vn 0.4079 -0.0878 -0.9088
vn 0.9917 -0.0059 -0.1286
vn -0.0437 0.9796 0.1964
vn 0.9686 0.1276 0.2134
vn 0.4973 0.4624 -0.7341
vn 0.5738 0.0865 -0.8144
vn 0.3461 0.8695 -0.3525
vn -0.8706 -0.4626 0.1672
vn -0.9878 -0.0099 0.1554
vn -0.9563 0.2341 -0.1751
vn -0.7446 -0.2280 -0.6273
vn -0.8560 -0.3754 0.3555
vn -0.9439 0.2256 0.2413
vn -0.9812 -0.1640 0.1013
vn 0.0361 0.2991 0.9535
vn 0.2851 0.3257 0.9014
vn -0.0687 0.7277 0.6825
vn -0.0198 -0.0987 0.9949
vn -0.3760 0.0432 0.9256
vn -0.0876 -0.0572 0.9945
vn 0.9469 -0.2018 0.2504
vn 0.8877 -0.1827 0.4227
vn -0.7813 -0.0853 -0.6183
vn -0.4220 0.3391 -0.8408
vn 0.0543 -0.0572 0.9969
vn -0.0539 -0.0001 -0.9985
vn 0.8754 0.0622 -0.4795
vn 0.9624 -0.2605 0.0767
vn 0.4585 0.6510 -0.6050
vn 0.6898 -0.3749 0.6193
vn 0.9525 -0.0333 -0.3029
vn 0.0290 -0.1651 -0.9859
vn 0.6027 -0.1840 -0.7765
vn 0.5111 0.1604 0.8444
vn 0.8055 0.1644 0.5693
vn 0.9795 -0.0073 -0.2012
vn 0.7235 0.0207 0.6900
vn -0.8036 0.5106 -0.3058
vn 0.3403 0.5496 0.7630
vn 0.0426 0.8652 -0.4996
vn 0.6291 -0.7707 -0.1011
vn 0.7775 0.6287 0.0162
vn 0.8936 0.4323 -0.1206
vn 0.2148 -0.4679 -0.8573
vn -0.3805 -0.6133 -0.6921
vn 0.3053 -0.0908 -0.9479
vn -0.5633 -0.4953 -0.6614
vn -0.9268 0.2733 0.2576
vn -0.3729 0.2366 -0.8972
vn -0.3250 0.1453 -0.9345
vn -0.9294 0.3174 0.1883
vn 0.2225 0.0232 0.9747
vn 0.9739 0.1732 0.1464
vn -0.2223 0.3893 -0.8939
vn 0.9395 -0.0063 -0.3424
vn 0.4883 0.0155 -0.8725
vn 0.1597 0.4243 -0.8913
vn 0.0330 0.4696 -0.8823
vn -0.7441 0.1157 0.6579
vn 0.5368 -0.1160 -0.8357
vn -0.3695 -0.4463 -0.8150
vn -0.7178 -0.4057 0.5658
vn 0.1749 0.3720 0.9116
vn 0.9649 0.1301 0.2282
vn 0.1940 0.5656 -0.8015
vn 0.7629 0.2166 0.6092
vn 0.7134 0.1575 0.6828
vn 0.8199 -0.2685 0.5057
vn -0.4915 0.0656 -0.8684
vn -0.4179 -0.1038 -0.9025
vn -0.7202 0.1093 -0.6851
vn -0.6298 0.1537 -0.7614
vn -0.6899 0.3961 0.6059
vn 0.9705 -0.2412 0.0073
vn 0.4071 -0.1986 0.8915
vn -0.8276 0.1933 0.5269
vn -0.7438 -0.1247 -0.6567
vn -0.8144 0.5608 -0.1491
vn 0.7135 0.1760 -0.6782
vn 0.9067 0.3464 0.2407
vn 0.7319 0.1558 0.6633
vn -0.2281 0.3447 -0.9106
vn 0.6896 0.5390 -0.4836
vn 0.7247 0.4379 -0.5321
vn 0.7998 -0.3194 -0.5083
vn -0.5308 -0.1850 0.8271
vn 0.3065 0.3512 0.8847
vn 0.0588 0.4538 0.8891
vn 0.3231 -0.8972 -0.3012
vn -0.5658 -0.8211 -0.0752
vn -0.4801 -0.8772 0.0061
vn -0.8144 0.0229 0.5798
vn 0.7162 -0.5740 -0.3968
vn -0.7632 -0.6459 0.0181
vn 0.3871 0.6090 -0.6923
vn -0.8607 0.4884 0.1439
vn 0.8828 -0.4167 -0.2167
vn -0.3768 -0.1880 0.9070
vn -0.9929 -0.0193 -0.1170
vn -0.9836 -0.0336 -0.1774
vn -0.9688 0.1957 -0.1522
vn -0.5014 0.8652 -0.0005
vn -0.7794 0.6263 0.0172
vn -0.1760 0.8052 -0.5663
vn -0.4310 0.8676 -0.2480
vn -0.2719 0.6783 -0.6826
vn -0.4613 0.2477 -0.8520
vn -0.8218 0.3758 0.4283
vn -0.3578 -0.9211 0.1532
vn -0.6052 0.5896 -0.5348
vn -0.8665 -0.4197 0.2704
vn -0.8186 -0.4872 0.3040
vn 0.1380 -0.9715 0.1926
vn -0.2748 0.7984 -0.5358
vn -0.9175 0.3911 0.0730
vn -0.5476 -0.1873 0.8155
vn -0.1443 -0.5548 -0.8194
vn 0.2150 -0.1893 0.9581
vn 0.7819 -0.4840 0.3930
vn 0.1368 -0.2580 0.9564
vn 0.2834 0.7335 0.6178
vn -0.2691 0.6034 0.7507
vn -0.0099 -0.8138 -0.5811
vn -0.9912 -0.0081 -0.1322
vn -0.9882 0.0230 -0.1512
vn -0.7740 -0.0240 0.6327
vn -0.8398 -0.3964 -0.3709
vn -0.7939 -0.5193 -0.3163
vn -0.7157 -0.1301 0.6862
vn -0.7620 0.2772 0.5853
vn 0.8384 0.4624 -0.2887
vn 0.7024 0.6553 -0.2779
vn 0.7980 0.0039 0.6027
vn 0.0357 -0.8921 0.4505
vn -0.1705 -0.7536 0.6348
vn -0.2128 -0.8011 0.5594
vn -0.6486 0.5635 -0.5117
vn -0.3547 -0.8627 -0.3605
vn 0.3759 -0.4827 -0.7910
vn 0.9303 -0.2393 -0.2780
vn 0.1825 0.9831 -0.0121
vn -0.3498 0.8913 0.2883
vn -0.2280 0.5607 0.7960
vn 0.6986 0.5053 0.5066
vn 0.3795 0.4481 0.8094
vn -0.8516 0.0487 -0.5219
vn 0.8075 0.5679 -0.1596
vn -0.8663 -0.3391 -0.3668
vn -0.2106 0.3253 0.9219
vn 0.7000 -0.0092 -0.7141
vn 0.2676 0.1954 0.9435
vn 0.2399 0.1234 0.9629
vn -0.6652 0.7325 -0.1449
vn 0.1901 0.6194 0.7617
vn 0.3122 -0.2455 -0.9178
vn 0.4370 0.4695 0.7672
vn -0.8706 -0.2121 0.4440
vn -0.9375 -0.3019 0.1729
vn -0.6254 -0.4497 -0.6377
vn 0.7711 -0.0498 -0.6348
vn 0.7588 -0.0827 -0.6460
vn 0.1369 -0.3993 0.9065
vn -0.2013 -0.3876 0.8996
vn 0.3107 0.7240 0.6159
vn -0.8018 -0.1445 -0.5799
vn 0.1786 0.1939 -0.9646
vn 0.3437 0.4548 0.8216
vn -0.1570 0.5248 0.8366
vn -0.0893 0.4710 0.8776
vn -0.7075 -0.6051 -0.3652
vn -0.8193 -0.4563 -0.3471
vn -0.1095 -0.2667 -0.9575
vn -0.9298 0.1489 0.3366
vn -0.0461 -0.3481 -0.9363
vn -0.8879 -0.3315 -0.3189
vn -0.8801 -0.3568 0.3132
vn 0.0723 0.9909 -0.1139
vn -0.1081 0.7493 -0.6534
vn -0.6616 0.4874 -0.5698
vn -0.5945 0.7111 0.3754
vn -0.8233 0.5672 0.0213
vn -0.7356 -0.5001 -0.4569
vn -0.6686 0.3741 0.6427
vn 0.8691 0.4734 -0.1436
vn 0.5303 0.0854 0.8435
vn 0.6005 0.0450 -0.7984
vn -0.8387 0.4535 -0.3016
vn 0.9670 0.1206 0.2246
vn -0.4663 -0.0962 -0.8794
vn 0.0324 -0.7551 -0.6548
vn 0.9032 -0.4266 -0.0471
vn 0.8808 -0.4734 -0.0081
vn -0.0474 0.7944 0.6055
vn 0.8886 0.0995 -0.4478
vn -0.7131 -0.6839 0.1540
vn 0.8792 0.3424 -0.3312
vn 0.7165 -0.4091 -0.5651
vn -0.4990 0.8339 0.2358
vn 0.1020 -0.1937 0.9757
vn -0.9743 0.2252 0.0092
vn -0.8601 0.2568 0.4407
vn 0.4935 0.7015 0.5142
vn 0.6848 -0.4318 -0.5870
vn 0.4944 -0.4885 -0.7190
vn 0.9693 -0.1620 -0.1852
vn 0.3944 0.6969 0.5990
vn 0.0764 0.9441 0.3206
vn 0.5939 0.6459 0.4797
vn 0.8809 0.4716 -0.0392
vn 0.5408 0.6621 -0.5188
vn 0.1343 0.7001 -0.7013
vn -0.8317 -0.3453 -0.4348
vn -0.2404 -0.7126 0.6591
vn -0.5518 -0.7160 0.4275
vn 0.5825 0.1131 0.8049
vn 0.4635 -0.0769 0.8828
vn 0.9976 0.0694 0.0060
vn -0.1117 0.7282 0.6762
vn 0.7790 0.1481 0.6093
vn 0.3186 0.1479 0.9363
vn 0.4594 0.1378 0.8775
vn -0.3925 0.6087 -0.6895
vn -0.4387 0.4585 -0.7728
vn -0.5719 -0.0814 0.8163
vn 0.1388 0.6424 0.7537
vn -0.7820 0.6014 0.1635
vn -0.6160 0.7875 -0.0173
vn -0.9274 0.3696 0.0575
vn -0.8993 -0.2396 -0.3659
vn -0.0125 0.1604 0.9870
vn 0.6634 0.1409 0.7349
vn -0.9509 -0.3093 0.0130
vn 0.5090 -0.4329 0.7440
vn 0.1185 -0.1557 0.9807
vn -0.2059 0.2403 -0.9486
vn -0.4373 0.8106 -0.3894
vn 0.9826 -0.0124 0.1852
vn 0.9021 -0.1511 0.4042
vn 0.7926 -0.1027 -0.6010
vn 0.6248 0.1468 0.7668
vn -0.2444 -0.3918 0.8870
vn -0.1622 -0.0543 -0.9853
vn 0.6708 0.4037 0.6221
vn 0.4839 0.7851 0.3865
vn 0.8323 0.2827 0.4768
vn 0.9952 0.0613 -0.0768
vn -0.0006 0.9894 0.1455
vn -0.1621 -0.0545 -0.9853
vn 0.5928 0.0116 0.8053
vn -0.7246 -0.2059 -0.6577
vn -0.7172 -0.1055 -0.6888
vn -0.5952 -0.7728 0.2205
vn -0.6635 -0.2029 -0.7202
vn 0.2610 0.3207 -0.9105
vn 0.1328 0.3394 -0.9312
vn 0.8201 0.0060 -0.5722
vn 0.9820 -0.0826 0.1697
vn -0.3004 0.7109 0.6359
vn -0.3754 0.3353 0.8641
vn -0.4279 0.1631 0.8890
vn -0.6342 -0.1597 -0.7565
vn -0.0441 0.4434 0.8952
vn -0.0180 0.4671 0.8840
vn 0.4283 0.6355 0.6424
vn -0.4461 0.1692 0.8788
vn 0.8255 -0.0492 -0.5622
vn -0.1453 -0.4529 0.8796
vn -0.5270 -0.2171 0.8217
vn -0.7303 -0.1057 0.6749
vn 0.2112 0.1520 0.9655
vn -0.7224 0.6840 0.1015
vn -0.1949 -0.2517 0.9480
vn -0.5701 0.5041 -0.6487
vn -0.9331 0.1550 0.3245
vn -0.3009 -0.3991 0.8661
vn -0.0870 0.1613 0.9831
vn -0.8568 -0.0834 -0.5088
vn 0.7257 -0.1640 -0.6681
vn -0.4715 0.7658 -0.4373
vn 0.3639 0.8497 -0.3817
vn -0.5354 -0.4713 0.7008
vn -0.5267 -0.5818 0.6198
vn -0.3243 -0.3166 0.8914
vn -0.1124 0.0324 -0.9931
vn 0.3063 0.2620 0.9152
vn 0.4688 -0.1355 -0.8729
vn -0.5808 -0.1883 -0.7919
vn 0.4199 -0.5325 -0.7349
vn 0.3573 -0.4866 -0.7973
vn 0.1727 -0.0238 -0.9847
vn 0.3975 0.2822 -0.8731
vn 0.1686 -0.6105 0.7739
vn -0.4846 0.8396 0.2453
vn -0.6792 0.6308 -0.3753
vn -0.9942 0.0080 -0.1076
vn 0.9694 -0.0138 0.2451
vn -0.0563 0.0928 0.9941
vn 0.3856 -0.6733 -0.6308
vn -0.9704 -0.2244 -0.0895
vn 0.3151 0.3908 -0.8649
vn -0.2497 0.2479 0.9361
vn -0.2898 0.6953 0.6577
vn -0.9482 0.2999 0.1048
vn -0.0448 0.1049 -0.9935
vn -0.8200 0.5656 -0.0874
vn -0.5160 -0.0720 0.8535
vn -0.3393 0.3957 0.8534
vn -0.4848 0.7178 0.4997
vn -0.8070 0.5722 0.1462
vn -0.9837 0.1045 0.1463
vn 0.6499 0.6317 -0.4225
vn -0.2118 -0.8363 0.5057
vn -0.7629 -0.1091 0.6372
vn -0.7425 -0.2689 -0.6135
vn 0.7053 -0.2980 -0.6432
vn 0.6706 0.0212 -0.7416
vn -0.9947 0.0970 -0.0348
vn -0.1625 -0.0545 -0.9852
vn -0.0680 -0.9730 0.2207
vn -0.8239 0.1777 -0.5381
vn -0.4011 0.1306 -0.9067
vn -0.6513 0.7282 -0.2132
vn 0.1200 -0.9560 -0.2676
vn 0.1764 -0.9341 -0.3104
vn 0.8520 -0.5211 0.0502
vn -0.1313 0.9913 0.0115
vn 0.2945 0.9186 0.2635
vn 0.6915 0.7217 0.0319
vn 0.6626 0.5975 -0.4516
vn 0.2369 0.6701 -0.7034
vn -0.6069 -0.7742 -0.1796
vn 0.5511 0.1132 0.8268
vn 0.9149 -0.0767 0.3963
vn 0.4263 -0.2810 0.8598
vn 0.2761 0.9508 0.1405
vn -0.6894 -0.7243 -0.0101
vn 0.1793 0.6266 -0.7585
vn -0.6358 0.7506 -0.1798
vn 0.2107 -0.1718 0.9623
vn 0.6463 0.7629 0.0144
vn 0.7680 0.4762 0.4283
vn -0.4344 -0.2600 -0.8624
vn 0.7495 0.4500 0.4855
vn -0.2225 0.0665 -0.9727
vn 0.0991 0.9321 0.3483
vn 0.1427 0.6420 0.7533
vn 0.5231 0.3196 0.7901
vn 0.8599 0.2873 0.4220
vn 0.8163 0.5774 0.0170
vn -0.5173 0.2380 0.8220
vn 0.9275 0.1570 0.3392
vn 0.9189 -0.0801 -0.3863
vn -0.4900 -0.1204 -0.8634
vn 0.1277 0.8028 0.5823
vn 0.9429 -0.0910 0.3203
vn -0.1738 0.1751 0.9691
vn -0.9700 0.2383 0.0480
vn -0.5087 0.8360 -0.2059
vn -0.8010 -0.2122 -0.5597
vn -0.1001 -0.0896 0.9909
vn -0.3684 0.4905 0.7897
vn 0.8572 0.5134 0.0399
vn 0.7679 -0.1546 0.6217
vn 0.3101 0.7217 -0.6189
vn 0.6536 -0.7121 0.2565
vn 0.1399 0.1277 0.9819
vn 0.0100 0.5558 0.8312
vn -0.6362 0.3734 0.6751
vn 0.0729 -0.2716 0.9596
vn 0.3345 0.2850 0.8983
vn -0.7449 0.5815 -0.3270
vn -0.9377 0.2042 -0.2812
vn -0.9281 0.0069 -0.3722
vn -0.7780 -0.0690 0.6245
vn 0.7910 -0.4168 -0.4478
vn -0.2073 0.2796 0.9375
vn -0.3512 0.2648 0.8981
vn 0.3727 -0.0917 0.9234
vn -0.3096 0.1496 -0.9390
vn -0.5599 -0.7040 0.4369
vn -0.5122 0.3100 -0.8010
vn 0.2313 0.8932 0.3856
vn -0.3532 -0.8197 0.4509
vn -0.7209 -0.2674 -0.6393
vn -0.7175 -0.2751 -0.6399
vn -0.1623 -0.0547 -0.9852
vn 0.2044 0.0536 -0.9774
vn 0.3255 -0.7395 -0.5893
vn -0.8554 -0.4942 0.1547
vn -0.0540 -0.9714 -0.2311
vn -0.6312 0.4383 -0.6399
vn 0.6097 -0.0390 -0.7917
vn 0.6368 0.6689 0.3835
vn 0.4122 0.9060 -0.0961
vn -0.1619 0.9751 -0.1517
vn -0.5238 0.8050 0.2786
vn -0.2997 0.5620 0.7709
vn 0.6935 -0.7126 0.1062
vn -0.1659 -0.9776 0.1298
vn -0.1895 0.9069 0.3763
vn 0.2855 -0.9495 0.1302
vn 0.6100 0.3543 -0.7087
vn -0.7835 0.1316 -0.6073
vn 0.2113 0.9714 0.1082
vn 0.4003 0.8514 -0.3390
vn 0.0965 0.7010 -0.7066
vn -0.3962 0.6707 -0.6270
vn -0.5851 0.7908 -0.1799
vn 0.3750 0.0234 0.9267
vn -0.9395 -0.2003 0.2779
vn -0.5945 -0.8002 0.0787
vn -0.5306 -0.8447 0.0710
vn -0.2968 0.2649 -0.9175
vn 0.9277 0.2823 -0.2442
vn 0.4570 0.0767 0.8861
vn 0.7782 0.6021 -0.1784
vn 0.2032 0.9726 -0.1131
vn 0.5356 0.7406 -0.4058
vn 0.3791 0.4708 -0.7966
vn -0.1097 0.4330 -0.8947
vn -0.4421 0.6650 -0.6020
vn 0.8933 0.4139 0.1753
vn -0.1714 0.2679 -0.9481
vn -0.7093 -0.0808 -0.7003
vn 0.2008 -0.0031 0.9796
vn -0.5047 -0.2878 0.8139
vn -0.4586 -0.6664 0.5879
vn -0.3137 0.5572 0.7689
vn -0.7478 -0.3790 0.5451
vn 0.0813 0.1681 0.9824
vn -0.0688 0.8755 -0.4784
vn 0.6700 -0.2644 -0.6936
vn -0.9073 -0.4177 -0.0479
vn 0.7960 0.0627 0.6020
vn 0.9979 -0.0432 -0.0488
vn 0.5841 0.4635 0.6663
vn 0.9619 0.1720 -0.2126
vn -0.2298 0.1282 0.9648
vn -0.4320 0.6507 -0.6245
vn -0.4871 0.8562 -0.1720
vn -0.0845 0.9922 0.0915
vn 0.3731 0.9227 -0.0974
vn 0.4282 0.7171 -0.5499
vn -0.1709 0.9846 -0.0360
vn -0.3015 0.7132 0.6328
vn -0.3819 0.0682 0.9217
vn -0.1630 -0.0382 -0.9859
vn -0.2518 0.8477 -0.4669
vn -0.6617 0.7496 -0.0150
vn -0.3604 0.7715 0.5242
vn 0.2357 0.8832 0.4054
vn 0.0679 0.9163 -0.3946
vn -0.8853 -0.1039 0.4533
vn 0.7979 0.4764 0.3694
vn 0.7793 0.4671 -0.4177
vn -0.4598 0.8864 0.0535
vn -0.8842 0.4456 0.1402
vn -0.7398 0.1407 0.6580
vn 0.0618 0.6908 0.7204
vn -0.2261 0.3930 0.8913
vn -0.6039 0.1438 -0.7840
vn -0.6120 0.2149 0.7611
vn 0.0418 -0.0785 0.9960
vn 0.9606 -0.2724 -0.0554
vn 0.9217 0.0275 0.3870
vn -0.7927 0.5224 -0.3142
vn 0.0955 -0.4337 0.8960
vn -0.0494 -0.0086 -0.9987
vn -0.5370 -0.4409 -0.7192
vn -0.1722 0.4534 -0.8745
vn -0.2818 -0.1504 -0.9476
vn -0.7549 -0.3044 -0.5809
vn -0.5945 -0.8039 -0.0179
vn -0.6026 0.2972 -0.7406
vn -0.9451 0.3084 0.1080
vn -0.5942 0.8043 -0.0062
vn -0.3526 0.7410 -0.5714
vn -0.5540 0.2061 -0.8066
vn -0.8060 0.1573 -0.5706
vn 0.2741 0.9219 0.2739
vn 0.7816 0.5697 0.2542
vn 0.8625 0.3838 -0.3297
vn 0.4051 0.6212 -0.6708
vn 0.5376 0.7282 -0.4252
vn -0.5000 0.7850 0.3657
vn -0.0880 0.4559 0.8857
vn 0.5240 -0.4880 0.6981
vn -0.6501 -0.7517 -0.1108
vn 0.8812 0.4221 0.2129
vn 0.5304 -0.1150 -0.8399
vn -0.4286 -0.3970 -0.8116
vn 0.8776 -0.2371 0.4167
vn 0.7434 0.0142 0.6687
vn 0.6325 0.6381 0.4390
vn -0.0016 0.8233 0.5676
vn -0.3266 0.2999 0.8963
vn 0.1567 0.9260 -0.3434
vn -0.0817 0.5895 -0.8036
vn -0.6504 0.4138 -0.6370
vn -0.7633 0.6418 -0.0738
vn 0.0295 -0.6193 -0.7846
vn -0.7329 -0.6557 -0.1814
vn -0.3643 0.1538 0.9185
vn -0.6675 0.5550 0.4965
vn -0.6738 0.7372 0.0499
vn -0.9703 -0.0032 -0.2417
vn -0.6937 0.0840 0.7154
vn -0.6286 0.6368 0.4466
vn -0.4217 0.7053 0.5698
vn 0.9682 0.2369 -0.0803
vn 0.6410 0.7608 -0.1014
vn 0.3507 0.8265 0.4403
vn 0.4985 0.3432 0.7960
vn -0.8303 0.5573 0.0016
vn -0.9873 -0.0198 0.1573
vn -0.7063 -0.1570 0.6903
vn 0.2256 0.9441 0.2404
vn 0.2178 0.9059 0.3631
vn 0.1349 0.9023 0.4094
vn 0.1462 0.9392 0.3108
vn -0.5063 0.6286 0.5903
vn -0.4637 0.7927 0.3957
vn -0.6508 0.7386 0.1760
vn -0.6764 0.6447 0.3562
vn -0.3861 0.7904 0.4756
vn -0.3421 0.5376 0.7707
vn -0.0447 0.5308 0.8463
vn -0.1188 0.7246 0.6788
vn -0.0100 0.8539 0.5203
vn -0.1944 0.9079 0.3713
vn -0.3350 0.8492 0.4082
vn -0.1978 0.8302 0.5211
vn -0.8308 0.5081 -0.2270
vn -0.4926 0.6397 -0.5900
vn -0.2056 0.9310 -0.3017
vn -0.4753 0.8699 0.1317
vn 0.3310 0.9386 -0.0969
vn 0.4606 0.2225 -0.8593
vn 0.0748 0.4241 -0.9025
vn 0.0948 0.7727 -0.6277
vn -0.2293 0.5578 -0.7977
vn -0.0234 0.8276 -0.5608
vn 0.2321 0.7781 -0.5837
vn 0.0784 0.6457 -0.7595
vn 0.5671 0.0182 -0.8235
vn 0.7634 0.0871 -0.6400
vn 0.6895 0.3955 -0.6068
vn 0.4746 0.4037 -0.7822
vn 0.2427 0.9139 0.3253
vn 0.1545 0.9499 0.2718
vn 0.1052 0.9501 0.2938
vn 0.1792 0.9240 0.3378
vn 0.3434 0.8599 0.3776
vn 0.0670 0.9408 0.3323
vn -0.0671 0.8734 0.4823
vn 0.1394 0.8476 0.5120
vn -0.1951 0.9214 0.3362
vn -0.0202 0.9546 0.2972
vn 0.0343 0.8871 0.4604
vn -0.1374 0.8500 0.5085
vn -0.0445 0.9109 -0.4103
vn -0.1391 0.8004 -0.5831
vn -0.3506 0.7537 -0.5558
vn -0.2644 0.8579 -0.4405
vn -0.3313 0.8513 -0.4068
vn -0.3673 0.9097 -0.1937
vn -0.5096 0.8521 -0.1196
vn -0.4808 0.8290 -0.2858
vn 0.2844 0.7758 -0.5632
vn -0.2324 0.8603 -0.4537
vn -0.4559 0.4810 -0.7489
vn -0.0194 0.2593 -0.9656
vn 0.9632 -0.0135 -0.2685
vn -0.0906 0.5950 0.7986
vn 0.4864 0.1768 0.8557
vn 0.8573 0.0244 0.5142
vn 0.4045 0.8476 0.3435
vn 0.3135 0.9289 0.1971
vn 0.4228 0.9062 0.0003
vn 0.4910 0.8607 0.1347
vn 0.4866 0.4726 -0.7348
vn 0.5485 0.7647 -0.3382
vn 0.0817 0.9583 -0.2737
vn -0.1719 0.7456 -0.6438
vn -0.7793 0.5570 -0.2871
vn -0.1420 0.9076 -0.3952
vn -0.0531 0.6431 -0.7639
vn -0.4330 0.5661 -0.7014
vn -0.5469 0.2025 -0.8123
vn -0.3308 -0.0678 -0.9413
vn -0.2462 -0.0123 -0.9691
vn -0.3944 0.1565 -0.9055
vn 0.7188 0.5401 -0.4378
vn 0.6279 0.4694 -0.6207
vn 0.7389 0.2828 -0.6116
vn 0.8364 0.3422 -0.4283
vn -0.3950 0.8097 0.4341
vn -0.3682 0.8793 0.3022
vn -0.4101 0.8752 0.2565
vn -0.4320 0.8261 0.3620
vn -0.2807 0.1810 -0.9426
vn 0.2338 -0.1555 -0.9598
vn 0.4111 0.0641 -0.9093
vn 0.1201 0.2263 -0.9666
vn 0.2546 0.7996 0.5439
vn -0.0696 0.8674 0.4928
vn -0.0510 0.9883 0.1435
vn 0.2791 0.9556 0.0941
vn -0.1833 0.9082 -0.3764
vn -0.4902 0.7165 -0.4963
vn -0.5255 0.7357 -0.4273
vn -0.3411 0.8670 -0.3633
vn -0.2495 0.7060 -0.6628
vn -0.4101 0.5318 -0.7410
vn -0.6017 0.5156 -0.6100
vn -0.4767 0.6588 -0.5820
vn -0.6131 0.7757 0.1492
vn -0.5892 0.8056 -0.0629
vn -0.3782 0.9247 -0.0441
vn -0.3682 0.9140 0.1706
vn 0.1642 0.8262 -0.5389
vn 0.2092 0.9170 -0.3396
vn 0.2710 0.9065 -0.3237
vn 0.2380 0.8493 -0.4713
vn -0.3432 0.9197 0.1906
vn -0.5393 0.8396 0.0651
vn -0.5026 0.8444 -0.1854
vn -0.3737 0.9252 -0.0668
vn -0.1300 0.9088 0.3964
vn 0.1122 0.9608 0.2536
vn 0.3061 0.8322 0.4623
vn 0.1044 0.7532 0.6494
vn 0.4244 0.8141 -0.3965
vn 0.4293 0.6841 -0.5897
vn 0.3709 0.6899 -0.6217
vn 0.3733 0.7891 -0.4879
vn 0.7468 -0.3095 -0.5887
vn 0.5858 -0.0825 -0.8063
vn 0.4120 -0.1718 -0.8948
vn 0.5521 -0.3192 -0.7702
vn 0.2589 0.7690 0.5845
vn 0.8029 0.5937 0.0537
vn 0.9477 -0.0733 0.3106
vn 0.4350 -0.0450 0.8993
vn -0.1246 0.8067 -0.5777
vn -0.3564 0.4633 -0.8114
vn -0.6302 0.4278 -0.6479
vn -0.4800 0.6725 -0.5634
vn 0.6845 0.6502 -0.3296
vn 0.6466 0.5101 -0.5671
vn 0.5261 0.5536 -0.6456
vn 0.5734 0.6595 -0.4860
vn 0.3672 0.5571 -0.7448
vn 0.5455 0.6411 -0.5398
vn 0.3557 0.8323 -0.4251
vn 0.1513 0.7747 -0.6140
vn 0.0985 0.3567 0.9290
vn 0.3513 0.6740 0.6498
vn 0.4926 0.5863 0.6431
vn 0.3488 0.4292 0.8331
vn -0.5988 0.5211 -0.6082
vn -0.0993 0.8637 -0.4941
vn 0.1500 0.6647 -0.7319
vn -0.1772 0.5551 -0.8127
vn -0.2743 0.9102 -0.3102
vn -0.3606 0.9273 -0.1006
vn -0.5833 0.7982 -0.1505
vn -0.5392 0.7568 -0.3696
vn -0.1105 0.8477 -0.5188
vn -0.3023 0.7634 -0.5708
vn -0.3819 0.7770 -0.5004
vn -0.2409 0.8478 -0.4725
vn 0.7678 0.3580 -0.5313
vn 0.7251 0.1147 -0.6790
vn 0.5268 0.1313 -0.8398
vn 0.5966 0.3075 -0.7413
vn 0.5112 0.7821 -0.3563
vn 0.5671 0.8179 -0.0970
vn 0.3016 0.9533 -0.0150
vn 0.1817 0.9499 -0.2542
vn -0.3473 0.9319 -0.1043
vn -0.4255 0.8119 -0.3996
vn -0.2788 0.8096 -0.5166
vn -0.2480 0.9142 -0.3205
vn -0.2048 0.6947 -0.6895
vn -0.3696 0.5953 -0.7134
vn -0.4637 0.6158 -0.6370
vn -0.3388 0.6972 -0.6318
vn 0.0163 0.9150 -0.4030
vn -0.1958 0.9468 -0.2554
vn -0.4048 0.8033 -0.4368
vn -0.2479 0.7336 -0.6327
vn -0.5106 0.6259 0.5895
vn -0.3747 0.7100 0.5963
vn -0.2811 0.6747 0.6825
vn -0.3977 0.6180 0.6782
vn 0.1003 0.6948 -0.7122
vn 0.3258 0.8203 -0.4700
vn 0.4240 0.7620 -0.4894
vn 0.2799 0.7011 -0.6558
vn 0.8637 0.4846 0.1382
vn 0.4942 0.7913 -0.3599
vn 0.5166 0.3125 -0.7972
vn 0.8918 -0.1376 -0.4311
vn -0.3067 0.8808 -0.3608
vn -0.1834 0.5244 -0.8315
vn 0.2600 0.5411 -0.7997
vn 0.1202 0.7965 -0.5925
vn 0.2135 0.9576 0.1937
vn 0.4198 0.8490 0.3208
vn 0.6289 0.7669 0.1279
vn 0.4682 0.8815 0.0622
vn -0.3784 0.8984 0.2231
vn -0.2947 0.8830 0.3652
vn -0.4222 0.7940 0.4374
vn -0.5139 0.8037 0.2999
vn 0.8079 0.0654 -0.5857
vn 0.7803 0.4879 -0.3913
vn 0.8876 0.4499 -0.0986
vn 0.9383 0.2149 -0.2710
vn -0.3017 0.6844 -0.6638
vn -0.1735 0.5861 -0.7914
vn -0.0310 0.6191 -0.7847
vn -0.1386 0.6996 -0.7010
vn 0.8019 0.1611 0.5754
vn 0.5946 0.1055 0.7970
vn 0.4593 0.4028 0.7917
vn 0.6395 0.5170 0.5690
vn 0.0749 0.9189 -0.3873
vn -0.2509 0.9578 -0.1401
vn -0.3046 0.9296 -0.2076
vn -0.1083 0.9266 -0.3600
vn 0.4882 0.8707 -0.0593
vn 0.3572 0.9251 0.1285
vn 0.4235 0.8539 0.3026
vn 0.5228 0.8386 0.1528
vn -0.4634 0.8418 0.2768
vn -0.1853 0.9215 0.3414
vn -0.1616 0.7637 0.6250
vn -0.4351 0.6484 0.6247
vn 0.3741 0.8787 -0.2966
vn 0.2369 0.9648 0.1142
vn 0.4433 0.8451 0.2988
vn 0.5245 0.8510 0.0260
vn -0.2908 0.7585 -0.5832
vn -0.0650 0.6219 -0.7804
vn 0.0923 0.6693 -0.7373
vn -0.0713 0.7747 -0.6283
vn 0.9312 -0.0436 -0.3618
vn 0.7788 -0.0167 -0.6271
vn 0.6943 -0.3239 -0.6427
vn 0.8327 -0.4029 -0.3798
vn 0.1079 0.7131 -0.6927
vn 0.2944 0.9068 -0.3018
vn 0.6634 0.7004 -0.2633
vn 0.5204 0.6609 -0.5407
vn 0.2430 0.9313 -0.2714
vn 0.8824 0.1775 0.4357
vn 0.5797 0.5039 0.6404
vn 0.4144 0.8382 0.3546
vn 0.1462 0.0913 -0.9850
vn 0.6267 0.5021 -0.5959
vn 0.1718 0.9358 -0.3077
vn -0.4449 0.6533 -0.6125
vn 0.6929 -0.3143 -0.6489
vn 0.8630 0.2469 -0.4407
vn 0.9928 0.1144 -0.0367
vn 0.9533 -0.1808 -0.2420
vn 0.5979 -0.2614 -0.7577
vn 0.8407 0.4292 -0.3302
vn 0.9648 0.1998 -0.1711
vn 0.9003 -0.0952 -0.4248
vn 0.3456 -0.0772 -0.9352
vn 0.6678 0.0336 -0.7436
vn 0.5753 0.4282 -0.6969
vn 0.2276 0.4262 -0.8755
vn 0.2382 0.9580 0.1596
vn 0.1933 0.9206 0.3393
vn 0.1216 0.9253 0.3591
vn 0.1589 0.9609 0.2268
vn 0.8149 0.2941 -0.4994
vn 0.7380 0.2129 -0.6403
vn 0.7003 0.2459 -0.6702
vn 0.7643 0.3075 -0.5669
vn -0.4082 0.7609 0.5045
vn -0.5075 0.8131 0.2851
vn -0.2665 0.9524 0.1478
vn -0.0987 0.9396 0.3278
vn -0.6973 0.7133 -0.0710
vn -0.3312 0.9219 0.2010
vn -0.3699 0.7897 0.4895
vn -0.6110 0.7294 0.3076
vn 0.8302 0.4738 0.2937
vn 0.9364 -0.1676 -0.3083
vn 0.9277 0.0618 -0.3682
vn 0.9338 0.3438 -0.0992
vn -0.5158 0.8243 -0.2335
vn -0.3874 0.8363 -0.3879
vn -0.2360 0.9334 -0.2704
vn -0.3479 0.9318 -0.1033
vn 0.4622 0.8355 0.2972
vn 0.3406 0.8803 0.3304
vn 0.3172 0.8679 0.3822
vn 0.4157 0.8369 0.3562
vn 0.0272 0.9938 -0.1076
vn -0.1980 0.8834 -0.4246
vn -0.2765 0.8854 -0.3736
vn -0.1373 0.9728 -0.1865
vn 0.9091 0.2792 -0.3091
vn 0.7934 0.3521 -0.4966
vn 0.7868 0.1261 -0.6042
vn 0.9016 0.0207 -0.4322
vn -0.5243 0.8317 0.1827
vn -0.3415 0.9154 0.2131
vn -0.2713 0.8948 0.3545
vn -0.4188 0.8471 0.3271
vn -0.1993 0.7869 -0.5840
vn 0.0032 0.5549 -0.8319
vn 0.2922 0.5736 -0.7652
vn 0.1334 0.7511 -0.6466
vn -0.2051 0.8415 -0.4998
vn -0.0386 0.8486 -0.5277
vn -0.0064 0.9301 -0.3671
vn -0.1697 0.9307 -0.3242
vn 0.2556 0.7877 -0.5606
vn -0.0138 0.9150 -0.4031
vn -0.2138 0.8388 -0.5007
vn -0.0140 0.7897 -0.6134
vn 0.5361 -0.1857 -0.8235
vn 0.8842 0.2095 -0.4174
vn 0.9423 0.0275 -0.3337
vn 0.7990 -0.1613 -0.5793
vn -0.2680 0.7878 0.5545
vn -0.3908 0.7970 0.4605
vn -0.3089 0.8819 0.3562
vn -0.1827 0.8766 0.4452
vn 0.9831 -0.1481 0.1075
vn 0.6142 0.7006 0.3634
vn 0.6659 0.4975 0.5559
vn 0.8772 0.1638 0.4514
vn 0.3892 0.9206 -0.0325
vn 0.0975 0.9658 -0.2401
vn 0.1317 0.9036 -0.4075
vn 0.3239 0.9076 -0.2671
vn -0.4922 0.8243 -0.2797
vn -0.3957 0.9181 -0.0227
vn -0.6150 0.7736 0.1526
vn -0.7576 0.6492 -0.0673
vn -0.4490 0.8311 -0.3281
vn -0.1974 0.9340 -0.2977
vn -0.0345 0.8637 -0.5029
vn -0.2386 0.8231 -0.5154
vn -0.2954 0.6644 0.6865
vn -0.4806 0.8242 0.2996
vn -0.7776 0.5850 0.2306
vn -0.6559 0.5593 0.5069
vn 0.4978 0.8601 -0.1114
vn 0.0698 0.8881 -0.4543
vn 0.2060 0.5171 -0.8308
vn 0.6890 0.3380 -0.6411
vn -0.3099 0.9366 -0.1634
vn -0.5805 0.8047 -0.1240
vn -0.6177 0.7859 0.0272
vn -0.4431 0.8964 -0.0125
vn 0.4024 0.3643 0.8399
vn -0.3168 0.8958 0.3118
vn -0.5712 0.5643 0.5961
vn -0.2321 0.4414 0.8668
vn -0.4671 0.7298 -0.4992
vn -0.2407 0.7667 -0.5952
vn -0.1081 0.9257 -0.3626
vn -0.2965 0.9338 -0.2004
vn -0.2180 0.6343 -0.7417
vn -0.3381 0.6886 -0.6415
vn -0.4021 0.6544 -0.6404
vn -0.3099 0.6185 -0.7221
vn -0.3299 0.4394 -0.8355
vn -0.1890 0.6644 -0.7231
vn 0.0887 0.6427 -0.7610
vn -0.0438 0.5042 -0.8625
vn 0.5078 -0.0323 -0.8608
vn 0.7319 0.0744 -0.6773
vn 0.6356 0.4221 -0.6464
vn 0.3807 0.4267 -0.8204
vn 0.1128 0.9863 -0.1206
vn -0.2731 0.8681 -0.4146
vn -0.3924 0.8725 -0.2912
vn -0.1675 0.9757 -0.1415
vn -0.5552 -0.0617 -0.8294
vn -0.3221 0.2086 -0.9234
vn -0.2412 0.1518 -0.9585
vn -0.3994 -0.0141 -0.9167
vn -0.5126 0.7586 0.4021
vn -0.4182 0.7462 0.5180
vn -0.5096 0.6248 0.5915
vn -0.6130 0.6253 0.4829
vn 0.6740 0.7156 0.1833
vn 0.3594 0.8635 0.3538
vn 0.3123 0.6777 0.6658
vn 0.5493 0.6420 0.5349
vn 0.5186 0.1216 0.8463
vn 0.5554 0.4096 0.7237
vn 0.6959 0.4156 0.5856
vn 0.6761 0.2293 0.7003
vn -0.2386 -0.6393 -0.7310
vn 0.4886 -0.3097 -0.8157
vn 0.2634 0.3958 -0.8797
vn -0.5240 0.2562 -0.8122
vn -0.1749 0.7543 -0.6329
vn -0.2364 0.8589 -0.4542
vn -0.3353 0.8439 -0.4189
vn -0.2894 0.7784 -0.5571
vn 0.7066 -0.0576 -0.7052
vn 0.7866 -0.3730 -0.4920
vn 0.9109 -0.3008 -0.2826
vn 0.8801 -0.1155 -0.4606
vn 0.8279 0.5356 0.1666
vn 0.7775 0.5465 -0.3112
vn 0.8951 0.0813 -0.4384
vn 0.9932 -0.1156 -0.0107
vn 0.3679 0.9272 0.0703
vn 0.5264 0.8389 -0.1383
vn 0.4115 0.8391 -0.3558
vn 0.3221 0.9272 -0.1912
vn -0.2505 0.9158 -0.3138
vn -0.4014 0.8594 -0.3166
vn -0.4304 0.8612 -0.2704
vn -0.3156 0.9093 -0.2713
vn 0.2837 0.8675 -0.4085
vn -0.1612 0.9348 -0.3164
vn -0.3582 0.6681 -0.6522
vn 0.0194 0.5091 -0.8605
vn 0.4305 0.8621 0.2671
vn 0.2953 0.9116 0.2859
vn 0.2723 0.9041 0.3294
vn 0.3798 0.8697 0.3151
vn -0.1931 0.7375 -0.6472
vn 0.0035 0.8283 -0.5603
vn 0.1179 0.7840 -0.6094
vn -0.0313 0.7336 -0.6788
vn -0.7699 0.6354 -0.0600
vn -0.5594 0.7646 -0.3202
vn -0.3162 0.9436 -0.0982
vn -0.4698 0.8564 0.2143
vn -0.3149 0.5940 -0.7403
vn -0.3473 0.7054 -0.6179
vn -0.4326 0.7003 -0.5678
vn -0.4066 0.6209 -0.6702
vn 0.7221 -0.0256 -0.6913
vn 0.5396 -0.4370 -0.7196
vn 0.2734 -0.4014 -0.8741
vn 0.4426 -0.1671 -0.8810
vn -0.6171 0.7724 0.1501
vn -0.4479 0.8413 0.3028
vn -0.5285 0.6851 0.5013
vn -0.7114 0.5891 0.3834
vn 0.4748 0.2169 0.8530
vn 0.5750 0.3977 0.7150
vn 0.6684 0.3659 0.6475
vn 0.6018 0.2446 0.7603
vn 0.3883 0.8859 0.2538
vn 0.4132 0.8308 0.3730
vn 0.3733 0.8296 0.4152
vn 0.3564 0.8773 0.3214
vn -0.0192 0.4527 -0.8915
vn -0.3614 0.3686 -0.8564
vn -0.3568 -0.0269 -0.9338
vn -0.0133 -0.0859 -0.9962
vn -0.3174 0.5713 -0.7569
vn -0.0876 0.7629 -0.6405
vn 0.2169 0.6375 -0.7393
vn 0.0173 0.5451 -0.8382
vn -0.1211 0.9111 0.3941
vn 0.0959 0.9669 0.2364
vn 0.2770 0.9082 0.3138
vn 0.1121 0.8973 0.4269
vn -0.5128 0.7886 -0.3394
vn -0.6692 0.6844 0.2894
vn -0.9627 0.1401 0.2316
vn -0.9077 0.0556 -0.4160
vn 0.0988 0.3363 0.9366
vn 0.6019 0.6683 0.4372
vn 0.8017 0.3661 0.4725
vn 0.5713 0.2765 0.7728
vn -0.2714 0.7275 -0.6301
vn -0.4781 0.8477 -0.2299
vn -0.6064 0.7574 -0.2419
vn -0.4923 0.7196 -0.4897
vn 0.3016 0.8138 -0.4968
vn -0.0639 0.8243 -0.5625
vn -0.0867 0.5387 -0.8380
vn 0.2729 0.4451 -0.8529
vn -0.5054 0.8480 0.1596
vn -0.3704 0.8909 0.2629
vn -0.3663 0.8586 0.3585
vn -0.4735 0.8356 0.2785
vn -0.4586 0.7353 -0.4991
vn -0.3991 0.9141 -0.0719
vn -0.6285 0.7699 0.1107
vn -0.6661 0.7235 -0.1813
vn 0.9541 0.0331 -0.2977
vn 0.7840 -0.0149 -0.6206
vn 0.7114 -0.3918 -0.5834
vn 0.8628 -0.4386 -0.2514
vn -0.3560 0.9272 -0.1168
vn -0.6165 0.7760 -0.1335
vn -0.7071 0.6898 0.1557
vn -0.5324 0.8361 0.1324
vn -0.3243 0.9388 0.1166
vn -0.4611 0.8873 -0.0026
vn -0.4468 0.8914 -0.0759
vn -0.3484 0.9372 0.0157
vn -0.2590 0.5218 -0.8128
vn -0.6146 0.7652 -0.1916
vn -0.9816 0.1867 -0.0405
vn -0.7485 -0.2514 -0.6136
vn 0.1885 0.9820 0.0135
vn 0.2901 0.8458 0.4476
vn -0.0874 0.7818 0.6174
vn -0.0910 0.9338 0.3460
vn 0.6179 0.7543 0.2218
vn 0.4951 0.8636 -0.0947
vn 0.6499 0.6835 -0.3324
vn 0.7396 0.6668 -0.0915
vn 0.0528 0.4024 0.9139
vn -0.2341 0.6210 0.7480
vn -0.0030 0.8719 0.4897
vn 0.3634 0.7400 0.5659
vn -0.4302 0.3791 -0.8193
vn -0.8844 -0.2810 -0.3727
vn -0.9881 0.0565 -0.1427
vn -0.8411 0.3300 -0.4286
vn -0.4660 0.8025 -0.3725
vn -0.4079 0.9129 -0.0184
vn -0.5678 0.8138 0.1235
vn -0.6087 0.7840 -0.1218
vn -0.2579 0.3309 -0.9077
vn 0.1092 0.5604 -0.8210
vn -0.0745 0.8404 -0.5368
vn -0.4826 0.6741 -0.5592
vn 0.6274 0.7014 0.3381
vn 0.6260 0.7505 0.2117
vn 0.6959 0.7062 0.1306
vn 0.6983 0.6749 0.2385
vn 0.4616 0.8346 -0.3005
vn 0.1780 0.9789 0.1007
vn 0.3811 0.8323 0.4025
vn 0.5490 0.8258 0.1288
vn -0.2874 0.8426 -0.4554
vn -0.3415 0.9367 -0.0775
vn -0.6854 0.7280 -0.0169
vn -0.7211 0.5796 -0.3797
vn -0.5300 0.8329 0.1594
vn -0.2895 0.9422 0.1685
vn -0.1633 0.8884 0.4290
vn -0.3639 0.8411 0.4001
vn -0.0752 0.9355 0.3453
vn 0.0836 0.8963 0.4355
vn 0.1494 0.9048 0.3987
vn 0.0286 0.9415 0.3358
vn 0.0966 0.7202 -0.6870
vn -0.2076 0.6636 -0.7187
vn -0.2051 0.3497 -0.9142
vn 0.0997 0.2988 -0.9491
vn 0.2901 0.9295 -0.2278
vn 0.2187 0.9714 0.0924
vn 0.3273 0.9294 0.1703
vn 0.3742 0.9263 -0.0448
vn 0.3696 0.9252 -0.0856
vn 0.4581 0.5358 -0.7093
vn 0.1418 0.6034 -0.7847
vn 0.1579 0.8500 -0.5025
vn 0.8959 0.4430 -0.0336
vn 0.6912 0.3363 -0.6397
vn 0.7315 -0.2758 -0.6235
vn 0.9464 -0.3228 -0.0133
vn 0.3832 0.8626 0.3301
vn 0.2226 0.9267 0.3027
vn 0.0941 0.8913 0.4436
vn 0.2344 0.8571 0.4588
vn 0.2246 0.8734 -0.4322
vn -0.3110 0.9421 -0.1251
vn -0.4603 0.8267 -0.3236
vn -0.1659 0.8570 -0.4879
vn -0.9740 -0.2263 0.0087
vn -0.7444 -0.1840 -0.6418
vn -0.6058 0.4493 -0.6566
vn -0.7898 0.6133 -0.0113
vn 0.5276 0.3327 0.7817
vn 0.3022 0.1154 0.9462
vn 0.0926 0.2177 0.9716
vn 0.2718 0.3593 0.8927
vn -0.0101 0.9779 0.2089
vn 0.0995 0.9341 0.3428
vn 0.1750 0.9278 0.3296
vn 0.0903 0.9687 0.2313
vn -0.6343 0.0718 0.7698
vn -0.8776 0.0712 0.4741
vn -0.8145 0.4353 0.3836
vn -0.5614 0.4903 0.6666
vn 0.4195 0.8709 0.2561
vn -0.0128 0.9916 0.1290
vn -0.2451 0.8583 0.4508
vn 0.0599 0.8605 0.5059
vn 0.1892 0.6228 -0.7591
vn -0.2441 0.7655 -0.5953
vn -0.3825 0.6149 -0.6896
vn -0.1206 0.5752 -0.8091
vn 0.6750 0.6910 -0.2589
vn 0.2721 0.8501 -0.4510
vn 0.2495 0.5412 -0.8030
vn 0.6465 0.3042 -0.6997
vn 0.2185 0.9152 0.3386
vn 0.2156 0.9460 0.2420
vn 0.2473 0.9441 0.2181
vn 0.2498 0.9211 0.2985
vn 0.5513 0.7841 0.2850
vn 0.6364 0.7365 0.2292
vn 0.6480 0.7448 0.1593
vn 0.5810 0.7868 0.2082
vn 0.7206 -0.1354 0.6800
vn 0.2907 0.2456 0.9247
vn 0.3843 0.7198 0.5781
vn 0.8438 0.4874 0.2246
vn 0.2739 0.9616 -0.0184
vn 0.3520 0.9221 -0.1605
vn 0.2983 0.9199 -0.2545
vn 0.2438 0.9594 -0.1417
vn -0.0299 0.8428 -0.5375
vn -0.0964 0.9207 -0.3781
vn -0.2448 0.9053 -0.3472
vn -0.1856 0.8593 -0.4765
vn 0.6989 0.5802 -0.4182
vn 0.5570 0.5927 -0.5818
vn 0.6235 0.3881 -0.6787
vn 0.7746 0.3478 -0.5283
vn -0.2902 0.8609 0.4180
vn -0.1522 0.9856 0.0738
vn -0.3796 0.9118 -0.1565
vn -0.4557 0.8843 0.1014
vn 0.7415 0.5267 -0.4157
vn 0.6261 0.1810 -0.7584
vn 0.2840 0.3162 -0.9052
vn 0.4366 0.5314 -0.7259
vn 0.6747 0.7188 0.1675
vn 0.6393 0.7143 0.2847
vn 0.5381 0.8010 0.2626
vn 0.5663 0.8115 0.1440
vn -0.3467 0.9304 -0.1190
vn -0.5457 0.7755 -0.3176
vn -0.3703 0.7026 -0.6077
vn -0.2697 0.8533 -0.4462
vn -0.8035 0.0945 0.5877
vn -0.3688 0.7412 0.5608
vn -0.1195 0.5672 0.8148
vn -0.4096 0.3070 0.8591
vn 0.4270 0.0482 -0.9030
vn 0.6435 0.1963 -0.7398
vn 0.4876 0.5210 -0.7005
vn 0.2212 0.4772 -0.8505
vn -0.0122 0.9981 -0.0610
vn 0.3900 0.7416 -0.5457
vn 0.6276 0.7013 -0.3381
vn 0.4131 0.9014 -0.1298
vn -0.2548 0.9215 -0.2930
vn -0.6536 0.6816 -0.3290
vn -0.7605 0.6488 -0.0237
vn -0.5364 0.8425 -0.0490
vn 0.9945 -0.0097 -0.1047
vn 0.8463 0.0079 -0.5326
vn 0.6907 -0.4285 -0.5825
vn 0.7866 -0.5933 -0.1712
vn -0.3700 0.6571 -0.6568
vn -0.3673 0.9219 -0.1233
vn -0.5755 0.8166 -0.0447
vn -0.5836 0.7282 -0.3594
vn 0.4934 0.7830 0.3789
vn 0.4427 0.5530 0.7058
vn 0.1227 0.5871 0.8002
vn 0.2120 0.7642 0.6092
vn -0.1390 0.3305 -0.9335
vn 0.2831 0.5215 -0.8049
vn 0.1387 0.8654 -0.4815
vn -0.3379 0.8066 -0.4850
vn 0.1173 0.7825 -0.6115
vn 0.2920 0.9003 -0.3227
vn 0.5334 0.7877 -0.3084
vn 0.4066 0.7531 -0.5171
vn 0.7287 -0.0145 -0.6847
vn 0.7978 -0.2305 -0.5572
vn 0.8490 -0.2117 -0.4842
vn 0.8095 -0.0641 -0.5837
vn -0.0061 0.8371 0.5470
vn 0.3536 0.8295 0.4322
vn 0.5008 0.5374 0.6785
vn 0.1890 0.4503 0.8726
vn 0.1794 0.9434 0.2790
vn 0.5063 0.8180 0.2731
vn 0.5967 0.8022 0.0211
vn 0.3868 0.9204 0.0573
vn -0.3051 0.4679 -0.8295
vn -0.3475 0.6704 -0.6556
vn -0.5607 0.6420 -0.5230
vn -0.5208 0.5163 -0.6799
vn 0.5851 0.1494 -0.7971
vn 0.7676 0.1177 -0.6300
vn 0.7590 0.3751 -0.5322
vn 0.5750 0.4529 -0.6813
vn 0.5229 0.7861 0.3296
vn 0.6857 0.6825 0.2531
vn 0.7074 0.7066 0.0155
vn 0.5933 0.7985 0.1014
vn 0.3606 0.8588 0.3638
vn 0.3666 0.9113 0.1876
vn 0.4617 0.8791 0.1188
vn 0.4565 0.8512 0.2591
vn -0.4715 0.7777 -0.4158
vn -0.0371 0.8757 -0.4813
vn 0.0383 0.9972 -0.0637
vn -0.3828 0.9207 0.0759
vn -0.2575 0.9279 -0.2697
vn -0.4456 0.8284 -0.3393
vn -0.5644 0.7955 -0.2207
vn -0.4250 0.8865 -0.1830
vn 0.6009 0.5698 -0.5605
vn 0.5357 0.4876 -0.6894
vn 0.4878 0.5077 -0.7102
vn 0.5419 0.5728 -0.6150
vn 0.8976 -0.0054 -0.4407
vn 0.7493 0.0217 -0.6619
vn 0.6965 -0.2434 -0.6751
vn 0.8395 -0.2966 -0.4552
vn -0.2600 0.4391 -0.8600
vn 0.1302 0.7998 -0.5860
vn 0.4581 0.5923 -0.6628
vn 0.2032 0.4635 -0.8625
vn -0.2572 0.6889 -0.6776
vn -0.4057 0.6094 -0.6811
vn -0.4752 0.6291 -0.6151
vn -0.3620 0.6952 -0.6210
vn -0.4227 0.7782 0.4644
vn -0.5368 0.8131 0.2252
vn -0.3100 0.9450 0.1048
vn -0.1555 0.9336 0.3228
vn -0.4335 0.7251 0.5350
vn -0.4573 0.5838 0.6708
vn -0.3037 0.5450 0.7815
vn -0.3046 0.6665 0.6804
vn -0.0217 0.5246 -0.8511
vn 0.1486 0.9134 -0.3790
vn 0.5690 0.7517 -0.3335
vn 0.4361 0.6228 -0.6495
vn -0.3957 0.5458 -0.7386
vn -0.2287 0.6067 -0.7613
vn -0.2502 0.7361 -0.6289
vn -0.4189 0.6849 -0.5962
vn 0.6846 -0.1579 -0.7116
vn 0.4168 0.2253 -0.8807
vn 0.3818 0.1439 -0.9130
vn 0.5458 -0.0681 -0.8351
vn 0.6512 0.2499 -0.7165
vn 0.7215 0.4984 -0.4806
vn 0.9139 0.3419 -0.2188
vn 0.8751 0.2088 -0.4366
vn -0.1956 0.9599 0.2008
vn 0.0048 0.9841 0.1773
vn 0.0471 0.9244 0.3785
vn -0.1492 0.8942 0.4222
vn 0.5684 0.7523 -0.3331
vn 0.3730 0.9239 0.0858
vn 0.4916 0.8463 0.2053
vn 0.6155 0.7867 -0.0478
vn -0.0783 0.8330 -0.5477
vn 0.0277 0.9178 -0.3961
vn 0.2041 0.8944 -0.3980
vn 0.1112 0.8470 -0.5199
vn 0.2308 0.3114 -0.9218
vn 0.4865 0.5284 -0.6958
vn 0.2130 0.8130 -0.5420
vn -0.1248 0.6822 -0.7205
vn 0.7506 -0.3154 -0.5806
vn 0.4683 0.0853 -0.8794
vn 0.1342 -0.1335 -0.9819
vn 0.3771 -0.3447 -0.8596
vn -0.4258 0.9047 -0.0132
vn -0.5253 0.8358 -0.1596
vn -0.4748 0.8359 -0.2754
vn -0.4082 0.8985 -0.1614
vn 0.5314 0.1334 -0.8365
vn 0.7276 0.1889 -0.6594
vn 0.6431 0.4533 -0.6172
vn 0.4350 0.4344 -0.7887
vn -0.4175 0.7357 0.5333
vn -0.5845 0.6021 0.5440
vn -0.7128 0.6009 0.3616
vn -0.5868 0.7154 0.3793
vn -0.8277 0.3895 0.4040
vn -0.9464 0.0616 0.3169
vn -0.9715 0.0792 0.2233
vn -0.9121 0.2903 0.2894
vn 0.2251 0.8052 0.5486
vn 0.3415 0.8588 0.3820
vn 0.5309 0.7236 0.4412
vn 0.4453 0.6480 0.6179
vn -0.5672 0.8061 -0.1689
vn -0.2823 0.9240 -0.2579
vn -0.2057 0.7958 -0.5696
vn -0.4290 0.7633 -0.4831
vn -0.2247 0.9399 0.2573
vn -0.0199 0.9511 0.3084
vn -0.0521 0.8603 0.5072
vn -0.2603 0.8400 0.4760
vn -0.3269 0.4871 -0.8099
vn -0.2806 0.1614 -0.9462
vn -0.0038 0.1146 -0.9934
vn -0.0727 0.3467 -0.9352
vn -0.2878 0.9217 -0.2602
vn -0.3297 0.8495 -0.4119
vn -0.2763 0.8414 -0.4644
vn -0.2488 0.9032 -0.3498
vn 0.3013 0.9399 0.1606
vn 0.2312 0.9477 -0.2201
vn 0.5578 0.7716 -0.3058
vn 0.6661 0.7430 0.0644
vn 0.3294 0.9417 0.0683
vn 0.1221 0.9747 -0.1873
vn 0.2376 0.8759 -0.4200
vn 0.3750 0.8986 -0.2277
vn 0.6150 0.3666 -0.6981
vn 0.1915 -0.5109 -0.8380
vn -0.0282 -0.2414 -0.9700
vn 0.2117 0.1109 -0.9710
vn -0.1172 0.7384 -0.6641
vn -0.2756 0.7358 -0.6186
vn -0.3097 0.6122 -0.7275
vn -0.1529 0.6083 -0.7788
vn 0.4954 0.0829 0.8647
vn 0.3389 0.3996 0.8517
vn 0.1153 0.3868 0.9149
vn 0.2490 0.1901 0.9497
vn -0.1644 0.8555 -0.4911
vn -0.0489 0.7808 -0.6229
vn 0.0228 0.7894 -0.6135
vn -0.0661 0.8514 -0.5203
vn -0.3586 0.9144 -0.1878
vn -0.3935 0.9191 -0.0196
vn -0.5498 0.8342 -0.0425
vn -0.5261 0.8234 -0.2126
vn 0.5611 0.2972 -0.7726
vn 0.8908 -0.3321 -0.3101
vn 0.9831 -0.0815 -0.1639
vn 0.8820 0.1887 -0.4317
vn -0.0199 0.9417 0.3359
vn 0.1093 0.9703 0.2160
vn 0.1826 0.9542 0.2368
vn 0.0823 0.9408 0.3288
vn 0.7568 0.6409 -0.1286
vn 0.6276 0.6989 -0.3429
vn 0.7263 0.4936 -0.4783
vn 0.8675 0.4112 -0.2798
vn -0.3639 0.3130 -0.8773
vn -0.5548 0.4737 -0.6839
vn -0.7352 0.3311 -0.5915
vn -0.6051 0.2474 -0.7567
vn -0.2617 0.9447 0.1977
vn -0.2925 0.9030 0.3148
vn -0.2393 0.8961 0.3737
vn -0.2178 0.9350 0.2800
vn 0.3648 0.8833 0.2946
vn 0.2491 0.9022 0.3521
vn 0.1905 0.9541 0.2310
vn 0.3018 0.9391 0.1644
vn 0.6361 0.6035 -0.4807
vn 0.8694 0.3983 -0.2923
vn 0.8770 0.4783 -0.0450
vn 0.7537 0.6244 -0.2052
vn 0.2758 0.9191 0.2814
vn 0.4530 0.8515 0.2642
vn 0.5259 0.8491 0.0493
vn 0.3883 0.9175 0.0860
vn -0.0655 0.8783 -0.4736
vn -0.2062 0.9334 -0.2936
vn -0.4275 0.8150 -0.3912
vn -0.3295 0.7368 -0.5904
vn 0.1928 0.7966 -0.5730
vn 0.1891 0.9355 -0.2985
vn 0.3515 0.9143 -0.2013
vn 0.3488 0.8454 -0.4045
vn -0.4399 0.2535 -0.8615
vn -0.7662 -0.2921 -0.5724
vn -0.9263 -0.0914 -0.3655
vn -0.7924 0.1670 -0.5867
vn 0.6493 0.7392 -0.1788
vn 0.0288 0.9376 -0.3467
vn -0.0677 0.5455 -0.8353
vn 0.5230 0.2226 -0.8227
vn -0.4611 0.8521 -0.2476
vn -0.4188 0.9080 -0.0079
vn -0.4847 0.8733 0.0488
vn -0.5172 0.8469 -0.1236
vn 0.3860 0.8848 0.2611
vn 0.4947 0.8386 0.2281
vn 0.5073 0.8410 0.1881
vn 0.4215 0.8807 0.2160
vn 0.8152 0.5513 -0.1772
vn 0.7449 0.4641 -0.4792
vn 0.8677 0.1062 -0.4856
vn 0.9801 0.0698 -0.1859
vn -0.3874 0.8267 0.4081
vn -0.2936 0.7084 0.6418
vn -0.0774 0.7332 0.6756
vn -0.1679 0.8351 0.5239
vn -0.1796 0.7296 -0.6598
vn -0.4354 0.5754 -0.6923
vn -0.6263 0.6348 -0.4526
vn -0.4382 0.7606 -0.4791
vn 0.9011 0.4236 0.0927
vn 0.7838 0.5533 -0.2821
vn 0.8399 0.1858 -0.5099
vn 0.9753 -0.0656 -0.2109
vn 0.0118 0.9109 -0.4125
vn -0.1398 0.8496 -0.5086
vn -0.2757 0.8536 -0.4421
vn -0.1543 0.9123 -0.3793
vn 0.7102 0.6880 -0.1490
vn 0.5533 -0.4690 0.6884
vn 0.5663 0.0880 0.8195
vn 0.6901 0.4814 0.5403
vn -0.0953 0.7632 -0.6391
vn 0.1864 0.7901 -0.5840
vn 0.1473 0.9351 -0.3224
vn -0.1404 0.9318 -0.3347
vn -0.1286 0.8169 -0.5622
vn 0.0463 0.4530 -0.8903
vn 0.3949 0.4359 -0.8087
vn 0.2574 0.6912 -0.6753
vn -0.2254 0.6698 -0.7075
vn 0.0262 0.7895 -0.6132
vn 0.1959 0.6975 -0.6893
vn 0.0075 0.6421 -0.7666
vn 0.6734 0.7160 0.1841
vn 0.5567 0.7605 0.3342
vn 0.4205 0.8818 0.2137
vn 0.5188 0.8536 0.0474
vn -0.2041 0.6160 -0.7608
vn -0.3957 0.7629 -0.5114
vn -0.6147 0.6317 -0.4723
vn -0.4818 0.5717 -0.6641
vn 0.0508 0.9034 -0.4259
vn 0.3444 0.8185 -0.4597
vn 0.4493 0.8405 -0.3029
vn 0.2500 0.9200 -0.3018
vn 0.5745 0.7978 0.1830
vn 0.3808 0.8532 0.3564
vn 0.2017 0.9660 0.1615
vn 0.3628 0.9307 -0.0463
vn 0.6184 -0.3351 -0.7109
vn 0.8969 -0.0180 -0.4420
vn 0.9680 -0.2011 -0.1501
vn 0.8456 -0.3812 -0.3737
vn -0.6787 0.6896 0.2525
vn -0.2175 0.8998 0.3782
vn -0.1310 0.7177 0.6839
vn -0.4375 0.6681 0.6018
vn 0.3012 0.9345 -0.1898
vn 0.0873 0.9315 -0.3532
vn 0.2217 0.8005 -0.5568
vn 0.4526 0.7873 -0.4187
vn -0.3869 0.8502 -0.3570
vn -0.7984 0.5398 -0.2669
vn -0.8259 0.5558 0.0951
vn -0.6245 0.7809 -0.0145
vn 0.5820 0.5321 -0.6149
vn 0.6048 0.2844 -0.7439
vn 0.4050 0.2297 -0.8850
vn 0.4232 0.4209 -0.8023
vn 0.3353 0.8900 0.3089
vn 0.3119 0.9464 0.0840
vn 0.5436 0.8393 0.0013
vn 0.6122 0.7622 0.2102
vn -0.4501 0.6420 -0.6207
vn -0.3623 0.9218 -0.1379
vn -0.6539 0.7507 0.0940
vn -0.7038 0.6710 -0.2332
vn -0.4056 0.9075 0.1095
vn -0.4662 0.8358 0.2900
vn -0.3599 0.8379 0.4103
vn -0.3284 0.9051 0.2702
vn -0.9537 -0.0580 -0.2952
vn -0.5269 -0.0755 -0.8466
vn -0.2746 0.5262 -0.8048
vn -0.6139 0.7524 -0.2389
vn 0.0217 0.8769 -0.4801
vn -0.0881 0.9064 -0.4132
vn -0.1313 0.8933 -0.4298
vn -0.0437 0.8738 -0.4843
vn 0.8032 0.1924 -0.5638
vn 0.5450 0.6210 -0.5634
vn 0.2429 0.5362 -0.8084
vn 0.4766 0.3183 -0.8195
vn -0.0883 0.8998 0.4274
vn 0.0997 0.9598 0.2625
vn 0.3591 0.8357 0.4155
vn 0.2513 0.7373 0.6271
vn 0.6897 0.0767 0.7200
vn 0.1423 0.4335 0.8899
vn -0.0866 0.0869 0.9924
vn 0.2640 -0.0400 0.9637
vn -0.2810 0.7649 -0.5796
vn -0.1178 0.6434 -0.7564
vn -0.0265 0.6704 -0.7415
vn -0.1459 0.7628 -0.6300
vn -0.3789 0.9252 0.0183
vn -0.2934 0.9332 0.2076
vn -0.4870 0.7984 0.3541
vn -0.6231 0.7554 0.2027
vn 0.7671 0.5235 -0.3708
vn -0.2248 0.8750 -0.4288
vn -0.1361 0.6248 -0.7689
vn 0.3043 0.5726 -0.7612
vn 0.1687 0.8193 -0.5480
vn 0.2196 0.9246 -0.3114
vn 0.3315 0.9034 -0.2719
vn 0.2932 0.8458 -0.4458
vn -0.2637 0.8898 0.3725
vn 0.0927 0.9572 0.2742
vn 0.2799 0.7682 0.5757
vn -0.0204 0.6443 0.7645
vn 0.3395 0.7468 0.5718
vn -0.2291 0.2318 0.9454
vn -0.4956 0.4601 0.7367
vn -0.1975 0.7284 0.6560
vn 0.8151 0.1734 -0.5527
vn 0.7378 0.3320 -0.5877
vn 0.7002 0.3329 -0.6316
vn 0.7642 0.2154 -0.6079
vn -0.7245 0.3002 -0.6205
vn -0.2877 0.4962 -0.8192
vn -0.1762 0.8652 -0.4694
vn -0.5702 0.8100 -0.1373
vn 0.6937 0.6368 -0.3366
vn 0.0145 0.9305 -0.3660
vn -0.0352 0.7609 -0.6479
vn 0.3341 0.6937 -0.6381
vn 0.2056 0.9516 0.2283
vn 0.2191 0.8396 0.4971
vn 0.0311 0.8085 0.5876
vn 0.0408 0.9129 0.4062
vn -0.1832 0.3979 -0.8989
vn -0.4503 0.2935 -0.8432
vn -0.3975 -0.0325 -0.9170
vn -0.1158 -0.0194 -0.9931
vn -0.3940 0.9155 -0.0810
vn -0.7137 0.6669 0.2140
vn -0.5613 0.6618 0.4969
vn -0.4224 0.8554 0.2998
vn 0.7596 0.1801 -0.6250
vn 0.8483 0.2868 -0.4451
vn 0.9144 0.2082 -0.3471
vn 0.8598 0.1385 -0.4914
vn -0.7186 0.6594 -0.2208
vn -0.5091 0.7847 -0.3537
vn -0.3518 0.9313 -0.0948
vn -0.5136 0.8501 0.1162
vn 0.4128 0.5783 -0.7036
vn 0.4893 0.8185 -0.3010
vn 0.7509 0.6440 -0.1462
vn 0.7050 0.5602 -0.4350
vn 0.2154 0.9412 0.2602
vn 0.3399 0.8899 0.3041
vn 0.4310 0.8736 0.2259
vn 0.3304 0.9231 0.1966
vn -0.0709 0.7796 -0.6222
vn -0.2830 0.7230 -0.6302
vn -0.2551 0.5390 -0.8028
vn -0.0381 0.5619 -0.8264
vn -0.6442 0.7485 0.1576
vn -0.3463 0.9371 -0.0441
vn -0.3709 0.8644 -0.3394
vn -0.5809 0.7934 -0.1817
vn -0.4593 0.2163 -0.8615
vn -0.2340 -0.3276 -0.9154
vn 0.0259 -0.2514 -0.9675
vn -0.1380 0.0338 -0.9899
vn -0.2632 0.9147 -0.3067
vn -0.3277 0.9412 -0.0827
vn -0.5356 0.8358 -0.1209
vn -0.4860 0.8018 -0.3477
vn -0.3633 0.9282 -0.0802
vn -0.4718 0.8440 -0.2552
vn -0.4358 0.8455 -0.3086
vn -0.3626 0.9138 -0.1833
vn 0.4497 0.8866 -0.1081
vn 0.0565 0.9749 -0.2154
vn 0.0199 0.8862 -0.4628
vn 0.2785 0.8812 -0.3820
vn 0.8423 0.3716 -0.3905
vn 0.7447 0.3470 -0.5701
vn 0.8003 0.1425 -0.5824
vn 0.9024 0.1499 -0.4040
vn -0.7941 0.3818 0.4728
vn -0.9773 0.1549 0.1444
vn -0.9644 0.2642 0.0103
vn -0.8869 0.4028 0.2262
vn -0.1821 0.6565 -0.7320
vn -0.3461 0.7467 -0.5679
vn -0.4040 0.7119 -0.5744
vn -0.2903 0.6570 -0.6958
vn 0.6094 -0.2995 -0.7342
vn 0.7872 -0.2068 -0.5809
vn 0.7480 0.0295 -0.6630
vn 0.5674 -0.0452 -0.8222
vn -0.0020 -0.0797 -0.9968
vn -0.2628 0.1658 -0.9505
vn -0.3201 0.1104 -0.9409
vn -0.1566 -0.0417 -0.9868
vn 0.6891 0.4198 -0.5907
vn 0.6324 0.2108 -0.7454
vn 0.5221 0.2261 -0.8224
vn 0.5802 0.3765 -0.7222
vn 0.7894 0.5636 0.2433
vn 0.6334 0.6655 0.3949
vn 0.5133 0.8322 0.2099
vn 0.6445 0.7644 0.0205
vn 0.0941 0.8536 -0.5124
vn 0.3324 0.6530 -0.6806
vn 0.4278 0.6615 -0.6160
vn 0.2759 0.8053 -0.5247
vn 0.1919 0.9813 -0.0175
vn -0.1160 0.7206 -0.6835
vn -0.4528 0.7322 -0.5088
vn -0.2666 0.9355 -0.2319
vn 0.5780 0.8088 0.1082
vn 0.4489 0.8446 0.2918
vn 0.2308 0.9591 0.1640
vn 0.3101 0.9494 -0.0492
vn -0.3941 0.9140 0.0961
vn -0.5239 0.7581 0.3885
vn -0.3383 0.7441 0.5760
vn -0.2880 0.8805 0.3765
vn 0.5764 0.8169 -0.0192
vn 0.5344 -0.7468 0.3957
vn 0.6362 -0.1469 0.7574
vn 0.7033 0.3551 0.6159
vn 0.6739 0.7371 0.0509
vn 0.6055 0.4653 -0.6457
vn 0.8394 -0.1803 -0.5127
vn 0.9718 -0.0841 0.2204
vn -0.5494 0.2192 -0.8063
vn -0.3665 0.0059 -0.9304
vn -0.1070 0.1154 -0.9875
vn -0.2754 0.2564 -0.9265
vn -0.8879 0.4382 -0.1403
vn -0.9470 0.2345 0.2194
vn -0.9156 0.3096 0.2566
vn -0.8991 0.4359 0.0407
vn -0.3234 0.7099 0.6257
vn -0.4156 0.7727 0.4798
vn -0.2623 0.8718 0.4136
vn -0.1563 0.8180 0.5536
vn 0.4390 0.4217 0.7934
vn 0.5732 0.2709 0.7734
vn 0.6151 0.2850 0.7351
vn 0.5190 0.3975 0.7567
vn -0.3631 0.8529 0.3750
vn -0.3076 0.9290 0.2056
vn -0.4393 0.8971 0.0470
vn -0.4776 0.8567 0.1949
vn 0.3502 0.8971 -0.2695
vn 0.4043 0.9088 -0.1028
vn 0.2330 0.9717 -0.0400
vn 0.1605 0.9666 -0.1999
vn 0.6343 -0.2077 -0.7447
vn 0.4371 0.3609 -0.8238
vn 0.3115 0.2841 -0.9068
vn 0.4452 -0.0071 -0.8954
vn 0.2482 0.7268 -0.6405
vn -0.0972 0.9054 -0.4133
vn -0.4165 0.7176 -0.5582
vn -0.1622 0.6785 -0.7164
vn 0.6086 0.7743 -0.1733
vn 0.4023 0.8294 -0.3876
vn 0.5175 0.6184 -0.5915
vn 0.7431 0.5273 -0.4120
vn -0.8419 0.1575 0.5162
vn -0.9318 0.3029 0.2001
vn -0.9626 0.2235 0.1533
vn -0.9215 0.1394 0.3626
vn -0.9376 0.2534 0.2382
vn -0.3720 0.7820 -0.5001
vn -0.5817 0.3805 -0.7189
vn -0.8804 0.2545 -0.4001
vn -0.4606 0.8220 0.3349
vn 0.0434 0.9544 0.2953
vn 0.2491 0.6795 0.6901
vn -0.1762 0.4426 0.8792
vn -0.3626 0.9298 0.0634
vn -0.4805 0.8316 0.2784
vn -0.2922 0.8142 0.5017
vn -0.2374 0.9140 0.3290
vn -0.1523 0.7677 0.6224
vn 0.0428 0.9237 0.3808
vn 0.3064 0.8582 0.4119
vn 0.1524 0.7938 0.5887
vn 0.5517 0.7990 0.2390
vn 0.4095 0.8378 0.3610
vn 0.2913 0.9322 0.2147
vn 0.4192 0.9048 0.0751
vn 0.2706 0.3060 0.9128
vn -0.1259 0.8914 0.4353
vn -0.4584 0.6938 0.5555
vn -0.2344 0.4973 0.8353
vn -0.2909 0.9148 0.2801
vn -0.3143 0.9341 0.1691
vn -0.3628 0.9205 0.1450
vn -0.3441 0.9088 0.2360
vn -0.8510 -0.0206 -0.5247
vn -0.6352 -0.0189 -0.7721
vn -0.5318 0.3446 -0.7736
vn -0.7126 0.4633 -0.5268
vn 0.5791 0.4253 -0.6955
vn 0.6314 0.5573 -0.5391
vn 0.7268 0.5178 -0.4513
vn 0.6925 0.4296 -0.5796
vn -0.9903 0.1345 -0.0346
vn -0.7280 0.6227 0.2869
vn -0.7171 0.4826 0.5028
vn -0.9084 0.2621 0.3258
vn 0.1162 0.9276 0.3551
vn 0.2656 0.9373 0.2256
vn 0.4122 0.8368 0.3604
vn 0.2837 0.8127 0.5089
vn -0.3958 0.5210 -0.7562
vn -0.5184 0.2375 -0.8215
vn -0.7126 0.1838 -0.6771
vn -0.6276 0.3938 -0.6716
vn -0.0374 0.8832 0.4675
vn 0.0459 0.9485 0.3135
vn 0.1223 0.9428 0.3102
vn 0.0569 0.9016 0.4287
vn 0.2740 0.7170 0.6409
vn 0.3447 0.9384 0.0236
vn 0.8111 0.5650 -0.1514
vn 0.8817 0.2304 0.4118
vn -0.7417 0.5637 0.3636
vn -0.4587 0.0593 0.8866
vn -0.1536 0.3085 0.9387
vn -0.3760 0.5610 0.7375
vn -0.3244 0.8643 0.3844
vn -0.4950 0.7955 0.3495
vn -0.5379 0.8063 0.2461
vn -0.4116 0.8666 0.2820
vn 0.2299 0.9722 0.0437
vn 0.0756 0.9955 -0.0578
vn 0.1699 0.9600 -0.2227
vn 0.3313 0.9340 -0.1339
vn -0.2866 0.9337 -0.2147
vn -0.4729 0.7195 -0.5086
vn -0.2891 0.6566 -0.6966
vn -0.2056 0.8335 -0.5129
vn -0.4858 0.8658 0.1200
vn -0.2893 0.9569 -0.0260
vn -0.3062 0.9447 -0.1173
vn -0.4470 0.8944 -0.0116
vn 0.4496 0.2920 -0.8441
vn 0.6246 0.3509 -0.6977
vn 0.5210 0.5813 -0.6251
vn 0.3280 0.5622 -0.7592
vn 0.1786 0.9545 0.2389
vn 0.4270 0.8637 0.2675
vn 0.5213 0.8453 0.1173
vn 0.3479 0.9308 0.1124
vn -0.0213 0.9363 0.3505
vn 0.0278 0.8371 0.5463
vn 0.1517 0.8077 0.5697
vn 0.1096 0.8946 0.4333
vn -0.8516 0.3680 -0.3732
vn -0.8488 0.4946 0.1871
vn -0.9208 -0.0172 0.3896
vn -0.9462 -0.3055 -0.1063
vn -0.1845 -0.1000 -0.9777
vn 0.1237 0.7862 -0.6055
vn 0.5258 0.5338 -0.6623
vn 0.3512 0.2110 -0.9122
vn 0.1254 0.9856 -0.1134
vn 0.5401 0.8345 -0.1089
vn 0.6063 0.7749 0.1787
vn 0.3641 0.9201 0.1444
vn 0.0910 0.8471 -0.5236
vn -0.2273 0.8008 -0.5541
vn -0.2012 0.5724 -0.7949
vn 0.1216 0.5788 -0.8063
vn -0.5288 0.8191 -0.2223
vn -0.2258 0.9361 -0.2696
vn -0.1560 0.8857 -0.4372
vn -0.3726 0.8370 -0.4009
vn 0.0080 0.8276 -0.5612
vn -0.3888 0.4623 -0.7969
vn -0.6904 0.5097 -0.5134
vn -0.4507 0.7602 -0.4679
vn -0.8194 0.5728 0.0201
vn -0.7969 0.4458 0.4078
vn -0.9403 0.0737 0.3323
vn -0.9887 0.1333 -0.0688
vn 0.4700 0.3794 0.7969
vn 0.3906 -0.0941 0.9157
vn 0.0634 -0.0994 0.9930
vn 0.1696 0.1896 0.9671
vn 0.0913 0.9958 -0.0075
vn 0.3979 0.9120 -0.0994
vn 0.4063 0.8377 -0.3650
vn 0.2085 0.9364 -0.2823
vn -0.5348 0.5194 0.6665
vn -0.0017 0.7018 0.7124
vn 0.2089 0.2553 0.9440
vn -0.2646 -0.0522 0.9629
vn 0.7370 -0.3408 -0.5837
vn 0.5214 -0.0496 -0.8519
vn 0.2633 -0.1956 -0.9447
vn 0.4526 -0.3696 -0.8115
vn 0.3656 0.8143 -0.4509
vn 0.5743 0.6736 -0.4653
vn 0.6246 0.6782 -0.3873
vn 0.4820 0.7862 -0.3866
vn 0.3158 0.9101 0.2681
vn 0.2355 0.9067 0.3500
vn 0.1535 0.9491 0.2749
vn 0.2306 0.9543 0.1900
vn -0.1395 0.8437 -0.5183
vn -0.0524 0.7176 -0.6945
vn 0.0796 0.7081 -0.7016
vn 0.0080 0.8118 -0.5839
vn -0.3269 0.6234 -0.7103
vn -0.1602 0.6808 -0.7148
vn -0.0969 0.6359 -0.7657
vn -0.2283 0.6002 -0.7666
vn 0.0345 0.8950 -0.4447
vn -0.3251 0.9404 -0.0994
vn -0.6848 0.6598 -0.3095
vn -0.4491 0.5177 -0.7282
vn -0.4154 0.9047 -0.0947
vn -0.5381 0.8427 0.0159
vn -0.5223 0.8448 0.1159
vn -0.4344 0.9003 0.0268
vn 0.6215 0.6426 -0.4481
vn 0.8238 0.4814 -0.2993
vn 0.8409 0.5266 -0.1248
vn 0.7210 0.6478 -0.2461
vn -0.4732 0.8321 -0.2893
vn -0.3434 0.8460 -0.4080
vn -0.2363 0.9278 -0.2888
vn -0.3596 0.9187 -0.1632
vn -0.2298 0.9636 0.1368
vn -0.2099 0.8042 0.5560
vn 0.1700 0.7615 0.6254
vn 0.1040 0.9192 0.3798
vn -0.3616 0.9287 -0.0819
vn -0.4480 0.8349 -0.3196
vn -0.3646 0.8383 -0.4054
vn -0.3159 0.9179 -0.2402
vn 0.0141 0.8837 0.4678
vn 0.1486 0.9472 0.2842
vn 0.4027 0.8354 0.3742
vn 0.3319 0.7437 0.5802
vn 0.3486 0.9372 0.0054
vn 0.1295 0.9681 -0.2145
vn 0.1729 0.9353 -0.3086
vn 0.3203 0.9337 -0.1602
vn 0.5088 0.8045 0.3064
vn 0.6145 0.6567 0.4372
vn 0.4680 0.5957 0.6528
vn 0.4149 0.7307 0.5422
vn 0.6771 0.7350 -0.0373
vn 0.6451 0.6653 -0.3757
vn 0.8517 0.3578 -0.3828
vn 0.9362 0.3484 -0.0468
vn -0.1999 0.7728 -0.6024
vn 0.0481 0.3443 -0.9376
vn 0.4201 0.3873 -0.8207
vn 0.2407 0.6629 -0.7090
vn -0.4058 0.8588 -0.3126
vn -0.2146 0.9062 -0.3644
vn -0.1678 0.8608 -0.4806
vn -0.3165 0.8400 -0.4408
vn -0.0789 0.5262 -0.8467
vn 0.1923 0.7106 -0.6769
vn -0.0235 0.9122 -0.4091
vn -0.3604 0.7891 -0.4974
vn -0.8159 0.4213 0.3960
vn -0.7711 -0.0146 0.6366
vn -0.6160 0.0375 0.7869
vn -0.6907 0.2938 0.6607
vn 0.0778 0.9925 -0.0945
vn 0.2398 0.9599 -0.1449
vn 0.2926 0.9517 -0.0928
vn 0.1688 0.9840 -0.0570
vn -0.1855 0.6040 0.7751
vn -0.3925 0.6114 0.6871
vn -0.3490 0.8050 0.4798
vn -0.1307 0.8476 0.5143
vn 0.0797 0.9142 -0.3974
vn 0.3316 0.6409 -0.6923
vn 0.6834 0.5633 -0.4644
vn 0.5007 0.7927 -0.3477
vn 0.8204 0.1395 -0.5545
vn 0.6657 0.3616 -0.6528
vn 0.4884 0.2910 -0.8227
vn 0.6347 0.1492 -0.7582
vn 0.2277 0.9086 -0.3500
vn 0.0001 0.9235 -0.3837
vn -0.0163 0.7788 -0.6271
vn 0.2075 0.7293 -0.6520
vn -0.0742 0.1733 -0.9821
vn -0.2625 -0.2201 -0.9395
vn -0.4036 -0.1793 -0.8972
vn -0.2879 0.0525 -0.9562
vn 0.4273 0.8509 0.3056
vn 0.2765 0.9209 0.2748
vn 0.2103 0.9170 0.3388
vn 0.3317 0.8712 0.3620
vn 0.1741 0.7681 0.6163
vn 0.3512 0.8791 0.3222
vn 0.6837 0.6474 0.3367
vn 0.6243 0.4542 0.6355
vn -0.6075 0.7920 0.0609
vn -0.2770 0.9502 0.1431
vn -0.2253 0.9075 0.3544
vn -0.4565 0.8414 0.2893
vn 0.6916 0.5341 -0.4861
vn 0.7192 0.6433 -0.2625
vn 0.7874 0.5864 -0.1901
vn 0.7756 0.5210 -0.3564
vn 0.6411 0.7353 -0.2199
vn 0.5805 0.6913 -0.4303
vn 0.7278 0.5216 -0.4452
vn 0.7984 0.5540 -0.2359
vn -0.3844 0.9185 -0.0929
vn -0.6061 0.7917 -0.0763
vn -0.6647 0.7328 0.1457
vn -0.5122 0.8516 0.1116
vn -0.1003 0.9260 -0.3639
vn 0.5270 0.1073 -0.8431
vn 0.7765 0.3700 -0.5101
vn 0.5241 0.7446 -0.4133
vn 0.8796 0.4283 -0.2072
vn 0.7770 0.4098 -0.4780
vn 0.8395 0.0846 -0.5368
vn 0.9592 0.0128 -0.2823
vn 0.4469 0.5612 -0.6967
vn 0.0571 0.8680 -0.4933
vn -0.2730 0.6931 -0.6672
vn 0.0099 0.5875 -0.8092
vn 0.4412 0.6941 -0.5688
vn 0.4974 0.7959 -0.3452
vn 0.5725 0.7603 -0.3068
vn 0.5365 0.7004 -0.4708
vn -0.2540 0.2808 0.9255
vn 0.2891 0.4461 0.8470
vn 0.5476 -0.0506 0.8352
vn 0.1016 -0.4030 0.9095
vn 0.5460 0.6232 -0.5599
vn 0.2521 0.8074 -0.5335
vn 0.1024 0.7365 -0.6687
vn 0.3181 0.6453 -0.6946
vn 0.7599 0.4862 -0.4316
vn 0.5666 0.6844 -0.4589
vn 0.4743 0.6669 -0.5747
vn 0.6263 0.5435 -0.5589
vn -0.7290 0.6811 0.0682
vn -0.4310 0.8455 0.3154
vn -0.4575 0.5780 0.6757
vn -0.7648 0.3144 0.5624
vn 0.0913 0.9950 -0.0399
vn 0.2724 0.9402 -0.2045
vn 0.2186 0.9017 -0.3731
vn 0.0970 0.9644 -0.2462
vn 0.2591 0.9338 0.2466
vn 0.4407 0.8452 0.3025
vn 0.5572 0.8120 0.1738
vn 0.4206 0.8956 0.1447
vn -0.2475 0.9075 0.3394
vn -0.3433 0.9007 0.2662
vn -0.2769 0.9456 0.1706
vn -0.1784 0.9543 0.2398
vn 0.6921 0.5215 -0.4991
vn 0.9234 0.0530 -0.3802
vn 0.9939 0.1034 0.0382
vn 0.9134 0.3919 -0.1097
vn -0.3701 0.9049 0.2104
vn -0.5290 0.8368 0.1411
vn -0.5467 0.8372 0.0159
vn -0.4307 0.8992 0.0775
vn -0.8210 -0.0783 -0.5655
vn -0.5398 -0.1352 -0.8309
vn -0.4485 0.2410 -0.8607
vn -0.7157 0.3576 -0.5998
vn 0.1293 0.9153 -0.3815
vn 0.0565 0.6622 -0.7472
vn -0.3344 0.5886 -0.7360
vn -0.2412 0.8026 -0.5455
vn 0.7407 0.3897 -0.5472
vn 0.7132 0.0972 -0.6942
vn 0.4452 0.1032 -0.8895
vn 0.5229 0.3132 -0.7928
vn 0.9163 -0.2663 0.2992
vn 0.6971 -0.0382 0.7159
vn 0.6900 0.4592 0.5594
vn 0.9070 0.4124 0.0854
vn -0.2720 0.5916 -0.7590
vn -0.0856 0.8036 -0.5889
vn 0.0797 0.7807 -0.6199
vn -0.0586 0.6611 -0.7480
vn -0.2602 0.5835 -0.7693
vn -0.3123 0.7098 -0.6314
vn -0.4223 0.6982 -0.5781
vn -0.3814 0.6122 -0.6927
vn -0.6045 -0.1422 0.7838
vn -0.8840 0.0169 0.4671
vn -0.7498 0.4428 0.4917
vn -0.4402 0.3782 0.8143
vn -0.5687 0.8091 -0.1478
vn -0.3243 0.9313 -0.1661
vn -0.2074 0.8908 -0.4043
vn -0.4062 0.8337 -0.3740
vn 0.4134 0.8146 -0.4069
vn 0.4349 0.6432 -0.6302
vn 0.3247 0.6339 -0.7020
vn 0.3239 0.7657 -0.5557
vn 0.2267 0.5112 -0.8290
vn 0.4938 0.5879 -0.6407
vn 0.3347 0.8320 -0.4424
vn 0.0331 0.8078 -0.5885
vn 0.6121 0.5031 -0.6100
vn 0.7689 0.1903 -0.6103
vn 0.9416 0.1568 -0.2981
vn 0.8487 0.3876 -0.3598
vn 0.2113 0.9610 0.1784
vn 0.3381 0.8519 0.4000
vn 0.1167 0.7773 0.6182
vn 0.0588 0.8944 0.4433
vn 0.1246 0.4093 -0.9038
vn -0.2001 0.4913 -0.8477
vn -0.3550 0.1623 -0.9207
vn -0.0732 -0.0114 -0.9973
vn 0.2163 0.9396 0.2655
vn 0.4398 0.8626 0.2501
vn 0.5229 0.8518 0.0299
vn 0.3598 0.9308 0.0646
vn 0.3523 0.8095 -0.4697
vn 0.6331 0.5606 -0.5338
vn 0.7761 0.5386 -0.3279
vn 0.6054 0.7271 -0.3238
vn 0.4981 0.7669 -0.4047
vn -0.0934 0.5897 -0.8022
vn 0.0907 -0.0386 -0.9951
vn 0.7433 -0.0778 -0.6644
vn -0.5413 0.8168 0.1997
vn -0.4653 0.8816 -0.0790
vn -0.5801 0.7828 -0.2252
vn -0.6383 0.7694 -0.0223
vn 0.4950 0.4844 -0.7213
vn 0.0987 -0.6737 -0.7323
vn -0.1737 -0.3168 -0.9325
vn 0.0374 0.1003 -0.9943
vn -0.8462 0.5191 -0.1208
vn -0.5886 0.6932 -0.4159
vn -0.3266 0.9332 -0.1499
vn -0.5011 0.8346 0.2287
vn 0.7771 0.1325 -0.6152
vn 0.7616 0.4452 -0.4710
vn 0.8980 0.4168 -0.1411
vn 0.9276 0.2206 -0.3013
vn 0.3335 0.8343 -0.4390
vn 0.2096 0.5006 -0.8399
vn -0.1984 0.5170 -0.8327
vn -0.0628 0.7581 -0.6491
vn 0.4583 0.8044 -0.3780
vn 0.1326 0.8728 -0.4698
vn 0.1410 0.6589 -0.7389
vn 0.4676 0.5638 -0.6808
vn -0.3901 0.8656 -0.3139
vn -0.2277 0.9054 -0.3583
vn -0.2013 0.8826 -0.4249
vn -0.3278 0.8599 -0.3913
vn -0.1649 0.8824 0.4407
vn -0.1763 0.6108 0.7719
vn 0.1638 0.5217 0.8373
vn 0.1265 0.7429 0.6574
vn -0.8043 0.5884 -0.0832
vn -0.6207 0.7390 0.2618
vn -0.7244 0.4204 0.5463
vn -0.9409 0.1653 0.2954
vn 0.6574 0.3945 -0.6420
vn 0.4814 0.5432 -0.6879
vn 0.3571 0.4876 -0.7967
vn 0.5033 0.3925 -0.7698
vn 0.6883 0.3921 -0.6104
vn 0.8691 0.1302 -0.4771
vn 0.9633 0.2260 -0.1447
vn 0.8645 0.4049 -0.2978
vn -0.3232 0.9169 -0.2343
vn -0.3856 0.9214 -0.0478
vn -0.5701 0.8165 -0.0909
vn -0.5309 0.7988 -0.2829
vn 0.5898 0.7538 0.2897
vn 0.5710 0.7942 0.2077
vn 0.5900 0.7878 0.1770
vn 0.6065 0.7561 0.2459
vn -0.4253 0.7869 0.4472
vn -0.3922 0.8745 0.2854
vn -0.4631 0.8635 0.1999
vn -0.4894 0.8073 0.3298
vn 0.5124 0.8366 0.1937
vn 0.4212 0.8405 0.3409
vn 0.2820 0.9234 0.2603
vn 0.3628 0.9257 0.1073
vn -0.1382 -0.2230 -0.9650
vn 0.0520 0.3607 -0.9312
vn 0.3297 0.2963 -0.8964
vn 0.2013 -0.0058 -0.9795
vn 0.7938 0.1355 -0.5929
vn 0.7948 0.3736 -0.4783
vn 0.8798 0.3796 -0.2862
vn 0.8925 0.2166 -0.3956
vn 0.3245 0.8098 0.4888
vn 0.3584 0.9092 0.2119
vn 0.6479 0.7498 0.1338
vn 0.6937 0.6063 0.3887
vn -0.3380 0.9411 0.0007
vn -0.4011 0.8875 0.2268
vn -0.3482 0.8982 0.2683
vn -0.3087 0.9449 0.1093
vn 0.8312 0.1676 -0.5302
vn 0.7156 0.3233 -0.6192
vn 0.6446 0.2966 -0.7046
vn 0.7420 0.1871 -0.6437
vn -0.9235 0.3819 0.0352
vn -0.7466 0.5569 -0.3639
vn -0.4391 0.8790 -0.1860
vn -0.5100 0.8151 0.2746
vn -0.5543 -0.1840 -0.8117
vn -0.1148 0.1749 -0.9779
vn 0.0808 -0.0186 -0.9966
vn -0.1926 -0.1983 -0.9610
vn -0.4574 0.6800 0.5730
vn -0.3769 0.7493 0.5446
vn -0.3419 0.7512 0.5646
vn -0.4090 0.6969 0.5891
vn 0.5010 0.8485 0.1707
vn 0.4102 0.8598 0.3042
vn 0.2473 0.9455 0.2120
vn 0.3113 0.9482 0.0637
vn -0.2952 0.6279 -0.7201
vn -0.1032 0.7836 -0.6127
vn -0.0173 0.7626 -0.6466
vn -0.1554 0.6667 -0.7290
vn 0.0653 0.9966 -0.0502
vn -0.1097 0.7865 -0.6078
vn -0.3692 0.7563 -0.5401
vn -0.2578 0.9275 -0.2709
vn 0.5003 0.7199 -0.4810
vn 0.0513 0.8258 -0.5616
vn -0.0618 0.4821 -0.8739
vn 0.3496 0.2590 -0.9004
vn 0.3930 0.8743 0.2847
vn 0.1269 0.9526 0.2766
vn -0.0225 0.8440 0.5359
vn 0.1942 0.8295 0.5237
vn -0.5324 0.8407 -0.0986
vn -0.4197 0.9075 0.0197
vn -0.4353 0.8924 0.1187
vn -0.5249 0.8508 0.0240
vn -0.1178 0.7439 -0.6578
vn -0.3024 0.7149 -0.6304
vn -0.3124 0.5593 -0.7679
vn -0.1289 0.5697 -0.8117
vn -0.1629 0.9785 -0.1267
vn 0.1776 0.8985 -0.4015
vn 0.2638 0.9125 -0.3126
vn 0.0589 0.9851 -0.1618
vn 0.2343 0.9413 0.2430
vn 0.1987 0.7723 0.6033
vn -0.1007 0.7405 0.6645
vn -0.0394 0.8921 0.4501
vn -0.6016 0.6392 -0.4791
vn -0.2794 0.7327 -0.6205
vn -0.1901 0.9242 -0.3312
vn -0.5036 0.8484 -0.1632
vn -0.5354 0.8318 0.1466
vn -0.2947 0.9332 0.2056
vn -0.2351 0.8993 0.3688
vn -0.4165 0.8505 0.3213
vn 0.3521 0.9299 -0.1061
vn 0.4748 0.6549 -0.5880
vn 0.2596 0.6797 -0.6860
vn 0.2312 0.8714 -0.4327
vn -0.1111 0.2813 0.9532
vn 0.3209 0.3734 0.8704
vn 0.4899 -0.0545 0.8701
vn 0.1131 -0.2843 0.9520
vn 0.9745 -0.1213 0.1889
vn 0.3146 0.7267 -0.6107
vn 0.5962 0.3253 -0.7339
vn 0.8897 0.0672 -0.4515
vn -0.0165 0.1783 -0.9838
vn -0.2555 -0.1078 -0.9608
vn -0.3112 -0.0484 -0.9491
vn -0.1660 0.1248 -0.9782
vn 0.9132 0.3550 0.2003
vn 0.7410 0.5275 0.4155
vn 0.5988 0.7775 0.1924
vn 0.7303 0.6774 -0.0880
vn -0.0606 0.2608 -0.9635
vn -0.5805 -0.2048 -0.7881
vn -0.7626 0.0549 -0.6445
vn -0.5103 0.2680 -0.8172
vn -0.1895 0.7788 -0.5979
vn 0.0509 0.8739 -0.4834
vn 0.2981 0.7243 -0.6217
vn 0.0973 0.6997 -0.7078
vn 0.2567 0.9038 0.3425
vn 0.0402 0.9160 0.3992
vn -0.0310 0.9833 0.1792
vn 0.1761 0.9799 0.0936
vn 0.7038 0.5488 -0.4511
vn 0.6516 0.6933 -0.3080
vn 0.6816 0.6858 -0.2553
vn 0.7241 0.5857 -0.3641
vn 0.5337 0.5645 -0.6297
vn 0.6787 0.4127 -0.6075
vn 0.7601 0.4157 -0.4994
vn 0.6582 0.5346 -0.5300
vn 0.1634 0.9108 -0.3792
vn -0.0127 0.9304 -0.3662
vn -0.0475 0.8409 -0.5391
vn 0.1245 0.8109 -0.5718
vn -0.3162 0.9117 -0.2625
vn -0.4227 0.7462 -0.5143
vn -0.2659 0.7039 -0.6587
vn -0.2175 0.8438 -0.4906
vn 0.8393 0.3361 -0.4273
vn 0.5495 0.5319 -0.6443
vn 0.4264 0.3285 -0.8428
vn 0.6544 0.2454 -0.7152
vn -0.8014 0.2465 -0.5450
vn -0.4578 0.4405 -0.7723
vn -0.3600 0.7969 -0.4851
vn -0.6710 0.7239 -0.1603
vn -0.1336 0.8306 -0.5406
vn 0.3091 0.4746 -0.8241
vn 0.6385 0.5631 -0.5247
vn 0.3688 0.8047 -0.4652
vn 0.3564 0.9110 0.2074
vn 0.3677 0.8638 0.3443
vn 0.3274 0.8677 0.3741
vn 0.3214 0.9083 0.2676
vn -0.7257 -0.1213 -0.6772
vn -0.4638 -0.0815 -0.8822
vn -0.4685 0.2479 -0.8480
vn -0.7313 0.2360 -0.6399
vn 0.0924 0.9174 -0.3871
vn 0.3153 0.6887 -0.6529
vn 0.6173 0.6145 -0.4912
vn 0.4562 0.8104 -0.3675
vn -0.5122 -0.0141 -0.8588
vn -0.4094 0.2753 -0.8698
vn -0.1353 0.2853 -0.9488
vn -0.2473 0.0891 -0.9648
vn 0.4794 0.4630 -0.7455
vn 0.6265 0.4422 -0.6418
vn 0.5883 0.5958 -0.5467
vn 0.4390 0.6258 -0.6448
vn -0.4069 0.8353 0.3696
vn -0.5804 0.6875 0.4365
vn -0.6982 0.6444 0.3121
vn -0.5739 0.7695 0.2803
vn 0.5433 0.7948 -0.2704
vn 0.0898 0.9949 0.0469
vn 0.2395 0.8484 0.4721
vn 0.5053 0.8306 0.2340
vn -0.6434 0.7485 -0.1605
vn -0.4791 0.8087 -0.3412
vn -0.2800 0.9446 -0.1711
vn -0.3978 0.9161 0.0493
vn 0.6916 -0.2006 -0.6939
vn 0.8356 -0.0405 -0.5478
vn 0.8745 -0.0853 -0.4774
vn 0.7827 -0.1962 -0.5906
vn 0.7907 -0.1674 -0.5888
vn 0.6523 -0.0597 -0.7556
vn 0.6123 -0.1067 -0.7834
vn 0.7181 -0.1822 -0.6716
vn -0.1468 0.9001 -0.4101
vn -0.2526 0.9320 -0.2600
vn -0.4067 0.8475 -0.3410
vn -0.3130 0.8091 -0.4975
vn -0.7280 0.6491 0.2207
vn -0.3335 0.9272 -0.1705
vn -0.4537 0.7334 -0.5063
vn -0.6991 0.6679 -0.2554
vn 0.3310 0.9333 -0.1391
vn 0.8283 0.5467 -0.1226
vn 0.8317 0.5343 0.1510
vn 0.6067 0.7870 0.1118
vn -0.6091 0.1529 -0.7782
vn -0.3857 0.3289 -0.8620
vn -0.4433 0.6096 -0.6571
vn -0.6845 0.5221 -0.5087
vn -0.2914 0.9382 0.1869
vn -0.2747 0.9167 0.2901
vn -0.2384 0.9214 0.3069
vn -0.2538 0.9412 0.2230
vn 0.1101 0.8546 -0.5076
vn -0.0754 0.6864 -0.7233
vn -0.1576 0.7035 -0.6930
vn -0.0335 0.8248 -0.5645
vn 0.0501 0.6000 -0.7985
vn -0.1625 0.6756 -0.7192
vn -0.3121 0.4692 -0.8261
vn -0.1305 0.3512 -0.9272
vn -0.2460 0.6066 -0.7560
vn -0.2898 0.7991 -0.5267
vn -0.4123 0.7812 -0.4688
vn -0.3813 0.6675 -0.6396
vn 0.1342 0.9890 -0.0627
vn 0.1187 0.9684 -0.2195
vn 0.0682 0.9684 -0.2398
vn 0.0821 0.9894 -0.1197
vn -0.5528 0.5583 -0.6187
vn -0.3898 0.5432 -0.7436
vn -0.2693 0.7171 -0.6429
vn -0.4138 0.7594 -0.5021
vn 0.4476 0.6127 -0.6514
vn 0.5227 0.7891 -0.3226
vn 0.7130 0.6703 -0.2058
vn 0.6681 0.5958 -0.4457
vn 0.2985 0.9531 0.0494
vn 0.1990 0.9562 -0.2145
vn 0.2559 0.9323 -0.2556
vn 0.3246 0.9428 -0.0763
vn 0.6256 0.3875 0.6770
vn 0.8615 0.4915 0.1271
vn 0.9969 -0.0686 0.0376
vn 0.7787 -0.2471 0.5767
vn 0.9907 -0.1171 -0.0697
vn 0.1042 0.8211 0.5613
vn 0.4514 0.4195 0.7875
vn 0.8071 0.1446 0.5725
vn 0.2690 0.6430 0.7171
vn -0.1306 0.3521 0.9268
vn -0.2853 0.4588 0.8415
vn -0.0491 0.6374 0.7690
vn -0.5055 0.7799 0.3691
vn -0.5298 0.8264 0.1909
vn -0.3531 0.9183 0.1792
vn -0.3111 0.8811 0.3563
vn -0.2934 0.5660 -0.7704
vn 0.3223 0.9159 -0.2394
vn 0.5527 0.6903 -0.4669
vn 0.2528 0.6221 -0.7410
vn -0.3248 0.8685 0.3744
vn -0.3010 0.8125 0.4993
vn -0.2614 0.8160 0.5156
vn -0.2824 0.8631 0.4187
vn 0.2113 0.9657 0.1508
vn 0.2413 0.9698 -0.0348
vn 0.4382 0.8987 -0.0193
vn 0.4335 0.8854 0.1679
vn 0.1781 0.9840 0.0004
vn 0.3778 0.8597 -0.3438
vn 0.1976 0.8225 -0.5333
vn 0.1014 0.9447 -0.3119
vn 0.7014 0.1251 -0.7017
vn 0.8510 -0.3768 -0.3657
vn 0.9875 -0.1578 -0.0037
vn 0.9583 0.0816 -0.2739
vn 0.5541 0.7995 -0.2318
vn 0.3671 0.8355 -0.4089
vn 0.4756 0.6637 -0.5773
vn 0.6732 0.6106 -0.4170
vn -0.5375 0.1077 -0.8364
vn -0.3884 0.2221 -0.8943
vn -0.2846 0.1673 -0.9439
vn -0.4079 0.0869 -0.9089
vn 0.4273 0.8874 0.1730
vn 0.6651 0.6507 0.3665
vn 0.4874 0.5553 0.6738
vn 0.3802 0.7603 0.5267
vn 0.8577 0.5015 -0.1132
vn 0.7163 0.6859 0.1283
vn 0.4626 0.8833 -0.0756
vn 0.5210 0.7629 -0.3827
vn -0.4210 0.9017 -0.0988
vn -0.8985 0.4338 -0.0676
vn -0.8574 0.3744 0.3532
vn -0.6685 0.6875 0.2838
vn -0.4723 0.6441 0.6017
vn -0.4749 0.7312 0.4897
vn -0.5465 0.7248 0.4194
vn -0.5454 0.6613 0.5149
vn 0.6297 0.4736 -0.6158
vn 0.7563 0.5091 -0.4110
vn 0.6190 0.7052 -0.3457
vn 0.4792 0.6886 -0.5443
vn 0.5217 0.1817 0.8336
vn 0.3385 0.3790 0.8613
vn 0.2074 0.3355 0.9189
vn 0.3499 0.2064 0.9138
vn 0.5695 0.7667 0.2963
vn 0.6985 0.6592 0.2785
vn 0.7607 0.6384 0.1176
vn 0.6635 0.7336 0.1472
vn -0.1074 0.8877 -0.4477
vn -0.2257 0.9330 -0.2802
vn -0.4143 0.8338 -0.3650
vn -0.3209 0.7754 -0.5439
vn 0.6106 0.3147 -0.7267
vn 0.7085 0.4924 -0.5055
vn 0.8777 0.3489 -0.3284
vn 0.8157 0.2525 -0.5204
vn 0.9652 -0.1449 0.2178
vn 0.6107 0.6795 -0.4066
vn 0.7546 0.3781 -0.5363
vn 0.9559 0.0847 -0.2813
vn -0.6519 0.0923 -0.7527
vn -0.4949 0.0962 -0.8636
vn -0.4643 0.2978 -0.8341
vn -0.6183 0.3150 -0.7201
vn 0.2631 0.9644 0.0279
vn 0.3170 0.8425 -0.4356
vn -0.0164 0.8304 -0.5569
vn 0.0040 0.9602 -0.2793
vn -0.3261 0.9433 0.0626
vn -0.6023 0.7979 -0.0227
vn -0.6102 0.7692 -0.1896
vn -0.4389 0.8902 -0.1224
vn -0.7364 -0.4247 -0.5267
vn -0.4619 -0.2330 -0.8558
vn -0.5896 0.2053 -0.7811
vn -0.8930 0.1150 -0.4351
vn 0.7214 -0.2524 -0.6449
vn 0.0353 0.3991 -0.9162
vn -0.0791 0.0582 -0.9952
vn 0.2622 -0.1906 -0.9460
vn 0.5426 0.5401 -0.6433
vn 0.7140 0.3611 -0.5998
vn 0.8195 0.3809 -0.4282
vn 0.7038 0.5183 -0.4859
vn 0.3567 0.9105 -0.2093
vn 0.3659 0.9287 -0.0608
vn 0.2162 0.9750 -0.0520
vn 0.1976 0.9597 -0.2000
vn 0.5387 -0.1563 -0.8279
vn 0.8174 0.2030 -0.5392
vn 0.8623 0.0947 -0.4975
vn 0.7280 -0.0968 -0.6787
vn -0.4054 0.9122 -0.0603
vn -0.5309 0.8472 -0.0198
vn -0.5408 0.8406 0.0302
vn -0.4451 0.8955 -0.0027
vn 0.2778 0.8865 0.3700
vn 0.3624 0.8979 0.2498
vn 0.4768 0.8199 0.3169
vn 0.3990 0.8039 0.4410
vn -0.4927 0.2510 -0.8332
vn -0.4345 0.0744 -0.8976
vn -0.3181 0.0613 -0.9461
vn -0.3734 0.1961 -0.9067
vn 0.5791 -0.2404 -0.7790
vn 0.6350 0.7710 0.0485
vn 0.9395 0.3272 0.1018
vn 0.9654 0.0062 -0.2607
vn -0.5796 0.1055 -0.8081
vn -0.4411 0.1646 -0.8822
vn -0.4703 0.3224 -0.8215
vn -0.6102 0.2722 -0.7440
vn 0.5326 0.7489 -0.3942
vn -0.3943 0.8884 -0.2349
vn -0.4068 0.6370 -0.6548
vn 0.0213 0.6936 -0.7200
vn 0.2984 0.8127 -0.5005
vn -0.2692 0.9630 0.0106
vn -0.5105 0.8242 -0.2452
vn -0.2099 0.8444 -0.4930
vn 0.6508 0.7326 0.1996
vn 0.6043 0.7402 0.2949
vn 0.5285 0.8098 0.2549
vn 0.5721 0.8048 0.1581
vn 0.3030 0.9126 0.2746
vn 0.1286 0.9659 0.2246
vn 0.0746 0.9582 0.2764
vn 0.2084 0.9263 0.3139
vn -0.2371 0.7618 -0.6029
vn -0.1835 0.5356 -0.8243
vn 0.1576 0.4949 -0.8545
vn 0.0746 0.6829 -0.7267
vn 0.3914 0.6284 -0.6722
vn 0.5481 0.6769 -0.4913
vn 0.3924 0.8349 -0.3860
vn 0.2240 0.7981 -0.5594
vn 0.4147 0.8684 0.2720
vn 0.5778 0.7730 0.2620
vn 0.6382 0.7572 0.1389
vn 0.5177 0.8409 0.1574
vn 0.7861 0.1524 -0.5990
vn 0.7956 0.5543 -0.2445
vn 0.9331 0.3441 0.1042
vn 0.9716 0.1608 -0.1734
vn -0.5052 0.7396 0.4447
vn -0.5449 0.8062 0.2306
vn -0.3068 0.9331 0.1875
vn -0.2151 0.8943 0.3925
vn -0.5067 0.7894 -0.3464
vn -0.2101 0.8826 -0.4205
vn -0.1342 0.7886 -0.6001
vn -0.3496 0.7587 -0.5497
vn -0.4640 0.1279 -0.8766
vn -0.5446 0.2696 -0.7942
vn -0.6284 0.2548 -0.7350
vn -0.5696 0.1505 -0.8080
vn -0.0665 0.7089 0.7022
vn 0.2622 0.9648 0.0192
vn 0.8541 0.5193 0.0284
vn 0.6863 0.1424 0.7133
vn 0.0834 0.9937 -0.0750
vn 0.3417 0.9397 0.0156
vn 0.3549 0.9058 0.2315
vn 0.1789 0.9723 0.1503
vn 0.5397 0.7809 0.3144
vn 0.7677 0.5300 0.3602
vn 0.8858 0.4538 0.0968
vn 0.7475 0.6558 0.1057
vn -0.1319 -0.5240 -0.8415
vn 0.5434 -0.3123 -0.7792
vn 0.4318 0.3417 -0.8348
vn -0.2743 0.3045 -0.9122
vn 0.6159 0.7290 0.2988
vn 0.5728 0.7909 0.2155
vn 0.5974 0.7881 0.1483
vn 0.6343 0.7412 0.2198
vn 0.5320 0.0386 0.8458
vn 0.6367 0.4109 0.6525
vn 0.8292 0.3433 0.4411
vn 0.7754 0.1313 0.6176
vn 0.2702 0.7621 0.5884
vn -0.0009 0.8036 0.5951
vn -0.0178 0.9435 0.3308
vn 0.2499 0.9291 0.2726
vn 0.2882 0.9310 -0.2241
vn 0.6930 0.7199 -0.0383
vn 0.6570 0.7407 0.1407
vn 0.4472 0.8943 0.0181
vn -0.3379 0.9192 -0.2021
vn -0.5846 0.7726 -0.2477
vn -0.6757 0.7310 -0.0958
vn -0.5114 0.8555 -0.0807
vn -0.4860 0.5602 -0.6708
vn -0.3093 0.5599 -0.7687
vn -0.2267 0.7251 -0.6502
vn -0.3932 0.7456 -0.5380
vn -0.6025 0.5105 0.6136
vn -0.6834 0.6996 0.2085
vn -0.8778 0.4773 0.0410
vn -0.8465 0.4189 0.3285
vn 0.5940 0.5218 -0.6123
vn 0.7275 0.2541 -0.6373
vn 0.8891 0.1973 -0.4131
vn 0.8047 0.4017 -0.4371
vn -0.4154 0.8939 0.1688
vn -0.3189 0.8849 0.3395
vn -0.4696 0.7695 0.4329
vn -0.5830 0.7653 0.2727
vn -0.4453 0.8054 0.3913
vn -0.6814 0.5981 0.4219
vn -0.8025 0.5613 0.2023
vn -0.6496 0.7292 0.2149
vn -0.3078 0.6348 -0.7087
vn -0.1889 0.7168 -0.6712
vn -0.1458 0.7061 -0.6929
vn -0.2406 0.6458 -0.7246
vn -0.2637 0.2342 -0.9358
vn -0.4454 0.2744 -0.8522
vn -0.5119 0.0621 -0.8568
vn -0.3386 -0.0050 -0.9409
vn 0.7511 0.0932 -0.6536
vn 0.4936 0.3991 -0.7727
vn 0.2835 0.2806 -0.9170
vn 0.4923 0.1127 -0.8631
vn 0.9528 -0.1028 0.2857
vn 0.7854 0.5423 -0.2984
vn 0.8707 0.3302 -0.3644
vn 0.9924 0.0679 -0.1026
vn 0.5396 0.6988 0.4695
vn 0.3914 0.9202 0.0044
vn 0.7044 0.6414 -0.3041
vn 0.9343 0.3473 0.0809
vn 0.2890 0.9267 0.2403
vn 0.3228 0.8586 0.3982
vn 0.1691 0.8405 0.5148
vn 0.1588 0.9083 0.3871
vn 0.7885 0.3756 -0.4871
vn 0.6928 0.6624 -0.2852
vn 0.7727 0.6334 -0.0416
vn 0.8577 0.4702 -0.2081
vn 0.2165 0.3791 -0.8997
vn 0.6014 0.6178 -0.5066
vn 0.2300 0.9482 -0.2192
vn -0.2651 0.8075 -0.5270
vn 0.5320 0.7049 -0.4691
vn 0.3219 0.7930 -0.5173
vn 0.2970 0.7649 -0.5716
vn 0.4511 0.7102 -0.5406
vn 0.5763 0.7702 0.2732
vn 0.6779 0.6808 0.2774
vn 0.7361 0.6520 0.1819
vn 0.6566 0.7311 0.1855
vn 0.6804 0.7257 0.1019
vn 0.4759 0.8051 0.3541
vn 0.2127 0.9639 0.1602
vn 0.3479 0.9265 -0.1433
vn -0.5168 0.8295 0.2119
vn -0.3659 0.9261 0.0923
vn -0.3872 0.9172 -0.0938
vn -0.5063 0.8623 0.0101
vn -0.4515 0.8032 0.3886
vn -0.2304 0.9730 -0.0111
vn -0.4754 0.8209 -0.3164
vn -0.6031 0.7973 -0.0247
vn 0.2107 0.7463 -0.6314
vn -0.0856 0.7804 -0.6194
vn -0.1975 0.5146 -0.8344
vn 0.0613 0.3916 -0.9181
vn -0.9870 0.1564 0.0377
vn -0.5458 0.7672 0.3368
vn -0.5328 0.5615 0.6331
vn -0.8130 0.3295 0.4801
vn 0.0737 0.9113 -0.4051
vn 0.3183 0.8288 -0.4602
vn 0.3964 0.8400 -0.3706
vn 0.2264 0.9115 -0.3435
vn 0.0611 0.3291 0.9423
vn 0.6436 0.6908 0.3296
vn 0.9930 -0.0596 0.1023
vn 0.4764 -0.5659 0.6729
vn -0.0627 0.9717 0.2275
vn 0.1188 0.9329 0.3400
vn 0.2333 0.9327 0.2749
vn 0.0940 0.9752 0.2005
vn 0.2567 0.9361 0.2407
vn 0.2671 0.8848 0.3819
vn 0.1506 0.8752 0.4597
vn 0.1516 0.9257 0.3466
vn 0.8367 0.4673 -0.2855
vn 0.6756 0.5284 -0.5141
vn 0.6977 0.2379 -0.6758
vn 0.8655 0.0966 -0.4915
vn -0.3361 0.8891 -0.3108
vn -0.0970 0.6891 -0.7181
vn 0.0846 0.7370 -0.6706
vn -0.0710 0.8820 -0.4659
vn 0.6662 0.5915 -0.4541
vn 0.7594 0.2224 -0.6115
vn 0.5430 0.1560 -0.8251
vn 0.5400 0.4145 -0.7325
vn -0.9561 0.1551 0.2488
vn -0.8319 0.5314 -0.1601
vn -0.4823 0.8687 0.1128
vn -0.4738 0.6204 0.6250
vn 0.1228 0.9915 -0.0440
vn 0.1557 0.9594 -0.2352
vn 0.0709 0.9502 -0.3035
vn 0.0511 0.9857 -0.1604
vn 0.2306 0.9514 0.2043
vn 0.3666 0.8472 0.3845
vn 0.2215 0.7772 0.5890
vn 0.1436 0.8836 0.4456
vn 0.5013 0.7253 -0.4718
vn 0.0014 0.7972 -0.6037
vn -0.0739 0.3890 -0.9183
vn 0.4000 0.1689 -0.9008
vn 0.6520 0.6730 0.3493
vn 0.5445 0.8062 0.2316
vn 0.6056 0.7958 0.0004
vn 0.6946 0.7100 0.1162
vn 0.7462 0.2875 -0.6004
vn 0.8289 0.5127 -0.2237
vn 0.9594 0.2818 -0.0052
vn 0.9399 0.1903 -0.2836
vn -0.3382 0.6185 -0.7093
vn 0.1027 0.8465 -0.5223
vn -0.0891 0.9937 -0.0674
vn -0.5787 0.8043 -0.1348
vn -0.6155 -0.1748 -0.7685
vn 0.1321 0.4775 -0.8686
vn 0.3233 0.0651 -0.9440
vn -0.0478 -0.1661 -0.9850
vn 0.2722 0.6260 0.7308
vn -0.0644 0.4129 0.9085
vn -0.1431 0.4860 0.8622
vn 0.0632 0.6225 0.7800
vn -0.1161 0.4021 0.9082
vn -0.4169 0.5295 0.7388
vn -0.2517 0.8161 0.5202
vn 0.0991 0.7745 0.6248
vn 0.1774 0.3014 0.9368
vn 0.3159 0.7658 0.5602
vn 0.5506 0.6719 0.4954
vn 0.4756 0.4654 0.7465
vn -0.4548 0.7547 0.4729
vn -0.3792 0.6385 0.6697
vn -0.1221 0.6837 0.7195
vn -0.2109 0.7836 0.5843
vn 0.4781 0.1385 -0.8673
vn 0.6515 0.2716 -0.7083
vn 0.4927 0.5393 -0.6830
vn 0.2802 0.4717 -0.8361
vn 0.6462 0.4391 -0.6242
vn 0.7861 0.3584 -0.5036
vn 0.7968 0.3901 -0.4615
vn 0.6991 0.4514 -0.5546
vn -0.2758 0.8696 0.4096
vn -0.5059 0.5600 0.6561
vn -0.7916 0.4457 0.4179
vn -0.6421 0.6939 0.3259
vn -0.2963 0.9495 -0.1028
vn -0.2934 0.9509 0.0988
vn -0.4835 0.8683 0.1107
vn -0.5014 0.8605 -0.0902
vn 0.6534 0.6779 -0.3369
vn 0.6700 0.5315 -0.5183
vn 0.6070 0.5424 -0.5808
vn 0.6052 0.6534 -0.4547
vn 0.2978 0.9101 0.2882
vn 0.4446 0.8603 0.2494
vn 0.4684 0.8648 0.1810
vn 0.3571 0.9090 0.2151
vn 0.5695 0.8118 0.1291
vn 0.4774 0.8335 0.2783
vn 0.2840 0.9407 0.1857
vn 0.3341 0.9424 0.0163
vn -0.2970 0.5659 -0.7691
vn -0.1785 0.7097 -0.6815
vn -0.0348 0.7067 -0.7067
vn -0.1347 0.6096 -0.7812
vn 0.7160 0.0812 -0.6934
vn 0.5158 -0.4560 -0.7253
vn 0.1569 -0.3828 -0.9104
vn 0.3547 -0.1033 -0.9293
vn 0.0227 0.8003 -0.5991
vn -0.1980 0.9293 -0.3118
vn -0.5364 0.7374 -0.4105
vn -0.4059 0.5573 -0.7244
vn -0.2583 0.9119 0.3188
vn -0.4632 0.8184 0.3400
vn -0.5886 0.8020 0.1013
vn -0.4310 0.8950 0.1150
vn -0.4098 0.9015 0.1392
vn -0.4427 0.8531 0.2759
vn -0.4068 0.8576 0.3146
vn -0.3840 0.8994 0.2086
vn -0.5536 0.6022 -0.5753
vn -0.3080 0.5847 -0.7505
vn -0.1504 0.7946 -0.5882
vn -0.3732 0.8419 -0.3898
vn -0.0723 0.8964 -0.4373
vn -0.0856 0.7371 -0.6703
vn 0.2081 0.6343 -0.7445
vn 0.1848 0.7872 -0.5883
vn 0.2280 0.3701 0.9006
vn -0.0173 0.6862 0.7272
vn -0.1171 0.6371 0.7618
vn 0.0362 0.4654 0.8844
vn 0.0771 0.9262 0.3691
vn 0.2117 0.9392 0.2704
vn 0.3540 0.8424 0.4063
vn 0.2460 0.8113 0.5304
vn -0.7988 0.5954 0.0858
vn -0.9531 0.0260 -0.3014
vn -0.8261 0.1573 -0.5411
vn -0.8239 0.4566 -0.3357
vn -0.3902 0.8204 0.4180
vn -0.3161 0.9206 0.2293
vn -0.4846 0.8744 0.0226
vn -0.5332 0.8238 0.1925
vn -0.3874 0.8664 -0.3150
vn -0.3146 0.9491 -0.0173
vn -0.5781 0.8074 0.1177
vn -0.6968 0.7001 -0.1563
vn -0.3026 0.9318 -0.2005
vn -0.3633 0.8199 -0.4425
vn -0.1442 0.7883 -0.5982
vn -0.1304 0.8973 -0.4216
vn 0.8125 0.1399 -0.5660
vn 0.7096 0.3640 -0.6033
vn 0.5774 0.3698 -0.7279
vn 0.6768 0.2143 -0.7043
vn 0.3930 -0.4594 -0.7966
vn 0.6785 -0.3713 -0.6338
vn 0.6781 -0.0301 -0.7344
vn 0.3925 -0.0443 -0.9187
vn 0.4284 0.8030 -0.4142
vn 0.3842 0.6055 -0.6970
vn 0.1812 0.6154 -0.7671
vn 0.2390 0.7671 -0.5953
vn -0.5428 0.7883 -0.2897
vn -0.1694 0.8917 -0.4198
vn -0.1197 0.7524 -0.6477
vn -0.3742 0.7383 -0.5611
vn 0.2993 0.1131 -0.9474
vn 0.6813 0.1773 -0.7102
vn 0.6018 0.6046 -0.5218
vn 0.1904 0.7005 -0.6878
vn 0.0153 0.9164 -0.3999
vn -0.1073 0.8667 -0.4872
vn -0.1954 0.8691 -0.4544
vn -0.0973 0.9149 -0.3918
vn 0.6370 0.7148 0.2887
vn 0.5395 0.7836 0.3081
vn 0.4933 0.7808 0.3834
vn 0.5778 0.7295 0.3662
vn 0.1487 0.8248 -0.5456
vn -0.0843 0.8610 -0.5016
vn -0.1617 0.7070 -0.6885
vn 0.0607 0.6501 -0.7574
vn -0.0829 0.5282 -0.8451
vn -0.2635 0.8754 -0.4053
vn -0.6335 0.6967 -0.3366
vn -0.5060 0.5789 -0.6395
vn 0.3413 0.8188 -0.4616
vn 0.4068 0.5081 -0.7592
vn 0.1316 0.4454 -0.8856
vn 0.1367 0.6778 -0.7224
vn 0.1834 0.8658 0.4655
vn 0.1599 0.9869 0.0203
vn 0.5715 0.8076 -0.1455
vn 0.7479 0.6198 0.2377
vn -0.2347 0.7353 0.6358
vn -0.2943 0.9072 0.3007
vn -0.5637 0.8049 0.1854
vn -0.5110 0.7413 0.4351
vn 0.5643 0.5760 -0.5914
vn 0.5688 0.4170 -0.7089
vn 0.4854 0.3996 -0.7776
vn 0.4921 0.5242 -0.6950
vn -0.7242 0.6689 -0.1676
vn -0.5240 0.7793 -0.3436
vn -0.3658 0.9225 -0.1230
vn -0.5372 0.8383 0.0934
vn 0.6998 0.1919 -0.6881
vn 0.4009 -0.1405 -0.9053
vn 0.3733 -0.0497 -0.9264
vn 0.5548 0.1348 -0.8210
vn -0.4426 0.1939 -0.8755
vn -0.5503 0.2632 -0.7924
vn -0.5896 0.2339 -0.7731
vn -0.5079 0.1822 -0.8420
vn -0.2742 0.8778 0.3928
vn -0.3476 0.8958 0.2769
vn -0.2280 0.9524 0.2026
vn -0.1453 0.9388 0.3125
vn -0.4128 0.7230 0.5540
vn -0.5346 0.6518 0.5379
vn -0.5926 0.6637 0.4564
vn -0.4976 0.7248 0.4765
vn 0.3005 0.9194 0.2539
vn 0.4011 0.8245 0.3992
vn 0.2532 0.7662 0.5906
vn 0.1951 0.8620 0.4678
vn -0.8293 -0.1719 -0.5317
vn -0.3734 -0.2032 -0.9051
vn -0.2291 0.3458 -0.9099
vn -0.6419 0.5470 -0.5374
vn -0.3648 0.9060 0.2149
vn -0.5285 0.8443 0.0891
vn -0.5021 0.8594 -0.0965
vn -0.3903 0.9206 0.0130
vn 0.3632 0.5566 -0.7472
vn 0.4295 0.8642 -0.2622
vn 0.7667 0.6361 -0.0872
vn 0.7224 0.5469 -0.4231
vn 0.8907 0.2416 -0.3851
vn 0.5997 0.2557 -0.7582
vn 0.5752 -0.2024 -0.7925
vn 0.8633 -0.2743 -0.4236
vn 0.4539 0.2836 0.8447
vn 0.5583 0.4075 0.7227
vn 0.6043 0.3822 0.6991
vn 0.5307 0.2946 0.7947
vn -0.4440 0.7340 0.5138
vn -0.3899 0.6968 0.6021
vn -0.3520 0.7095 0.6105
vn -0.3980 0.7414 0.5403
vn -0.6935 0.7203 -0.0135
vn -0.5341 0.8059 -0.2552
vn -0.3096 0.9466 -0.0898
vn -0.4329 0.8836 0.1785
vn -0.0049 0.8615 -0.5078
vn 0.3807 0.9234 0.0486
vn 0.6227 0.7775 -0.0879
vn 0.4184 0.8253 -0.3792
vn -0.3432 0.8908 0.2977
vn -0.2063 0.9438 0.2584
vn -0.1092 0.9347 0.3381
vn -0.2241 0.9024 0.3680
vn -0.4450 -0.0240 0.8952
vn -0.8962 0.2243 0.3827
vn -0.5683 0.7936 0.2174
vn -0.0054 0.7377 0.6752
vn 0.6856 0.3843 -0.6183
vn 0.9319 0.0926 -0.3508
vn 0.9667 0.2440 -0.0775
vn 0.8603 0.4181 -0.2917
vn 0.5530 0.0455 0.8319
vn 0.7658 0.4581 0.4514
vn 0.9548 0.2152 0.2052
vn 0.8710 0.0328 0.4902
vn -0.2480 0.6739 0.6959
vn -0.4070 0.7264 0.5538
vn -0.2666 0.8683 0.4183
vn -0.0871 0.8367 0.5406
vn 0.6498 0.6718 0.3557
vn 0.6142 0.7590 0.2159
vn 0.6971 0.7134 0.0714
vn 0.7281 0.6575 0.1940
vn 0.3248 0.9221 0.2104
vn 0.3452 0.8536 0.3902
vn 0.2293 0.8488 0.4764
vn 0.2251 0.9131 0.3401
vn -0.3101 0.9483 -0.0680
vn -0.3318 0.9323 0.1438
vn -0.5553 0.8199 0.1392
vn -0.5746 0.8152 -0.0733
vn 0.7410 0.6541 0.1520
vn 0.6789 -0.4831 -0.5529
vn 0.6950 -0.0009 -0.7190
vn 0.7896 0.3991 -0.4661
vn 0.5565 0.6778 0.4805
vn 0.3293 0.8326 0.4453
vn 0.1530 0.7811 0.6054
vn 0.3411 0.6977 0.6300
vn 0.2826 0.9591 0.0134
vn -0.1173 0.9900 -0.0778
vn -0.0649 0.8835 -0.4640
vn 0.3419 0.8381 -0.4251
vn 0.8104 0.1393 -0.5691
vn 0.6302 0.3952 -0.6684
vn 0.3948 0.2872 -0.8727
vn 0.5718 0.1340 -0.8093
vn -0.9879 0.1546 0.0149
vn -0.8220 0.5495 -0.1494
vn -0.8271 0.5006 -0.2556
vn -0.9463 0.2829 -0.1568
vn -0.3995 0.9163 -0.0277
vn -0.3540 0.9214 0.1601
vn -0.5309 0.8183 0.2203
vn -0.5983 0.8003 0.0400
vn 0.2108 0.9584 0.1924
vn 0.2024 0.8877 0.4135
vn 0.0804 0.8784 0.4710
vn 0.0962 0.9446 0.3137
vn 0.4382 0.8419 0.3149
vn 0.2500 0.9095 0.3322
vn 0.1427 0.8286 0.5414
vn 0.3043 0.8005 0.5164
vn -0.2240 0.8084 -0.5443
vn -0.3642 0.9305 -0.0385
vn -0.7892 0.6136 0.0236
vn -0.8057 0.3745 -0.4588
vn -0.9142 0.1573 0.3736
vn -0.7275 0.3370 0.5976
vn -0.7246 0.2758 0.6316
vn -0.8518 0.1682 0.4960
vn -0.3429 0.9220 -0.1796
vn -0.4065 0.8412 -0.3565
vn -0.3553 0.8391 -0.4119
vn -0.3137 0.9065 -0.2827
vn 0.5909 0.2554 0.7652
vn 0.1830 0.3212 0.9292
vn 0.1145 0.6932 0.7116
vn 0.5108 0.6924 0.5096
vn 0.3406 0.9390 -0.0477
vn 0.2372 0.9623 -0.1331
vn 0.2419 0.9508 -0.1937
vn 0.3250 0.9374 -0.1250
vn -0.3736 0.8674 0.3287
vn -0.2030 0.9268 0.3160
vn -0.0924 0.8849 0.4565
vn -0.2371 0.8555 0.4603
vn -0.0973 0.8677 -0.4874
vn -0.2599 0.9338 -0.2460
vn -0.5675 0.7603 -0.3162
vn -0.5082 0.6357 -0.5810
vn -0.0468 0.5163 -0.8551
vn -0.5933 0.8048 -0.0156
vn -0.8385 0.4884 -0.2415
vn -0.6201 0.4674 -0.6301
vn -0.2919 -0.1374 -0.9465
vn -0.3859 0.7130 -0.5854
vn -0.7514 0.5124 -0.4158
vn -0.7123 0.1775 -0.6790
vn 0.7349 0.5949 0.3256
vn 0.6738 0.5430 -0.5012
vn 0.8024 -0.2118 -0.5580
vn 0.8977 -0.3600 0.2541
vn -0.4668 0.3072 -0.8293
vn -0.1508 -0.4123 -0.8985
vn 0.1697 -0.2381 -0.9563
vn -0.0399 0.0897 -0.9952
vn -0.7765 0.5120 0.3674
vn -0.9689 -0.1321 0.2093
vn -0.9899 -0.0572 -0.1298
vn -0.9595 0.2816 0.0051
vn 0.8658 0.4511 0.2168
vn 0.5583 0.6933 0.4556
vn 0.3462 0.9320 0.1071
vn 0.5797 0.7739 -0.2550
vn 0.3871 0.9201 -0.0602
vn 0.2372 0.9642 -0.1182
vn 0.2129 0.9513 -0.2231
vn 0.3325 0.9268 -0.1743
vn 0.2602 0.9279 -0.2671
vn 0.5948 0.8011 -0.0671
vn 0.5565 0.8304 0.0284
vn 0.3649 0.9256 -0.1009
vn 0.2218 0.9085 -0.3541
vn -0.2341 0.9229 -0.3057
vn -0.3259 0.6696 -0.6674
vn 0.1127 0.6050 -0.7882
vn 0.4529 0.8391 0.3012
vn 0.4299 0.8829 0.1891
vn 0.4563 0.8758 0.1576
vn 0.4758 0.8437 0.2484
vn -0.9032 0.1077 0.4155
vn -0.7047 0.4261 0.5673
vn -0.6364 0.3723 0.6756
vn -0.7837 0.1879 0.5920
vn -0.4399 0.6557 0.6136
vn -0.5855 0.7453 0.3189
vn -0.3045 0.9355 0.1791
vn -0.0859 0.8952 0.4373
vn 0.3125 0.9388 -0.1451
vn 0.4867 0.7135 -0.5040
vn 0.3663 0.7170 -0.5930
vn 0.2835 0.8763 -0.3895
vn 0.4089 0.9101 -0.0667
vn 0.2685 0.9626 0.0354
vn 0.2735 0.9477 0.1646
vn 0.3843 0.9198 0.0793
vn -0.2261 0.2717 -0.9354
vn -0.4522 0.2491 -0.8564
vn -0.4671 -0.0231 -0.8839
vn -0.2437 -0.0532 -0.9684
vn 0.5937 0.8041 0.0312
vn 0.3912 0.8855 0.2508
vn 0.4418 0.7497 0.4926
vn 0.5941 0.7363 0.3238
vn -0.3506 0.3745 -0.8584
vn -0.1982 0.6463 -0.7369
vn 0.1477 0.6052 -0.7823
vn -0.0049 0.4454 -0.8953
vn 0.0745 0.9376 0.3397
vn 0.1985 0.9472 0.2519
vn 0.3122 0.8716 0.3780
vn 0.2035 0.8518 0.4828
vn 0.5593 0.7133 0.4223
vn 0.5686 0.7993 0.1945
vn 0.7065 0.7043 0.0701
vn 0.7014 0.6666 0.2524
vn 0.4731 0.4936 0.7298
vn 0.4532 -0.1653 0.8759
vn 0.0428 -0.1599 0.9862
vn 0.1375 0.1999 0.9701
vn 0.1841 0.9047 0.3842
vn -0.0050 0.9297 0.3683
vn 0.0102 0.9840 0.1780
vn 0.2003 0.9633 0.1785
vn 0.7408 0.0084 -0.6717
vn 0.7399 -0.4585 -0.4922
vn 0.8894 -0.4224 -0.1748
vn 0.9222 -0.1652 -0.3496
vn 0.3865 0.8806 0.2743
vn 0.4210 0.8053 0.4174
vn 0.3483 0.7971 0.4933
vn 0.3284 0.8632 0.3833
vn -0.3879 0.8600 0.3315
vn -0.5029 0.8575 0.1083
vn -0.3007 0.9537 -0.0076
vn -0.1704 0.9635 0.2066
vn 0.5738 0.7701 0.2787
vn 0.6208 0.6625 0.4191
vn 0.4895 0.6597 0.5703
vn 0.4731 0.7548 0.4543
vn -0.2203 0.7771 -0.5896
vn -0.5476 0.4208 -0.7232
vn -0.7827 0.4256 -0.4540
vn -0.5899 0.6735 -0.4453
vn -0.7901 0.0415 0.6116
vn -0.9874 0.1115 0.1125
vn -0.8022 0.5956 0.0402
vn -0.5596 0.6443 0.5212
vn -0.3819 0.4926 -0.7820
vn -0.2633 0.6561 -0.7073
vn -0.1396 0.6605 -0.7377
vn -0.2374 0.5488 -0.8015
vn 0.1075 0.9865 -0.1238
vn 0.4681 0.8821 -0.0537
vn 0.4953 0.8542 0.1583
vn 0.2757 0.9565 0.0957
vn 0.1234 0.5041 0.8548
vn 0.4426 0.4009 0.8021
vn 0.3981 0.0626 0.9152
vn 0.0689 0.0869 0.9938
vn -0.0139 0.9258 0.3777
vn 0.0682 0.9805 0.1843
vn 0.1976 0.9661 0.1660
vn 0.1309 0.9408 0.3127
vn 0.4407 0.3922 0.8074
vn 0.6102 0.2162 0.7621
vn 0.6921 0.2435 0.6795
vn 0.5773 0.3712 0.7273
vn 0.6312 0.7331 0.2530
vn 0.4265 0.8342 0.3495
vn 0.2949 0.9511 0.0915
vn 0.4614 0.8837 -0.0789
vn -0.0205 0.9764 0.2150
vn -0.2334 0.8839 0.4053
vn -0.4421 0.8458 0.2988
vn -0.2819 0.9412 0.1861
vn -0.6215 0.5959 0.5085
vn -0.9984 0.0543 -0.0180
vn -0.8870 0.3397 -0.3127
vn -0.8001 0.5997 -0.0107
vn 0.3981 0.8792 -0.2619
vn -0.1538 0.9376 -0.3118
vn -0.2196 0.6274 -0.7471
vn 0.3159 0.4852 -0.8154
vn -0.3880 0.9090 0.1522
vn -0.4894 0.8290 0.2705
vn -0.4538 0.8130 0.3647
vn -0.3825 0.8830 0.2719
vn 0.7520 0.4622 -0.4699
vn 0.6820 0.6774 -0.2756
vn 0.7507 0.6515 -0.1097
vn 0.8123 0.5213 -0.2615
vn 0.2591 0.9329 -0.2502
vn 0.0686 0.9188 -0.3888
vn 0.1903 0.8068 -0.5593
vn 0.3895 0.8129 -0.4329
vn -0.2810 0.9373 0.2063
vn -0.2699 0.8962 0.3521
vn -0.1569 0.8986 0.4098
vn -0.1749 0.9396 0.2942
vn 0.6667 0.6657 0.3352
vn 0.5216 0.7740 0.3589
vn 0.4167 0.7422 0.5249
vn 0.5463 0.6718 0.5002
vn -0.4888 0.7582 0.4315
vn -0.3951 0.7549 0.5235
vn -0.4630 0.6572 0.5947
vn -0.5606 0.6550 0.5066
vn 0.3076 0.9319 0.1924
vn 0.3126 0.8611 0.4010
vn 0.1386 0.8572 0.4959
vn 0.1532 0.9276 0.3408
vn -0.1815 0.7795 -0.5996
vn -0.3469 0.6235 -0.7007
vn -0.4045 0.6286 -0.6642
vn -0.2895 0.7448 -0.6013
vn -0.2961 0.9215 -0.2513
vn -0.3044 0.9525 0.0037
vn -0.5861 0.8067 0.0754
vn -0.6643 0.7307 -0.1574
vn 0.3896 0.8556 0.3410
vn 0.3534 0.9145 0.1969
vn 0.4004 0.9053 0.1417
vn 0.4287 0.8662 0.2567
vn -0.3308 0.9437 0.0070
vn -0.4932 0.8385 0.2316
vn -0.4242 0.8360 0.3480
vn -0.3266 0.9253 0.1929
vn 0.0919 0.9609 0.2611
vn 0.2093 0.9500 0.2317
vn 0.2387 0.9061 0.3493
vn 0.1228 0.9147 0.3850
vn -0.2321 0.7198 -0.6542
vn -0.3241 0.6036 -0.7285
vn -0.3918 0.5911 -0.7051
vn -0.3207 0.6852 -0.6540
vn 0.8371 0.5151 -0.1842
vn 0.6219 -0.1654 0.7654
vn 0.6037 0.2458 0.7584
vn 0.7581 0.5030 0.4150
vn 0.0647 0.6585 0.7498
vn -0.2560 0.8049 0.5354
vn -0.0531 0.9820 0.1814
vn 0.3430 0.9015 0.2638
vn 0.3050 0.8752 0.3755
vn 0.2907 0.9492 0.1204
vn 0.4319 0.9017 0.0196
vn 0.4383 0.8735 0.2117
vn -0.5069 0.0111 -0.8619
vn -0.3420 0.3536 -0.8706
vn 0.0174 0.2962 -0.9550
vn -0.1529 0.0866 -0.9844
vn 0.4090 0.8508 -0.3298
vn 0.3910 0.9200 -0.0268
vn 0.0881 0.9952 -0.0437
vn 0.0705 0.9347 -0.3483
vn 0.1859 0.8574 -0.4798
vn -0.2765 0.3441 -0.8973
vn -0.5503 0.4679 -0.6915
vn -0.3088 0.7588 -0.5734
vn 0.1816 0.7544 0.6309
vn 0.4842 0.0738 0.8718
vn 0.7572 0.1397 0.6380
vn 0.6150 0.5010 0.6089
vn 0.8472 0.4437 -0.2923
vn 0.7107 0.4463 -0.5438
vn 0.7750 0.1610 -0.6111
vn 0.9221 0.1116 -0.3706
vn -0.4335 0.2629 -0.8620
vn -0.6532 0.0105 -0.7571
vn -0.8498 0.1353 -0.5095
vn -0.7065 0.2981 -0.6418
vn -0.3463 0.9292 0.1289
vn -0.4951 0.8679 -0.0390
vn -0.4525 0.8762 -0.1662
vn -0.3543 0.9343 -0.0384
vn 0.7486 0.6238 0.2244
vn 0.6650 0.6719 0.3260
vn 0.5859 0.7783 0.2257
vn 0.6608 0.7421 0.1126
vn 0.3994 0.7521 0.5243
vn 0.4139 0.9093 0.0436
vn 0.6942 0.7130 -0.0987
vn 0.6845 0.6959 0.2171
vn -0.3541 0.4875 -0.7981
vn 0.4011 -0.1750 -0.8992
vn 0.6129 0.2366 -0.7539
vn 0.2644 0.5047 -0.8218
vn 0.4521 0.7951 0.4041
vn 0.5459 0.7862 0.2897
vn 0.6530 0.6618 0.3682
vn 0.5734 0.6542 0.4931
vn -0.5104 0.5760 0.6385
vn -0.1929 0.7953 0.5748
vn 0.0399 0.6775 0.7344
vn -0.2015 0.5805 0.7890
vn -0.6310 0.5942 -0.4987
vn -0.4805 0.8731 -0.0823
vn -0.6704 0.7185 0.1851
vn -0.7763 0.6220 -0.1022
vn -0.4365 0.5578 -0.7059
vn -0.1919 0.6253 -0.7565
vn -0.1907 0.8017 -0.5665
vn -0.4353 0.7477 -0.5015
vn 0.0296 0.9974 -0.0650
vn 0.6349 0.5910 -0.4976
vn 0.8214 0.5582 -0.1166
vn 0.5513 0.8340 0.0222
vn -0.3448 0.9367 0.0603
vn -0.4438 0.8646 0.2355
vn -0.3886 0.8614 0.3271
vn -0.3238 0.9254 0.1971
vn -0.4238 0.7965 0.4313
vn -0.5223 0.8151 0.2508
vn -0.3470 0.9270 0.1421
vn -0.2209 0.9262 0.3056
vn -0.2055 0.9095 -0.3613
vn -0.5514 0.6456 -0.5284
vn -0.6457 0.6495 -0.4015
vn -0.4521 0.8302 -0.3263
vn -0.5058 0.8560 -0.1068
vn -0.3299 0.9159 -0.2288
vn -0.3371 0.8957 -0.2901
vn -0.4667 0.8609 -0.2026
vn -0.5978 0.1973 -0.7770
vn -0.0206 0.4518 -0.8919
vn -0.0290 0.8846 -0.4654
vn -0.6075 0.7635 -0.2193
vn 0.1829 0.9474 0.2628
vn 0.2894 0.9077 0.3039
vn 0.3511 0.8998 0.2589
vn 0.2650 0.9368 0.2284
vn 0.1120 0.3884 0.9147
vn 0.3050 0.6482 0.6977
vn 0.3800 0.6042 0.7004
vn 0.2604 0.4536 0.8523
vn -0.3723 0.5608 0.7395
vn -0.4928 0.5960 0.6340
vn -0.3952 0.7369 0.5485
vn -0.2624 0.7197 0.6428
vn -0.4505 0.8171 -0.3597
vn -0.4621 0.8835 -0.0766
vn -0.5970 0.8021 0.0135
vn -0.5914 0.7833 -0.1917
vn -0.1023 0.9034 -0.4164
vn 0.0113 0.7988 -0.6015
vn 0.2561 0.7815 -0.5689
vn 0.1508 0.8811 -0.4482
vn -0.4525 0.6007 -0.6591
vn -0.3153 0.6035 -0.7324
vn -0.2633 0.7223 -0.6395
vn -0.3976 0.7257 -0.5615
vn 0.7514 -0.2528 -0.6095
vn 0.6522 -0.0245 -0.7576
vn 0.5477 -0.0545 -0.8349
vn 0.6345 -0.2109 -0.7436
vn -0.1648 0.9602 0.2254
vn -0.6107 0.7648 0.2053
vn -0.6674 0.7156 -0.2059
vn -0.4183 0.8987 -0.1316
vn 0.4570 0.7206 0.5213
vn 0.8676 0.4970 0.0161
vn 0.9580 -0.0962 0.2702
vn 0.5638 0.0149 0.8258
vn 0.6809 0.3933 -0.6178
vn 0.5774 0.0407 -0.8154
vn 0.3298 0.0829 -0.9404
vn 0.4466 0.3087 -0.8398
vn 0.4506 0.6585 -0.6028
vn 0.5181 0.7875 -0.3338
vn 0.6471 0.7178 -0.2569
vn 0.6066 0.6528 -0.4537
vn -0.3570 0.9333 0.0381
vn -0.2708 0.9412 0.2021
vn -0.4406 0.8347 0.3305
vn -0.5608 0.8053 0.1922
vn -0.3206 0.9010 0.2922
vn -0.2783 0.9454 0.1696
vn -0.3344 0.9381 0.0899
vn -0.3677 0.9098 0.1924
vn 0.3662 0.8609 0.3531
vn 0.2745 0.9493 0.1534
vn 0.4092 0.9117 -0.0376
vn 0.4729 0.8712 0.1317
vn -0.4586 0.7395 0.4927
vn -0.6035 0.7796 0.1673
vn -0.3120 0.9500 0.0120
vn -0.1023 0.9477 0.3023
vn -0.5890 0.8022 0.0978
vn -0.9546 -0.1354 -0.2655
vn -0.7543 0.1076 -0.6477
vn -0.7102 0.5232 -0.4710
vn 0.2995 0.9342 -0.1938
vn 0.9088 0.4061 0.0954
vn 0.7555 0.5021 0.4209
vn 0.5415 0.8018 0.2527
vn 0.5021 0.3220 -0.8026
vn -0.2135 0.3934 -0.8942
vn -0.3872 -0.2602 -0.8845
vn 0.2728 -0.5490 -0.7901
vn -0.1180 0.8883 -0.4438
vn 0.2776 0.9576 -0.0776
vn 0.4350 0.8792 -0.1945
vn 0.2087 0.8913 -0.4026
vn 0.3285 0.9445 -0.0029
vn 0.5299 0.8454 0.0675
vn 0.5422 0.7991 0.2598
vn 0.4035 0.8937 0.1960
vn 0.7914 0.6040 -0.0941
vn 0.7315 0.4678 -0.4960
vn 0.8893 0.0571 -0.4538
vn 0.9969 0.0685 -0.0392
vn -0.3116 0.9386 0.1479
vn -0.4671 0.8825 -0.0545
vn -0.4243 0.8952 -0.1361
vn -0.3236 0.9462 0.0078
vn -0.5250 0.8502 0.0404
vn -0.2883 0.9372 0.1964
vn -0.2934 0.8989 0.3253
vn -0.4611 0.8606 0.2163
vn 0.8506 0.4911 -0.1879
vn 0.7067 0.5197 -0.4801
vn 0.7594 0.1717 -0.6276
vn 0.9221 0.0223 -0.3862
vn 0.4756 0.8289 0.2946
vn 0.6595 0.6736 0.3336
vn 0.7678 0.6190 0.1652
vn 0.6395 0.7526 0.1568
vn -0.4992 0.6073 0.6180
vn -0.4957 0.7418 0.4516
vn -0.6494 0.7004 0.2962
vn -0.6501 0.6161 0.4447
vn -0.5466 0.8334 -0.0816
vn -0.4729 0.8385 -0.2705
vn -0.3011 0.9307 -0.2075
vn -0.3645 0.9311 -0.0149
vn -0.9839 0.1690 -0.0585
vn -0.8475 0.5134 0.1346
vn -0.8588 0.4680 0.2085
vn -0.9585 0.2701 0.0912
vn 0.5857 0.5534 -0.5923
vn 0.5579 0.3738 -0.7410
vn 0.4094 0.3712 -0.8334
vn 0.4503 0.5106 -0.7325
vn 0.0965 -0.0664 -0.9931
vn 0.5552 -0.2091 -0.8050
vn 0.6922 0.2528 -0.6760
vn 0.2562 0.4734 -0.8428
vn -0.9694 0.2157 0.1170
vn -0.2741 0.8771 0.3944
vn -0.3024 0.5838 0.7535
vn -0.6748 0.3837 0.6303
vn 0.7659 0.1367 -0.6283
vn 0.8080 0.3795 -0.4508
vn 0.9298 0.3065 -0.2037
vn 0.9162 0.1540 -0.3699
vn 0.9611 0.2030 -0.1875
vn 0.6962 0.2687 -0.6657
vn 0.6138 -0.2478 -0.7495
vn 0.8630 -0.4155 -0.2874
vn -0.2169 0.5443 -0.8103
vn 0.1610 0.8072 -0.5680
vn 0.4524 0.6096 -0.6509
vn 0.2011 0.5219 -0.8290
vn 0.5578 0.7954 -0.2372
vn 0.5009 0.8644 -0.0443
vn 0.2849 0.9518 -0.1140
vn 0.3058 0.8972 -0.3186
vn 0.8384 0.3910 0.3797
vn 0.9707 0.0277 -0.2387
vn 0.9614 0.1840 -0.2045
vn 0.9284 0.3597 0.0934
vn -0.4452 0.8913 0.0861
vn -0.3007 0.9384 0.1700
vn -0.2996 0.9271 0.2254
vn -0.4109 0.8972 0.1615
vn -0.0079 0.8792 0.4763
vn 0.1259 0.9920 -0.0136
vn 0.6129 0.7886 -0.0495
vn 0.6894 0.5877 0.4235
vn 0.6130 0.7498 0.2490
vn 0.5390 0.7837 0.3086
vn 0.5322 0.7679 0.3564
vn 0.5949 0.7428 0.3072
vn -0.4541 -0.0376 -0.8902
vn -0.6524 0.1908 -0.7334
vn -0.6969 0.1403 -0.7033
vn -0.5770 -0.0031 -0.8167
vn -0.2459 0.8066 0.5375
vn -0.3530 0.8449 0.4019
vn -0.1982 0.9406 0.2756
vn -0.0639 0.9192 0.3886
vn -0.0799 0.8598 -0.5043
vn 0.0491 0.9123 -0.4066
vn 0.1595 0.8866 -0.4342
vn 0.0549 0.8568 -0.5128
vn -0.0989 0.8689 0.4850
vn 0.1084 0.9071 0.4067
vn 0.2076 0.8563 0.4730
vn 0.0518 0.8445 0.5330
vn 0.9040 -0.1283 0.4078
vn 0.4942 0.2907 0.8193
vn 0.4198 0.8117 0.4060
vn 0.8051 0.5738 -0.1504
vn -0.2405 0.9178 -0.3160
vn -0.4210 0.8564 -0.2987
vn -0.4691 0.8596 -0.2027
vn -0.3356 0.9152 -0.2233
vn -0.4779 0.8424 0.2491
vn -0.3968 0.9088 0.1291
vn -0.4216 0.9047 0.0613
vn -0.4863 0.8596 0.1569
vn -0.7593 0.0211 0.6504
vn -0.9189 0.1124 0.3782
vn -0.8135 0.4184 0.4039
vn -0.6456 0.3514 0.6780
vn 0.3907 0.8849 0.2538
vn 0.5253 0.8208 0.2243
vn 0.5560 0.8182 0.1461
vn 0.4537 0.8742 0.1731
vn -0.4612 -0.2240 -0.8586
vn -0.7376 0.3519 -0.5763
vn -0.9134 0.1751 -0.3675
vn -0.8058 -0.0973 -0.5841
vn 0.6706 0.1955 -0.7156
vn 0.8021 0.3663 -0.4717
vn 0.5896 0.6395 -0.4934
vn 0.4104 0.5304 -0.7418
vn -0.5577 -0.2005 -0.8055
vn -0.6888 0.6087 -0.3938
vn -0.9224 0.3560 -0.1499
vn -0.9063 0.0333 -0.4214
vn 0.5469 0.8268 -0.1315
vn 0.0390 0.9437 -0.3285
vn 0.0529 0.7067 -0.7055
vn 0.3665 0.7377 -0.5671
vn 0.6777 0.7297 -0.0908
vn 0.6208 0.6876 -0.3765
vn 0.8024 0.4360 -0.4074
vn 0.8929 0.4320 -0.1272
vn -0.3655 0.9245 0.1085
vn -0.5080 0.8205 0.2622
vn -0.4146 0.7828 0.4641
vn -0.3276 0.8826 0.3372
vn 0.0730 0.9901 -0.1202
vn 0.2761 0.9595 -0.0559
vn 0.3007 0.9505 0.0788
vn 0.1531 0.9879 0.0231
vn 0.8929 -0.0255 0.4496
vn 0.6447 0.0068 0.7644
vn 0.5496 0.4126 0.7264
vn 0.7698 0.4966 0.4010
vn -0.1139 0.7809 -0.6141
vn -0.1300 0.9141 -0.3841
vn -0.3960 0.8792 -0.2648
vn -0.3604 0.8118 -0.4595
vn -0.2348 0.9409 0.2440
vn -0.3645 0.9054 0.2178
vn -0.4009 0.9073 0.1271
vn -0.2982 0.9421 0.1535
vn -0.7316 0.6282 -0.2647
vn -0.8653 0.4899 0.1062
vn -0.9905 0.1303 -0.0445
vn -0.8725 0.2237 -0.4345
vn -0.7813 0.4331 0.4494
vn -0.9930 0.0692 0.0957
vn -0.9707 0.2055 -0.1243
vn -0.9051 0.4120 0.1050
vn 0.4478 0.5281 -0.7215
vn 0.8550 -0.5164 -0.0478
vn 0.9970 -0.0126 0.0763
vn 0.9076 0.3483 -0.2346
vn 0.0216 0.8141 -0.5804
vn -0.2515 0.7940 -0.5534
vn -0.2710 0.6005 -0.7523
vn -0.0001 0.6004 -0.7997
vn 0.2989 0.8248 -0.4801
vn 0.6343 0.5054 -0.5850
vn 0.8253 0.4829 -0.2926
vn 0.6324 0.7176 -0.2917
vn 0.4233 0.8546 0.3008
vn 0.2427 0.9238 0.2961
vn 0.1556 0.8996 0.4079
vn 0.3006 0.8611 0.4101
vn -0.9018 0.4074 -0.1441
vn -0.6133 0.6095 -0.5023
vn -0.3189 0.9201 -0.2276
vn -0.4962 0.8358 0.2352
vn -0.4782 0.6575 0.5822
vn -0.3777 0.7396 0.5571
vn -0.3092 0.7376 0.6002
vn -0.3948 0.6764 0.6218
vn -0.7119 0.7010 0.0416
vn -0.9716 -0.1049 -0.2122
vn -0.8241 0.0302 -0.5657
vn -0.8021 0.4194 -0.4251
vn -0.6085 0.2705 -0.7460
vn -0.2447 0.4908 -0.8362
vn -0.2724 0.8083 -0.5219
vn -0.6458 0.6863 -0.3345
vn 0.5922 0.7621 0.2619
vn 0.6175 0.6858 0.3853
vn 0.5269 0.6949 0.4894
vn 0.5180 0.7621 0.3883
vn -0.0190 0.8235 -0.5670
vn -0.1668 0.8956 -0.4124
vn -0.3693 0.8204 -0.4366
vn -0.2461 0.7911 -0.5600
vn -0.4064 0.9105 0.0762
vn -0.2830 0.9421 0.1802
vn -0.3738 0.8636 0.3384
vn -0.5101 0.8208 0.2572
vn 0.1027 0.7491 -0.6544
vn 0.3026 0.8973 -0.3214
vn 0.6095 0.7306 -0.3077
vn 0.4640 0.6976 -0.5459
vn -0.1003 0.7602 -0.6419
vn -0.4421 0.6039 -0.6632
vn -0.5630 0.6658 -0.4897
vn -0.3455 0.7856 -0.5133
vn -0.3464 0.6863 0.6395
vn -0.4584 0.6642 0.5905
vn -0.4375 0.7494 0.4970
vn -0.3245 0.7750 0.5423
vn -0.4615 0.2973 -0.8358
vn -0.5317 0.1618 -0.8313
vn -0.5755 0.1573 -0.8025
vn -0.5228 0.2633 -0.8108
vn -0.1939 0.8779 0.4378
vn 0.0144 0.9848 0.1730
vn 0.2947 0.9262 0.2352
vn 0.1286 0.8996 0.4173
vn 0.1817 0.8769 0.4449
vn -0.0122 0.8701 0.4927
vn -0.0680 0.9481 0.3105
vn 0.1212 0.9611 0.2482
vn 0.5811 0.7762 0.2446
vn 0.5953 0.7223 0.3520
vn 0.5373 0.7325 0.4181
vn 0.5318 0.7799 0.3301
vn 0.7466 -0.0573 -0.6628
vn 0.5860 -0.3661 -0.7229
vn 0.4125 -0.3408 -0.8448
vn 0.5515 -0.1492 -0.8207
vn -0.7076 -0.1832 -0.6824
vn -0.5294 -0.0642 -0.8459
vn -0.5921 0.2316 -0.7719
vn -0.7858 0.1850 -0.5902
vn 0.4942 0.7052 -0.5085
vn 0.0907 0.9086 0.4076
vn 0.5400 0.6643 0.5168
vn 0.7083 0.6989 0.0994
vn 0.2438 0.9689 -0.0421
vn 0.3328 0.9328 -0.1387
vn 0.3154 0.9280 -0.1982
vn 0.2472 0.9615 -0.1201
vn 0.7192 0.5921 -0.3634
vn 0.5821 0.5788 -0.5710
vn 0.6784 0.3283 -0.6572
vn 0.8349 0.2918 -0.4667
vn -0.4792 -0.1071 -0.8711
vn -0.6233 0.2598 -0.7375
vn -0.7318 0.2206 -0.6449
vn -0.6557 0.0024 -0.7550
vn 0.7178 0.2763 -0.6391
vn 0.4852 0.4943 -0.7213
vn 0.2563 0.3391 -0.9052
vn 0.4656 0.2223 -0.8566
vn 0.6636 0.7480 -0.0101
vn 0.4145 0.8377 -0.3555
vn 0.5615 0.5205 -0.6433
vn 0.8598 0.3245 -0.3943
vn 0.5059 0.7871 0.3529
vn 0.4832 0.8572 0.1782
vn 0.5696 0.8182 0.0786
vn 0.5886 0.7782 0.2191
vn -0.2142 0.8915 -0.3993
vn -0.6845 0.5814 -0.4397
vn -0.8042 0.5927 -0.0450
vn -0.5579 0.8239 -0.0990
vn -0.3596 -0.1629 -0.9188
vn -0.0190 -0.1241 -0.9921
vn -0.0378 0.2210 -0.9745
vn -0.3807 0.2140 -0.8996
vn -0.0565 0.9191 -0.3899
vn 0.0251 0.8518 -0.5233
vn 0.1424 0.8417 -0.5208
vn 0.0729 0.9032 -0.4230
vn 0.3310 0.8867 0.3228
vn 0.1906 0.9356 0.2973
vn 0.0918 0.9139 0.3953
vn 0.2121 0.8859 0.4125
vn -0.9053 0.3967 -0.1517
vn -0.5208 0.6000 -0.6073
vn -0.1667 0.9476 -0.2725
vn -0.4426 0.8503 0.2847
vn 0.7212 0.3130 -0.6180
vn 0.7119 0.4829 -0.5098
vn 0.7441 0.4791 -0.4656
vn 0.7548 0.3571 -0.5503
vn 0.2242 0.9418 0.2505
vn 0.1726 0.9226 0.3450
vn 0.1198 0.9283 0.3520
vn 0.1635 0.9471 0.2762
vn -0.7723 0.6338 0.0436
vn -0.6263 0.7623 -0.1630
vn -0.3867 0.9220 0.0200
vn -0.4594 0.8421 0.2824
vn -0.3742 0.8977 0.2328
vn -0.4998 0.8539 0.1452
vn -0.4988 0.8637 0.0731
vn -0.4050 0.9028 0.1444
vn 0.5172 0.2610 0.8151
vn 0.3645 0.4175 0.8324
vn 0.2945 0.3957 0.8699
vn 0.4117 0.2871 0.8649
vn -0.5820 0.8129 0.0239
vn -0.5134 0.8500 -0.1183
vn -0.3844 0.9222 -0.0424
vn -0.4459 0.8890 0.1039
vn -0.3713 0.6335 -0.6789
vn 0.0945 0.9439 -0.3165
vn 0.3075 0.8237 -0.4764
vn 0.0392 0.7280 -0.6845
vn -0.4848 0.6215 0.6154
vn -0.3457 0.7875 0.5103
vn -0.0979 0.7867 0.6095
vn -0.2348 0.6820 0.6927
vn 0.2607 0.4590 0.8493
vn 0.4726 0.4474 0.7592
vn 0.5032 0.2263 0.8340
vn 0.2943 0.2184 0.9304
vn 0.6065 0.2595 -0.7515
vn 0.7995 -0.3267 -0.5040
vn 0.9044 -0.2090 -0.3720
vn 0.8380 0.0800 -0.5398
vn 0.5422 0.7975 0.2647
vn 0.6170 0.7520 0.2320
vn 0.6274 0.7535 0.1967
vn 0.5666 0.7927 0.2248
vn 0.1191 0.7677 0.6296
vn -0.0777 0.8425 0.5330
vn 0.0357 0.9408 0.3371
vn 0.2474 0.8788 0.4080
vn 0.4787 0.8140 0.3292
vn 0.3277 0.8727 0.3620
vn 0.2785 0.8475 0.4520
vn 0.4007 0.8110 0.4263
vn -0.0696 0.8729 -0.4830
vn 0.0451 0.9117 -0.4084
vn 0.1068 0.8971 -0.4288
vn 0.0154 0.8719 -0.4894
vn 0.1177 0.8476 0.5174
vn 0.3538 0.8502 0.3899
vn 0.5026 0.6493 0.5708
vn 0.3014 0.5990 0.7419
vn -0.4406 0.2451 -0.8636
vn -0.1471 0.4454 -0.8832
vn 0.0761 0.2827 -0.9562
vn -0.1516 0.1808 -0.9718
vn 0.0439 0.6540 0.7552
vn 0.4125 0.3398 0.8452
vn 0.5244 0.4126 0.7449
vn 0.3162 0.6070 0.7291
vn 0.3963 0.6552 -0.6431
vn -0.1297 0.4118 -0.9020
vn 0.0611 -0.1545 -0.9861
vn 0.6491 -0.0955 -0.7546
vn -0.2482 0.6820 -0.6879
vn -0.3610 0.5071 -0.7826
vn -0.5250 0.4674 -0.7113
vn -0.4377 0.6094 -0.6610
vn 0.3746 0.7994 0.4698
vn 0.0294 0.9436 0.3297
vn -0.1968 0.8369 0.5107
vn 0.0554 0.7973 0.6010
vn 0.3116 0.8041 -0.5062
vn 0.0667 0.8854 -0.4601
vn -0.1009 0.7178 -0.6889
vn 0.0921 0.5848 -0.8059
vn -0.2511 0.7638 -0.5946
vn -0.4165 0.8664 -0.2754
vn -0.4847 0.8234 -0.2952
vn -0.3838 0.7748 -0.5023
vn 0.2814 0.9220 0.2661
vn 0.4477 0.8466 0.2878
vn 0.5206 0.8319 0.1922
vn 0.3956 0.8999 0.1835
vn -0.1395 0.9383 -0.3163
vn -0.3146 0.9414 -0.1214
vn -0.5485 0.7930 -0.2652
vn -0.4345 0.7509 -0.4973
vn -0.4029 0.7969 0.4501
vn -0.2419 0.8326 0.4982
vn -0.2070 0.7951 0.5701
vn -0.3335 0.7761 0.5352
vn 0.0395 0.9778 0.2056
vn -0.0561 0.9291 0.3654
vn -0.1539 0.9196 0.3613
vn -0.0785 0.9663 0.2452
vn 0.0195 0.8553 -0.5177
vn -0.1680 0.9350 -0.3123
vn -0.4634 0.7787 -0.4229
vn -0.3729 0.6476 -0.6645
vn -0.5097 -0.0020 -0.8603
vn -0.5613 0.3298 -0.7591
vn -0.7958 0.3272 -0.5096
vn -0.7588 0.1115 -0.6418
vn -0.2496 0.9293 -0.2720
vn -0.4861 0.8250 -0.2884
vn -0.5945 0.8005 -0.0757
vn -0.4242 0.9010 -0.0904
vn 0.7015 -0.2179 -0.6786
vn 0.9922 -0.1250 0.0013
vn 0.8314 0.5533 0.0520
vn 0.5073 0.6026 -0.6161
vn 0.6942 0.3434 -0.6325
vn 0.4784 0.4966 -0.7242
vn 0.3225 0.3683 -0.8720
vn 0.5049 0.2835 -0.8153
vn -0.0739 0.9332 -0.3516
vn -0.5497 0.1352 -0.8244
vn -0.8245 0.2827 -0.4902
vn -0.6347 0.6709 -0.3834
vn -0.5030 0.7835 0.3649
vn -0.4237 0.7455 0.5145
vn -0.5609 0.5997 0.5708
vn -0.6605 0.6156 0.4298
vn -0.3368 0.6986 -0.6313
vn -0.2619 0.6219 -0.7380
vn -0.1957 0.6325 -0.7495
vn -0.2574 0.6958 -0.6705
vn 0.1050 0.9938 -0.0364
vn 0.3023 0.4895 -0.8179
vn -0.1824 0.5084 -0.8416
vn -0.1997 0.8200 -0.5365
vn 0.2562 0.6283 0.7346
vn 0.1735 0.9812 0.0851
vn 0.6786 0.6804 -0.2765
vn 0.9462 0.2175 0.2396
vn -0.0888 0.9189 0.3845
vn -0.2467 0.7650 0.5949
vn -0.4594 0.7129 0.5298
vn -0.3415 0.8476 0.4060
vn -0.3778 0.8136 0.4420
vn -0.2494 0.8660 0.4334
vn -0.2218 0.8572 0.4648
vn -0.3244 0.8193 0.4728
vn 0.4484 0.6002 -0.6624
vn 0.5978 0.7449 -0.2963
vn 0.2502 0.9479 -0.1973
vn 0.0450 0.8357 -0.5473
vn -0.8819 0.1116 0.4581
vn -0.6048 0.7937 0.0651
vn -0.7460 0.6016 -0.2856
vn -0.9391 0.3416 -0.0370
vn 0.1467 0.7076 -0.6912
vn -0.1132 0.8377 -0.5342
vn -0.1810 0.7970 -0.5762
vn -0.0093 0.7270 -0.6866
vn -0.4857 0.8267 0.2839
vn 0.1144 0.8177 0.5642
vn 0.0361 0.3273 0.9442
vn -0.5885 0.1741 0.7895
vn -0.3166 0.8973 -0.3077
vn 0.0233 0.6011 -0.7988
vn 0.2760 0.6762 -0.6831
vn 0.0713 0.8754 -0.4780
vn 0.2406 0.3540 0.9038
vn 0.5731 0.8112 0.1162
vn 0.8753 0.4567 0.1589
vn 0.7477 0.3528 0.5626
vn 0.0916 0.7165 -0.6915
vn -0.1629 0.7423 -0.6500
vn -0.2628 0.5060 -0.8215
vn -0.0340 0.4191 -0.9073
vn 0.2203 0.9141 0.3404
vn 0.2522 0.9407 0.2269
vn 0.3222 0.9257 0.1982
vn 0.2956 0.9095 0.2922
vn -0.3862 0.8347 -0.3927
vn -0.3782 0.9192 -0.1097
vn -0.6158 0.7866 0.0450
vn -0.6092 0.7721 -0.1807
vn 0.6802 0.1981 -0.7058
vn 0.8090 0.1449 -0.5697
vn 0.8088 0.3259 -0.4896
vn 0.6800 0.3904 -0.6206
vn 0.5535 0.7964 0.2438
vn 0.5970 0.7383 0.3138
vn 0.5790 0.7314 0.3603
vn 0.5453 0.7815 0.3031
vn -0.0202 0.8770 0.4801
vn -0.1288 0.9377 0.3226
vn -0.2245 0.9192 0.3237
vn -0.1408 0.8847 0.4443
vn -0.0372 0.8356 -0.5481
vn -0.2347 0.9170 -0.3226
vn -0.4976 0.7482 -0.4388
vn -0.3571 0.6302 -0.6894
vn 0.0445 0.8441 -0.5343
vn -0.0740 0.5053 -0.8598
vn -0.2946 0.4804 -0.8261
vn -0.2092 0.7111 -0.6713
vn 0.6538 0.6370 -0.4084
vn 0.7452 0.3536 -0.5654
vn 0.6061 0.3025 -0.7356
vn 0.5795 0.5104 -0.6354
vn 0.1006 0.8827 0.4590
vn 0.2182 0.9202 0.3249
vn 0.4241 0.8045 0.4158
vn 0.3557 0.7394 0.5716
vn 0.2217 0.9583 -0.1803
vn 0.1216 0.9926 0.0067
vn 0.1919 0.9737 0.1226
vn 0.2646 0.9641 -0.0218
vn 0.3407 0.8637 0.3715
vn 0.3541 0.9196 0.1700
vn 0.4956 0.8649 0.0797
vn 0.4828 0.8421 0.2401
vn -0.6888 0.6710 0.2743
vn -0.0054 0.8667 0.4988
vn 0.1267 0.3421 0.9311
vn -0.5120 -0.0378 0.8582
vn -0.2500 0.9451 0.2105
vn -0.3542 0.9045 0.2373
vn -0.3947 0.8970 0.1988
vn -0.3104 0.9336 0.1790
vn -0.3011 0.8626 0.4065
vn -0.3441 0.7666 0.5422
vn -0.2822 0.7463 0.6028
vn -0.2548 0.8273 0.5007
vn 0.7511 0.2807 0.5976
vn 0.3215 0.3019 0.8975
vn 0.1166 0.7184 0.6857
vn 0.4947 0.8032 0.3319
vn -0.2965 0.4967 -0.8157
vn -0.4495 0.7819 -0.4320
vn -0.7329 0.6062 -0.3088
vn -0.6388 0.4974 -0.5870
vn 0.1191 0.9196 -0.3743
vn 0.1187 0.7029 -0.7013
vn -0.1773 0.6218 -0.7629
vn -0.1413 0.8077 -0.5724
vn 0.2581 0.9645 0.0566
vn 0.2084 0.9756 -0.0691
vn 0.3302 0.9358 -0.1238
vn 0.3852 0.9228 -0.0007
vn -0.3179 0.9375 0.1418
vn -0.5613 0.8245 0.0716
vn -0.5693 0.7850 -0.2443
vn -0.4070 0.9001 -0.1554
vn -0.3135 0.8860 0.3417
vn -0.3311 0.9254 0.1843
vn -0.4552 0.8832 0.1130
vn -0.4374 0.8656 0.2437
vn 0.9250 0.0187 -0.3796
vn 0.9789 -0.0855 0.1855
vn 0.8393 0.4359 0.3250
vn 0.7706 0.5958 -0.2264
vn 0.6845 0.4088 -0.6036
vn 0.8403 0.1886 -0.5083
vn 0.9070 0.2120 -0.3638
vn 0.8135 0.3682 -0.4502
vn -0.2718 0.9404 -0.2043
vn -0.4403 0.7938 -0.4195
vn -0.2329 0.7030 -0.6720
vn -0.1518 0.8497 -0.5049
vn 0.2508 0.9330 0.2582
vn 0.0973 0.9950 -0.0215
vn 0.3541 0.9113 -0.2101
vn 0.5456 0.8370 0.0420
vn -0.3847 0.8283 0.4073
vn -0.0111 0.9779 0.2087
vn 0.2768 0.8538 0.4409
vn 0.0009 0.8302 0.5575
vn -0.2514 0.7153 -0.6520
vn -0.2365 0.5881 -0.7734
vn -0.1529 0.5679 -0.8088
vn -0.1700 0.6711 -0.7216
vn -0.3389 0.7518 -0.5656
vn -0.1585 0.7653 -0.6239
vn -0.1116 0.8746 -0.4719
vn -0.2890 0.8675 -0.4048
vn -0.9029 0.0643 0.4249
vn -0.8437 0.5219 0.1258
vn -0.8989 0.4241 -0.1099
vn -0.9769 0.1934 0.0908
vn -0.8336 0.5439 -0.0963
vn -0.9250 0.1080 0.3643
vn -0.8041 0.2548 0.5372
vn -0.8207 0.4915 0.2913
vn 0.5037 0.8637 -0.0172
vn 0.0439 0.9978 -0.0490
vn -0.0136 0.8678 -0.4966
vn 0.4331 0.7058 -0.5606
vn -0.4884 0.8358 0.2508
vn -0.4075 0.9078 0.0993
vn -0.4580 0.8888 -0.0139
vn -0.5222 0.8459 0.1082
vn 0.1509 0.9591 -0.2396
vn 0.6489 0.7609 0.0033
vn 0.4915 0.7431 0.4541
vn 0.2635 0.9315 0.2507
vn -0.6745 0.0785 -0.7341
vn -0.4468 0.2364 -0.8628
vn -0.4916 0.5252 -0.6947
vn -0.7302 0.4373 -0.5249
vn 0.3054 0.3980 -0.8651
vn 0.6926 0.7162 -0.0858
vn 0.9026 0.3975 -0.1653
vn 0.7598 0.3377 -0.5556
vn 0.2783 0.9177 0.2834
vn 0.2607 0.9586 0.1147
vn 0.3065 0.9484 0.0816
vn 0.3201 0.9235 0.2114
vn 0.6723 0.1107 -0.7320
vn 0.8155 0.1308 -0.5637
vn 0.7681 0.3581 -0.5308
vn 0.6192 0.3647 -0.6954
vn -0.3284 0.5504 -0.7676
vn -0.2261 0.7144 -0.6622
vn -0.0413 0.7263 -0.6862
vn -0.1359 0.6161 -0.7759
vn 0.4520 0.8193 0.3527
vn 0.4462 0.6742 0.5885
vn 0.2299 0.6773 0.6989
vn 0.2644 0.8009 0.5372
vn -0.0617 -0.1564 -0.9858
vn 0.5177 -0.2385 -0.8216
vn 0.6316 0.3176 -0.7073
vn 0.0784 0.5289 -0.8451
vn 0.6425 0.5990 0.4779
vn 0.6466 0.7441 0.1681
vn 0.8118 0.5836 -0.0185
vn 0.8204 0.5283 0.2187
vn -0.7984 0.4769 0.3676
vn -0.6394 0.0182 0.7687
vn -0.4033 0.1748 0.8982
vn -0.5585 0.4221 0.7141
vn -0.6252 0.0346 0.7797
vn -0.9560 0.1569 0.2481
vn -0.7107 0.6940 0.1152
vn -0.3057 0.7347 0.6056
vn -0.2845 0.9360 -0.2070
vn -0.6161 0.7595 -0.2087
vn -0.6888 0.7248 0.0137
vn -0.4876 0.8730 -0.0118
vn -0.0631 0.9007 0.4298
vn -0.1854 0.9689 0.1641
vn -0.4115 0.8997 0.1456
vn -0.3124 0.8874 0.3390
vn 0.5376 -0.3679 -0.7587
vn 0.9879 -0.1123 -0.1072
vn 0.7643 0.6292 -0.1413
vn 0.2644 0.5365 -0.8015
vn -0.4621 0.7276 0.5069
vn -0.5215 0.8026 0.2897
vn -0.6573 0.7232 0.2119
vn -0.6156 0.6893 0.3820
vn 0.2245 0.8478 -0.4805
vn 0.6229 0.4580 -0.6342
vn 0.8547 0.4509 -0.2572
vn 0.6378 0.7253 -0.2592
vn 0.4089 0.7973 -0.4440
vn 0.4255 0.8982 -0.1106
vn 0.0826 0.9928 -0.0873
vn 0.0023 0.9094 -0.4158
vn -0.0072 0.9457 0.3249
vn -0.0806 0.8837 0.4611
vn -0.1319 0.8791 0.4581
vn -0.0746 0.9313 0.3566
vn 0.4135 0.7144 0.5644
vn -0.0715 0.9486 0.3084
vn -0.3570 0.7617 0.5408
vn -0.0444 0.7193 0.6933
vn 0.3024 0.8673 0.3953
vn 0.1657 0.9858 0.0285
vn 0.4890 0.8466 -0.2100
vn 0.7212 0.6873 0.0867
vn -0.3476 0.6343 -0.6906
vn -0.5028 0.5115 -0.6968
vn -0.5772 0.5215 -0.6284
vn -0.4638 0.6186 -0.6342
vn 0.0560 0.9784 0.1988
vn -0.0033 0.9400 0.3412
vn -0.0545 0.9366 0.3462
vn -0.0080 0.9712 0.2382
vn 0.1242 0.9134 -0.3877
vn -0.0289 0.9298 -0.3670
vn -0.0618 0.8580 -0.5099
vn 0.0892 0.8367 -0.5403
vn 0.7483 0.5423 -0.3821
vn 0.5739 0.6689 -0.4725
vn 0.5409 0.6368 -0.5495
vn 0.6743 0.5549 -0.4873
vn 0.3685 0.9290 -0.0341
vn 0.1038 0.9697 0.2210
vn 0.2061 0.8437 0.4956
vn 0.3804 0.8727 0.3061
vn -0.9122 0.2013 0.3569
vn -0.9906 0.1349 -0.0216
vn -0.8660 0.4833 -0.1283
vn -0.7755 0.5838 0.2405
vn -0.8369 0.3818 0.3923
vn -0.8107 0.0941 0.5778
vn -0.7729 0.1351 0.6200
vn -0.8008 0.3167 0.5083
vn -0.0631 0.9772 0.2028
vn 0.0323 0.8945 0.4459
vn 0.2351 0.8608 0.4513
vn 0.1541 0.9449 0.2888
vn 0.3188 0.2834 -0.9045
vn -0.1039 0.2067 -0.9729
vn -0.0688 -0.2222 -0.9726
vn 0.3604 -0.2302 -0.9040
vn -0.0165 0.1539 -0.9880
vn -0.4569 -0.1577 -0.8754
vn -0.6073 0.0227 -0.7941
vn -0.3639 0.1820 -0.9135
vn 0.1344 0.9908 -0.0146
vn 0.3789 0.8882 -0.2597
vn 0.2980 0.8577 -0.4189
vn 0.1545 0.9544 -0.2556
vn 0.9329 0.3592 -0.0258
vn 0.8269 0.1920 -0.5286
vn 0.8163 -0.3433 -0.4646
vn 0.9182 -0.3909 0.0641
vn -0.0730 0.8056 0.5879
vn -0.2645 0.8918 0.3671
vn -0.4712 0.7931 0.3858
vn -0.3294 0.7676 0.5498
vn 0.5734 0.4636 -0.6755
vn 0.6148 0.5734 -0.5415
vn 0.6709 0.5526 -0.4945
vn 0.6420 0.4745 -0.6022
vn 0.1204 0.9815 0.1489
vn 0.0563 0.9965 -0.0616
vn 0.2742 0.9499 -0.1499
vn 0.3681 0.9285 0.0485
vn -0.5290 0.8373 0.1378
vn -0.3288 0.9160 0.2300
vn -0.2910 0.8489 0.4412
vn -0.4511 0.8166 0.3602
vn 0.7987 0.3226 -0.5079
vn 0.7490 0.1640 -0.6419
vn 0.6678 0.1846 -0.7211
vn 0.7180 0.3028 -0.6267
vn 0.4641 0.8644 -0.1933
vn 0.3401 0.9388 0.0551
vn 0.0892 0.9934 -0.0727
vn 0.1923 0.9235 -0.3318
vn 0.5547 0.8320 0.0119
vn 0.3171 0.9456 -0.0727
vn 0.2741 0.9091 -0.3137
vn 0.4588 0.8575 -0.2328
vn 0.2436 0.9679 -0.0623
vn 0.3759 0.9265 -0.0138
vn 0.3905 0.9184 0.0640
vn 0.2885 0.9572 0.0229
vn -0.1181 0.8381 -0.5325
vn 0.0234 0.8636 -0.5037
vn -0.0110 0.9283 -0.3717
vn -0.1543 0.9061 -0.3939
vn 0.6042 0.5637 0.5632
vn 0.3068 0.8221 0.4796
vn 0.0460 0.7377 0.6736
vn 0.2873 0.6169 0.7327
vn -0.3255 0.3071 -0.8943
vn 0.3149 -0.1684 -0.9341
vn 0.5192 0.1456 -0.8422
vn 0.1903 0.3520 -0.9165
vn 0.5782 0.7776 0.2470
vn 0.4127 0.8365 0.3604
vn 0.2921 0.9399 0.1766
vn 0.4369 0.8990 0.0313
vn -0.3883 0.8346 -0.3906
vn -0.3319 0.9302 -0.1566
vn -0.4910 0.8711 0.0119
vn -0.5275 0.8308 -0.1778
vn -0.3474 0.6761 -0.6497
vn -0.2059 0.5799 -0.7883
vn -0.0274 0.6322 -0.7744
vn -0.1499 0.7113 -0.6867
vn -0.5475 0.5661 -0.6163
vn -0.7823 0.6165 -0.0898
vn -0.9933 0.1029 -0.0526
vn -0.8170 -0.0899 -0.5696
vn 0.7210 0.5961 -0.3532
vn 0.2966 0.8973 0.3270
vn 0.5358 0.6778 0.5035
vn 0.7602 0.6268 0.1707
vn -0.4044 0.9133 -0.0478
vn -0.5105 0.8132 -0.2795
vn -0.3297 0.8131 -0.4798
vn -0.2854 0.9105 -0.2994
vn -0.3475 0.8788 0.3269
vn -0.1094 0.9383 0.3281
vn -0.0589 0.8245 0.5628
vn -0.2888 0.7471 0.5987
vn -0.2629 0.7707 -0.5805
vn 0.0161 0.5765 -0.8169
vn 0.2548 0.6386 -0.7261
vn 0.0555 0.7843 -0.6179
vn 0.6464 0.4540 -0.6132
vn 0.4851 0.5415 -0.6866
vn 0.4254 0.4888 -0.7616
vn 0.5544 0.4317 -0.7115
vn 0.2809 0.9520 -0.1216
vn 0.0823 0.9339 -0.3480
vn 0.2787 0.7854 -0.5527
vn 0.5153 0.7752 -0.3653
vn 0.2409 0.8088 -0.5365
vn 0.0316 0.9263 -0.3754
vn -0.1166 0.8958 -0.4289
vn 0.0389 0.8368 -0.5461
vn 0.7642 0.3355 -0.5509
vn 0.8435 0.1244 -0.5225
vn 0.9113 0.0957 -0.4005
vn 0.8629 0.2541 -0.4367
vn 0.5163 0.3392 -0.7864
vn 0.6444 0.4145 -0.6426
vn 0.5229 0.5952 -0.6101
vn 0.3814 0.5399 -0.7504
vn 0.2299 0.9698 -0.0814
vn 0.3395 0.9398 -0.0401
vn 0.3464 0.9381 0.0022
vn 0.2592 0.9653 -0.0323
vn -0.4783 0.8744 0.0813
vn -0.2607 0.9543 0.1463
vn -0.2524 0.9438 0.2135
vn -0.4097 0.8968 0.1669
vn -0.5021 0.7759 0.3819
vn -0.5528 0.8280 0.0946
vn -0.2823 0.9581 0.0476
vn -0.1937 0.9244 0.3287
vn 0.9638 -0.0795 0.2546
vn 0.8335 0.5431 -0.1018
vn 0.9008 0.4095 -0.1444
vn 0.9919 0.1238 0.0301
vn 0.3650 0.9071 0.2097
vn 0.3390 0.8644 0.3712
vn 0.2570 0.8751 0.4100
vn 0.2828 0.9150 0.2878
vn 0.0954 0.7268 -0.6802
vn 0.3896 0.8417 -0.3739
vn 0.1102 0.9929 -0.0454
vn -0.2791 0.9294 -0.2416
vn -0.1402 0.8161 -0.5606
vn -0.0676 0.6282 -0.7751
vn 0.1356 0.5945 -0.7926
vn 0.0684 0.7458 -0.6627
vn -0.7684 0.6348 -0.0816
vn -0.8605 0.0932 0.5008
vn -0.6486 0.3074 0.6963
vn -0.6976 0.5823 0.4174
vn -0.6535 0.7561 0.0342
vn -0.4971 0.8184 0.2885
vn -0.6433 0.5891 0.4890
vn -0.8356 0.4698 0.2848
vn -0.3782 0.9102 0.1691
vn -0.8195 0.5645 -0.0986
vn -0.6664 0.5749 -0.4749
vn -0.4919 0.8223 -0.2863
vn -0.7317 0.6696 -0.1277
vn -0.2432 0.9486 -0.2027
vn -0.1549 0.8273 -0.5400
vn -0.4731 0.7413 -0.4760
vn -0.0785 0.0406 0.9961
vn -0.6492 0.1125 0.7522
vn -0.5793 0.6468 0.4960
vn 0.0159 0.7570 0.6532
vn 0.2452 0.9385 0.2432
vn 0.1611 0.6391 0.7521
vn -0.2532 0.6227 0.7404
vn -0.1447 0.8542 0.4994
vn 0.7635 -0.0034 -0.6458
vn 0.6795 -0.2238 -0.6987
vn 0.6309 -0.2184 -0.7445
vn 0.6986 -0.0645 -0.7126
vn -0.3034 0.7127 -0.6325
vn -0.0975 0.7875 -0.6085
vn -0.1346 0.9156 -0.3789
vn -0.3482 0.8678 -0.3545
vn 0.3077 0.9443 -0.1166
vn 0.2638 0.9646 -0.0058
vn 0.2869 0.9575 0.0289
vn 0.3226 0.9446 -0.0605
vn 0.6037 0.6643 -0.4408
vn 0.7510 0.5787 -0.3182
vn 0.7519 0.6048 -0.2626
vn 0.6499 0.6712 -0.3566
vn 0.3110 0.7706 0.5562
vn 0.4327 0.8104 0.3950
vn 0.6360 0.6311 0.4440
vn 0.5666 0.5453 0.6178
vn -0.7138 0.6191 -0.3274
vn -0.4788 0.8386 0.2597
vn -0.6829 0.5427 0.4889
vn -0.8384 0.5234 0.1520
vn 0.0677 0.9377 0.3409
vn -0.0848 0.9699 0.2282
vn -0.1747 0.9490 0.2625
vn -0.0568 0.9357 0.3481
vn -0.2334 0.9456 -0.2268
vn -0.1028 0.9882 0.1135
vn -0.4137 0.8499 0.3265
vn -0.6442 0.7630 0.0544
vn 0.8957 0.4223 -0.1391
vn 0.7278 -0.0417 0.6845
vn 0.7055 0.2348 0.6687
vn 0.8366 0.4324 0.3365
vn 0.2556 0.9087 0.3300
vn 0.3181 0.9393 0.1282
vn 0.4164 0.9038 0.0987
vn 0.3706 0.8945 0.2501
vn -0.5946 0.4045 -0.6948
vn -0.3092 0.5564 -0.7712
vn -0.3113 0.8025 -0.5091
vn -0.5977 0.7135 -0.3656
vn -0.3829 0.9063 0.1790
vn -0.6618 0.7464 -0.0696
vn -0.5473 0.7581 -0.3547
vn -0.4073 0.8980 -0.1662
vn -0.9541 0.2071 0.2161
vn -0.6077 0.6370 -0.4743
vn -0.6974 0.2883 -0.6562
vn -0.9275 0.1638 -0.3359
vn 0.4400 0.8542 0.2771
vn 0.3174 0.8813 0.3501
vn 0.2361 0.9481 0.2130
vn 0.3490 0.9289 0.1238
vn -0.4469 0.7187 0.5327
vn -0.4401 0.6149 0.6544
vn -0.3308 0.6032 0.7258
vn -0.3462 0.6918 0.6337
vn -0.3115 0.8678 0.3871
vn -0.4505 0.8219 0.3487
vn -0.4723 0.8317 0.2917
vn -0.3663 0.8720 0.3247
vn -0.1683 0.9272 -0.3347
vn -0.3104 0.9452 -0.1014
vn -0.5368 0.8176 -0.2084
vn -0.4232 0.7835 -0.4550
vn -0.5058 0.6122 0.6077
vn -0.4708 0.7336 0.4900
vn -0.5603 0.7439 0.3642
vn -0.5882 0.6580 0.4702
vn -0.1765 0.7757 -0.6059
vn -0.0367 0.8605 -0.5082
vn 0.0320 0.8469 -0.5308
vn -0.0756 0.7909 -0.6073
vn 0.5420 0.8180 0.1925
vn 0.4719 0.8252 0.3104
vn 0.3676 0.8963 0.2479
vn 0.4332 0.8923 0.1272
vn -0.1146 0.8582 -0.5003
vn -0.2600 0.7840 -0.5637
vn -0.3053 0.7893 -0.5327
vn -0.1959 0.8501 -0.4888
vn 0.7303 -0.0462 -0.6816
vn 0.7826 -0.3166 -0.5360
vn 0.8679 -0.2997 -0.3962
vn 0.8472 -0.1245 -0.5165
vn 0.1763 0.9387 0.2962
vn 0.3283 0.9231 0.2001
vn 0.4225 0.8383 0.3446
vn 0.2790 0.8461 0.4542
vn 0.4062 0.8742 0.2662
vn 0.1700 0.9336 0.3154
vn 0.0877 0.8360 0.5417
vn 0.2758 0.8254 0.4926
vn -0.3477 0.5546 -0.7560
vn -0.1432 0.7158 -0.6835
vn 0.0903 0.6281 -0.7729
vn -0.0854 0.5396 -0.8376
vn -0.2845 0.8745 -0.3929
vn -0.2147 0.9761 0.0350
vn -0.5841 0.7735 0.2461
vn -0.7996 0.5923 -0.0991
vn -0.8640 0.4829 0.1423
vn -0.9256 0.1889 -0.3281
vn -0.8332 0.3252 -0.4472
vn -0.8489 0.4943 -0.1872
vn 0.4937 0.3756 0.7843
vn 0.3681 0.1738 0.9134
vn 0.2268 0.2004 0.9531
vn 0.3300 0.3448 0.8788
vn 0.1929 0.8199 0.5391
vn -0.0534 0.8890 0.4548
vn 0.0279 0.9826 0.1834
vn 0.2914 0.9327 0.2124
vn 0.7829 0.1746 -0.5971
vn 0.8152 0.3245 -0.4798
vn 0.8561 0.3113 -0.4126
vn 0.8377 0.2026 -0.5071
vn 0.7303 0.2056 -0.6514
vn 0.7911 0.4065 -0.4570
vn 0.8757 0.3522 -0.3303
vn 0.8453 0.2249 -0.4846
vn -0.6642 -0.0772 -0.7436
vn -0.4979 0.0051 -0.8672
vn -0.5397 0.2446 -0.8056
vn -0.7127 0.2021 -0.6717
vn 0.7489 0.2337 -0.6201
vn 0.5697 0.4063 -0.7144
vn 0.4811 0.3552 -0.8015
vn 0.6223 0.2435 -0.7440
vn 0.1453 0.8511 -0.5045
vn 0.4330 0.4844 -0.7602
vn 0.6385 0.4736 -0.6066
vn 0.4748 0.7179 -0.5091
vn 0.6518 0.7516 -0.1013
vn 0.4248 0.8247 -0.3734
vn 0.5514 0.5613 -0.6172
vn 0.8106 0.4224 -0.4057
vn 0.2682 0.8978 0.3492
vn 0.2862 0.9341 0.2135
vn 0.3896 0.9077 0.1556
vn 0.3730 0.8880 0.2689
vn -0.3212 0.8620 -0.3922
vn -0.3319 0.9124 -0.2396
vn -0.3784 0.9009 -0.2128
vn -0.3706 0.8673 -0.3324
vn 0.0341 0.7673 -0.6404
vn 0.2595 0.8093 -0.5270
vn 0.1503 0.9335 -0.3254
vn -0.0862 0.9042 -0.4182
vn -0.4135 0.9098 -0.0357
vn -0.5419 0.8162 -0.2006
vn -0.4612 0.8040 -0.3752
vn -0.3824 0.8910 -0.2448
vn 0.1957 0.9616 0.1922
vn 0.3794 0.8852 0.2693
vn 0.4598 0.8657 0.1976
vn 0.3254 0.9340 0.1475
vn 0.2242 0.9205 0.3201
vn 0.1123 0.9935 -0.0183
vn 0.4264 0.8840 -0.1915
vn 0.6070 0.7872 0.1093
vn 0.5584 0.2198 -0.7999
vn 0.7958 -0.2055 -0.5696
vn 0.8512 -0.1114 -0.5129
vn 0.7397 0.1177 -0.6626
vn -0.5216 0.8314 0.1915
vn -0.3404 0.9381 0.0639
vn -0.3668 0.9115 -0.1861
vn -0.5082 0.8587 -0.0660
vn 0.3055 0.5003 -0.8101
vn -0.1497 0.2733 -0.9502
vn 0.0211 -0.2114 -0.9772
vn 0.5229 -0.1166 -0.8444
vn -0.2472 0.5703 -0.7833
vn -0.2750 0.8197 -0.5024
vn -0.4660 0.7909 -0.3966
vn -0.4433 0.6596 -0.6070
vn -0.3342 0.6271 -0.7036
vn -0.1841 0.4495 -0.8741
vn 0.0931 0.5035 -0.8590
vn -0.0483 0.6412 -0.7659
vn 0.7132 0.1600 0.6824
vn 0.5136 0.1790 0.8391
vn 0.4646 0.4303 0.7739
vn 0.6581 0.4424 0.6092
vn -0.3899 0.9192 -0.0557
vn -0.5244 0.8056 0.2757
vn -0.3695 0.8232 0.4310
vn -0.3114 0.9261 0.2128
vn -0.6332 0.7683 0.0941
vn -0.3682 0.9075 -0.2022
vn -0.4361 0.7913 -0.4285
vn -0.6169 0.7529 -0.2293
vn 0.8296 0.4680 -0.3044
vn 0.7475 0.3885 -0.5388
vn 0.8478 0.1144 -0.5178
vn 0.9504 0.1369 -0.2793
vn 0.6040 0.0433 0.7958
vn 0.2210 0.3318 0.9171
vn -0.0212 0.1160 0.9930
vn 0.2523 -0.0221 0.9674
vn -0.3398 0.6918 0.6371
vn 0.0427 0.8496 0.5257
vn 0.2839 0.6514 0.7036
vn 0.0094 0.6168 0.7871
vn -0.1235 0.9656 0.2290
vn 0.0404 0.9841 0.1730
vn 0.1054 0.9375 0.3316
vn -0.0550 0.9164 0.3964
vn -0.4836 0.8694 0.1010
vn -0.3019 0.9334 0.1938
vn -0.2890 0.9096 0.2984
vn -0.4273 0.8752 0.2270
vn -0.4002 0.7376 0.5439
vn -0.5024 0.6783 0.5361
vn -0.5378 0.6845 0.4921
vn -0.4562 0.7350 0.5016
vn -0.0567 0.6717 -0.7387
vn -0.2117 0.7296 -0.6502
vn -0.3252 0.5916 -0.7378
vn -0.1808 0.5206 -0.8344
vn -0.3897 0.7772 0.4940
vn -0.5966 0.6232 0.5057
vn -0.7400 0.6238 0.2516
vn -0.5894 0.7571 0.2819
vn 0.7038 0.5692 -0.4250
vn 0.8820 0.1599 -0.4434
vn 0.9881 0.0941 -0.1218
vn 0.9119 0.3738 -0.1693
vn -0.0312 0.2340 -0.9717
vn 0.3669 0.7022 -0.6102
vn -0.1019 0.9701 -0.2205
vn -0.6688 0.5994 -0.4398
vn 0.4020 0.8957 0.1902
vn 0.1156 0.9869 -0.1124
vn 0.2722 0.8582 -0.4352
vn 0.4500 0.8694 -0.2040
vn -0.4934 0.8493 0.1876
vn -0.3610 0.9042 0.2284
vn -0.3447 0.8965 0.2785
vn -0.4499 0.8583 0.2466
vn -0.2788 0.8174 -0.5041
vn -0.0927 0.8283 -0.5525
vn -0.0312 0.9301 -0.3659
vn -0.2080 0.9342 -0.2897
vn 0.2334 0.9398 0.2494
vn 0.6300 0.6648 0.4014
vn 0.8027 0.5912 0.0783
vn 0.5786 0.8144 0.0453
vn -0.1794 0.9669 0.1815
vn -0.0027 0.8800 0.4749
vn 0.2851 0.8638 0.4153
vn 0.1377 0.9609 0.2401
vn 0.0519 0.8660 0.4973
vn 0.0725 0.9828 0.1697
vn 0.4398 0.8935 0.0909
vn 0.5332 0.7489 0.3936
vn -0.3336 0.9097 0.2474
vn -0.2339 0.9443 0.2315
vn -0.2059 0.9434 0.2599
vn -0.2884 0.9177 0.2731
vn 0.1267 0.6021 -0.7883
vn 0.4556 0.7878 -0.4144
vn 0.6496 0.6222 -0.4368
vn 0.4638 0.5688 -0.6792
vn -0.9104 -0.3213 -0.2605
vn -0.6110 -0.2552 -0.7493
vn -0.5846 0.3007 -0.7535
vn -0.8773 0.4001 -0.2650
vn 0.1738 0.8355 0.5213
vn 0.6806 0.0359 0.7318
vn 0.9109 0.2081 0.3563
vn 0.7123 0.5969 0.3691
vn -0.0063 0.8628 -0.5054
vn -0.0856 0.9206 -0.3811
vn -0.1795 0.9096 -0.3748
vn -0.1141 0.8725 -0.4750
vn -0.1905 0.6169 -0.7637
vn 0.1289 0.6758 -0.7258
vn 0.0786 0.8763 -0.4754
vn -0.2457 0.8374 -0.4882
vn 0.1807 0.9174 -0.3547
vn 0.0713 0.7681 -0.6363
vn -0.1613 0.7496 -0.6420
vn -0.0669 0.8790 -0.4721
vn 0.3865 0.9181 0.0880
vn 0.6304 0.7538 0.1853
vn 0.5924 0.6666 0.4525
vn 0.4456 0.8182 0.3634
vn 0.4931 0.8318 0.2549
vn 0.2986 0.8892 0.3466
vn 0.2101 0.9669 0.1445
vn 0.3950 0.9182 0.0303
vn -0.0704 0.9944 -0.0794
vn 0.2212 0.8322 -0.5085
vn 0.4078 0.8181 -0.4055
vn 0.2360 0.9533 -0.1885
vn 0.6468 0.6829 0.3396
vn 0.4609 0.7921 0.4002
vn 0.3591 0.6921 0.6262
vn 0.5220 0.6359 0.5684
vn 0.3552 0.7354 -0.5770
vn 0.5563 0.7843 -0.2744
vn 0.2873 0.9524 -0.1018
vn 0.0606 0.9194 -0.3887
vn 0.5498 0.6009 -0.5802
vn 0.1519 0.7747 -0.6139
vn -0.0066 0.5892 -0.8080
vn 0.2731 0.5360 -0.7988
vn -0.3984 0.8348 0.3799
vn -0.2013 0.9126 0.3558
vn -0.0490 0.8427 0.5362
vn -0.2181 0.8080 0.5473
vn -0.6007 0.4630 -0.6518
vn -0.4268 0.4825 -0.7649
vn -0.3625 0.6619 -0.6561
vn -0.5293 0.6612 -0.5317
vn -0.2261 0.6418 -0.7328
vn -0.4364 0.4754 -0.7639
vn -0.6186 0.5129 -0.5952
vn -0.4634 0.6445 -0.6082
vn -0.5015 0.2190 -0.8370
vn -0.5788 -0.0489 -0.8140
vn -0.7590 -0.0843 -0.6456
vn -0.7059 0.1097 -0.6998
vn 0.0570 0.8767 -0.4776
vn -0.1465 0.8737 -0.4638
vn -0.1649 0.7548 -0.6349
vn 0.0373 0.7486 -0.6620
vn -0.2856 0.7154 -0.6377
vn -0.2105 0.6379 -0.7408
vn -0.1624 0.6462 -0.7456
vn -0.2229 0.7094 -0.6687
vn 0.1018 0.9907 -0.0901
vn 0.4197 0.9060 -0.0546
vn 0.4505 0.8892 0.0797
vn 0.2476 0.9677 0.0484
vn 0.3936 0.7951 0.4615
vn 0.5087 0.7951 0.3302
vn 0.6481 0.6380 0.4158
vn 0.5599 0.6077 0.5633
vn 0.0076 -0.1288 -0.9916
vn -0.3525 0.1131 -0.9290
vn -0.4528 0.0031 -0.8916
vn -0.2375 -0.1352 -0.9619
vn -0.8896 0.4368 0.1333
vn -0.9292 0.2386 -0.2822
vn -0.8844 0.3358 -0.3243
vn -0.8867 0.4543 -0.0858
vn 0.1026 0.9517 0.2894
vn 0.0663 0.9975 0.0226
vn 0.3514 0.9340 -0.0643
vn 0.4493 0.8743 0.1836
vn -0.1649 -0.1850 -0.9688
vn 0.1126 0.2029 -0.9727
vn 0.2855 0.1253 -0.9502
vn 0.1119 -0.0952 -0.9891
vn 0.2848 0.9488 -0.1367
vn 0.1191 0.9893 0.0838
vn 0.2098 0.9382 0.2753
vn 0.3245 0.9399 0.1063
vn 0.2592 -0.5553 -0.7903
vn 0.6285 -0.4219 -0.6534
vn 0.6093 -0.0134 -0.7928
vn 0.2340 -0.0233 -0.9720
vn 0.1687 0.7157 0.6778
vn -0.0009 0.1378 0.9905
vn -0.2959 0.1875 0.9367
vn -0.1779 0.5107 0.8412
vn -0.2613 0.9077 -0.3283
vn -0.2344 0.6958 -0.6789
vn -0.1253 0.7098 -0.6932
vn -0.1520 0.8569 -0.4925
vn -0.7943 0.5884 -0.1513
vn -0.8053 0.4960 0.3247
vn -0.9545 0.0424 0.2952
vn -0.9818 0.0189 -0.1889
vn 0.6262 0.4683 -0.6233
vn 0.5108 0.5875 -0.6277
vn 0.4693 0.5819 -0.6642
vn 0.5615 0.4942 -0.6637
vn -0.4814 0.2241 -0.8474
vn -0.5637 0.0191 -0.8258
vn -0.6925 -0.0020 -0.7215
vn -0.6342 0.1515 -0.7582
vn 0.4866 -0.2893 -0.8243
vn 0.7110 -0.2916 -0.6399
vn 0.7546 0.0030 -0.6562
vn 0.5363 0.0463 -0.8427
vn 0.7201 -0.2216 -0.6576
vn -0.2683 0.4784 -0.8362
vn -0.2753 0.0023 -0.9614
vn 0.1396 -0.2211 -0.9652
vn -0.4072 0.9070 -0.1077
vn -0.5661 0.8243 0.0071
vn -0.5483 0.8190 0.1693
vn -0.4398 0.8951 0.0728
vn 0.6470 0.6217 0.4415
vn 0.2408 0.9692 0.0524
vn 0.4234 0.7524 -0.5046
vn 0.8922 0.3302 -0.3080
vn -0.3247 0.5598 -0.7623
vn -0.3385 0.7062 -0.6218
vn -0.4660 0.7097 -0.5283
vn -0.4542 0.6101 -0.6493
vn -0.8547 0.3858 0.3473
vn -0.7572 0.1248 0.6411
vn -0.6661 0.2011 0.7182
vn -0.7532 0.3640 0.5478
vn -0.5154 0.6542 -0.5535
vn -0.2809 0.6765 -0.6808
vn -0.1637 0.8565 -0.4894
vn -0.3777 0.8655 -0.3290
vn 0.3051 0.8762 0.3730
vn 0.3145 0.9422 0.1157
vn 0.5588 0.8292 -0.0102
vn 0.5365 0.8205 0.1972
vn 0.1850 0.9606 0.2073
vn 0.3527 0.9163 0.1898
vn 0.3739 0.9172 0.1373
vn 0.2487 0.9565 0.1526
vn -0.2398 0.4628 -0.8534
vn 0.0986 0.6694 -0.7363
vn -0.0558 0.9161 -0.3970
vn -0.4539 0.8033 -0.3856
vn -0.3473 0.5939 -0.7257
vn -0.2886 0.9572 -0.0224
vn -0.5980 0.7997 0.0533
vn -0.6275 0.7072 -0.3257
vn -0.2541 0.9376 0.2373
vn -0.3928 0.8719 0.2922
vn -0.5017 0.8430 0.1942
vn -0.3899 0.9068 0.1606
vn 0.1874 0.1632 -0.9686
vn -0.3186 0.2197 -0.9221
vn -0.4337 -0.2639 -0.8616
vn 0.0419 -0.4498 -0.8921
vn 0.3679 0.8105 -0.4557
vn 0.6072 0.6233 -0.4927
vn 0.7039 0.6142 -0.3567
vn 0.5485 0.7584 -0.3521
vn 0.1291 0.9916 -0.0064
vn 0.3580 0.9115 -0.2023
vn 0.3163 0.8996 -0.3010
vn 0.1711 0.9708 -0.1682
vn -0.7248 0.6857 0.0666
vn -0.6088 0.7823 -0.1315
vn -0.3939 0.9191 0.0114
vn -0.4605 0.8540 0.2422
vn -0.9230 0.0822 0.3760
vn -0.6450 0.3849 0.6602
vn -0.5520 0.2409 0.7983
vn -0.7552 0.0882 0.6496
vn 0.3153 0.8943 0.3174
vn 0.0934 0.9545 0.2832
vn 0.0053 0.9242 0.3818
vn 0.1736 0.8974 0.4056
vn 0.0836 0.6246 0.7765
vn 0.7031 0.6884 0.1784
vn 0.9658 -0.0670 0.2506
vn 0.4028 -0.2963 0.8660
vn -0.2055 0.6996 -0.6844
vn -0.2649 0.8434 -0.4674
vn -0.4213 0.8142 -0.3995
vn -0.3746 0.7323 -0.5686
vn 0.3491 0.8716 0.3443
vn 0.2861 0.9359 0.2056
vn 0.3806 0.9225 0.0638
vn 0.4282 0.8844 0.1855
vn -0.3727 0.4941 0.7854
vn -0.4992 0.5646 0.6573
vn -0.3590 0.7366 0.5732
vn -0.2062 0.6983 0.6854
vn 0.8050 0.5286 0.2692
vn 0.8361 -0.2674 -0.4791
vn 0.8255 0.0784 -0.5589
vn 0.8833 0.3911 -0.2584
vn -0.3287 0.8526 0.4063
vn -0.3277 0.7391 0.5885
vn -0.1994 0.7249 0.6593
vn -0.2129 0.8218 0.5286
vn -0.2456 0.7408 0.6253
vn -0.3612 0.8020 0.4758
vn -0.1806 0.9260 0.3316
vn -0.0220 0.8943 0.4469
vn 0.5476 0.4529 0.7036
vn 0.7731 -0.0981 0.6266
vn 0.9582 -0.0348 0.2841
vn 0.8679 0.2757 0.4133
vn -0.0318 0.9031 -0.4283
vn -0.7319 0.5224 -0.4375
vn -0.7655 0.6347 -0.1061
vn -0.4617 0.8712 -0.1669
vn 0.6569 0.5996 -0.4571
vn 0.5276 0.6031 -0.5983
vn 0.5955 0.4338 -0.6761
vn 0.7305 0.4170 -0.5408
vn -0.5662 0.8213 -0.0700
vn -0.3775 0.9115 -0.1635
vn -0.3473 0.8700 -0.3499
vn -0.4974 0.8244 -0.2702
vn 0.2776 0.9577 -0.0765
vn 0.4039 0.9137 0.0457
vn 0.3727 0.9119 0.1721
vn 0.2821 0.9567 0.0717
vn -0.6903 0.5163 0.5069
vn -0.7285 0.6799 0.0839
vn -0.3440 0.9363 0.0708
vn -0.1876 0.8515 0.4896
vn -0.3306 0.9061 -0.2641
vn -0.2681 0.6586 -0.7031
vn 0.0907 0.6595 -0.7462
vn -0.0009 0.8561 -0.5168
vn 0.5279 0.5762 -0.6239
vn 0.6601 0.4607 -0.5933
vn 0.7039 0.4702 -0.5324
vn 0.6076 0.5611 -0.5621
vn 0.2689 0.2006 -0.9421
vn -0.1015 0.2167 -0.9709
vn -0.1387 -0.1486 -0.9791
vn 0.2269 -0.2091 -0.9512
vn 0.2134 0.9123 -0.3495
vn 0.0611 0.8156 -0.5754
vn -0.0970 0.8245 -0.5575
vn 0.0189 0.9097 -0.4148
vn 0.6516 -0.3406 -0.6778
vn 0.8507 -0.0438 -0.5239
vn 0.9468 -0.1125 -0.3015
vn 0.8445 -0.3032 -0.4414
vn -0.3189 0.8106 -0.4912
vn 0.0537 0.9006 -0.4314
vn -0.0073 0.9977 -0.0676
vn -0.3871 0.9176 -0.0904
vn 0.0409 0.9258 0.3759
vn -0.1367 0.9644 0.2265
vn -0.2829 0.9194 0.2732
vn -0.1474 0.9115 0.3840
vn 0.2822 0.9066 0.3138
vn 0.1612 0.9435 0.2895
vn 0.0911 0.9317 0.3516
vn 0.1919 0.9086 0.3709
vn -0.4504 0.5372 -0.7131
vn 0.0971 0.8070 -0.5825
vn -0.0242 0.9992 -0.0322
vn -0.6111 0.7914 0.0150
vn -0.3930 0.6189 -0.6800
vn -0.2517 0.5254 -0.8128
vn -0.1312 0.5690 -0.8118
vn -0.2461 0.6432 -0.7251
vn -0.4849 0.6960 -0.5296
vn -0.0680 0.9306 -0.3596
vn 0.1909 0.7948 -0.5760
vn -0.0989 0.7243 -0.6824
vn -0.2906 0.9540 0.0742
vn -0.2263 0.9523 0.2046
vn -0.3590 0.8908 0.2786
vn -0.4357 0.8866 0.1552
vn -0.5217 0.8385 -0.1574
vn -0.2817 0.9287 -0.2412
vn -0.2553 0.9000 -0.3534
vn -0.4290 0.8541 -0.2942
vn 0.6223 0.6776 -0.3920
vn 0.7908 0.4953 -0.3596
vn 0.8353 0.4866 -0.2559
vn 0.7263 0.6240 -0.2884
vn -0.3488 0.9306 0.1113
vn -0.2468 0.9513 0.1849
vn -0.3108 0.9039 0.2938
vn -0.4163 0.8806 0.2263
vn 0.0290 0.9010 0.4328
vn -0.1161 0.9276 0.3551
vn -0.1581 0.9115 0.3796
vn -0.0467 0.8967 0.4401
vn -0.3423 0.8526 -0.3949
vn -0.3172 0.9229 -0.2184
vn -0.3944 0.9075 -0.1446
vn -0.4132 0.8654 -0.2836
vn 0.3227 0.7431 -0.5862
vn 0.4456 0.8637 -0.2357
vn 0.0886 0.9916 -0.0938
vn -0.1277 0.9046 -0.4068
vn -0.3088 0.5583 -0.7701
vn -0.2845 0.7754 -0.5637
vn -0.5303 0.7628 -0.3700
vn -0.5319 0.6355 -0.5597
vn 0.5107 0.7925 -0.3333
vn 0.3309 0.9437 0.0026
vn 0.4060 0.9114 0.0678
vn 0.5218 0.8412 -0.1416
vn -0.2921 0.9374 0.1898
vn -0.0589 0.9821 0.1789
vn -0.0099 0.9061 0.4229
vn -0.2351 0.8492 0.4729
vn 0.2798 0.8567 0.4333
vn -0.1125 0.0737 0.9909
vn -0.5086 0.3147 0.8015
vn -0.2940 0.6865 0.6650
vn -0.2686 0.7024 -0.6591
vn -0.3872 0.6288 -0.6743
vn -0.4257 0.6364 -0.6432
vn -0.3335 0.6970 -0.6348
vn -0.1170 0.6579 0.7440
vn -0.3664 0.6774 0.6379
vn -0.2947 0.8640 0.4082
vn -0.0293 0.8851 0.4644
vn 0.7238 0.3278 -0.6072
vn 0.8714 0.1627 -0.4628
vn 0.9309 0.2400 -0.2755
vn 0.8410 0.3570 -0.4064
vn -0.4530 0.0600 -0.8895
vn -0.5937 0.1929 -0.7812
vn -0.7141 0.1189 -0.6898
vn -0.6120 0.0284 -0.7903
vn 0.2237 0.8627 -0.4536
vn -0.1507 0.8235 -0.5469
vn -0.1059 0.5439 -0.8325
vn 0.2797 0.5099 -0.8135
vn -0.1220 0.8951 -0.4288
vn 0.1337 0.9880 -0.0770
vn 0.2394 0.9616 -0.1344
vn 0.0846 0.9343 -0.3464
vn 0.5483 0.6785 -0.4889
vn 0.2932 0.7863 -0.5438
vn 0.2326 0.7265 -0.6466
vn 0.4190 0.6701 -0.6127
vn -0.9534 0.2972 0.0512
vn -0.8354 0.4173 0.3578
vn -0.8549 0.1060 0.5079
vn -0.9748 -0.0478 0.2179
vn 0.0069 0.9782 0.2074
vn -0.1008 0.9089 0.4047
vn -0.2586 0.8812 0.3956
vn -0.1721 0.9504 0.2591
vn 0.6059 0.5105 -0.6101
vn 0.6184 0.2156 -0.7557
vn 0.3396 0.1674 -0.9255
vn 0.3846 0.3892 -0.8370
vn -0.2219 0.9220 -0.3173
vn -0.3341 0.9414 0.0463
vn -0.6807 0.7324 0.0167
vn -0.6716 0.6503 -0.3549
vn -0.4389 0.8898 -0.1249
vn -0.6527 0.4084 -0.6382
vn -0.2519 0.4494 -0.8571
vn -0.2397 0.7539 -0.6117
vn -0.3571 0.6145 -0.7035
vn -0.2418 0.7052 -0.6665
vn -0.1802 0.6955 -0.6955
vn -0.2738 0.6294 -0.7273
vn -0.6562 0.5288 -0.5383
vn -0.4355 0.5481 -0.7141
vn -0.2544 0.7896 -0.5584
vn -0.4196 0.8434 -0.3355
vn -0.1454 0.1766 -0.9735
vn 0.0878 -0.1348 -0.9870
vn 0.1844 -0.0820 -0.9794
vn 0.0354 0.1083 -0.9935
vn -0.4435 0.6751 0.5895
vn -0.4600 0.7396 0.4914
vn -0.5042 0.7329 0.4568
vn -0.4918 0.6840 0.5388
vn 0.7643 0.6353 0.1106
vn 0.1927 0.9239 -0.3305
vn 0.2239 0.4450 -0.8671
vn 0.8065 0.0082 -0.5912
vn 0.5381 0.8093 -0.2356
vn 0.1791 0.9292 -0.3232
vn 0.1923 0.8968 -0.3985
vn 0.4163 0.8401 -0.3478
vn 0.3345 0.9364 -0.1057
vn 0.3954 0.7972 -0.4562
vn 0.3155 0.8200 -0.4776
vn 0.2874 0.9205 -0.2646
vn -0.1202 0.6702 -0.7324
vn 0.1754 0.7573 -0.6291
vn 0.0717 0.9349 -0.3477
vn -0.2475 0.8891 -0.3851
vn 0.8090 0.4372 -0.3930
vn 0.5702 0.5788 -0.5830
vn 0.4995 0.4393 -0.7467
vn 0.6863 0.3733 -0.6242
vn -0.4092 0.6856 -0.6021
vn -0.0125 0.9245 -0.3811
vn 0.1279 0.8565 -0.5001
vn -0.1151 0.7606 -0.6389
vn -0.3412 0.6497 0.6793
vn -0.4662 0.6400 0.6108
vn -0.4252 0.7495 0.5074
vn -0.2971 0.7678 0.5677
vn -0.8379 0.0748 0.5407
vn -0.8851 0.4646 -0.0272
vn -0.9550 0.1905 -0.2275
vn -0.9942 0.0368 0.1014
vn -0.2063 0.7965 -0.5684
vn -0.3931 0.5549 -0.7332
vn -0.6136 0.5068 -0.6055
vn -0.4827 0.6957 -0.5319
vn 0.3091 0.8767 -0.3686
vn 0.3145 0.9409 -0.1259
vn 0.0434 0.9934 -0.1059
vn -0.0108 0.9386 -0.3449
vn 0.6730 -0.2657 -0.6903
vn 0.6193 0.7344 -0.2778
vn 0.8771 0.4752 -0.0705
vn 0.9454 0.1044 -0.3088
vn -0.5201 0.2709 -0.8100
vn -0.4076 0.1853 -0.8942
vn -0.3452 0.2175 -0.9130
vn -0.4368 0.2835 -0.8537
vn -0.6356 0.5565 -0.5351
vn -0.3492 0.5575 -0.7532
vn -0.1525 0.8116 -0.5639
vn -0.3955 0.8667 -0.3040
vn 0.1403 0.9689 -0.2038
vn 0.1777 0.9834 -0.0359
vn 0.2468 0.9690 -0.0122
vn 0.2168 0.9659 -0.1417
vn -0.3873 0.9104 0.1456
vn -0.5984 0.6112 0.5180
vn -0.3163 0.5767 0.7533
vn -0.2571 0.8057 0.5336
vn -0.3578 0.8902 0.2819
vn 0.0162 0.9942 0.1063
vn 0.3173 0.8495 0.4214
vn 0.0627 0.6880 0.7230
vn -0.4382 0.6949 0.5702
vn -0.2375 0.8543 0.4624
vn -0.0403 0.8285 0.5586
vn -0.2052 0.7396 0.6410
vn 0.7462 0.2434 -0.6196
vn 0.2130 -0.1948 -0.9574
vn 0.1073 0.0440 -0.9932
vn 0.4046 0.2395 -0.8826
vn 0.6519 0.7530 0.0895
vn 0.3835 0.8613 -0.3332
vn 0.5557 0.4999 -0.6643
vn 0.8937 0.2454 -0.3755
vn 0.0486 0.6303 0.7748
vn 0.3695 0.4106 0.8336
vn 0.4176 0.4600 0.7836
vn 0.2211 0.6049 0.7650
vn -0.1571 -0.1935 -0.9684
vn 0.0702 0.5588 -0.8263
vn 0.4283 0.4166 -0.8019
vn 0.2800 0.0837 -0.9563
vn -0.8894 0.0701 0.4518
vn -0.9936 0.1130 0.0083
vn -0.8454 0.5336 -0.0237
vn -0.7156 0.5630 0.4134
vn -0.3521 0.6011 -0.7175
vn -0.1965 0.3733 -0.9066
vn 0.1496 0.4373 -0.8868
vn -0.0070 0.6076 -0.7942
vn 0.8332 0.4864 -0.2629
vn -0.0801 0.9030 0.4220
vn 0.3117 0.7055 0.6365
vn 0.6841 0.6352 0.3585
vn 0.6065 0.7906 -0.0840
vn 0.2599 0.9131 -0.3143
vn 0.2974 0.6521 -0.6974
vn 0.6586 0.4246 -0.6213
vn -0.3023 0.6253 -0.7194
vn -0.3541 0.7042 -0.6154
vn -0.4005 0.6944 -0.5979
vn -0.3601 0.6356 -0.6829
vn 0.0526 0.8890 -0.4548
vn -0.2048 0.9781 -0.0361
vn -0.3568 0.9292 -0.0965
vn -0.2041 0.9177 -0.3409
vn 0.5448 0.4691 -0.6950
vn 0.7382 0.4605 -0.4928
vn 0.6320 0.6919 -0.3490
vn 0.4224 0.7358 -0.5294
vn -0.0934 0.9226 0.3743
vn 0.0858 0.8235 0.5608
vn 0.2730 0.8204 0.5023
vn 0.1343 0.9118 0.3881
vn -0.1921 0.1540 -0.9692
vn 0.1437 -0.1848 -0.9722
vn 0.3021 -0.0779 -0.9501
vn 0.0947 0.1117 -0.9892
vn -0.1601 0.7310 -0.6633
vn -0.3176 0.7207 -0.6162
vn -0.3491 0.5920 -0.7264
vn -0.1936 0.5934 -0.7813
vn -0.4394 0.7480 -0.4974
vn -0.0458 0.8649 -0.4998
vn -0.0181 0.8061 -0.5915
vn -0.2636 0.7569 -0.5980
vn -0.1459 0.7856 -0.6013
vn -0.2293 0.8556 -0.4642
vn -0.2828 0.8419 -0.4595
vn -0.2195 0.7945 -0.5663
vn 0.3404 0.5209 -0.7828
vn 0.6081 0.6863 -0.3991
vn 0.2546 0.9476 -0.1929
vn -0.0956 0.8429 -0.5295
vn -0.1288 -0.2181 -0.9674
vn -0.3201 0.2946 -0.9004
vn -0.5406 0.2410 -0.8060
vn -0.4313 -0.0369 -0.9015
vn -0.3826 -0.1525 -0.9112
vn -0.7436 0.1310 -0.6557
vn -0.8450 -0.0386 -0.5334
vn -0.6611 -0.1863 -0.7267
vn 0.1185 0.9303 -0.3470
vn 0.2409 0.9531 -0.1834
vn 0.0738 0.9961 -0.0483
vn -0.0671 0.9782 -0.1967
vn 0.4820 0.8462 -0.2273
vn 0.0379 0.9932 -0.1103
vn -0.1583 0.9073 -0.3895
vn 0.1420 0.8853 -0.4428
vn -0.1321 0.7576 -0.6392
vn -0.4105 0.6393 -0.6502
vn -0.4884 0.6798 -0.5471
vn -0.3029 0.7718 -0.5590
vn 0.5040 0.7864 0.3571
vn 0.5338 0.8076 0.2506
vn 0.6280 0.7339 0.2587
vn 0.6029 0.7090 0.3657
vn 0.6428 0.7151 -0.2745
vn 0.1222 0.9154 -0.3835
vn 0.0922 0.8037 -0.5879
vn 0.3997 0.7466 -0.5318
vn -0.0210 0.8916 -0.4523
vn -0.2364 0.7876 -0.5690
vn -0.4660 0.7946 -0.3893
vn -0.2918 0.8950 -0.3375
vn -0.1998 0.8740 0.4430
vn -0.3238 0.8801 0.3472
vn -0.2288 0.9512 0.2070
vn -0.0933 0.9538 0.2856
vn -0.4548 0.4366 -0.7762
vn -0.1246 -0.5007 -0.8566
vn 0.2416 -0.2441 -0.9392
vn 0.0334 0.1387 -0.9898
vn -0.5238 0.7555 0.3936
vn -0.7820 0.3927 0.4840
vn -0.9308 0.3148 0.1858
vn -0.7944 0.5779 0.1869
vn 0.4266 0.8118 -0.3988
vn -0.0931 0.9076 -0.4094
vn -0.2568 0.5676 -0.7822
vn 0.1959 0.3344 -0.9218
vn -0.4895 0.8651 -0.1098
vn -0.4485 0.8933 0.0286
vn -0.4783 0.8756 0.0672
vn -0.5115 0.8583 -0.0418
vn -0.5148 0.8355 0.1924
vn -0.3329 0.9429 0.0128
vn -0.4179 0.8634 -0.2825
vn -0.5543 0.8239 -0.1181
vn -0.2191 0.9664 -0.1343
vn -0.2709 0.9540 0.1283
vn -0.5187 0.8503 0.0890
vn -0.4917 0.8524 -0.1779
vn 0.0975 0.9949 0.0245
vn 0.4293 0.8905 0.1505
vn 0.3965 0.7971 0.4554
vn 0.1942 0.9181 0.3455
vn -0.1323 0.8994 -0.4166
vn -0.6601 0.6232 -0.4194
vn -0.7118 0.6786 -0.1812
vn -0.4460 0.8669 -0.2225
vn -0.6401 0.7673 -0.0396
vn -0.5017 0.8286 -0.2484
vn -0.3141 0.9435 -0.1060
vn -0.4335 0.8936 0.1167
vn -0.5275 0.6095 0.5918
vn -0.3569 0.7073 0.6101
vn -0.2310 0.6342 0.7379
vn -0.3780 0.5765 0.7244
vn -0.4580 0.2058 -0.8648
vn -0.6546 -0.0669 -0.7530
vn -0.6946 -0.0113 -0.7193
vn -0.5791 0.1563 -0.8001
vn -0.5779 0.7657 0.2823
vn -0.4607 0.7647 0.4506
vn -0.5811 0.5752 0.5757
vn -0.7244 0.5353 0.4344
vn 0.0018 0.9384 0.3457
vn -0.1512 0.8754 0.4591
vn -0.2401 0.8747 0.4210
vn -0.1246 0.9310 0.3430
vn 0.3993 0.8523 0.3378
vn 0.4769 0.7307 0.4886
vn 0.3784 0.6912 0.6157
vn 0.3335 0.7973 0.5032
vn 0.0839 0.9533 -0.2902
vn 0.2182 0.9592 -0.1800
vn 0.1109 0.9929 -0.0425
vn -0.0298 0.9890 -0.1449
vn -0.0482 0.9196 -0.3900
vn 0.0239 0.8656 -0.5002
vn 0.0909 0.8617 -0.4991
vn 0.0323 0.9091 -0.4154
vn 0.1374 0.9759 -0.1697
vn 0.6054 0.7927 -0.0717
vn 0.5926 0.7400 0.3181
vn 0.3442 0.9151 0.2103
vn 0.1748 0.9282 -0.3284
vn -0.0247 0.9295 -0.3679
vn -0.0085 0.8164 -0.5774
vn 0.1936 0.7956 -0.5741
vn -0.0006 0.9187 -0.3950
vn -0.0664 0.8656 -0.4963
vn -0.1146 0.8617 -0.4944
vn -0.0615 0.9074 -0.4158
vn -0.4408 0.8966 0.0436
vn -0.6293 0.6474 -0.4300
vn -0.3353 0.6866 -0.6451
vn -0.2969 0.8787 -0.3738
vn 0.3694 -0.4203 -0.8288
vn 0.9643 -0.0509 -0.2598
vn 0.6321 0.7200 -0.2866
vn -0.0307 0.5072 -0.8613
vn -0.2497 0.9243 0.2888
vn -0.4295 0.8523 0.2984
vn -0.5286 0.8411 0.1144
vn -0.3881 0.9128 0.1274
vn -0.2719 0.4184 -0.8666
vn -0.4577 0.5829 -0.6713
vn -0.7089 0.3970 -0.5830
vn -0.5673 0.3219 -0.7580
vn 0.2738 0.9546 0.1174
vn 0.2246 0.9739 -0.0324
vn 0.3736 0.9227 -0.0953
vn 0.4346 0.8993 0.0493
vn 0.7457 0.3119 -0.5888
vn 0.8525 0.1865 -0.4883
vn 0.8831 0.2120 -0.4186
vn 0.8094 0.3067 -0.5008
vn 0.6448 -0.2526 -0.7214
vn 0.3442 0.4467 -0.8258
vn 0.1598 0.2997 -0.9406
vn 0.3513 -0.0190 -0.9361
vn 0.2281 0.9211 0.3156
vn 0.3332 0.9226 0.1942
vn 0.4468 0.8476 0.2861
vn 0.3476 0.8421 0.4123
vn -0.2816 0.5526 -0.7845
vn -0.3745 0.7012 -0.6067
vn -0.5768 0.6306 -0.5193
vn -0.5018 0.5442 -0.6723
vn -0.6630 0.7478 -0.0357
vn -0.7678 0.0199 0.6403
vn -0.4583 0.3139 0.8315
vn -0.5214 0.6494 0.5536
vn 0.2663 -0.1865 -0.9457
vn 0.6559 -0.1973 -0.7286
vn 0.6751 0.2365 -0.6988
vn 0.2869 0.2889 -0.9134
vn 0.6621 0.6810 0.3128
vn 0.5457 0.7690 0.3329
vn 0.4719 0.7588 0.4489
vn 0.5743 0.6966 0.4299
vn -0.2710 0.9311 0.2443
vn -0.3116 0.8594 0.4053
vn -0.1726 0.8352 0.5221
vn -0.1557 0.9059 0.3937
vn -0.5006 0.5837 -0.6394
vn -0.3531 0.5729 -0.7396
vn -0.2664 0.7164 -0.6448
vn -0.4051 0.7412 -0.5352
vn -0.5675 -0.2098 -0.7962
vn -0.0073 0.3253 -0.9456
vn 0.2236 0.0414 -0.9738
vn -0.0928 -0.1871 -0.9779
vn 0.4722 0.8258 0.3084
vn 0.4439 0.8799 0.1695
vn 0.4945 0.8629 0.1045
vn 0.5181 0.8274 0.2165
vn 0.3565 0.2753 -0.8928
vn -0.2701 0.2994 -0.9151
vn -0.3833 -0.2860 -0.8783
vn 0.2069 -0.4949 -0.8440
vn 0.1200 0.9919 -0.0415
vn 0.3796 0.9170 -0.1225
vn 0.3734 0.9068 -0.1957
vn 0.2008 0.9697 -0.1389
vn 0.9982 -0.0289 -0.0519
vn 0.7310 0.4108 0.5449
vn 0.7972 0.2359 0.5557
vn 0.9564 0.0470 0.2884
vn -0.0445 0.7573 -0.6515
vn -0.2520 0.7209 -0.6455
vn -0.2444 0.5464 -0.8011
vn -0.0359 0.5574 -0.8295
vn -0.3491 0.5798 -0.7362
vn -0.2334 0.7030 -0.6718
vn -0.1176 0.6992 -0.7052
vn -0.2152 0.6130 -0.7602
vn 0.5941 0.6989 -0.3982
vn 0.4939 0.8446 0.2066
vn 0.6832 0.6668 0.2977
vn 0.7553 0.6545 -0.0357
vn 0.1391 -0.5845 -0.7994
vn 0.6010 -0.4097 -0.6862
vn 0.5577 0.0807 -0.8261
vn 0.0796 0.0933 -0.9924
vn -0.5507 0.8260 -0.1201
vn -0.4145 0.9098 0.0201
vn -0.4414 0.8793 0.1787
vn -0.5487 0.8337 0.0631
vn -0.2763 0.9186 0.2826
vn -0.3358 0.8205 0.4627
vn -0.1452 0.7766 0.6131
vn -0.1230 0.8734 0.4711
vn 0.8515 -0.1843 -0.4908
vn 0.9829 -0.1114 0.1469
vn 0.8532 0.4979 0.1556
vn 0.7000 0.5281 -0.4808
vn 0.7828 -0.0421 -0.6209
vn 0.6193 -0.2462 -0.7456
vn 0.5267 -0.1971 -0.8269
vn 0.6561 -0.0638 -0.7520
vn -0.4517 0.8835 0.1244
vn -0.3338 0.9426 -0.0105
vn -0.3547 0.9314 -0.0816
vn -0.4452 0.8952 0.0217
vn 0.1121 0.8360 -0.5372
vn -0.2023 0.9226 -0.3284
vn -0.4347 0.7145 -0.5482
vn -0.1484 0.6023 -0.7844
vn -0.2063 0.9231 -0.3246
vn 0.1930 0.3850 -0.9025
vn 0.5075 0.5045 -0.6985
vn 0.2970 0.8061 -0.5118
vn 0.0807 0.9030 -0.4220
vn 0.2925 0.8404 -0.4562
vn 0.3286 0.8533 -0.4049
vn 0.1772 0.9055 -0.3856
vn 0.2363 0.8749 0.4228
vn 0.3443 0.8938 0.2873
vn 0.4839 0.7931 0.3700
vn 0.3905 0.7636 0.5142
vn -0.5092 0.3033 -0.8054
vn -0.3391 -0.0086 -0.9407
vn 0.0205 0.0867 -0.9960
vn -0.1560 0.2887 -0.9446
vn 0.3408 0.9344 -0.1036
vn 0.2792 0.9599 0.0272
vn 0.3170 0.9436 0.0952
vn 0.3657 0.9307 -0.0100
vn -0.4328 0.8313 0.3487
vn -0.5118 0.8342 0.2054
vn -0.3840 0.9140 0.1311
vn -0.2979 0.9155 0.2703
vn -0.4664 0.8536 -0.2320
vn -0.2830 0.9097 -0.3041
vn -0.2676 0.8877 -0.3748
vn -0.4060 0.8554 -0.3216
vn -0.4440 0.8561 -0.2645
vn -0.3759 0.9210 -0.1019
vn -0.4087 0.9107 -0.0596
vn -0.4611 0.8682 -0.1831
vn -0.1650 0.7364 0.6561
vn 0.2324 0.6698 0.7052
vn 0.1756 0.3410 0.9235
vn -0.2289 0.3658 0.9021
vn 0.2863 0.8399 -0.4611
vn 0.7211 0.0545 -0.6907
vn 0.9127 0.1740 -0.3697
vn 0.7499 0.5604 -0.3515
vn 0.4521 0.8919 0.0049
vn 0.3300 0.9297 -0.1637
vn 0.3836 0.8688 -0.3132
vn 0.4774 0.8603 -0.1790
vn -0.4478 0.4168 0.7911
vn -0.6419 0.6387 0.4242
vn -0.2748 0.9173 0.2883
vn 0.0470 0.7920 0.6087
vn 0.1924 0.8036 -0.5632
vn 0.3884 0.8844 0.2586
vn 0.7338 0.6623 0.1512
vn 0.6377 0.7315 -0.2415
vn 0.2671 0.8322 -0.4859
vn 0.0412 0.9078 -0.4173
vn -0.0284 0.8787 -0.4766
vn 0.1354 0.8381 -0.5284
vn 0.7624 0.6426 0.0762
vn 0.7071 0.6568 0.2620
vn 0.5155 0.8247 0.2328
vn 0.5266 0.8491 0.0402
vn -0.5258 0.8503 -0.0241
vn -0.4079 0.9059 -0.1140
vn -0.4084 0.8940 -0.1841
vn -0.5024 0.8573 -0.1126
vn -0.2154 0.5727 -0.7909
vn 0.0226 0.8114 -0.5840
vn 0.3040 0.7192 -0.6248
vn 0.1216 0.6079 -0.7847
vn 0.6473 0.7468 0.1528
vn 0.1604 0.9870 -0.0120
vn 0.1708 0.8271 -0.5354
vn 0.6591 0.5406 -0.5229
vn -0.3299 0.9323 -0.1486
vn -0.5525 0.8264 -0.1088
vn -0.5745 0.8183 -0.0195
vn -0.4235 0.9044 -0.0522
vn -0.5180 0.8401 0.1611
vn -0.3941 0.9099 -0.1296
vn -0.4812 0.8386 -0.2554
vn -0.5702 0.8196 -0.0556
vn 0.6417 0.2182 0.7353
vn 0.4614 0.2492 0.8515
vn 0.4389 0.4532 0.7759
vn 0.6179 0.4352 0.6548
vn 0.5276 0.7605 0.3785
vn 0.3416 0.8276 0.4455
vn 0.2820 0.7601 0.5854
vn 0.4313 0.7273 0.5338
vn -0.2776 0.9295 -0.2428
vn -0.3718 0.8219 -0.4316
vn -0.2456 0.7786 -0.5775
vn -0.1935 0.8789 -0.4359
vn -0.2860 0.7607 0.5826
vn 0.1706 0.6979 0.6956
vn 0.1050 0.3108 0.9447
vn -0.3652 0.2927 0.8837
vn 0.2048 0.9668 -0.1532
vn 0.0494 0.9902 -0.1308
vn 0.0162 0.9848 -0.1731
vn 0.1370 0.9721 -0.1902
vn -0.0452 0.9328 0.3575
vn -0.1573 0.8244 0.5437
vn -0.3103 0.7923 0.5254
vn -0.2229 0.8883 0.4015
vn 0.5053 0.8436 -0.1818
vn 0.2035 0.9266 -0.3163
vn 0.2329 0.7395 -0.6316
vn 0.5429 0.6074 -0.5799
vn -0.3324 0.9415 0.0551
vn -0.4118 0.8890 0.2003
vn -0.3815 0.8906 0.2477
vn -0.3244 0.9358 0.1382
vn 0.8068 0.3188 -0.4975
vn 0.7157 0.1718 -0.6769
vn 0.5819 0.2402 -0.7770
vn 0.6723 0.3460 -0.6545
vn -0.4079 -0.3268 -0.8525
vn -0.0449 -0.1907 -0.9806
vn -0.1509 0.1982 -0.9685
vn -0.5304 0.1253 -0.8384
vn 0.9840 -0.1604 0.0775
vn 0.4049 0.8323 0.3787
vn 0.5399 0.5415 0.6444
vn 0.8233 0.2026 0.5303
vn 0.9928 -0.0673 0.0986
vn -0.0999 0.7465 -0.6579
vn 0.3811 0.3335 -0.8623
vn 0.7793 0.1127 -0.6164
vn -0.7058 0.5204 -0.4807
vn -0.3464 0.6871 -0.6387
vn -0.2622 0.9179 -0.2979
vn -0.6079 0.7897 -0.0827
vn -0.5339 0.8234 -0.1923
vn -0.4404 0.8972 0.0340
vn -0.5529 0.8040 0.2189
vn -0.6238 0.7806 0.0390
vn 0.2803 0.7688 -0.5748
vn -0.0760 0.8849 -0.4595
vn -0.2876 0.7253 -0.6255
vn -0.0330 0.7061 -0.7074
vn 0.5014 0.3463 0.7929
vn 0.1436 0.3503 0.9256
vn 0.0612 0.6668 0.7427
vn 0.4107 0.6929 0.5927
vn -0.0684 0.4617 -0.8844
vn 0.4738 0.8803 0.0232
vn 0.7623 0.5920 -0.2617
vn 0.5376 0.5240 -0.6606
vn -0.5152 0.1965 -0.8342
vn -0.2611 -0.1626 -0.9515
vn -0.0995 -0.0826 -0.9916
vn -0.2757 0.1254 -0.9530
vn -0.2607 0.9541 -0.1473
vn -0.3063 0.9480 0.0867
vn -0.5353 0.8426 0.0585
vn -0.5211 0.8344 -0.1794
vn -0.5044 0.1561 -0.8492
vn -0.4233 0.2992 -0.8552
vn -0.3571 0.3023 -0.8838
vn -0.4243 0.1943 -0.8844
vn -0.2336 0.5472 -0.8037
vn -0.3767 0.6512 -0.6588
vn -0.5359 0.5671 -0.6255
vn -0.4268 0.5082 -0.7480
vn 0.0254 0.9849 -0.1715
vn 0.8857 0.4345 -0.1636
vn 0.7815 0.5205 0.3438
vn 0.4710 0.8401 0.2691
vn 0.3432 0.9045 -0.2532
vn 0.2002 0.9753 0.0936
vn 0.3409 0.9080 0.2434
vn 0.4311 0.9023 0.0098
vn -0.6275 0.4167 -0.6578
vn -0.4102 0.4418 -0.7979
vn -0.2976 0.6899 -0.6599
vn -0.4871 0.7258 -0.4858
vn -0.4848 0.2007 -0.8513
vn -0.6213 -0.2913 -0.7274
vn -0.7842 -0.2477 -0.5689
vn -0.7224 0.0247 -0.6910
vn -0.2776 0.7201 -0.6360
vn -0.2225 0.5288 -0.8191
vn 0.0377 0.5045 -0.8626
vn -0.0333 0.6618 -0.7489
vn 0.2898 0.6737 0.6798
vn -0.0345 0.7454 0.6657
vn -0.0346 0.9341 0.3553
vn 0.2899 0.9133 0.2861
vn -0.0810 0.8239 0.5609
vn 0.0723 0.9313 0.3569
vn 0.2645 0.8908 0.3694
vn 0.1429 0.8407 0.5223
vn -0.5240 0.2074 -0.8261
vn -0.4094 0.0115 -0.9123
vn -0.2238 0.0401 -0.9738
vn -0.3300 0.1821 -0.9262
vn 0.0727 0.9472 0.3123
vn 0.1864 0.9533 0.2376
vn 0.2740 0.8951 0.3517
vn 0.1684 0.8836 0.4369
vn 0.6304 0.7732 0.0690
vn 0.4904 -0.6226 -0.6098
vn 0.5254 -0.0003 -0.8509
vn 0.6321 0.4546 -0.6276
vn -0.5314 -0.1287 -0.8373
vn -0.2427 0.2050 -0.9482
vn -0.0902 0.1147 -0.9893
vn -0.2847 -0.0757 -0.9556
vn 0.4259 0.8919 0.1519
vn 0.3053 0.9047 0.2971
vn 0.1649 0.9693 0.1825
vn 0.2768 0.9604 0.0303
vn -0.4821 0.8292 -0.2829
vn -0.1907 0.9258 -0.3263
vn -0.0747 0.7865 -0.6130
vn -0.3052 0.7688 -0.5620
vn -0.1740 -0.1006 -0.9796
vn 0.1177 0.1573 -0.9805
vn 0.2016 0.0876 -0.9755
vn 0.0177 -0.0680 -0.9975
vn -0.1998 0.9078 -0.3688
vn -0.3056 0.9349 -0.1807
vn -0.4877 0.8340 -0.2581
vn -0.3965 0.7988 -0.4525
vn 0.1668 0.9420 0.2912
vn 0.2658 0.9200 0.2879
vn 0.2877 0.9231 0.2552
vn 0.2068 0.9435 0.2589
vn 0.6099 0.3661 -0.7029
vn 0.6408 0.5507 -0.5349
vn 0.7709 0.5085 -0.3837
vn 0.7526 0.3897 -0.5307
vn 0.0360 0.9466 0.3205
vn 0.2244 0.9513 0.2115
vn 0.3676 0.8420 0.3948
vn 0.2068 0.8163 0.5393
vn 0.4459 0.3599 -0.8195
vn 0.9697 -0.2312 -0.0782
vn 0.9835 0.1807 -0.0099
vn 0.8386 0.4006 -0.3691
vn -0.1135 0.8038 -0.5839
vn 0.0235 0.9093 -0.4154
vn 0.2650 0.8575 -0.4410
vn 0.1419 0.8057 -0.5751
vn 0.4716 0.8067 0.3561
vn 0.5501 0.7955 0.2541
vn 0.6373 0.6996 0.3231
vn 0.5663 0.7025 0.4310
vn 0.4959 0.4125 0.7641
vn 0.3860 0.2649 0.8836
vn 0.3092 0.2893 0.9059
vn 0.3966 0.3985 0.8270
vn -0.8661 0.4893 -0.1020
vn -0.9547 0.1418 0.2617
vn -0.8940 0.2331 0.3826
vn -0.8829 0.4362 0.1737
vn 0.5730 0.8050 -0.1539
vn 0.2431 0.9157 -0.3199
vn 0.2561 0.6929 -0.6741
vn 0.5907 0.5066 -0.6281
vn -0.3385 0.9083 0.2459
vn -0.2160 0.9391 0.2672
vn -0.1796 0.9243 0.3369
vn -0.2806 0.9053 0.3188
vn -0.1237 0.8982 0.4218
vn -0.4274 0.7118 0.5573
vn -0.6400 0.6922 0.3337
vn -0.4364 0.8518 0.2898
vn -0.3706 0.9280 0.0374
vn -0.1069 0.9829 0.1501
vn -0.1670 0.8771 0.4504
vn -0.4446 0.7975 0.4079
vn -0.5499 0.6403 0.5362
vn -0.5623 0.7861 0.2568
vn -0.7281 0.6782 0.0995
vn -0.7238 0.6128 0.3172
vn -0.6008 0.7741 0.1995
vn -0.2839 0.9205 0.2686
vn -0.1962 0.8405 0.5050
vn -0.4294 0.7847 0.4470
vn -0.4219 0.8621 0.2807
vn -0.4712 0.8764 0.0995
vn -0.3013 0.9520 0.0533
vn -0.2417 0.9423 0.2315
vn -0.4439 0.2628 -0.8567
vn -0.5650 0.1329 -0.8143
vn -0.6433 0.1550 -0.7498
vn -0.5541 0.2542 -0.7927
vn -0.1518 0.9060 0.3952
vn 0.0422 0.7627 0.6454
vn 0.3072 0.7617 0.5705
vn 0.1512 0.8892 0.4318
vn -0.8040 -0.0509 -0.5924
vn -0.3138 0.4491 -0.8365
vn -0.3424 0.8884 -0.3059
vn -0.8416 0.5292 0.1083
vn -0.3913 0.5131 -0.7639
vn -0.4583 0.6345 -0.6224
vn -0.5457 0.6097 -0.5749
vn -0.4965 0.5269 -0.6898
vn -0.3425 0.6836 -0.6445
vn -0.2402 0.5966 -0.7657
vn -0.1227 0.6215 -0.7738
vn -0.2097 0.6934 -0.6893
vn -0.4985 0.4029 -0.7675
vn -0.2964 0.4971 -0.8155
vn -0.3175 0.6932 -0.6471
vn -0.5235 0.6345 -0.5686
vn 0.8735 0.4859 0.0296
vn 0.8739 -0.1794 0.4518
vn 0.8560 -0.0085 0.5168
vn 0.8952 0.3005 0.3291
vn -0.2437 0.6776 -0.6939
vn -0.4236 0.5826 -0.6936
vn -0.5272 0.6215 -0.5794
vn -0.3915 0.6999 -0.5974
vn 0.6199 0.0145 -0.7845
vn 0.8071 0.2426 -0.5382
vn 0.5786 0.5804 -0.5730
vn 0.3219 0.4547 -0.8305
vn -0.9815 0.1514 0.1171
vn -0.7114 0.6136 -0.3427
vn -0.7262 0.4010 -0.5585
vn -0.9236 0.2136 -0.3183
vn 0.4050 0.8574 0.3175
vn 0.2078 0.9413 0.2661
vn 0.0641 0.9134 0.4021
vn 0.2281 0.8709 0.4353
vn -0.2713 0.9517 -0.1435
vn -0.3073 0.9474 0.0890
vn -0.5657 0.8197 0.0895
vn -0.5931 0.7924 -0.1424
vn 0.1741 0.9815 -0.0799
vn 0.5544 0.7298 -0.4000
vn 0.2943 0.6069 -0.7383
vn 0.1346 0.8335 -0.5358
vn -0.9857 0.1507 -0.0754
vn -0.8197 0.5240 0.2315
vn -0.8255 0.4282 0.3678
vn -0.9533 0.2358 0.1886
vn -0.0270 0.2587 -0.9656
vn -0.4346 0.2386 -0.8684
vn -0.4546 -0.1772 -0.8729
vn -0.0515 -0.2360 -0.9704
vn 0.2420 0.9279 0.2836
vn 0.3985 0.8768 0.2692
vn 0.4656 0.8780 0.1111
vn 0.3418 0.9297 0.1375
vn 0.0951 0.9205 -0.3791
vn 0.3179 0.7402 -0.5925
vn 0.5486 0.6924 -0.4687
vn 0.3917 0.8474 -0.3586
vn 0.6286 0.7186 -0.2974
vn 0.4934 0.8688 0.0419
vn 0.0972 0.9926 -0.0726
vn 0.0873 0.8873 -0.4529
vn -0.4247 0.7558 0.4984
vn -0.2273 0.8403 0.4922
vn -0.1291 0.7960 0.5914
vn -0.2846 0.7488 0.5986
vn 0.1018 0.9893 0.1049
vn 0.4958 0.8684 -0.0044
vn 0.4791 0.7936 -0.3751
vn 0.2496 0.9321 -0.2625
vn -0.6346 0.6758 -0.3749
vn -0.8340 0.5493 0.0518
vn -0.9884 0.1219 -0.0911
vn -0.8207 0.1605 -0.5483
vn -0.1229 0.8262 -0.5498
vn -0.3536 0.7073 -0.6121
vn -0.4802 0.7245 -0.4945
vn -0.3146 0.8236 -0.4719
vn -0.2783 0.9261 -0.2548
vn -0.3466 0.8365 -0.4244
vn -0.2619 0.8112 -0.5229
vn -0.2195 0.8910 -0.3975
vn 0.1814 0.4228 0.8879
vn 0.4379 0.4143 0.7979
vn 0.4782 0.1398 0.8671
vn 0.2275 0.1064 0.9680
vn -0.3848 0.9200 0.0739
vn -0.6383 0.7675 0.0601
vn -0.6909 0.7098 -0.1375
vn -0.5268 0.8428 -0.1105
vn 0.4202 0.3365 0.8427
vn 0.6637 0.1730 0.7277
vn 0.7628 0.2679 0.5885
vn 0.6087 0.3787 0.6972
vn -0.5862 0.7552 -0.2934
vn -0.4013 0.8224 -0.4034
vn -0.2931 0.9342 -0.2033
vn -0.4599 0.8860 -0.0595
vn 0.2158 0.3281 0.9197
vn -0.0683 0.7212 0.6894
vn -0.2540 0.6413 0.7240
vn -0.0811 0.4525 0.8881
vn 0.3051 0.9514 -0.0420
vn 0.4855 0.8668 -0.1138
vn 0.4932 0.8245 -0.2772
vn 0.3658 0.9054 -0.2155
vn 0.1926 0.7367 -0.6482
vn -0.2939 0.9007 -0.3200
vn -0.6929 0.5112 -0.5084
vn -0.3624 0.1944 -0.9115
vn 0.0985 0.9478 0.3032
vn -0.0451 0.9700 0.2389
vn -0.0862 0.9591 0.2695
vn 0.0256 0.9473 0.3194
vn 0.3493 0.3342 0.8754
vn -0.2386 0.6403 0.7301
vn -0.3964 0.3999 0.8264
vn -0.0774 0.2985 0.9513
vn -0.0557 0.9220 -0.3831
vn -0.2708 0.9514 -0.1465
vn -0.5199 0.7966 -0.3083
vn -0.3521 0.7377 -0.5760
vn 0.7496 0.1823 -0.6363
vn 0.3046 -0.0876 -0.9484
vn 0.2492 0.0737 -0.9656
vn 0.5095 0.2088 -0.8348
vn -0.4153 0.8333 -0.3648
vn -0.3521 0.4336 -0.8295
vn 0.0378 0.4753 -0.8790
vn -0.0675 0.7398 -0.6695
vn -0.3583 -0.0484 0.9323
vn -0.7857 0.0335 0.6177
vn -0.6903 0.5326 0.4897
vn -0.2348 0.5967 0.7674
vn -0.5263 0.8138 -0.2465
vn -0.4172 0.9086 0.0183
vn -0.5799 0.7745 0.2525
vn -0.6566 0.7533 0.0377
vn -0.2526 0.6719 -0.6962
vn -0.2497 0.4776 -0.8424
vn -0.0590 0.4178 -0.9066
vn -0.0820 0.5766 -0.8129
vn 0.2319 0.7618 -0.6049
vn -0.0458 0.8278 -0.5591
vn -0.1654 0.6230 -0.7645
vn 0.0877 0.5148 -0.8528
vn -0.4408 0.6037 -0.6642
vn 0.0055 0.9147 -0.4042
vn 0.3433 0.7146 -0.6095
vn 0.0400 0.6291 -0.7763
vn -0.3125 0.6195 -0.7201
vn -0.4096 0.3456 -0.8443
vn -0.6780 0.2481 -0.6919
vn -0.5974 0.4668 -0.6520
vn 0.7837 0.5955 0.1767
vn 0.7026 0.6385 0.3142
vn 0.5806 0.7827 0.2243
vn 0.6417 0.7636 0.0718
vn 0.7216 0.3687 -0.5860
vn 0.8591 0.1121 -0.4995
vn 0.9625 0.1368 -0.2343
vn 0.8839 0.3211 -0.3399
vn -0.9909 0.1321 0.0240
vn -0.7762 0.6016 -0.1886
vn -0.7611 0.5258 -0.3799
vn -0.9221 0.2910 -0.2550
vn 0.5925 0.7880 0.1674
vn 0.5049 0.8080 0.3036
vn 0.3805 0.8983 0.2199
vn 0.4575 0.8859 0.0767
vn -0.4571 0.0101 -0.8894
vn -0.6286 0.1856 -0.7552
vn -0.7916 0.0690 -0.6071
vn -0.6735 -0.0423 -0.7380
vn 0.4314 0.8991 0.0738
vn 0.7197 0.6892 0.0837
vn 0.7828 0.5802 -0.2251
vn 0.6104 0.7673 -0.1965
vn 0.5190 0.7999 -0.3014
vn 0.4063 0.9133 -0.0287
vn 0.0786 0.9878 -0.1343
vn 0.1018 0.8945 -0.4353
vn 0.2802 0.9584 -0.0541
vn 0.0695 0.9795 -0.1891
vn 0.0822 0.9282 -0.3629
vn 0.2353 0.9375 -0.2563
vn -0.0892 0.9094 -0.4062
vn 0.0393 0.8367 -0.5462
vn 0.2121 0.8364 -0.5054
vn 0.1034 0.9058 -0.4109
vn 0.0288 0.9723 0.2319
vn 0.2084 0.9681 0.1392
vn 0.3049 0.9004 0.3103
vn 0.1329 0.8993 0.4167
vn -0.4152 0.7090 0.5700
vn -0.5651 0.6329 0.5293
vn -0.6307 0.6691 0.3930
vn -0.5163 0.7343 0.4408
vn 0.1920 0.4716 -0.8606
vn -0.2901 0.8898 -0.3522
vn -0.5543 0.6730 -0.4897
vn -0.3045 0.5549 -0.7742
vn -0.3511 0.3545 -0.8666
vn -0.5099 0.3041 -0.8047
vn -0.4858 0.1305 -0.8643
vn -0.3252 0.1680 -0.9306
vn -0.1835 -0.2138 -0.9595
vn -0.4113 0.4484 -0.7936
vn -0.6931 0.3187 -0.6466
vn -0.5798 0.0073 -0.8148
vn -0.3703 0.9276 0.0487
vn -0.6787 0.7192 -0.1484
vn -0.6074 0.6873 -0.3984
vn -0.4469 0.8562 -0.2593
vn 0.3566 0.8818 0.3086
vn 0.2840 0.9506 -0.1254
vn 0.6352 0.7264 -0.2625
vn 0.7750 0.6149 0.1459
vn 0.0068 0.6505 0.7595
vn 0.5293 0.3295 0.7818
vn 0.6483 0.4736 0.5962
vn 0.3777 0.6637 0.6456
vn -0.4095 0.1822 -0.8939
vn -0.6993 -0.0558 -0.7127
vn -0.7746 0.0431 -0.6310
vn -0.6119 0.1844 -0.7691
vn -0.0483 0.9453 0.3227
vn 0.1504 0.9695 0.1933
vn 0.3019 0.8767 0.3746
vn 0.1240 0.8397 0.5287
vn 0.2355 0.9624 -0.1353
vn 0.0409 0.9890 -0.1419
vn -0.0120 0.9714 -0.2370
vn 0.1370 0.9637 -0.2294
vn 0.6696 -0.2685 -0.6925
vn 0.8482 -0.0768 -0.5241
vn 0.9092 -0.1493 -0.3886
vn 0.8051 -0.2777 -0.5242
vn -0.5865 0.4372 -0.6819
vn -0.3745 0.5085 -0.7753
vn -0.3273 0.7299 -0.6001
vn -0.5289 0.7086 -0.4670
vn -0.4301 0.8478 -0.3101
vn -0.2069 0.9102 -0.3588
vn -0.1325 0.8390 -0.5277
vn -0.3077 0.8179 -0.4862
vn -0.0580 0.9640 0.2593
vn -0.4350 0.8599 0.2669
vn -0.5403 0.8402 -0.0460
vn -0.2992 0.9542 -0.0067
vn -0.5499 0.8185 0.1662
vn -0.4418 0.8120 0.3815
vn -0.6094 0.5973 0.5215
vn -0.7652 0.5431 0.3456
vn -0.1016 0.5591 -0.8229
vn -0.3850 0.7721 -0.5056
vn -0.6443 0.5875 -0.4896
vn -0.4663 0.5157 -0.7188
vn -0.0609 0.4139 -0.9083
vn -0.7485 -0.1525 -0.6454
vn -0.8715 0.2244 -0.4361
vn -0.5947 0.4609 -0.6587
vn -0.1790 0.2642 -0.9477
vn -0.5122 0.2459 -0.8229
vn -0.5235 -0.1062 -0.8454
vn -0.1915 -0.1292 -0.9730
vn -0.5496 0.8344 -0.0423
vn -0.3979 0.9083 -0.1295
vn -0.3824 0.8884 -0.2540
vn -0.5033 0.8444 -0.1836
vn -0.5043 0.8566 0.1090
vn -0.3303 0.9437 -0.0184
vn -0.3393 0.9283 -0.1523
vn -0.4708 0.8807 -0.0525
vn 0.0476 0.7319 -0.6797
vn -0.2210 0.6828 -0.6963
vn -0.2144 0.4175 -0.8830
vn 0.0560 0.3933 -0.9177
vn 0.4584 0.3492 0.8173
vn 0.7258 0.0356 0.6870
vn 0.8766 0.1395 0.4605
vn 0.7288 0.3330 0.5983
vn -0.4232 0.9060 -0.0089
vn -0.5099 0.8505 -0.1291
vn -0.4849 0.8525 -0.1952
vn -0.4218 0.9010 -0.1010
vn -0.6846 -0.1424 -0.7149
vn -0.2619 -0.2217 -0.9393
vn -0.1226 0.2343 -0.9644
vn -0.5123 0.4255 -0.7460
vn -0.3754 0.9248 0.0621
vn -0.4668 0.8332 0.2965
vn -0.3483 0.8335 0.4289
vn -0.3017 0.9173 0.2599
vn -0.3289 0.9178 -0.2224
vn -0.4894 0.8602 -0.1434
vn -0.4909 0.8666 -0.0899
vn -0.3741 0.9150 -0.1510
vn -0.5731 0.8112 0.1168
vn -0.5625 0.8239 -0.0692
vn -0.3867 0.9200 -0.0635
vn -0.3794 0.9170 0.1230
vn -0.8785 0.0591 0.4740
vn -0.5350 0.5634 0.6296
vn -0.3572 0.4158 0.8363
vn -0.6041 0.1829 0.7756
vn -0.3566 0.5292 -0.7699
vn -0.1366 0.6329 -0.7621
vn 0.0175 0.5238 -0.8516
vn -0.1589 0.4700 -0.8682
vn -0.4195 0.7275 -0.5429
vn -0.2183 0.7336 -0.6435
vn -0.1234 0.8703 -0.4769
vn -0.3146 0.8792 -0.3579
vn -0.5339 0.0192 -0.8454
vn -0.3986 0.2153 -0.8915
vn -0.2161 0.1788 -0.9599
vn -0.3380 0.0422 -0.9402
vn 0.3725 0.8267 0.4217
vn 0.2824 0.9532 0.1078
vn 0.4628 0.8830 -0.0780
vn 0.5194 0.8403 0.1555
vn -0.4799 0.8744 0.0713
vn -0.2239 0.9208 0.3193
vn -0.3725 0.7018 0.6073
vn -0.6735 0.5893 0.4462
vn 0.5855 0.7793 -0.2232
vn 0.1857 0.8893 -0.4178
vn 0.2040 0.8118 -0.5471
vn 0.4504 0.7790 -0.4362
vn -0.4716 0.8353 -0.2825
vn -0.4070 0.9134 0.0038
vn -0.5079 0.8546 0.1075
vn -0.5556 0.8261 -0.0947
vn -0.3759 0.9257 0.0431
vn -0.3498 0.9123 0.2130
vn -0.5074 0.8284 0.2374
vn -0.5451 0.8355 0.0694
vn -0.9053 0.0930 0.4145
vn -0.8529 0.4781 0.2098
vn -0.8965 0.4407 0.0459
vn -0.9562 0.2226 0.1900
vn -0.4519 0.7280 0.5156
vn -0.4037 0.6694 0.6236
vn -0.3297 0.6831 0.6517
vn -0.3734 0.7335 0.5679
vn -0.4445 0.8228 0.3541
vn -0.5058 0.8510 0.1414
vn -0.3023 0.9497 0.0821
vn -0.2186 0.9323 0.2881
vn 0.1909 0.9189 -0.3453
vn 0.1189 0.8195 -0.5606
vn 0.0242 0.8190 -0.5733
vn 0.0805 0.9004 -0.4276
vn -0.2743 0.9384 -0.2099
vn -0.5086 0.7982 -0.3228
vn -0.6993 0.7089 -0.0925
vn -0.5278 0.8481 -0.0466
vn -0.1405 0.7145 -0.6854
vn -0.3547 0.6584 -0.6639
vn -0.3378 0.4736 -0.8134
vn -0.1217 0.5057 -0.8541
vn -0.4554 0.4424 -0.7726
vn -0.7264 0.6594 -0.1939
vn -0.9933 0.1156 -0.0027
vn -0.8088 -0.2772 -0.5186
vt 0.599950 4.531940
vt 0.599950 4.682860
vt 0.400050 4.667460
vt 0.400050 4.485010
vt 0.000240 0.000240
vt 0.015860 0.000240
vt 0.000240 0.068100
vt 0.031480 0.000240
vt 0.062710 0.000240
vt 0.062710 0.068100
vt 0.047100 0.000240
vt 0.937290 0.414970
vt 0.937290 0.515020
vt 0.874820 0.515020
vt 0.874820 0.414970
vt 0.078330 0.000240
vt 0.093950 0.000240
vt 0.125180 0.000240
vt 0.125180 0.068100
vt 0.109570 0.000240
vt 0.156420 0.000240
vt 0.187650 0.068100
vt 0.140800 0.000240
vt 0.172040 0.000240
vt 0.187650 0.000240
vt 0.599950 2.668600
vt 0.599950 2.747270
vt 0.400050 2.731840
vt 0.400050 2.626910
vt 0.203270 0.000240
vt 0.218890 0.000240
vt 0.250120 0.000240
vt 0.250120 0.068100
vt 0.234500 0.000240
vt 0.281360 0.000240
vt 0.312590 0.068100
vt 0.265740 0.000240
vt 0.296970 0.000240
vt 0.312590 0.000240
vt 0.312590 0.414970
vt 0.312590 0.515020
vt 0.250120 0.515020
vt 0.250120 0.414970
vt 0.328210 0.000240
vt 0.359440 0.000240
vt 0.375060 0.068100
vt 0.343830 0.000240
vt 0.375060 0.000240
vt 0.200150 6.151700
vt 0.200150 6.166560
vt 0.000240 6.166560
vt 0.000240 6.151700
vt 0.390680 0.000240
vt 0.406300 0.000240
vt 0.437530 0.000240
vt 0.437530 0.068100
vt 0.421910 0.000240
vt 0.468770 0.000240
vt 0.500000 0.068100
vt 0.453150 0.000240
vt 0.484380 0.000240
vt 0.500000 0.000240
vt 0.599950 3.132410
vt 0.599950 3.226930
vt 0.400050 3.209640
vt 0.400050 3.077060
vt 0.515620 0.000240
vt 0.546850 0.000240
vt 0.562470 0.068100
vt 0.531230 0.000240
vt 0.562470 0.000240
vt 0.562470 0.141260
vt 0.562470 0.219680
vt 0.500000 0.219680
vt 0.500000 0.141260
vt 0.578090 0.000240
vt 0.593700 0.000240
vt 0.624940 0.000240
vt 0.624940 0.068100
vt 0.609320 0.000240
vt 0.200150 3.529800
vt 0.200150 3.543960
vt 0.000240 3.543960
vt 0.000240 3.529800
vt 0.640560 0.000240
vt 0.656170 0.000240
vt 0.687410 0.000240
vt 0.687410 0.068100
vt 0.671790 0.000240
vt 0.400050 4.123790
vt 0.200150 4.142040
vt 0.200150 4.033000
vt 0.400050 4.002310
vt 0.703030 0.000240
vt 0.734260 0.000240
vt 0.749880 0.068100
vt 0.718640 0.000240
vt 0.749880 0.000240
vt 0.937290 0.141260
vt 0.937290 0.219680
vt 0.874820 0.219680
vt 0.874820 0.141260
vt 0.765500 0.000240
vt 0.781110 0.000240
vt 0.812350 0.000240
vt 0.812350 0.068100
vt 0.796730 0.000240
vt 0.999760 5.456140
vt 0.999760 5.517790
vt 0.799850 5.517790
vt 0.799850 5.445220
vt 0.827960 0.000240
vt 0.843580 0.000240
vt 0.874820 0.000240
vt 0.874820 0.068100
vt 0.859200 0.000240
vt 0.799850 6.077730
vt 0.599950 6.077730
vt 0.599950 5.968450
vt 0.799850 5.968450
vt 0.890430 0.000240
vt 0.906050 0.000240
vt 0.937290 0.000240
vt 0.937290 0.068100
vt 0.921670 0.000240
vt 0.400050 2.719760
vt 0.200150 2.743340
vt 0.200150 2.658590
vt 0.400050 2.604680
vt 0.952900 0.000240
vt 0.968520 0.000240
vt 0.999760 0.000240
vt 0.999760 0.068100
vt 0.984140 0.000240
vt 0.400050 6.724140
vt 0.300100 12.504290
vt 0.200150 6.724140
vt 0.400050 6.708340
vt 0.400050 6.167390
vt 0.200150 6.167390
vt 0.200150 6.129310
vt 0.400050 6.129310
vt 0.799850 6.132770
vt 0.599950 6.132770
vt 0.599950 6.106850
vt 0.799850 6.106850
vt 0.687410 0.141260
vt 0.624940 0.141260
vt 0.250120 0.141260
vt 0.312590 0.141260
vt 0.999760 2.893350
vt 0.999760 2.918240
vt 0.799850 2.918240
vt 0.799850 2.893350
vt 0.375060 0.141260
vt 0.437530 0.141260
vt 0.312590 0.219680
vt 0.250120 0.219680
vt 0.999760 6.132770
vt 0.999760 6.151700
vt 0.799850 6.151700
vt 0.799850 4.099400
vt 0.699900 6.672020
vt 0.599950 4.099400
vt 0.799850 4.074060
vt 0.400050 6.311680
vt 0.200150 6.311680
vt 0.200150 6.280150
vt 0.400050 6.280150
vt 0.400050 4.952970
vt 0.200150 4.976090
vt 0.200150 4.892480
vt 0.400050 4.840660
vt 0.812350 0.219680
vt 0.812350 0.141260
vt 0.833170 0.934260
vt 0.833170 1.036710
vt 0.666590 1.045770
vt 0.666590 0.970550
vt 0.062710 0.141260
vt 0.000240 0.141260
vt 0.999760 2.551210
vt 0.833170 2.551210
vt 0.833170 2.542380
vt 0.999760 2.542380
vt 0.125180 0.141260
vt 0.187650 0.219680
vt 0.187650 0.141260
vt 0.599950 2.502940
vt 0.599950 2.535200
vt 0.400050 2.535200
vt 0.400050 2.502940
vt 0.999760 2.535200
vt 0.999760 2.552290
vt 0.799850 2.552290
vt 0.799850 2.535200
vt 0.400050 6.132770
vt 0.200150 6.132770
vt 0.200150 6.106850
vt 0.400050 6.106850
vt 0.437530 0.219680
vt 0.062710 0.321580
vt 0.062710 0.414970
vt 0.000240 0.414970
vt 0.000240 0.321580
vt 0.500000 3.405890
vt 0.250120 3.427510
vt 0.250120 3.253140
vt 0.500000 3.239110
vt 0.125180 0.219680
vt 0.200150 2.535200
vt 0.200150 2.552290
vt 0.000240 2.552290
vt 0.000240 2.535200
vt 0.400050 4.978230
vt 0.200150 4.978230
vt 0.200150 4.963430
vt 0.400050 4.963430
vt 0.500000 0.448170
vt 0.500000 0.633500
vt 0.333410 0.650210
vt 0.333410 0.484970
vt 0.799850 6.311680
vt 0.599950 6.311680
vt 0.599950 6.280150
vt 0.799850 6.280150
vt 0.687410 0.219680
vt 0.624940 0.219680
vt 0.599950 4.206830
vt 0.599950 4.214580
vt 0.400050 4.206830
vt 0.400050 4.197620
vt 0.333410 5.314300
vt 0.166830 5.314300
vt 0.166830 4.971210
vt 0.333410 4.971210
vt 0.200150 3.915070
vt 0.200150 3.970380
vt 0.000240 3.970380
vt 0.000240 3.915070
vt 0.999760 2.402980
vt 0.999760 2.533800
vt 0.799850 2.533800
vt 0.799850 2.402980
vt 0.799850 5.163670
vt 0.599950 5.163670
vt 0.599950 5.045130
vt 0.799850 5.045130
vt 0.599950 6.000450
vt 0.599950 6.187180
vt 0.400050 6.187180
vt 0.400050 6.000450
vt 0.999760 5.802680
vt 0.999760 5.922310
vt 0.799850 5.922310
vt 0.799850 5.802680
vt 0.200150 6.187180
vt 0.200150 6.333310
vt 0.000240 6.333310
vt 0.000240 6.187180
vt 0.500000 1.592660
vt 0.333410 1.592660
vt 0.333410 1.320070
vt 0.500000 1.320070
vt 0.250120 0.889760
vt 0.125180 0.889760
vt 0.125180 0.762930
vt 0.250120 0.762930
vt 0.599950 2.887350
vt 0.599950 3.048140
vt 0.400050 3.048140
vt 0.400050 2.887350
vt 0.999760 3.620780
vt 0.999760 3.702140
vt 0.799850 3.686030
vt 0.799850 3.577430
vt 0.999760 3.585670
vt 0.999760 3.691330
vt 0.666590 3.678020
vt 0.666590 3.566270
vt 0.400050 2.250500
vt 0.200150 2.288510
vt 0.200150 2.219410
vt 0.400050 2.143250
vt 0.400050 3.291070
vt 0.200150 3.291070
vt 0.200150 3.195250
vt 0.400050 3.195250
vt 0.500000 2.427550
vt 0.250120 2.432690
vt 0.250120 2.219880
vt 0.500000 2.237970
vt 0.400050 3.347610
vt 0.200150 3.347610
vt 0.200150 3.302200
vt 0.400050 3.302200
vt 0.937290 0.321580
vt 0.874820 0.321580
vt 0.749880 0.515020
vt 0.687410 0.515020
vt 0.687410 0.414970
vt 0.749880 0.414970
vt 0.200150 5.304580
vt 0.200150 5.386120
vt 0.000240 5.412630
vt 0.000240 5.361960
vt 0.999760 3.383600
vt 0.749880 3.339280
vt 0.749880 3.200570
vt 0.999760 3.273510
vt 0.599950 5.777980
vt 0.599950 5.854650
vt 0.400050 5.845300
vt 0.400050 5.742820
vt 0.687410 0.321580
vt 0.624940 0.414970
vt 0.624940 0.321580
vt 0.999760 5.412630
vt 0.799850 5.395260
vt 0.799850 6.660490
vt 0.599950 6.660490
vt 0.599950 6.620950
vt 0.799850 6.620950
vt 0.400050 2.318870
vt 0.200150 2.318870
vt 0.200150 2.225200
vt 0.400050 2.225200
vt 0.400050 2.805150
vt 0.200150 2.824970
vt 0.200150 2.730870
vt 0.400050 2.693100
vt 0.200150 1.805460
vt 0.200150 1.862670
vt 0.000240 1.870890
vt 0.000240 1.828020
vt 0.799850 3.291070
vt 0.599950 3.291070
vt 0.599950 3.195250
vt 0.799850 3.195250
vt 0.749880 0.321580
vt 0.599950 2.242400
vt 0.599950 2.329650
vt 0.400050 2.331260
vt 0.400050 2.224310
vt 0.599950 6.239550
vt 0.400050 6.239550
vt 0.312590 0.321580
vt 0.250120 0.321580
vt 0.599950 2.410940
vt 0.599950 2.467690
vt 0.400050 2.467690
vt 0.400050 2.410940
vt 0.125180 0.515020
vt 0.062710 0.515020
vt 0.125180 0.414970
vt 0.400050 4.214580
vt 0.200150 4.214580
vt 0.200150 4.206830
vt 0.999760 6.069970
vt 0.999760 6.106850
vt 0.799850 6.069970
vt 0.200150 2.918240
vt 0.200150 2.936230
vt 0.000240 2.936230
vt 0.000240 2.918240
vt 0.200150 4.660230
vt 0.200150 4.754520
vt 0.000240 4.767510
vt 0.000240 4.704200
vt 0.749880 0.141260
vt 0.200150 2.345250
vt 0.000240 2.349480
vt 0.000240 2.300410
vt 0.999760 5.446590
vt 0.999760 5.476360
vt 0.799850 5.476360
vt 0.799850 5.446590
vt 0.562470 0.321580
vt 0.562470 0.414970
vt 0.500000 0.414970
vt 0.500000 0.321580
vt 0.437530 0.321580
vt 0.437530 0.414970
vt 0.375060 0.414970
vt 0.375060 0.321580
vt 0.599950 4.772710
vt 0.599950 4.833310
vt 0.400050 4.833310
vt 0.400050 4.772710
vt 0.833170 0.767340
vt 0.833170 0.870820
vt 0.666590 0.881470
vt 0.666590 0.792550
vt 0.999760 1.757260
vt 0.874820 1.757260
vt 0.874820 1.569460
vt 0.999760 1.569460
vt 0.500000 3.893570
vt 0.250120 3.893570
vt 0.250120 3.428300
vt 0.500000 3.428300
vt 0.200150 2.599220
vt 0.200150 2.620630
vt 0.000240 2.620630
vt 0.000240 2.599220
vt 0.200150 3.230430
vt 0.000240 3.302200
vt 0.000240 3.230430
vt 0.999760 4.923050
vt 0.999760 4.945620
vt 0.799850 4.945620
vt 0.799850 4.923050
vt 0.200150 4.843270
vt 0.200150 5.045130
vt 0.000240 5.045130
vt 0.000240 4.843270
vt 0.599950 1.529360
vt 0.599950 1.667510
vt 0.400050 1.634040
vt 0.400050 1.455010
vt 0.799850 3.980420
vt 0.599950 3.980420
vt 0.599950 3.966720
vt 0.799850 3.966720
vt 0.200150 2.638830
vt 0.000240 2.638830
vt 0.999760 3.951420
vt 0.999760 4.004810
vt 0.799850 4.004810
vt 0.799850 3.951420
vt 0.200150 1.530770
vt 0.200150 1.359250
vt 0.400050 1.233250
vt 0.799850 3.302200
vt 0.599950 3.302200
vt 0.599950 3.230430
vt 0.799850 3.230430
vt 0.833170 5.924590
vt 0.833170 6.094420
vt 0.666590 6.094420
vt 0.666590 5.924590
vt 0.000240 0.644530
vt 0.062710 0.644530
vt 0.000240 0.762930
vt 0.599950 6.841660
vt 0.599950 6.880750
vt 0.400050 6.880750
vt 0.400050 6.841660
vt 0.125180 0.644530
vt 0.187650 0.644530
vt 0.166830 5.257400
vt 0.166830 5.288930
vt 0.000240 5.288930
vt 0.000240 5.257400
vt 0.250120 0.644530
vt 0.312590 0.644530
vt 0.333410 1.038200
vt 0.166830 1.055980
vt 0.166830 0.980430
vt 0.333410 0.937640
vt 0.375060 0.644530
vt 0.437530 0.644530
vt 0.375060 0.762930
vt 0.166830 1.555890
vt 0.166830 1.593380
vt 0.000240 1.593380
vt 0.000240 1.555890
vt 0.500000 0.644530
vt 0.562470 0.644530
vt 0.500000 0.762930
vt 0.200150 5.379650
vt 0.200150 5.579240
vt 0.000240 5.579240
vt 0.000240 5.379650
vt 0.624940 0.644530
vt 0.687410 0.644530
vt 0.624940 0.762930
vt 0.999760 4.164290
vt 0.999760 4.181450
vt 0.799850 4.181450
vt 0.799850 4.164290
vt 0.749880 0.644530
vt 0.812350 0.644530
vt 0.749880 0.762930
vt 0.125180 1.757260
vt 0.125180 1.958520
vt 0.000240 1.958520
vt 0.000240 1.757260
vt 0.874820 0.644530
vt 0.937290 0.644530
vt 0.874820 0.762930
vt 0.812350 0.515020
vt 0.599950 2.285040
vt 0.599950 2.408360
vt 0.400050 2.395450
vt 0.400050 2.232970
vt 0.166830 0.706090
vt 0.166830 0.590200
vt 0.999760 3.746580
vt 0.999760 3.850690
vt 0.799850 3.850690
vt 0.799850 3.746580
vt 0.400050 1.842660
vt 0.400050 1.760210
vt 0.799850 2.566050
vt 0.699900 4.299340
vt 0.599950 2.566050
vt 0.500000 4.361290
vt 0.250120 4.361290
vt 0.250120 3.767510
vt 0.500000 3.767510
vt 0.333410 3.670770
vt 0.333410 3.528550
vt 0.250120 4.689350
vt 0.250120 4.809540
vt 0.000240 4.809540
vt 0.000240 4.689350
vt 0.250120 5.325420
vt 0.250120 5.407780
vt 0.000240 5.407780
vt 0.000240 5.325420
vt 0.200150 5.481640
vt 0.200150 5.673910
vt 0.000240 5.673910
vt 0.000240 5.481640
vt 0.999760 2.204210
vt 0.833170 2.204210
vt 0.833170 2.180840
vt 0.999760 2.180840
vt 0.599950 2.646070
vt 0.599950 2.861000
vt 0.400050 2.861000
vt 0.400050 2.646070
vt 0.500000 1.730140
vt 0.500000 1.750310
vt 0.333410 1.750310
vt 0.333410 1.730140
vt 0.749880 1.958520
vt 0.624940 1.958520
vt 0.624940 1.757260
vt 0.749880 1.757260
vt 0.599950 4.296600
vt 0.599950 4.346030
vt 0.400050 4.346030
vt 0.400050 4.296600
vt 0.200150 1.617740
vt 0.200150 1.697030
vt 0.000240 1.702710
vt 0.000240 1.638560
vt 0.599950 3.951420
vt 0.599950 4.004810
vt 0.400050 4.004810
vt 0.400050 3.951420
vt 0.200150 2.699390
vt 0.200150 2.721360
vt 0.000240 2.721360
vt 0.000240 2.699390
vt 0.666590 1.012730
vt 0.500000 0.980710
vt 0.500000 0.837080
vt 0.666590 0.902190
vt 0.400050 3.004150
vt 0.200150 3.004150
vt 0.200150 2.861000
vt 0.833170 2.532430
vt 0.999760 2.532430
vt 0.999760 5.491070
vt 0.749880 5.491070
vt 0.749880 5.253720
vt 0.999760 5.253720
vt 0.999760 3.291070
vt 0.999760 3.385160
vt 0.799850 3.385160
vt 0.400050 3.018850
vt 0.200150 3.018850
vt 0.200150 2.998180
vt 0.400050 2.998180
vt 0.400050 1.924250
vt 0.200150 1.924250
vt 0.200150 4.521570
vt 0.200150 4.617030
vt 0.000240 4.623380
vt 0.000240 4.545160
vt 0.799850 5.798640
vt 0.599950 5.798640
vt 0.599950 5.610130
vt 0.799850 5.610130
vt 0.833170 0.467650
vt 0.833170 0.635980
vt 0.666590 0.684610
vt 0.666590 0.558940
vt 0.333410 5.153100
vt 0.166830 5.153100
vt 0.166830 5.085330
vt 0.333410 5.085330
vt 0.799850 5.481640
vt 0.599950 5.481640
vt 0.599950 5.289870
vt 0.799850 5.289870
vt 0.200150 4.043570
vt 0.200150 4.074060
vt 0.000240 4.074060
vt 0.000240 4.043570
vt 0.166830 1.592660
vt 0.000240 1.592660
vt 0.000240 1.320070
vt 0.166830 1.320070
vt 0.200150 2.835640
vt 0.200150 2.890920
vt 0.000240 2.890920
vt 0.000240 2.835640
vt 0.599950 3.552600
vt 0.599950 3.728050
vt 0.400050 3.728050
vt 0.400050 3.552600
vt 0.999760 3.977230
vt 0.833170 3.977230
vt 0.833170 3.958100
vt 0.999760 3.958100
vt 0.799850 2.294570
vt 0.599950 2.135810
vt 0.799850 2.232300
vt 0.250120 1.569460
vt 0.125180 1.569460
vt 0.125180 1.363200
vt 0.250120 1.363200
vt 0.749880 3.428300
vt 0.749880 3.893570
vt 0.666590 3.977230
vt 0.666590 3.958100
vt 0.166830 5.220330
vt 0.000240 5.220330
vt 0.599950 4.843270
vt 0.400050 5.045130
vt 0.400050 4.843270
vt 0.333410 3.783370
vt 0.166830 3.783370
vt 0.166830 3.745200
vt 0.333410 3.745200
vt 0.500000 3.840460
vt 0.500000 3.857160
vt 0.333410 3.857160
vt 0.333410 3.840460
vt 0.200150 2.573010
vt 0.000240 2.573010
vt 0.999760 4.022550
vt 0.999760 4.052210
vt 0.799850 4.052210
vt 0.799850 4.022550
vt 0.833170 0.701270
vt 0.833170 0.864920
vt 0.666590 0.781830
vt 0.999760 3.148530
vt 0.999760 3.230430
vt 0.799850 3.148530
vt 0.200150 3.148530
vt 0.000240 3.148530
vt 0.749880 4.858620
vt 0.999760 4.858620
vt 0.500000 2.542380
vt 0.500000 2.551210
vt 0.333410 2.542380
vt 0.333410 2.532430
vt 0.749880 3.457930
vt 0.749880 3.588390
vt 0.500000 3.572460
vt 0.500000 1.535690
vt 0.500000 1.625970
vt 0.333410 1.636250
vt 0.333410 1.550730
vt 0.833170 6.525320
vt 0.833170 6.568140
vt 0.666590 6.568140
vt 0.666590 6.525320
vt 0.166830 3.857160
vt 0.166830 3.840460
vt 0.999760 6.288340
vt 0.999760 6.326780
vt 0.799850 6.326780
vt 0.799850 6.288340
vt 0.000240 2.217220
vt 0.400050 3.992080
vt 0.200150 3.992080
vt 0.200150 3.980420
vt 0.400050 3.980420
vt 0.250120 1.958520
vt 0.375060 1.958520
vt 0.250120 2.217220
vt 0.599950 2.402980
vt 0.599950 2.533800
vt 0.400050 2.533800
vt 0.400050 2.402980
vt 0.500000 1.958520
vt 0.500000 2.217220
vt 0.999760 2.327430
vt 0.833170 2.299820
vt 0.833170 2.175750
vt 0.999760 2.235340
vt 0.874820 1.958520
vt 0.749880 2.217220
vt 0.999760 2.636230
vt 0.999760 2.672460
vt 0.799850 2.672460
vt 0.799850 2.636230
vt 0.400050 2.537760
vt 0.200150 2.537760
vt 0.200150 2.491230
vt 0.400050 2.491230
vt 0.833170 1.149680
vt 0.833170 1.222410
vt 0.666590 1.217680
vt 0.666590 1.145570
vt 0.799850 6.162350
vt 0.599950 6.162350
vt 0.599950 6.077370
vt 0.799850 6.077370
vt 0.999760 2.075390
vt 0.999760 2.612560
vt 0.799850 2.612560
vt 0.799850 2.075390
vt 0.999760 3.310520
vt 0.749880 3.310520
vt 0.749880 3.138450
vt 0.999760 3.156940
vt 0.400050 4.137180
vt 0.200150 4.137180
vt 0.200150 4.106250
vt 0.400050 4.106250
vt 0.799850 1.690340
vt 0.599950 1.681200
vt 0.599950 1.600330
vt 0.799850 1.611330
vt 0.500000 2.227260
vt 0.500000 2.241550
vt 0.333410 2.241550
vt 0.333410 2.227260
vt 0.999760 1.280750
vt 0.833170 1.280750
vt 0.833170 1.186860
vt 0.999760 1.186860
vt 0.833170 2.124050
vt 0.833170 2.257340
vt 0.666590 2.257340
vt 0.666590 2.124050
vt 0.833170 1.440410
vt 0.833170 1.499810
vt 0.666590 1.499810
vt 0.666590 1.440410
vt 0.200150 6.713230
vt 0.200150 6.795130
vt 0.000240 6.795130
vt 0.000240 6.713230
vt 0.166830 5.671820
vt 0.166830 5.924590
vt 0.000240 5.924590
vt 0.000240 5.671820
vt 0.999760 2.407750
vt 0.999760 2.491230
vt 0.799850 2.491230
vt 0.799850 2.407750
vt 0.599950 3.117860
vt 0.599950 3.378740
vt 0.400050 3.378740
vt 0.400050 3.117860
vt 0.400050 1.259140
vt 0.200150 1.307320
vt 0.200150 1.167930
vt 0.400050 1.085710
vt 0.500000 2.257340
vt 0.500000 2.124050
vt 0.999760 4.346030
vt 0.999760 4.394850
vt 0.799850 4.394850
vt 0.799850 4.346030
vt 0.666590 2.775970
vt 0.500000 2.775970
vt 0.500000 2.513050
vt 0.666590 2.513050
vt 0.599950 1.675760
vt 0.599950 2.098350
vt 0.400050 2.098350
vt 0.400050 1.675760
vt 0.833170 3.854420
vt 0.833170 3.906390
vt 0.666590 3.906390
vt 0.666590 3.854420
vt 0.833170 2.638980
vt 0.833170 2.871260
vt 0.666590 2.871260
vt 0.666590 2.638980
vt 0.166830 5.090540
vt 0.166830 5.250330
vt 0.000240 5.250330
vt 0.000240 5.090540
vt 0.500000 4.040150
vt 0.250120 4.040150
vt 0.250120 3.636930
vt 0.500000 3.636930
vt 0.200150 4.667610
vt 0.200150 4.748510
vt 0.000240 4.748510
vt 0.000240 4.667610
vt 0.833170 1.868100
vt 0.833170 1.951780
vt 0.666590 1.951780
vt 0.666590 1.866220
vt 0.200150 6.162350
vt 0.200150 6.242660
vt 0.000240 6.242660
vt 0.000240 6.162350
vt 0.200150 4.022560
vt 0.200150 4.080810
vt 0.000240 4.080810
vt 0.000240 4.022560
vt 0.999760 1.582360
vt 0.833170 1.582360
vt 0.833170 1.521530
vt 0.999760 1.521530
vt 0.799850 3.916490
vt 0.599950 3.916490
vt 0.599950 3.830310
vt 0.799850 3.830310
vt 0.500000 2.072530
vt 0.500000 2.088540
vt 0.333410 2.088540
vt 0.333410 2.072530
vt 0.500000 3.000170
vt 0.500000 3.222990
vt 0.333410 3.222990
vt 0.333410 3.000170
vt 0.000240 4.871360
vt 0.250120 4.871360
vt 0.125180 4.750040
vt 0.500000 4.871360
vt 0.375060 4.750040
vt 0.749880 4.871360
vt 0.624940 4.750040
vt 0.999760 4.871360
vt 0.874820 4.750040
vt 0.599950 6.069970
vt 0.400050 6.069970
vt 0.000240 6.311680
vt 0.000240 6.280150
vt 0.062710 0.219680
vt 0.000240 0.219680
vt 0.599950 2.806010
vt 0.599950 2.933700
vt 0.400050 2.933700
vt 0.599950 3.479250
vt 0.599950 3.512280
vt 0.400050 3.512280
vt 0.400050 3.479250
vt 0.599950 3.385160
vt 0.400050 3.385160
vt 0.599950 5.579240
vt 0.599950 5.765000
vt 0.400050 5.765000
vt 0.400050 5.579240
vt 0.999760 3.623790
vt 0.999760 3.704000
vt 0.799850 3.686920
vt 0.799850 3.582050
vt 0.500000 4.207620
vt 0.500000 4.340500
vt 0.333410 4.353440
vt 0.333410 4.217350
vt 0.400050 6.030550
vt 0.200150 6.030550
vt 0.200150 5.997980
vt 0.400050 5.997980
vt 0.599950 2.846390
vt 0.599950 2.893350
vt 0.400050 2.893350
vt 0.400050 2.846390
vt 0.400050 5.968450
vt 0.200150 5.968450
vt 0.200150 5.798640
vt 0.400050 5.798640
vt 0.799850 2.646070
vt 0.599950 2.444810
vt 0.799850 2.444810
vt 0.599950 5.998210
vt 0.400050 5.998210
vt 0.749880 1.569460
vt 0.749880 4.361290
vt 0.500000 4.858620
vt 0.200150 3.585030
vt 0.200150 3.746580
vt 0.000240 3.746580
vt 0.000240 3.585030
vt 0.833170 3.979470
vt 0.833170 4.246380
vt 0.666590 4.246380
vt 0.666590 3.979470
vt 0.999760 5.314300
vt 0.833170 5.314300
vt 0.833170 4.971210
vt 0.999760 4.971210
vt 0.000240 1.924250
vt 0.500000 1.295220
vt 0.500000 1.387870
vt 0.333410 1.395160
vt 0.333410 1.308180
vt 0.166830 6.380500
vt 0.166830 6.454020
vt 0.000240 6.454020
vt 0.000240 6.380500
vt 0.200150 3.280510
vt 0.200150 3.305130
vt 0.000240 3.305130
vt 0.000240 3.280510
vt 0.400050 5.789920
vt 0.200150 5.789920
vt 0.200150 5.520360
vt 0.400050 5.520360
vt 0.333410 3.958100
vt 0.166830 3.958100
vt 0.166830 3.935680
vt 0.333410 3.935680
vt 0.500000 1.843470
vt 0.333410 1.843470
vt 0.799850 4.023570
vt 0.599950 4.023570
vt 0.599950 3.986690
vt 0.799850 3.986690
vt 0.833170 3.935680
vt 0.666590 3.935680
vt 0.799850 3.950920
vt 0.599950 3.924920
vt 0.599950 3.819640
vt 0.799850 3.880570
vt 0.799850 4.616590
vt 0.599950 4.616590
vt 0.599950 4.512370
vt 0.799850 4.512370
vt 0.666590 2.227260
vt 0.500000 2.204210
vt 0.666590 2.204210
vt 0.999760 2.227260
vt 0.833170 2.227260
vt 0.333410 4.854600
vt 0.166830 4.854600
vt 0.166830 4.524490
vt 0.333410 4.524490
vt 0.999760 1.664370
vt 0.833170 1.664370
vt 0.833170 1.486240
vt 0.999760 1.486240
vt 0.166830 1.656340
vt 0.166830 1.973620
vt 0.000240 1.973620
vt 0.000240 1.656340
vt 0.799850 4.524700
vt 0.599950 4.498830
vt 0.599950 4.383300
vt 0.799850 4.415240
vt 0.200150 1.712670
vt 0.200150 1.893830
vt 0.000240 1.893830
vt 0.000240 1.712670
vt 0.200150 4.221480
vt 0.200150 4.296600
vt 0.000240 4.296600
vt 0.000240 4.221480
vt 0.999760 3.221260
vt 0.833170 3.221260
vt 0.833170 3.151460
vt 0.999760 3.151460
vt 0.999760 3.636930
vt 0.749880 3.636930
vt 0.749880 3.322230
vt 0.999760 3.322230
vt 0.200150 2.098350
vt 0.200150 2.494800
vt 0.000240 2.494800
vt 0.000240 2.098350
vt 0.500000 3.847230
vt 0.500000 3.908910
vt 0.333410 3.908910
vt 0.333410 3.847230
vt 0.599950 3.942750
vt 0.400050 3.986690
vt 0.400050 3.942750
vt 0.500000 3.513510
vt 0.500000 3.622530
vt 0.333410 3.622530
vt 0.333410 3.513510
vt 0.333410 2.473820
vt 0.166830 2.473820
vt 0.166830 2.393180
vt 0.333410 2.393180
vt 0.400050 4.892700
vt 0.200150 4.892700
vt 0.200150 4.865790
vt 0.400050 4.865790
vt 0.833170 1.859160
vt 0.833170 1.965050
vt 0.666590 1.965050
vt 0.666590 1.859160
vt 0.999760 3.516850
vt 0.999760 3.623550
vt 0.799850 3.623550
vt 0.799850 3.516850
vt 0.666590 3.310120
vt 0.500000 3.310120
vt 0.500000 3.129090
vt 0.666590 3.129090
vt 0.833170 3.744690
vt 0.833170 3.847230
vt 0.666590 3.847230
vt 0.666590 3.744690
vt 0.599950 1.542320
vt 0.400050 1.544130
vt 0.999760 4.524490
vt 0.833170 4.524490
vt 0.833170 4.212530
vt 0.999760 4.212530
vt 0.999760 3.725260
vt 0.833170 3.725260
vt 0.833170 3.642740
vt 0.999760 3.642740
vt 0.666590 2.058190
vt 0.500000 2.058190
vt 0.500000 1.947740
vt 0.666590 1.947740
vt 0.999760 2.794690
vt 0.833170 2.794690
vt 0.833170 2.769670
vt 0.999760 2.769670
vt 0.799850 3.459000
vt 0.599950 3.459000
vt 0.599950 3.268270
vt 0.799850 3.268270
vt 0.166830 1.843470
vt 0.166830 2.051220
vt 0.000240 2.051220
vt 0.000240 1.843470
vt 0.333410 3.221260
vt 0.166830 3.221260
vt 0.166830 3.151460
vt 0.333410 3.151460
vt 0.799850 4.711440
vt 0.599950 4.711440
vt 0.200150 1.882070
vt 0.200150 2.117080
vt 0.000240 2.117080
vt 0.000240 1.882070
vt 0.999760 5.250330
vt 0.833170 5.250330
vt 0.833170 5.090540
vt 0.999760 5.090540
vt 0.333410 3.266110
vt 0.166830 3.266110
vt 0.166830 3.089450
vt 0.333410 3.089450
vt 0.500000 3.378330
vt 0.500000 3.541960
vt 0.333410 3.541960
vt 0.333410 3.378330
vt 0.799850 4.176300
vt 0.599950 4.150350
vt 0.599950 4.010110
vt 0.799850 4.054720
vt 0.666590 1.320070
vt 0.500000 1.213370
vt 0.666590 1.214180
vt 0.333410 3.355050
vt 0.166830 3.355050
vt 0.166830 3.189150
vt 0.333410 3.174060
vt 0.999760 5.520360
vt 0.999760 5.789920
vt 0.799850 5.789920
vt 0.799850 5.520360
vt 0.999760 5.597790
vt 0.833170 5.597790
vt 0.833170 5.525310
vt 0.999760 5.525310
vt 0.999760 1.125800
vt 0.833170 1.125800
vt 0.833170 0.974330
vt 0.999760 0.974330
vt 0.500000 3.854420
vt 0.500000 3.906390
vt 0.333410 3.906390
vt 0.333410 3.854420
vt 0.500000 1.213680
vt 0.500000 1.303950
vt 0.333410 1.303950
vt 0.333410 1.219550
vt 0.200150 2.841180
vt 0.200150 3.117860
vt 0.000240 3.117860
vt 0.000240 2.841180
vt 0.799850 3.305790
vt 0.599950 3.302730
vt 0.799850 3.225290
vt 0.799850 1.893830
vt 0.599950 1.893830
vt 0.599950 1.712670
vt 0.799850 1.712670
vt 0.333410 6.380500
vt 0.166830 6.266810
vt 0.333410 6.266810
vt 0.833170 1.634670
vt 0.833170 1.726240
vt 0.666590 1.726240
vt 0.666590 1.626820
vt 0.999760 5.782010
vt 0.999760 6.056050
vt 0.799850 6.056050
vt 0.799850 5.782010
vt 0.999760 4.425540
vt 0.799850 4.425540
vt 0.166830 4.042650
vt 0.166830 4.066910
vt 0.000240 4.066910
vt 0.000240 4.042650
vt 0.400050 3.915070
vt 0.200150 3.827650
vt 0.400050 3.827650
vt 0.166830 4.088420
vt 0.000240 4.088420
vt 0.599950 3.623550
vt 0.599950 3.516850
vt 0.599950 3.280510
vt 0.599950 3.305130
vt 0.400050 3.305130
vt 0.400050 3.280510
vt 0.666590 3.622530
vt 0.666590 3.513510
vt 0.799850 6.841660
vt 0.599950 6.795130
vt 0.799850 6.795130
vt 0.333410 2.102380
vt 0.166830 2.102380
vt 0.166830 2.088540
vt 0.200150 2.657200
vt 0.200150 2.750600
vt 0.000240 2.750600
vt 0.000240 2.657200
vt 0.666590 1.280750
vt 0.500000 1.280750
vt 0.500000 1.186860
vt 0.666590 1.186860
vt 0.250120 3.028340
vt 0.250120 3.322230
vt 0.000240 3.322230
vt 0.000240 3.028340
vt 0.500000 2.312700
vt 0.500000 2.370700
vt 0.333410 2.370700
vt 0.333410 2.312700
vt 0.666590 1.593380
vt 0.500000 1.593380
vt 0.500000 1.555890
vt 0.666590 1.555890
vt 0.400050 4.852540
vt 0.200150 4.852540
vt 0.200150 4.427570
vt 0.400050 4.427570
vt 0.799850 1.702640
vt 0.599950 1.673900
vt 0.599950 1.556010
vt 0.799850 1.606150
vt 0.999760 5.671820
vt 0.833170 5.671820
vt 0.200150 4.807400
vt 0.200150 4.855960
vt 0.000240 4.855960
vt 0.000240 4.807400
vt 0.999760 3.669820
vt 0.999760 3.808290
vt 0.799850 3.808290
vt 0.799850 3.669820
vt 0.200150 4.733400
vt 0.000240 4.733400
vt 0.999760 3.883710
vt 0.999760 3.942750
vt 0.799850 3.942750
vt 0.799850 3.883710
vt 0.666590 4.066910
vt 0.500000 4.066910
vt 0.500000 4.042650
vt 0.666590 4.042650
vt 0.833170 3.662160
vt 0.666590 3.662160
vt 0.500000 5.253720
vt 0.250120 5.253720
vt 0.250120 4.858620
vt 0.599950 1.786670
vt 0.599950 1.973460
vt 0.400050 1.973460
vt 0.400050 1.786670
vt 0.833170 1.110610
vt 0.833170 1.216070
vt 0.666590 1.111220
vt 0.999760 4.124130
vt 0.999760 4.159570
vt 0.799850 4.159570
vt 0.799850 4.124130
vt 0.666590 2.241550
vt 0.200150 3.949990
vt 0.200150 3.966720
vt 0.000240 3.966720
vt 0.000240 3.949990
vt 0.200150 6.057930
vt 0.000240 6.057930
vt 0.000240 6.030550
vt 0.599950 4.080810
vt 0.599950 4.124130
vt 0.400050 4.124130
vt 0.400050 4.080810
vt 0.799850 5.931260
vt 0.599950 5.917520
vt 0.799850 5.886250
vt 0.999760 3.414170
vt 0.999760 3.434410
vt 0.799850 3.434410
vt 0.799850 3.414170
vt 0.799850 2.768540
vt 0.799850 2.698910
vt 0.833170 2.446860
vt 0.833170 2.467790
vt 0.666590 2.446860
vt 0.999760 2.446860
vt 0.999760 6.620950
vt 0.999760 6.660490
vt 0.200150 1.786670
vt 0.200150 1.973460
vt 0.000240 1.973460
vt 0.000240 1.786670
vt 0.666590 2.667210
vt 0.500000 2.667210
vt 0.500000 2.641950
vt 0.666590 2.641950
vt 0.999760 1.322390
vt 0.999760 1.436300
vt 0.799850 1.417480
vt 0.799850 1.286280
vt 0.500000 2.467790
vt 0.666590 2.467790
vt 0.500000 2.485960
vt 0.666590 2.485960
vt 0.833170 2.485960
vt 0.999760 2.485960
vt 0.999760 2.467790
vt 0.000240 2.485960
vt 0.166830 2.485960
vt 0.083540 3.266240
vt 0.333410 2.485960
vt 0.250120 3.266240
vt 0.416710 3.266240
vt 0.583290 3.266240
vt 0.749880 3.266240
vt 0.916460 3.266240
vt 0.200150 5.765000
vt 0.200150 5.887610
vt 0.000240 5.887610
vt 0.000240 5.765000
vt 0.999760 4.913290
vt 0.749880 4.913290
vt 0.749880 4.809540
vt 0.999760 4.809540
vt 0.666590 4.555650
vt 0.333410 4.555650
vt 0.333410 4.382160
vt 0.666590 4.382160
vt 0.375060 0.515020
vt 0.999760 0.781810
vt 0.999760 0.917410
vt 0.166830 2.446860
vt 0.166830 2.467790
vt 0.000240 2.467790
vt 0.000240 2.446860
vt 0.799850 2.890920
vt 0.599950 2.890920
vt 0.599950 2.835640
vt 0.799850 2.835640
vt 0.400050 5.372700
vt 0.200150 5.372700
vt 0.200150 5.076970
vt 0.400050 5.076970
vt 0.500000 5.491070
vt 0.250120 5.491070
vt 0.833170 2.072530
vt 0.833170 2.088540
vt 0.666590 2.088540
vt 0.666590 2.072530
vt 0.400050 5.432180
vt 0.200150 5.447900
vt 0.400050 5.354540
vt 0.599950 2.075390
vt 0.599950 2.612560
vt 0.400050 2.612560
vt 0.400050 2.075390
vt 0.999760 3.770670
vt 0.999760 3.844480
vt 0.799850 3.844480
vt 0.799850 3.764330
vt 0.500000 5.011060
vt 0.250120 5.011060
vt 0.250120 4.743260
vt 0.500000 4.743260
vt 0.187650 0.515020
vt 0.166830 2.942010
vt 0.166830 3.012050
vt 0.000240 3.010940
vt 0.000240 2.942790
vt 0.999760 3.302200
vt 0.166830 6.094420
vt 0.333410 6.094420
vt 0.200150 3.558600
vt 0.200150 3.674890
vt 0.000240 3.674890
vt 0.000240 3.567610
vt 0.400050 4.164290
vt 0.200150 4.164290
vt 0.833170 1.309660
vt 0.833170 1.393530
vt 0.666590 1.390830
vt 0.666590 1.313070
vt 0.400050 3.623550
vt 0.400050 3.516850
vt 0.333410 4.871260
vt 0.166830 4.871260
vt 0.166830 4.685700
vt 0.333410 4.685700
vt 0.500000 1.358740
vt 0.500000 1.447680
vt 0.333410 1.447680
vt 0.333410 1.358740
vt 0.200150 2.874310
vt 0.200150 2.985570
vt 0.000240 2.985570
vt 0.000240 2.874310
vt 0.200150 4.984440
vt 0.200150 5.370270
vt 0.000240 5.370270
vt 0.000240 4.984440
vt 0.200150 3.237030
vt 0.200150 3.461220
vt 0.000240 3.461220
vt 0.000240 3.237030
vt 0.833170 1.928970
vt 0.666590 1.928970
vt 0.166830 3.908910
vt 0.166830 3.847230
vt 0.666590 1.765970
vt 0.500000 1.765970
vt 0.666590 1.750310
vt 0.200150 5.940670
vt 0.000240 5.997980
vt 0.000240 5.940670
vt 0.999760 3.180120
vt 0.999760 3.405770
vt 0.799850 3.405770
vt 0.799850 3.180120
vt 0.999760 4.003230
vt 0.999760 4.111010
vt 0.799850 4.111010
vt 0.799850 4.003230
vt 0.500000 2.276930
vt 0.500000 2.388360
vt 0.333410 2.398110
vt 0.333410 2.291090
vt 0.166830 0.806030
vt 0.166830 0.889980
vt 0.000240 0.883160
vt 0.000240 0.794790
vt 0.799850 1.786670
vt 0.333410 3.064080
vt 0.166830 3.064080
vt 0.166830 2.956040
vt 0.333410 2.956040
vt 0.999760 3.897810
vt 0.999760 3.927500
vt 0.799850 3.927500
vt 0.799850 3.897810
vt 0.833170 2.667210
vt 0.833170 2.688200
vt 0.666590 2.688200
vt 0.999760 2.564900
vt 0.833170 2.564900
vt 0.833170 2.474430
vt 0.999760 2.474430
vt 0.200150 4.833350
vt 0.000240 4.865790
vt 0.000240 4.833350
vt 0.166830 3.378330
vt 0.166830 3.222990
vt 0.166830 1.225540
vt 0.333410 1.220410
vt 0.999760 1.672250
vt 0.833170 1.672250
vt 0.833170 1.632050
vt 0.999760 1.632050
vt 0.200150 2.685270
vt 0.000240 2.685270
vt 0.333410 2.180840
vt 0.166830 2.180840
vt 0.166830 2.145210
vt 0.333410 2.145210
vt 0.833170 2.243650
vt 0.833170 2.472080
vt 0.666590 2.472080
vt 0.666590 2.243650
vt 0.666590 3.646720
vt 0.500000 3.646720
vt 0.500000 3.504240
vt 0.666590 3.504240
vt 0.500000 3.686810
vt 0.500000 3.745200
vt 0.333410 3.686810
vt 0.333410 3.646720
vt 0.166830 3.646720
vt 0.166830 3.504240
vt 0.333410 3.504240
vt 0.166830 1.817290
vt 0.166830 1.947740
vt 0.000240 1.947740
vt 0.000240 1.817290
vt 0.999760 4.066910
vt 0.833170 4.066910
vt 0.833170 4.042650
vt 0.999760 4.042650
vt 0.666590 1.490380
vt 0.500000 1.490380
vt 0.666590 1.303950
vt 0.833170 2.055350
vt 0.833170 2.160090
vt 0.666590 2.160090
vt 0.666590 2.055350
vt 0.400050 6.489060
vt 0.200150 6.489060
vt 0.200150 6.332360
vt 0.400050 6.332360
vt 0.166830 2.823910
vt 0.000240 2.956040
vt 0.000240 2.823910
vt 0.333410 3.802780
vt 0.166830 3.802780
vt 0.166830 3.725260
vt 0.333410 3.725260
vt 0.200150 1.675760
vt 0.000240 1.675760
vt 0.666590 2.361560
vt 0.500000 2.361560
vt 0.500000 2.222090
vt 0.666590 2.222090
vt 0.200150 4.616590
vt 0.200150 4.711440
vt 0.000240 4.711440
vt 0.000240 4.616590
vt 0.833170 3.089450
vt 0.833170 3.266110
vt 0.666590 3.266110
vt 0.666590 3.089450
vt 0.166830 2.663970
vt 0.000240 2.663970
vt 0.799850 3.723340
vt 0.599950 3.723340
vt 0.599950 3.612020
vt 0.799850 3.612020
vt 0.166830 1.848030
vt 0.166830 1.911530
vt 0.000240 1.911530
vt 0.000240 1.848030
vt 0.166830 2.361560
vt 0.166830 2.474430
vt 0.000240 2.474430
vt 0.000240 2.361560
vt 0.666590 5.090540
vt 0.500000 5.090540
vt 0.500000 4.854600
vt 0.666590 4.854600
vt 0.400050 3.086870
vt 0.200150 3.086870
vt 0.400050 2.985570
vt 0.000240 3.151460
vt 0.000240 3.064080
vt 0.833170 2.513050
vt 0.833170 2.775970
vt 0.799850 1.675760
vt 0.799850 1.545100
vt 0.799850 3.674890
vt 0.599950 3.674890
vt 0.599950 3.551510
vt 0.799850 3.557910
vt 0.333410 2.636640
vt 0.166830 2.636640
vt 0.166830 2.564900
vt 0.333410 2.564900
vt 0.833170 1.592660
vt 0.833170 1.843470
vt 0.666590 1.843470
vt 0.666590 1.592660
vt 0.500000 2.474430
vt 0.333410 2.474430
vt 0.333410 2.361560
vt 0.833170 2.956040
vt 0.833170 3.064080
vt 0.666590 3.064080
vt 0.666590 2.956040
vt 0.166830 1.753410
vt 0.000240 1.753410
vt 0.999760 2.985570
vt 0.999760 3.086870
vt 0.799850 3.086870
vt 0.799850 2.985570
vt 0.333410 5.090540
vt 0.500000 2.956040
vt 0.500000 2.823910
vt 0.666590 2.823910
vt 0.666590 3.151460
vt 0.500000 3.151460
vt 0.500000 3.064080
vt 0.999760 5.414690
vt 0.833170 5.414690
vt 0.833170 2.361560
vt 0.999760 2.361560
vt 0.166830 1.975940
vt 0.166830 2.018410
vt 0.000240 2.018410
vt 0.000240 1.975940
vt 0.000240 3.646720
vt 0.000240 3.504240
vt 0.400050 2.874310
vt 0.500000 1.975940
vt 0.500000 2.018410
vt 0.333410 2.018410
vt 0.333410 1.975940
vt 0.833170 3.541960
vt 0.999760 3.541960
vt 0.166830 5.597790
vt 0.166830 5.669340
vt 0.000240 5.669340
vt 0.000240 5.597790
vt 0.999760 2.222090
vt 0.833170 2.222090
vt 0.833170 2.051220
vt 0.999760 2.051220
vt 0.333410 2.513050
vt 0.166830 2.513050
vt 0.166830 2.409590
vt 0.999760 3.802780
vt 0.833170 3.802780
vt 0.833170 1.758550
vt 0.666590 1.758550
vt 0.599950 3.455710
vt 0.799850 3.463820
vt 0.833170 1.368080
vt 0.666590 1.368080
vt 0.666590 1.252350
vt 0.500000 1.252350
vt 0.500000 1.125800
vt 0.666590 1.125800
vt 0.400050 2.344170
vt 0.200150 2.344170
vt 0.400050 2.117080
vt 0.000240 6.489060
vt 0.000240 6.332360
vt 0.599950 6.713230
vt 0.799850 6.713230
vt 0.400050 3.612020
vt 0.400050 3.459000
vt 0.999760 6.332360
vt 0.999760 6.489060
vt 0.799850 6.489060
vt 0.799850 6.332360
vt 0.999760 2.547260
vt 0.833170 2.547260
vt 0.833170 2.473820
vt 0.999760 2.473820
vt 0.999760 4.080810
vt 0.799850 4.080810
vt 0.666590 3.379740
vt 0.500000 3.379740
vt 0.500000 3.351720
vt 0.666590 3.351720
vt 0.599950 5.942990
vt 0.799850 5.942990
vt 0.666590 2.051220
vt 0.500000 2.051220
vt 0.333410 3.977230
vt 0.166830 3.977230
vt 0.999760 5.942990
vt 0.599950 4.444810
vt 0.599950 4.462820
vt 0.400050 4.462820
vt 0.400050 4.444810
vt 0.200150 3.986690
vt 0.200150 3.942750
vt 0.833170 1.447680
vt 0.999760 1.447680
vt 0.166830 3.966440
vt 0.000240 3.966440
vt 0.000240 3.908910
vt 0.000240 3.379740
vt 0.166830 3.379740
vt 0.083540 4.393840
vt 0.333410 3.379740
vt 0.250120 4.393840
vt 0.416710 4.393840
vt 0.583290 4.393840
vt 0.833170 3.379740
vt 0.749880 4.393840
vt 0.999760 3.379740
vt 0.916460 4.393840
vt 0.166830 2.219350
vt 0.166830 2.321920
vt 0.000240 2.327430
vt 0.000240 2.235340
vt 0.999760 2.933700
vt 0.799850 2.933700
vt 0.187650 0.414970
vt 0.187650 0.321580
vt 0.999760 3.966440
vt 0.833170 3.966440
vt 0.833170 3.908910
vt 0.999760 3.908910
vt 0.799850 6.129310
vt 0.599950 6.129310
vt 0.599950 6.077910
vt 0.799850 6.077910
vt 0.500000 1.127850
vt 0.333410 1.136370
vt 0.999760 4.004540
vt 0.833170 4.004540
vt 0.599950 3.148530
vt 0.400050 3.230430
vt 0.400050 3.148530
vt 0.999760 4.773100
vt 0.999760 4.833350
vt 0.799850 4.833350
vt 0.799850 4.773100
vt 0.250120 2.602600
vt 0.250120 2.757820
vt 0.000240 2.770210
vt 0.000240 2.649630
vt 0.400050 2.416400
vt 0.200150 2.416400
vt 0.200150 2.286070
vt 0.400050 2.286070
vt 0.166830 2.530510
vt 0.166830 2.638980
vt 0.000240 2.638980
vt 0.000240 2.536020
vt 0.666590 3.857160
vt 0.666590 3.840460
vt 0.999760 5.713670
vt 0.833170 5.713670
vt 0.833170 5.669340
vt 0.999760 5.669340
vt 0.599950 6.626470
vt 0.799850 6.626470
vt 0.200150 3.552600
vt 0.200150 3.728050
vt 0.000240 3.728050
vt 0.000240 3.552600
vt 0.500000 3.744690
vt 0.333410 3.744690
vt 0.599950 5.003010
vt 0.400050 5.289870
vt 0.400050 5.003010
vt 0.999760 2.018410
vt 0.833170 2.018410
vt 0.833170 1.975940
vt 0.999760 1.975940
vt 0.400050 2.197330
vt 0.200150 2.197330
vt 0.200150 2.061230
vt 0.400050 2.061230
vt 0.999760 2.692890
vt 0.833170 2.692890
vt 0.833170 2.636640
vt 0.999760 2.636640
vt 0.999760 3.268270
vt 0.999760 3.459000
vt 0.999760 4.616590
vt 0.999760 4.711440
vt 0.333410 2.823910
vt 0.200150 2.498240
vt 0.000240 2.498240
vt 0.799850 3.760360
vt 0.599950 3.759650
vt 0.599950 3.692300
vt 0.166830 1.951780
vt 0.166830 2.055350
vt 0.000240 2.055350
vt 0.000240 1.951780
vt 0.500000 6.094420
vt 0.500000 6.266810
vt 0.200150 4.773100
vt 0.000240 4.773100
vt 0.833170 2.523110
vt 0.666590 2.513720
vt 0.500000 2.446860
vt 0.333410 2.467790
vt 0.333410 2.446860
vt 0.333410 1.632050
vt 0.166830 1.632050
vt 0.166830 1.582360
vt 0.333410 1.582360
vt 0.166830 5.414690
vt 0.000240 5.414690
vt 0.833170 0.964500
vt 0.833170 1.051520
vt 0.666590 1.051520
vt 0.666590 0.969020
vt 0.200150 1.553860
vt 0.599950 6.332360
vt 0.599950 6.489060
vt 0.666590 3.642740
vt 0.500000 3.642740
vt 0.666590 3.541960
vt 0.200150 4.578770
vt 0.000240 4.578770
vt 0.400050 3.217120
vt 0.200150 3.217120
vt 0.200150 3.152730
vt 0.400050 3.152730
vt 0.333410 1.758550
vt 0.166830 1.758550
vt 0.166830 1.614000
vt 0.333410 1.614000
vt 0.000240 4.854600
vt 0.000240 4.524490
vt 0.999760 1.753410
vt 0.833170 1.753410
vt 0.833170 1.618780
vt 0.999760 1.618780
vt 0.599950 3.072420
vt 0.799850 3.072420
vt 0.799850 3.909190
vt 0.599950 3.909190
vt 0.166830 3.276280
vt 0.166830 3.319030
vt 0.000240 3.319030
vt 0.000240 3.276280
vt 0.833170 3.129090
vt 0.666590 5.250330
vt 0.500000 5.250330
vt 0.400050 4.512370
vt 0.200150 4.512370
vt 0.200150 4.334920
vt 0.400050 4.334920
vt 0.799850 2.494800
vt 0.599950 2.494800
vt 0.799850 2.098350
vt 0.833170 1.279850
vt 0.666590 1.279850
vt 0.400050 3.909190
vt 0.400050 3.674890
vt 0.666590 2.018410
vt 0.666590 1.975940
vt 0.400050 4.162890
vt 0.200150 4.162890
vt 0.200150 3.909190
vt 0.999760 3.612020
vt 0.999760 1.951050
vt 0.999760 2.231180
vt 0.799850 2.231180
vt 0.799850 1.951050
vt 0.999760 4.334920
vt 0.999760 4.512370
vt 0.799850 4.334920
vt 0.999760 2.501600
vt 0.999760 2.685270
vt 0.799850 2.685270
vt 0.799850 2.501600
vt 0.999760 3.723340
vt 0.500000 3.763350
vt 0.500000 4.212530
vt 0.333410 4.212530
vt 0.333410 3.763350
vt 0.166830 2.257340
vt 0.333410 2.257340
vt 0.799850 2.961390
vt 0.599950 2.961390
vt 0.599950 2.661740
vt 0.799850 2.661740
vt 0.599950 1.603890
vt 0.799850 1.618370
vt 0.599950 2.795380
vt 0.400050 3.072420
vt 0.400050 2.795380
vt 0.666590 5.525310
vt 0.500000 5.525310
vt 0.500000 5.414690
vt 0.666590 5.414690
vt 0.799850 2.795380
vt 0.599950 6.056050
vt 0.333410 1.051520
vt 0.166830 1.051520
vt 0.166830 0.970790
vt 0.333410 0.970220
vt 0.400050 4.221480
vt 0.000240 1.632050
vt 0.000240 1.582360
vt 0.500000 1.521530
vt 0.333410 1.521530
vt 0.599950 3.710330
vt 0.400050 3.710330
vt 0.400050 4.281480
vt 0.200150 4.281480
vt 0.200150 4.058390
vt 0.400050 4.058390
vt 0.599950 3.897810
vt 0.599950 3.844530
vt 0.799850 3.844530
vt 0.500000 1.664370
vt 0.500000 1.817290
vt 0.333410 1.817290
vt 0.333410 1.664370
vt 0.500000 3.958100
vt 0.500000 3.977230
vt 0.799850 2.197330
vt 0.599950 2.197330
vt 0.599950 2.061230
vt 0.799850 2.061230
vt 0.166830 3.513510
vt 0.166830 3.622530
vt 0.000240 3.622530
vt 0.000240 3.513510
vt 0.500000 1.499810
vt 0.500000 4.405370
vt 0.250120 4.405370
vt 0.400050 1.681090
vt 0.400050 6.288340
vt 0.200150 6.288340
vt 0.400050 6.242660
vt 0.333410 2.291680
vt 0.166830 2.291680
vt 0.166830 2.228040
vt 0.333410 2.228040
vt 0.500000 1.632050
vt 0.500000 1.672250
vt 0.333410 1.672250
vt 0.200150 4.217450
vt 0.200150 4.298570
vt 0.000240 4.298570
vt 0.000240 4.223770
vt 0.000240 4.023570
vt 0.200150 4.023570
vt 0.100200 5.254300
vt 0.400050 4.023570
vt 0.300100 5.254300
vt 0.500000 5.254300
vt 0.699900 5.254300
vt 0.999760 4.023570
vt 0.899800 5.254300
vt 0.999760 4.377750
vt 0.833170 4.361540
vt 0.833170 4.265190
vt 0.999760 4.287470
vt 0.999760 1.638560
vt 0.999760 1.702710
vt 0.000240 3.347610
vt 0.166830 3.906390
vt 0.000240 3.935680
vt 0.000240 3.906390
vt 0.799850 3.543960
vt 0.699900 6.236720
vt 0.599950 3.543960
vt 0.799850 3.529800
vt 0.999760 5.667210
vt 0.799850 5.667210
vt 0.200150 1.013730
vt 0.400050 0.868160
vt 0.666590 0.974330
vt 0.200150 3.251770
vt 0.000240 3.251770
vt 0.999760 5.407780
vt 0.749880 5.407780
vt 0.749880 5.325420
vt 0.999760 5.325420
vt 0.999760 3.949990
vt 0.999760 3.966720
vt 0.799850 3.949990
vt 0.400050 1.582450
vt 0.200150 1.521230
vt 0.400050 1.448710
vt 0.599950 5.076970
vt 0.599950 5.372700
vt 0.666590 2.180840
vt 0.666590 1.632050
vt 0.666590 1.582360
vt 0.500000 4.871260
vt 0.500000 4.982430
vt 0.333410 4.982430
vt 0.799850 4.733400
vt 0.599950 4.733400
vt 0.599950 4.596870
vt 0.799850 4.610460
vt 0.166830 1.692560
vt 0.166830 1.701700
vt 0.000240 1.692560
vt 0.000240 1.681980
vt 0.599950 4.162890
vt 0.599950 4.334920
vt 0.333410 1.440410
vt 0.166830 1.440410
vt 0.166830 1.368080
vt 0.333410 1.368080
vt 0.999760 2.874310
vt 0.799850 2.874310
vt 0.166830 3.407310
vt 0.000240 3.407310
vt 0.799850 4.678540
vt 0.599950 4.678540
vt 0.599950 4.574000
vt 0.799850 4.574000
vt 0.200150 2.444810
vt 0.200150 2.646070
vt 0.000240 2.646070
vt 0.000240 2.444810
vt 0.599950 2.502570
vt 0.599950 2.588380
vt 0.400050 2.588380
vt 0.400050 2.502570
vt 0.833170 1.112390
vt 0.666590 1.112260
vt 0.400050 3.927500
vt 0.200150 3.927500
vt 0.200150 3.897810
vt 0.400050 3.897810
vt 0.400050 6.713230
vt 0.200150 6.626470
vt 0.400050 6.626470
vt 0.333410 2.638980
vt 0.333410 2.516890
vt 0.666590 5.314300
vt 0.500000 5.314300
vt 0.500000 4.971210
vt 0.666590 4.971210
vt 0.000240 5.789920
vt 0.000240 5.520360
vt 0.166830 2.386080
vt 0.166830 2.420010
vt 0.000240 2.420010
vt 0.000240 2.386080
vt 0.833170 2.595210
vt 0.666590 2.595210
vt 0.666590 2.547260
vt 0.999760 4.405370
vt 0.749880 4.405370
vt 0.749880 4.040150
vt 0.999760 4.040150
vt 0.166830 2.160090
vt 0.166830 2.233790
vt 0.000240 2.233790
vt 0.000240 2.160090
vt 0.333410 2.058190
vt 0.333410 1.947740
vt 0.999760 3.916490
vt 0.999760 3.997690
vt 0.799850 3.997690
vt 0.999760 3.310120
vt 0.833170 3.310120
vt 0.999760 3.129090
vt 0.166830 1.499810
vt 0.000240 1.499810
vt 0.999760 2.775970
vt 0.999760 2.513050
vt 0.500000 1.928970
vt 0.400050 1.403900
vt 0.200150 1.429810
vt 0.400050 1.931540
vt 0.200150 1.943180
vt 0.200150 1.809900
vt 0.400050 1.781340
vt 0.599950 3.997690
vt 0.400050 3.997690
vt 0.400050 3.916490
vt 0.749880 2.752790
vt 0.749880 2.918150
vt 0.500000 2.918150
vt 0.500000 2.742780
vt 0.999760 1.843470
vt 0.166830 1.928970
vt 0.166830 2.124050
vt 0.000240 2.124050
vt 0.000240 1.928970
vt 0.400050 4.022560
vt 0.400050 3.844480
vt 0.200150 3.844480
vt 0.200150 3.770290
vt 0.400050 3.761620
vt 0.166830 3.744690
vt 0.666590 2.794690
vt 0.500000 2.794690
vt 0.500000 2.769670
vt 0.666590 2.769670
vt 0.333410 3.004070
vt 0.333410 2.920550
vt 0.333410 5.250330
vt 0.799850 1.133320
vt 0.599950 1.165130
vt 0.599950 1.023000
vt 0.799850 0.949000
vt 0.999760 2.228040
vt 0.833170 2.228040
vt 0.833170 2.150910
vt 0.999760 2.150910
vt 0.200150 3.311160
vt 0.200150 3.386840
vt 0.000240 3.386840
vt 0.000240 3.312430
vt 0.999760 2.072530
vt 0.833170 2.045900
vt 0.999760 2.045900
vt 0.999760 4.427570
vt 0.999760 4.852540
vt 0.799850 4.852540
vt 0.799850 4.427570
vt 0.999760 4.678540
vt 0.999760 4.772710
vt 0.799850 4.772710
vt 0.333410 3.407310
vt 0.799850 3.378740
vt 0.799850 3.117860
vt 0.999760 3.089450
vt 0.833170 3.003750
vt 0.999760 3.010940
vt 0.333410 5.752530
vt 0.166830 5.752530
vt 0.166830 5.713670
vt 0.333410 5.713670
vt 0.200150 2.661740
vt 0.200150 2.961390
vt 0.000240 2.961390
vt 0.000240 2.661740
vt 0.400050 2.498240
vt 0.200150 6.841660
vt 0.000240 6.841660
vt 0.999760 3.945670
vt 0.999760 4.022560
vt 0.799850 4.022560
vt 0.799850 3.945670
vt 0.999760 4.442330
vt 0.999760 4.574000
vt 0.799850 4.442330
vt 0.200150 3.378740
vt 0.500000 3.979470
vt 0.500000 3.662160
vt 0.500000 2.997710
vt 0.500000 3.089450
vt 0.799850 4.441950
vt 0.599950 4.441950
vt 0.599950 4.281480
vt 0.799850 4.281480
vt 0.400050 4.298570
vt 0.400050 4.208200
vt 0.799850 2.416400
vt 0.599950 2.416400
vt 0.599950 2.286070
vt 0.799850 2.286070
vt 0.000240 6.266810
vt 0.000240 6.094420
vt 0.833170 3.840460
vt 0.833170 3.857160
vt 0.000240 1.553440
vt 0.000240 1.436300
vt 0.100200 6.369000
vt 0.400050 4.855960
vt 0.300100 6.369000
vt 0.599950 4.855960
vt 0.500000 6.369000
vt 0.799850 4.855960
vt 0.699900 6.369000
vt 0.999760 4.855960
vt 0.899800 6.369000
vt 0.599950 5.476360
vt 0.599950 5.446590
vt 0.799850 5.409890
vt 0.749880 4.371440
vt 0.749880 4.743260
vt 0.500000 4.371440
vt 0.999760 1.702140
vt 0.999760 1.776150
vt 0.799850 1.753450
vt 0.799850 1.650310
vt 0.200150 2.740010
vt 0.000240 2.740010
vt 0.599950 6.009890
vt 0.400050 6.077910
vt 0.400050 6.009890
vt 0.333410 2.233790
vt 0.333410 2.160090
vt 0.500000 3.268570
vt 0.500000 3.415850
vt 0.333410 3.427130
vt 0.333410 3.279180
vt 0.999760 2.452650
vt 0.999760 2.538990
vt 0.799850 2.525800
vt 0.799850 2.430970
vt 0.166830 1.279850
vt 0.000240 1.279850
vt 0.000240 1.051520
vt 0.749880 5.681220
vt 0.749880 5.817840
vt 0.500000 5.817840
vt 0.500000 5.681220
vt 0.599950 4.427570
vt 0.599950 4.852540
vt 0.500000 2.343790
vt 0.500000 2.386080
vt 0.333410 2.386080
vt 0.333410 2.343790
vt 0.833170 1.358740
vt 0.666590 1.447680
vt 0.666590 1.358740
vt 0.166830 1.129570
vt 0.000240 1.222900
vt 0.000240 1.126980
vt 0.500000 4.506830
vt 0.500000 4.685700
vt 0.333410 4.506830
vt 0.999760 3.428300
vt 0.999760 2.918150
vt 0.833170 4.088420
vt 0.666590 4.088420
vt 0.375060 1.200000
vt 0.375060 1.363200
vt 0.250120 1.200000
vt 0.999760 4.246380
vt 0.999760 3.979470
vt 0.333410 1.593380
vt 0.333410 1.555890
vt 0.599950 6.242660
vt 0.599950 6.288340
vt 0.166830 1.498120
vt 0.166830 1.578880
vt 0.000240 1.582010
vt 0.000240 1.506980
vt 0.999760 2.257340
vt 0.999760 2.124050
vt 0.999760 1.222900
vt 0.999760 1.126980
vt 0.250120 5.468960
vt 0.000240 5.468960
vt 0.500000 2.040920
vt 0.500000 2.092430
vt 0.333410 2.092430
vt 0.333410 2.040920
vt 0.999760 5.085330
vt 0.833170 5.085330
vt 0.833170 4.982430
vt 0.999760 4.982430
vt 0.833170 4.506830
vt 0.666590 4.506830
vt 0.166830 1.631240
vt 0.166830 1.652790
vt 0.000240 1.652790
vt 0.000240 1.631240
vt 0.799850 6.242660
vt 0.000240 3.636930
vt 0.833170 1.704510
vt 0.666590 1.704510
vt 0.666590 1.672250
vt 0.799850 4.667610
vt 0.599950 4.667610
vt 0.599950 4.578770
vt 0.799850 4.578770
vt 0.833170 4.871260
vt 0.666590 4.982430
vt 0.666590 4.871260
vt 0.250120 1.053570
vt 0.125180 1.053570
vt 0.200150 4.891970
vt 0.200150 4.923050
vt 0.000240 4.923050
vt 0.000240 4.891970
vt 0.599950 4.003230
vt 0.599950 4.111010
vt 0.400050 4.111010
vt 0.400050 4.003230
vt 0.500000 2.452480
vt 0.500000 2.477670
vt 0.333410 2.477670
vt 0.333410 2.452480
vt 0.999760 2.961390
vt 0.999760 3.237030
vt 0.799850 3.237030
vt 0.500000 4.088420
vt 0.333410 4.088420
vt 0.333410 4.066910
vt 0.200150 4.277900
vt 0.400050 4.264720
vt 0.999760 4.892700
vt 0.999760 4.915750
vt 0.799850 4.915750
vt 0.799850 4.892700
vt 0.749880 3.028340
vt 0.999760 3.028340
vt 0.500000 1.099350
vt 0.400050 3.674260
vt 0.200150 3.699100
vt 0.200150 3.610030
vt 0.400050 3.547940
vt 0.000240 1.322390
vt 0.000240 1.196860
vt 0.000240 5.036190
vt 0.250120 5.036190
vt 0.125180 7.383190
vt 0.500000 5.036190
vt 0.375060 7.383190
vt 0.749880 5.036190
vt 0.624940 7.383190
vt 0.999760 5.036190
vt 0.874820 7.383190
vt 0.666590 1.787220
vt 0.500000 1.765060
vt 0.500000 1.622280
vt 0.666590 1.694040
vt 0.250120 2.594650
vt 0.500000 2.606240
vt 0.250120 2.810400
vt 0.500000 2.801520
vt 0.999760 5.372700
vt 0.999760 5.610130
vt 0.799850 5.372700
vt 0.799850 2.846390
vt 0.999760 6.280150
vt 0.999760 6.311680
vt 0.799850 6.167390
vt 0.599950 6.198060
vt 0.599950 6.167390
vt 0.400050 5.481640
vt 0.599950 4.945620
vt 0.599950 4.963430
vt 0.400050 4.945620
vt 0.799850 6.183540
vt 0.599950 6.183540
vt 0.599950 2.722480
vt 0.599950 2.797790
vt 0.400050 2.797790
vt 0.400050 2.722480
vt 0.999760 6.626470
vt 0.999760 6.713230
vt 0.999760 1.611990
vt 0.999760 1.724500
vt 0.799850 1.681060
vt 0.799850 1.539810
vt 0.799850 3.487380
vt 0.599950 3.487380
vt 0.599950 3.113170
vt 0.799850 3.113170
vt 0.000240 1.053570
vt 0.000240 0.889760
vt 0.599950 1.518780
vt 0.799850 1.547700
vt 0.400050 1.882070
vt 0.200150 1.788510
vt 0.400050 1.768350
vt 0.833170 6.380500
vt 0.833170 6.454020
vt 0.666590 6.454020
vt 0.666590 6.380500
vt 0.999760 2.840250
vt 0.799850 2.826200
vt 0.166830 1.750310
vt 0.166830 1.730140
vt 0.500000 3.867330
vt 0.250120 3.867330
vt 0.250120 3.310520
vt 0.500000 3.310520
vt 0.599950 2.715550
vt 0.599950 2.841180
vt 0.400050 2.841180
vt 0.999760 5.798640
vt 0.200150 5.933020
vt 0.200150 6.000450
vt 0.000240 6.000450
vt 0.000240 5.941130
vt 0.833170 4.155980
vt 0.666590 4.219730
vt 0.666590 4.074110
vt 0.999760 4.743260
vt 0.999760 4.371440
vt 0.749880 4.982870
vt 0.500000 4.982870
vt 0.500000 4.913290
vt 0.250120 4.982870
vt 0.500000 2.180840
vt 0.333410 2.204210
vt 0.999760 4.891970
vt 0.799850 4.891970
vt 0.333410 0.879660
vt 0.333410 0.778290
vt 0.400050 4.647630
vt 0.200150 4.647630
vt 0.200150 4.359120
vt 0.400050 4.359120
vt 0.599950 3.949990
vt 0.999760 1.632440
vt 0.999760 1.712670
vt 0.999760 5.940670
vt 0.999760 5.997980
vt 0.799850 5.997980
vt 0.799850 5.940670
vt 0.999760 2.324000
vt 0.799850 2.324000
vt 0.200150 3.180120
vt 0.200150 3.405770
vt 0.000240 3.405770
vt 0.000240 3.180120
vt 0.799850 2.573010
vt 0.599950 2.573010
vt 0.599950 2.537760
vt 0.799850 2.537760
vt 0.599950 4.806880
vt 0.400050 4.806490
vt 0.999760 2.833410
vt 0.999760 2.887350
vt 0.799850 2.887350
vt 0.799850 2.821380
vt 0.999760 1.231900
vt 0.999760 1.172640
vt 0.999760 4.963430
vt 0.799850 4.963430
vt 0.200150 6.069970
vt 0.200150 5.998210
vt 0.500000 6.454020
vt 0.500000 6.380500
vt 0.200150 3.390090
vt 0.000240 3.390090
vt 0.250120 2.982330
vt 0.250120 3.141330
vt 0.000240 3.156940
vt 0.000240 3.038410
vt 0.666590 4.685700
vt 0.125180 8.141700
vt 0.500000 5.468960
vt 0.375060 8.141700
vt 0.749880 5.468960
vt 0.624940 8.141700
vt 0.999760 5.468960
vt 0.874820 8.141700
vt 0.400050 2.740010
vt 0.400050 2.721360
vt 0.250120 3.034920
vt 0.500000 3.038280
vt 0.599950 4.022550
vt 0.599950 4.052210
vt 0.400050 4.052210
vt 0.400050 4.022550
vt 0.999760 6.167390
vt 0.999760 6.198060
vt 0.799850 6.198060
vt 0.200150 5.873400
vt 0.000240 5.899980
vt 0.400050 5.476360
vt 0.200150 5.476360
vt 0.200150 5.446590
vt 0.400050 5.446590
vt 0.799850 4.833310
vt 0.400050 6.660490
vt 0.200150 6.660490
vt 0.200150 6.620950
vt 0.400050 6.620950
vt 0.599950 3.915070
vt 0.599950 3.970380
vt 0.400050 3.970380
vt 0.624940 0.889760
vt 0.500000 0.889760
vt 0.599950 1.296450
vt 0.599950 1.414670
vt 0.599950 3.746580
vt 0.599950 3.850690
vt 0.400050 3.850690
vt 0.400050 3.746580
vt 0.999760 2.243650
vt 0.833170 1.973620
vt 0.999760 1.973620
vt 0.166830 1.158050
vt 0.166830 1.228390
vt 0.000240 1.231900
vt 0.000240 1.172640
vt 0.999760 2.098350
vt 0.999760 2.494800
vt 0.000240 5.153100
vt 0.999760 0.794790
vt 0.999760 0.685820
vt 0.200150 2.502940
vt 0.000240 2.502940
vt 0.833170 2.241550
vt 0.833170 2.254070
vt 0.666590 2.254070
vt 0.400050 5.918830
vt 0.200150 2.949960
vt 0.200150 2.961150
vt 0.000240 2.961150
vt 0.000240 2.949960
vt 0.999760 2.318870
vt 0.999760 2.410940
vt 0.799850 2.410940
vt 0.799850 2.318870
vt 0.999760 6.187180
vt 0.999760 6.333310
vt 0.799850 6.333310
vt 0.799850 6.187180
vt 0.999760 2.416400
vt 0.999760 2.502570
vt 0.799850 2.502570
vt 0.200150 4.060510
vt 0.400050 4.060510
vt 0.599950 1.788950
vt 0.599950 3.180120
vt 0.333410 1.777960
vt 0.166830 1.777960
vt 0.166830 1.765970
vt 0.333410 1.765970
vt 0.200150 4.158650
vt 0.400050 4.133750
vt 0.999760 5.941130
vt 0.999760 6.000450
vt 0.799850 6.000450
vt 0.666590 6.605130
vt 0.500000 6.605130
vt 0.500000 6.568140
vt 0.250120 2.918150
vt 0.200150 5.163670
vt 0.200150 5.271520
vt 0.000240 5.271520
vt 0.000240 5.163670
vt 0.200150 2.081370
vt 0.400050 2.081370
vt 0.999760 4.165790
vt 0.999760 4.223770
vt 0.799850 4.214040
vt 0.799850 4.141340
vt 0.749880 5.011060
vt 0.599950 1.500690
vt 0.799850 1.507700
vt 0.500000 1.029350
vt 0.500000 1.109190
vt 0.333410 1.113910
vt 0.166830 3.369270
vt 0.166830 3.472290
vt 0.000240 3.483910
vt 0.000240 3.392480
vt 0.999760 4.555650
vt 0.999760 4.681670
vt 0.666590 4.681670
vt 0.500000 1.005330
vt 0.666590 1.060600
vt 0.999760 6.239550
vt 0.799850 6.239550
vt 0.250120 5.891080
vt 0.500000 5.891080
vt 0.250120 5.958680
vt 0.500000 5.958680
vt 0.749880 5.958680
vt 0.749880 5.891080
vt 0.999760 5.891080
vt 0.999760 5.958680
vt 0.000240 5.958680
vt 0.125180 9.030330
vt 0.375060 9.030330
vt 0.624940 9.030330
vt 0.874820 9.030330
vt 0.200150 3.512280
vt 0.200150 3.479250
vt 0.200150 1.736350
vt 0.400050 1.639370
vt 0.799850 2.281520
vt 0.599950 2.255460
vt 0.599950 2.161480
vt 0.799850 2.209990
vt 0.999760 5.765000
vt 0.999760 5.887610
vt 0.799850 5.887610
vt 0.799850 5.765000
vt 0.200150 2.893350
vt 0.000240 2.893350
vt 0.999760 2.300410
vt 0.999760 2.349480
vt 0.799850 2.337900
vt 0.833170 1.663750
vt 0.833170 1.780800
vt 0.400050 6.166560
vt 0.300100 11.454730
vt 0.400050 6.151700
vt 0.812350 0.321580
vt 0.749880 0.219680
vt 0.666590 5.085330
vt 0.500000 5.085330
vt 0.500000 5.924590
vt 0.000240 5.076970
vt 0.000240 4.989110
vt 0.000240 4.114210
vt 0.000240 3.808460
vt 0.333410 4.114210
vt 0.333410 3.808460
vt 0.666590 3.808460
vt 0.666590 4.114210
vt 0.999760 4.114210
vt 0.999760 3.808460
vt 0.000240 4.382160
vt 0.999760 4.382160
vt 0.000240 4.555650
vt 0.200150 6.688180
vt 0.200150 6.708340
vt 0.000240 6.708340
vt 0.000240 6.688180
vt 0.599950 6.543910
vt 0.400050 6.543910
vt 0.666590 3.428300
vt 0.666590 3.312020
vt 0.000240 4.750030
vt 0.000240 4.681670
vt 0.333410 4.750030
vt 0.333410 4.681670
vt 0.666590 4.750030
vt 0.999760 4.750030
vt 0.000240 4.800670
vt 0.333410 4.800670
vt 0.666590 4.800670
vt 0.999760 4.800670
vt 0.000240 4.831960
vt 0.333410 4.831960
vt 0.666590 4.831960
vt 0.999760 4.831960
vt 0.166830 8.268710
vt 0.500000 8.268710
vt 0.833170 8.268710
vt 0.000240 0.541830
vt 0.000240 0.974330
vt 0.166830 0.974330
vt 0.599950 4.077170
vt 0.400050 4.077170
vt 0.333410 0.974330
vt 0.500000 0.974330
vt 0.500000 1.363200
vt 0.500000 1.200000
vt 0.999760 0.541830
vt 0.200150 4.124130
vt 0.000240 4.124130
vt 0.000240 3.847230
vt 0.000240 3.744690
vt 0.999760 4.865790
vt 0.799850 4.865790
vt 0.200150 4.051760
vt 0.400050 4.051760
vt 0.833170 2.233790
vt 0.833170 2.312700
vt 0.666590 2.312700
vt 0.666590 2.233790
vt 0.599950 4.221480
vt 0.000240 6.626470
vt 0.333410 3.310120
vt 0.333410 3.129090
vt 0.999760 4.106250
vt 0.999760 4.137180
vt 0.799850 4.137180
vt 0.799850 4.106250
vt 0.500000 2.145210
vt 0.833170 3.407310
vt 0.666590 3.407310
vt 0.500000 1.279850
vt 0.500000 1.486240
vt 0.333410 1.486240
vt 0.333410 1.279850
vt 0.166830 3.642740
vt 0.000240 3.725260
vt 0.000240 3.642740
vt 0.500000 2.055350
vt 0.500000 1.951780
vt 0.666590 2.145210
vt 0.333410 1.965050
vt 0.166830 1.965050
vt 0.166830 1.859160
vt 0.333410 1.859160
vt 0.999760 4.221480
vt 0.799850 4.221480
vt 0.999760 6.795130
vt 0.799850 2.736230
vt 0.599950 2.616620
vt 0.799850 2.668980
vt 0.500000 2.595210
vt 0.333410 2.641950
vt 0.333410 2.595210
vt 0.666590 1.664370
vt 0.666590 1.486240
vt 0.599950 3.825060
vt 0.599950 4.058390
vt 0.400050 3.825060
vt 0.166830 4.004540
vt 0.000240 4.004540
vt 0.599950 2.657200
vt 0.599950 2.750600
vt 0.400050 2.750600
vt 0.400050 2.657200
vt 0.599950 4.135330
vt 0.599950 4.037790
vt 0.799850 4.038870
vt 0.666590 2.045900
vt 0.500000 2.045900
vt 0.166830 1.521530
vt 0.166830 1.447680
vt 0.166830 1.647550
vt 0.666590 3.802780
vt 0.500000 3.802780
vt 0.500000 3.725260
vt 0.666590 3.725260
vt 0.599950 3.602690
vt 0.400050 4.833350
vt 0.400050 4.773100
vt 0.200150 3.830310
vt 0.200150 3.916490
vt 0.000240 3.916490
vt 0.000240 3.830310
vt 0.999760 1.704510
vt 0.166830 2.794690
vt 0.166830 2.813210
vt 0.000240 2.813210
vt 0.000240 2.794690
vt 0.400050 2.835640
vt 0.833170 3.276280
vt 0.833170 3.319030
vt 0.666590 3.319030
vt 0.666590 3.276280
vt 0.166830 2.092430
vt 0.000240 2.145210
vt 0.000240 2.092430
vt 0.666590 1.614000
vt 0.500000 1.614000
vt 0.500000 1.482270
vt 0.666590 1.482270
vt 0.500000 2.473820
vt 0.500000 2.547260
vt 0.333410 2.547260
vt 0.666590 1.973620
vt 0.500000 1.973620
vt 0.500000 1.656340
vt 0.666590 1.656340
vt 0.500000 2.291680
vt 0.333410 2.828560
vt 0.166830 2.828560
vt 0.333410 2.813210
vt 0.999760 4.830850
vt 0.999760 4.984440
vt 0.799850 4.984440
vt 0.799850 4.818840
vt 0.599950 3.689280
vt 0.599950 3.597620
vt 0.500000 2.532430
vt 0.333410 2.516800
vt 0.000240 3.986690
vt 0.166830 2.477670
vt 0.166830 2.501200
vt 0.000240 2.501200
vt 0.000240 2.477670
vt 0.400050 4.667610
vt 0.400050 4.578770
vt 0.500000 2.233790
vt 0.599950 3.827650
vt 0.166830 2.040920
vt 0.000240 2.040920
vt 0.500000 4.246380
vt 0.333410 4.246380
vt 0.333410 3.979470
vt 0.400050 4.733400
vt 0.400050 4.599060
vt 0.166830 1.186860
vt 0.166830 1.280750
vt 0.000240 1.280750
vt 0.000240 1.186860
vt 0.333410 1.973620
vt 0.333410 1.656340
vt 0.400050 3.549670
vt 0.200150 3.457350
vt 0.400050 3.439710
vt 0.000240 1.569460
vt 0.500000 2.508780
vt 0.500000 2.395940
vt 0.666590 2.417150
vt 0.400050 4.442330
vt 0.200150 4.442330
vt 0.599950 2.485970
vt 0.799850 2.595620
vt 0.400050 6.162350
vt 0.200150 6.077370
vt 0.400050 6.077370
vt 0.200150 1.535070
vt 0.200150 1.621080
vt 0.000240 1.632440
vt 0.000240 1.573300
vt 0.200150 5.879790
vt 0.000240 5.879790
vt 0.666590 5.671820
vt 0.000240 2.344170
vt 0.599950 4.949900
vt 0.000240 1.777960
vt 0.000240 1.765970
vt 0.166830 3.062100
vt 0.333410 3.029650
vt 0.166830 4.212530
vt 0.000240 3.378330
vt 0.000240 3.222990
vt 0.666590 1.777960
vt 0.833170 1.777960
vt 0.833170 1.765970
vt 0.999760 1.765970
vt 0.999760 1.777960
vt 0.000240 1.787000
vt 0.166830 1.787000
vt 0.500000 1.704510
vt 0.333410 1.704510
vt 0.200150 2.434280
vt 0.200150 2.312170
vt 0.500000 1.777960
vt 0.500000 1.787000
vt 0.666590 1.787000
vt 0.833170 1.787000
vt 0.999760 1.787000
vt 0.749880 3.867330
vt 0.999760 3.867330
vt 0.999760 4.051760
vt 0.799850 4.051760
vt 0.500000 1.794590
vt 0.666590 1.794590
vt 0.999760 3.443210
vt 0.799850 3.443210
vt 0.833170 1.794590
vt 0.999760 1.794590
vt 0.000240 1.794590
vt 0.166830 1.794590
vt 0.083540 2.544540
vt 0.333410 1.794590
vt 0.250120 2.544540
vt 0.416710 2.544540
vt 0.583290 2.544540
vt 0.749880 2.544540
vt 0.916460 2.544540
vt 0.166830 1.120540
vt 0.000240 1.119230
vt 0.000240 1.055510
vt 0.200150 6.880750
vt 0.200150 6.239550
vt 0.000240 6.239550
vt 0.666590 2.501200
vt 0.500000 2.501200
vt 0.666590 2.477670
vt 0.333410 1.681980
vt 0.166830 1.681980
vt 0.166830 1.669390
vt 0.333410 1.669390
vt 0.500000 3.783370
vt 0.200150 4.441950
vt 0.400050 4.441950
vt 0.833170 1.656340
vt 0.000240 2.918150
vt 0.999760 3.072420
vt 0.999760 3.064080
vt 0.999760 2.956040
vt 0.500000 2.150910
vt 0.500000 2.228040
vt 0.333410 2.150910
vt 0.599950 2.501600
vt 0.599950 2.231180
vt 0.833170 1.320070
vt 0.000240 4.405370
vt 0.500000 3.221260
vt 0.500000 3.276280
vt 0.333410 3.276280
vt 0.400050 2.494800
vt 0.666590 2.692890
vt 0.500000 2.692890
vt 0.500000 2.636640
vt 0.666590 2.636640
vt 0.799850 2.841180
vt 0.000240 4.334920
vt 0.000240 4.162890
vt 0.599950 1.951050
vt 0.599950 1.829680
vt 0.799850 1.839580
vt 0.166830 3.763350
vt 0.000240 4.212530
vt 0.000240 3.763350
vt 0.599950 2.685270
vt 0.599950 2.874310
vt 0.400050 2.685270
vt 0.999760 2.117080
vt 0.999760 2.344170
vt 0.799850 2.344170
vt 0.799850 2.117080
vt 0.599950 3.337840
vt 0.799850 3.342910
vt 0.400050 2.501600
vt 0.400050 2.231180
vt 0.999760 2.823910
vt 0.833170 2.823910
vt 0.833170 2.663970
vt 0.999760 2.663970
vt 0.166830 1.486240
vt 0.333410 1.490380
vt 0.166830 1.490380
vt 0.166830 1.303950
vt 0.666590 1.817290
vt 0.500000 1.911530
vt 0.666590 1.911530
vt 0.166830 2.472080
vt 0.000240 2.472080
vt 0.333410 2.222090
vt 0.166830 2.222090
vt 0.333410 2.051220
vt 0.833170 4.854600
vt 0.999760 4.854600
vt 0.166830 1.618780
vt 0.000240 1.618780
vt 0.000240 1.490380
vt 0.666590 2.736420
vt 0.500000 2.736420
vt 0.799850 4.162890
vt 0.400050 1.951050
vt 0.000240 2.564900
vt 0.599950 1.927530
vt 0.799850 1.933130
vt 0.333410 5.414690
vt 0.599950 2.514290
vt 0.666590 3.221260
vt 0.666590 2.564900
vt 0.666590 2.474430
vt 0.599950 4.265580
vt 0.799850 4.277830
vt 0.799850 3.217120
vt 0.599950 3.217120
vt 0.599950 3.152730
vt 0.799850 3.152730
vt 0.200150 2.501600
vt 0.200150 2.231180
vt 0.333410 2.769670
vt 0.333410 2.736420
vt 0.799850 2.657200
vt 0.599950 2.498240
vt 0.799850 2.498240
vt 0.666590 1.618780
vt 0.500000 1.618780
vt 0.666590 3.908910
vt 0.999760 2.058190
vt 0.833170 2.058190
vt 0.833170 1.947740
vt 0.999760 1.947740
vt 0.400050 4.616590
vt 0.500000 1.859160
vt 0.500000 1.965050
vt 0.500000 3.266110
vt 0.500000 5.669340
vt 0.500000 5.713670
vt 0.333410 5.669340
vt 0.200150 3.516850
vt 0.400050 3.386840
vt 0.999760 1.368080
vt 0.999760 3.351720
vt 0.833170 3.351720
vt 0.999760 3.319030
vt 0.833170 1.730140
vt 0.666590 1.730140
vt 0.500000 4.518340
vt 0.666590 4.518340
vt 0.166830 2.452480
vt 0.166830 2.410680
vt 0.333410 2.410680
vt 0.599950 4.208680
vt 0.599950 4.298570
vt 0.599950 5.789920
vt 0.500000 4.689350
vt 0.250120 4.492190
vt 0.500000 4.492190
vt 0.400050 2.890920
vt 0.200150 4.159570
vt 0.200150 4.189670
vt 0.000240 4.189670
vt 0.000240 4.159570
vt 0.333410 3.538500
vt 0.166830 3.557780
vt 0.000240 2.828560
vt 0.083540 3.814940
vt 0.250120 3.814940
vt 0.500000 2.828560
vt 0.416710 3.814940
vt 0.666590 2.828560
vt 0.583290 3.814940
vt 0.833170 2.828560
vt 0.749880 3.814940
vt 0.999760 2.828560
vt 0.916460 3.814940
vt 0.333410 6.454020
vt 0.000240 3.704000
vt 0.000240 3.623790
vt 0.599950 3.443210
vt 0.400050 3.443210
vt 0.500000 0.908130
vt 0.200150 6.462230
vt 0.200150 6.543910
vt 0.000240 6.543910
vt 0.000240 6.462230
vt 0.999760 0.978950
vt 0.999760 1.055510
vt 0.599950 3.927500
vt 0.200150 2.407750
vt 0.000240 2.491230
vt 0.000240 2.407750
vt 0.799850 5.134040
vt 0.599950 5.134040
vt 0.599950 4.868270
vt 0.799850 4.868270
vt 0.999760 1.489070
vt 0.799850 1.372320
vt 0.999760 4.843270
vt 0.999760 5.045130
vt 0.799850 4.843270
vt 0.599950 6.333310
vt 0.599950 6.462230
vt 0.400050 6.462230
vt 0.400050 6.333310
vt 0.200150 3.825060
vt 0.200150 3.487380
vt 0.400050 3.487380
vt 0.000240 3.844480
vt 0.000240 3.770670
vt 0.200150 5.253220
vt 0.000240 5.253220
vt 0.999760 1.951780
vt 0.999760 1.875830
vt 0.400050 5.253220
vt 0.999760 5.924590
vt 0.999760 2.370700
vt 0.833170 2.370700
vt 0.999760 2.312700
vt 0.999760 2.040920
vt 0.833170 2.040920
vt 0.999760 1.965050
vt 0.000240 3.958100
vt 0.599950 3.762500
vt 0.599950 3.844480
vt 0.666590 4.524490
vt 0.500000 4.524490
vt 0.666590 4.212530
vt 0.166830 1.358740
vt 0.599950 4.022560
vt 0.166830 3.686810
vt 0.749880 2.704760
vt 0.999760 2.704760
vt 0.333410 1.112720
vt 0.799850 2.944970
vt 0.599950 2.944970
vt 0.166830 2.547260
vt 0.166830 2.595210
vt 0.000240 2.595210
vt 0.000240 2.547260
vt 0.666590 3.966440
vt 0.599950 5.782010
vt 0.599950 5.370270
vt 0.799850 5.370270
vt 0.999760 2.343790
vt 0.833170 2.343790
vt 0.833170 2.291680
vt 0.999760 2.291680
vt 0.999760 6.162350
vt 0.999760 6.242660
vt 0.999760 3.552600
vt 0.999760 3.728050
vt 0.799850 3.728050
vt 0.799850 3.552600
vt 0.999760 4.748510
vt 0.999760 4.807400
vt 0.799850 4.807400
vt 0.799850 4.748510
vt 0.666590 5.597790
vt 0.599950 2.344170
vt 0.500000 1.631240
vt 0.333410 1.631240
vt 0.500000 2.638980
vt 0.500000 2.393180
vt 0.166830 1.482270
vt 0.000240 1.614000
vt 0.000240 1.482270
vt 0.333410 2.055350
vt 0.333410 1.951780
vt 0.400050 3.808290
vt 0.200150 3.808290
vt 0.200150 3.669820
vt 0.400050 3.669820
vt 0.400050 2.599220
vt 0.400050 2.573010
vt 0.500000 2.910700
vt 0.000240 1.798680
vt 0.874820 1.363200
vt 0.749880 1.363200
vt 0.250120 3.590490
vt 0.000240 3.767510
vt 0.000240 3.608210
vt 0.833170 1.593380
vt 0.833170 1.631240
vt 0.666590 1.631240
vt 0.000240 1.758550
vt 0.666590 2.040920
vt 0.999760 1.675760
vt 0.666590 2.343790
vt 0.666590 2.291680
vt 0.200150 5.003010
vt 0.000240 5.003010
vt 0.333410 2.706200
vt 0.166830 2.706200
vt 0.166830 2.688200
vt 0.333410 2.688200
vt 0.166830 4.982430
vt 0.400050 3.180120
vt 0.833170 2.516800
vt 0.666590 2.532430
vt 0.666590 2.516800
vt 0.333410 1.652790
vt 0.000240 4.871260
vt 0.000240 4.685700
vt 0.999760 2.410680
vt 0.833170 2.410680
vt 0.999760 1.786670
vt 0.999760 1.973460
vt 0.799850 1.973460
vt 0.000240 1.669390
vt 0.500000 1.669390
vt 0.500000 1.681980
vt 0.833170 3.871500
vt 0.666590 3.871500
vt 0.250120 2.452570
vt 0.000240 2.452570
vt 0.333410 3.662160
vt 0.200150 1.681720
vt 0.000240 1.724500
vt 0.000240 1.611990
vt 0.999760 2.573010
vt 0.999760 2.599220
vt 0.799850 2.599220
vt 0.999760 2.620630
vt 0.799850 2.620630
vt 0.999760 4.197620
vt 0.999760 4.206830
vt 0.799850 4.206830
vt 0.799850 4.197620
vt 0.000240 1.701700
vt 0.437530 0.515020
vt 0.333410 1.701700
vt 0.333410 1.692560
vt 0.500000 1.701700
vt 0.500000 1.692560
vt 0.666590 1.692560
vt 0.666590 1.701700
vt 0.999760 1.573300
vt 0.083540 2.733570
vt 0.250120 2.733570
vt 0.416710 2.733570
vt 0.583290 2.733570
vt 0.833170 1.701700
vt 0.749880 2.733570
vt 0.999760 1.701700
vt 0.916460 2.733570
vt 0.000240 3.489740
vt 0.000240 3.383600
vt 0.833170 5.288930
vt 0.833170 5.316380
vt 0.666590 5.316380
vt 0.666590 5.288930
vt 0.799850 2.225200
vt 0.599950 2.225200
vt 0.599950 2.081370
vt 0.799850 2.081370
vt 0.999760 2.846390
vt 0.999760 2.254070
vt 0.999760 2.241550
vt 0.125180 1.200000
vt 0.166830 6.568140
vt 0.166830 6.605130
vt 0.000240 6.605130
vt 0.000240 6.568140
vt 0.250120 5.198560
vt 0.000240 5.198560
vt 0.666590 3.526960
vt 0.500000 3.525830
vt 0.250120 4.913290
vt 0.000240 4.913290
vt 0.999760 3.767510
vt 0.749880 3.767510
vt 0.999760 3.608210
vt 0.400050 5.782010
vt 0.400050 5.370270
vt 0.200150 4.819580
vt 0.000240 4.830850
vt 0.333410 2.775970
vt 0.833170 1.303950
vt 0.833170 1.490380
vt 0.666590 2.663970
vt 0.500000 2.663970
vt 0.500000 2.472080
vt 0.166830 2.692890
vt 0.000240 2.692890
vt 0.000240 2.636640
vt 0.000240 3.909190
vt 0.333410 1.848030
vt 0.333410 1.753410
vt 0.999760 2.871260
vt 0.999760 2.638980
vt 0.599950 2.985570
vt 0.166830 3.000170
vt 0.166830 2.775970
vt 0.200150 1.951050
vt 0.000240 2.231180
vt 0.000240 1.951050
vt 0.333410 2.124050
vt 0.333410 1.928970
vt 0.200150 2.795380
vt 0.000240 2.795380
vt 0.000240 3.221260
vt 0.500000 2.564900
vt 0.833170 1.817290
vt 0.999760 3.819870
vt 0.799850 3.819870
vt 0.166830 2.769670
vt 0.000240 2.769670
vt 0.400050 3.268270
vt 0.200150 3.268270
vt 0.200150 3.072420
vt 0.333410 1.618780
vt 0.999760 3.276280
vt 0.000240 3.217120
vt 0.000240 3.152730
vt 0.000240 2.473820
vt 0.666590 5.669340
vt 0.500000 5.597790
vt 0.333410 3.642740
vt 0.999760 1.553440
vt 0.166830 2.736420
vt 0.000240 2.736420
vt 0.333410 5.597790
vt 0.833170 3.459480
vt 0.833170 3.543210
vt 0.599950 4.807400
vt 0.200150 3.883710
vt 0.400050 3.883710
vt 0.200150 6.056050
vt 0.400050 6.056050
vt 0.000240 3.000170
vt 0.333410 2.663970
vt 0.333410 2.472080
vt 0.500000 3.966440
vt 0.999760 2.657200
vt 0.999760 2.750600
vt 0.799850 2.750600
vt 0.400050 4.484460
vt 0.000240 2.061230
vt 0.500000 2.688200
vt 0.333410 2.667210
vt 0.000240 1.368080
vt 0.999760 2.841180
vt 0.999760 3.117860
vt 0.999760 4.296600
vt 0.799850 4.296600
vt 0.599950 5.667210
vt 0.599950 5.802680
vt 0.400050 5.802680
vt 0.400050 5.667210
vt 0.666590 2.228040
vt 0.200150 4.111010
vt 0.200150 4.003230
vt 0.666590 1.549600
vt 0.799850 6.543910
vt 0.200150 3.322640
vt 0.000240 3.489700
vt 0.000240 3.407000
vt 0.000240 2.102380
vt 0.083540 3.204360
vt 0.250120 3.204360
vt 0.500000 2.102380
vt 0.416710 3.204360
vt 0.666590 2.102380
vt 0.583290 3.204360
vt 0.833170 2.102380
vt 0.749880 3.204360
vt 0.999760 2.102380
vt 0.916460 3.204360
vt 0.200150 4.772710
vt 0.200150 4.833310
vt 0.000240 4.833310
vt 0.000240 4.772710
vt 0.999760 3.969460
vt 0.999760 4.060510
vt 0.799850 4.060510
vt 0.999760 2.081370
vt 0.999760 2.225200
vt 0.749880 3.007210
vt 0.999760 3.038410
vt 0.200150 2.145930
vt 0.000240 2.286070
vt 0.000240 2.145930
vt 0.000240 0.966940
vt 0.999760 3.585030
vt 0.799850 3.585030
vt 0.166830 1.802990
vt 0.166830 1.877790
vt 0.000240 1.875830
vt 0.000240 1.800550
vt 0.166830 1.672250
vt 0.666590 2.473820
vt 0.999760 1.859160
vt 0.999760 1.758550
vt 0.333410 4.004540
vt 0.333410 3.966440
vt 0.599950 3.251770
vt 0.400050 3.251770
vt 0.400050 4.678540
vt 0.200150 4.678540
vt 0.200150 4.574000
vt 0.400050 4.574000
vt 0.999760 3.567610
vt 0.999760 3.674890
vt 0.799850 1.803880
vt 0.999760 1.051520
vt 0.999760 0.966940
vt 0.999760 3.152730
vt 0.999760 3.217120
vt 0.999760 1.656340
vt 0.599950 5.520360
vt 0.166830 2.312700
vt 0.200150 3.723340
vt 0.200150 3.819870
vt 0.000240 3.819870
vt 0.000240 3.723340
vt 0.333410 1.482270
vt 0.000240 3.089450
vt 0.599950 1.767050
vt 0.599950 1.882070
vt 0.500000 4.004540
vt 0.666590 4.004540
vt 0.999760 1.911530
vt 0.833170 1.911530
vt 0.833170 1.848030
vt 0.999760 1.848030
vt 0.666590 6.266810
vt 0.000240 4.512370
vt 0.999760 3.783370
vt 0.833170 3.783370
vt 0.833170 3.745200
vt 0.999760 3.745200
vt 0.333410 1.125800
vt 0.166830 1.125800
vt 0.166830 1.252350
vt 0.000240 1.358740
vt 0.000240 1.252350
vt 0.400050 1.827440
vt 0.999760 2.835640
vt 0.749880 4.492190
vt 0.749880 4.689350
vt 0.200150 3.113170
vt 0.000240 3.487380
vt 0.000240 3.113170
vt 0.999760 4.162890
vt 0.200150 5.782010
vt 0.599950 3.386840
vt 0.400050 3.301100
vt 0.200150 2.324000
vt 0.000240 2.324000
vt 0.000240 2.197330
vt 0.599950 2.117080
vt 0.500000 3.935680
vt 0.833170 1.614000
vt 0.666590 3.000600
vt 0.200150 3.612020
vt 0.200150 3.459000
vt 0.200150 3.945670
vt 0.000240 3.945670
vt 0.000240 3.808290
vt 0.500000 1.051520
vt 0.500000 0.968890
vt 0.166830 3.129090
vt 0.166830 3.310120
vt 0.000240 3.310120
vt 0.000240 3.129090
vt 0.999760 2.736420
vt 0.833170 2.736420
vt 0.833170 2.145210
vt 0.999760 2.145210
vt 0.799850 2.352190
vt 0.799850 4.058390
vt 0.166830 3.662160
vt 0.999760 3.820380
vt 0.833170 3.820380
vt 0.500000 5.752530
vt 0.833170 2.925430
vt 0.666590 2.926030
vt 0.749880 2.452570
vt 0.999760 2.452570
vt 0.333410 2.501200
vt 0.799850 2.974060
vt 0.599950 2.974060
vt 0.000240 2.706200
vt 0.083540 4.183850
vt 0.250120 4.183850
vt 0.500000 2.706200
vt 0.416710 4.183850
vt 0.666590 2.706200
vt 0.583290 4.183850
vt 0.833170 2.706200
vt 0.749880 4.183850
vt 0.999760 2.706200
vt 0.916460 4.183850
vt 0.000240 1.737940
vt 0.000240 1.674220
vt 0.200150 1.703500
vt 0.200150 1.600170
vt 0.400050 1.497060
vt 0.400050 1.656530
vt 0.999760 2.055350
vt 0.999760 1.737940
vt 0.999760 1.674220
vt 0.400050 2.638830
vt 0.400050 2.620630
vt 0.200150 2.887350
vt 0.200150 3.048140
vt 0.000240 3.048140
vt 0.000240 2.887350
vt 0.400050 2.699390
vt 0.166830 1.664370
vt 0.000240 1.664370
vt 0.000240 1.486240
vt 0.799850 6.224040
vt 0.699900 10.709620
vt 0.599950 6.224040
vt 0.599950 2.145930
vt 0.400050 2.145930
vt 0.500000 1.758550
vt 0.200150 1.740080
vt 0.200150 1.839090
vt 0.000240 1.849790
vt 0.000240 1.776150
vt 0.500000 2.516800
vt 0.500000 3.319030
vt 0.333410 3.319030
vt 0.999760 3.251770
vt 0.999760 3.280510
vt 0.799850 3.280510
vt 0.799850 3.251770
vt 0.000240 3.669820
vt 0.999760 3.906390
vt 0.999760 3.854420
vt 0.833170 3.504240
vt 0.999760 2.472080
vt 0.666590 2.370700
vt 0.799850 4.972550
vt 0.599950 4.853010
vt 0.799850 4.911510
vt 0.999760 5.253220
vt 0.799850 5.253220
vt 0.999760 3.763350
vt 0.833170 3.763350
vt 0.833170 3.355050
vt 0.999760 3.355050
vt 0.166830 5.525310
vt 0.000240 5.525310
vt 0.599950 3.237030
vt 0.999760 3.686810
vt 0.833170 3.686810
vt 0.833170 3.622530
vt 0.999760 3.622530
vt 0.200150 3.765380
vt 0.000240 3.765580
vt 0.000240 5.782010
vt 0.400050 3.791120
vt 0.200150 3.791120
vt 0.200150 3.710330
vt 0.666590 3.763350
vt 0.000240 1.447680
vt 0.166830 1.704510
vt 0.000240 1.730140
vt 0.000240 1.704510
vt 0.400050 3.113170
vt 0.999760 4.833310
vt 0.333410 1.787000
vt 0.166830 2.667210
vt 0.999760 2.890920
vt 0.999760 2.944970
vt 0.999760 4.689350
vt 0.999760 4.492190
vt 0.999760 2.974060
vt 0.999760 2.998180
vt 0.799850 2.998180
vt 0.999760 3.765580
vt 0.999760 3.830310
vt 0.400050 3.237030
vt 0.400050 2.961390
vt 0.999760 6.266810
vt 0.833170 6.266810
vt 0.999760 6.094420
vt 0.500000 3.322230
vt 0.500000 5.153100
vt 0.500000 5.220330
vt 0.333410 5.220330
vt 0.999760 6.525320
vt 0.999760 6.454020
vt 0.999760 2.088540
vt 0.166830 3.979470
vt 0.000240 3.979470
vt 0.000240 3.662160
vt 0.599950 2.318870
vt 0.200150 3.953870
vt 0.400050 3.927920
vt 0.000240 3.018850
vt 0.100200 4.618940
vt 0.300100 4.618940
vt 0.599950 3.018850
vt 0.500000 4.618940
vt 0.799850 3.018850
vt 0.699900 4.618940
vt 0.999760 3.018850
vt 0.899800 4.618940
vt 0.000240 1.514580
vt 0.200150 1.421600
vt 0.400050 1.345100
vt 0.400050 1.497500
vt 0.200150 4.529710
vt 0.200150 4.692450
vt 0.000240 4.735070
vt 0.000240 4.638830
vt 0.333410 4.518340
vt 0.799850 1.465180
vt 0.999760 1.514580
vt 0.999760 6.543910
vt 0.999760 3.048140
vt 0.999760 3.195250
vt 0.799850 3.048140
vt 0.799850 3.461220
vt 0.599950 3.461220
vt 0.749880 2.882780
vt 0.999760 2.929410
vt 0.999760 4.088420
vt 0.874820 0.889760
vt 0.874820 1.053570
vt 0.749880 1.053570
vt 0.749880 0.889760
vt 0.999760 4.097760
vt 0.749880 2.619780
vt 0.500000 2.586660
vt 0.166830 4.373790
vt 0.166830 4.264030
vt 0.000240 4.892700
vt 0.500000 5.671820
vt 0.333410 5.924590
vt 0.333410 5.671820
vt 0.400050 1.893830
vt 0.400050 1.712670
vt 0.000240 1.303950
vt 0.500000 2.243650
vt 0.333410 2.243650
vt 0.000240 4.678540
vt 0.999760 1.631240
vt 0.999760 1.593380
vt 0.000240 3.942750
vt 0.599950 2.324000
vt 0.400050 2.324000
vt 0.833170 1.559790
vt 0.400050 6.795130
vt 0.833170 3.513510
vt 0.999760 3.378330
vt 0.833170 3.378330
vt 0.833170 3.222990
vt 0.999760 3.222990
vt 0.333410 1.280750
vt 0.333410 1.186860
vt 0.599950 5.253220
vt 0.999760 2.061230
vt 0.999760 2.197330
vt 0.200150 5.289870
vt 0.000240 5.011060
vt 0.000240 4.743260
vt 0.400050 3.390090
vt 0.999760 2.661740
vt 0.166830 4.246380
vt 0.166830 4.506830
vt 0.000240 4.506830
vt 0.000240 4.246380
vt 0.166830 4.518340
vt 0.200150 6.326780
vt 0.000240 6.326780
vt 0.000240 6.288340
vt 0.599950 3.585030
vt 0.400050 3.585030
vt 0.333410 6.568140
vt 0.166830 6.525320
vt 0.333410 6.525320
vt 0.200150 5.517790
vt 0.000240 5.517790
vt 0.000240 5.456140
vt 0.200150 5.341620
vt 0.200150 5.409890
vt 0.000240 5.409890
vt 0.000240 5.341620
vt 0.375060 0.219680
vt 0.400050 5.517790
vt 0.333410 3.871500
vt 0.166830 3.871500
vt 0.999760 2.638940
vt 0.799850 2.638940
vt 0.200150 4.945620
vt 0.400050 4.923050
vt 0.999760 3.407000
vt 0.999760 3.489700
vt 0.999760 2.467690
vt 0.799850 2.467690
vt 0.599950 2.638830
vt 0.599950 2.620630
vt 0.799850 2.638830
vt 0.200150 2.768620
vt 0.200150 2.696750
vt 0.100200 4.081280
vt 0.300100 4.081280
vt 0.500000 4.081280
vt 0.699900 4.081280
vt 0.999760 2.638830
vt 0.899800 4.081280
vt 0.599950 4.164290
vt 0.599950 4.181450
vt 0.400050 4.181450
vt 0.999760 2.722480
vt 0.799850 2.722480
vt 0.400050 6.326780
vt 0.999760 1.566030
vt 0.999760 4.361290
vt 0.999760 3.113170
vt 0.999760 3.487380
vt 0.400050 6.183540
vt 0.400050 6.077730
vt 0.599950 4.137180
vt 0.599950 4.106250
vt 0.666590 5.220330
vt 0.666590 5.153100
vt 0.400050 4.915750
vt 0.200150 4.915750
vt 0.999760 5.003010
vt 0.999760 5.289870
vt 0.799850 5.003010
vt 0.000240 6.077370
vt 0.599950 3.791120
vt 0.400050 3.844530
vt 0.666590 3.745200
vt 0.666590 3.686810
vt 0.599950 4.197620
vt 0.250120 5.681220
vt 0.250120 5.817840
vt 0.000240 5.817840
vt 0.000240 5.681220
vt 0.400050 5.879790
vt 0.200150 5.783560
vt 0.400050 5.783560
vt 0.166830 2.241550
vt 0.166830 2.227260
vt 0.599950 4.891970
vt 0.400050 4.891970
vt 0.200150 4.022550
vt 0.999760 6.077370
vt 0.799850 3.827650
vt 0.599950 4.159570
vt 0.599950 4.189670
vt 0.400050 4.189670
vt 0.400050 4.159570
vt 0.400050 3.949990
vt 0.500000 1.652790
vt 0.999760 3.970380
vt 0.799850 3.970380
vt 0.999760 1.924250
vt 0.799850 1.924250
vt 0.599950 5.887610
vt 0.400050 5.887610
vt 0.400050 2.518050
vt 0.599950 2.323480
vt 0.000240 2.088540
vt 0.400050 3.405770
vt 0.250120 4.247320
vt 0.000240 4.247320
vt 0.000240 3.893570
vt 0.799850 4.749980
vt 0.599950 4.727090
vt 0.599950 4.618260
vt 0.799850 4.675470
vt 0.599950 6.326780
vt 0.166830 2.204210
vt 0.375060 1.569460
vt 0.375060 1.757260
vt 0.250120 1.757260
vt 0.200150 2.402980
vt 0.000240 2.402980
vt 0.000240 5.289870
vt 0.200150 4.004810
vt 0.000240 4.004810
vt 0.200150 4.052210
vt 0.500000 0.873800
vt 0.500000 0.768550
vt 0.599950 2.998180
vt 0.833170 5.153100
vt 0.599950 5.341620
vt 0.599950 5.409890
vt 0.400050 5.409890
vt 0.400050 5.341620
vt 0.999760 2.367630
vt 0.999760 2.444810
vt 0.400050 2.808230
vt 0.200150 2.825840
vt 0.200150 6.183540
vt 0.000240 5.476360
vt 0.000240 5.446590
vt 0.599950 1.381560
vt 0.400050 2.638940
vt 0.200150 2.638940
vt 0.200150 2.533800
vt 0.599950 2.740010
vt 0.599950 2.721360
vt 0.799850 2.721360
vt 0.000240 1.566030
vt 0.100200 4.249950
vt 0.300100 4.249950
vt 0.500000 4.249950
vt 0.799850 2.740010
vt 0.999760 2.740010
vt 0.899800 4.249950
vt 0.000240 2.316940
vt 0.000240 2.271850
vt 0.200150 2.271840
vt 0.200150 2.163940
vt 0.400050 2.072910
vt 0.799850 2.145930
vt 0.999760 2.316940
vt 0.999760 2.271850
vt 0.000240 3.512280
vt 0.200150 2.353960
vt 0.000240 2.367630
vt 0.999760 6.688180
vt 0.799850 6.688180
vt 0.999760 5.370270
vt 0.400050 2.407750
vt 0.000240 1.363200
vt 0.000240 1.200000
vt 0.624940 1.200000
vt 0.624940 1.363200
vt 0.599950 5.366510
vt 0.599950 5.289040
vt 0.799850 5.330940
vt 0.666590 2.410680
vt 0.500000 2.410680
vt 0.000240 3.428300
vt 0.500000 4.809540
vt 0.999760 5.220330
vt 0.833170 5.220330
vt 0.999760 5.153100
vt 0.799850 4.462820
vt 0.799850 4.444810
vt 0.999760 5.783560
vt 0.999760 5.879790
vt 0.799850 5.879790
vt 0.799850 5.783560
vt 0.999760 3.662160
vt 0.400050 5.163670
vt 0.599950 5.922310
vt 0.400050 5.922310
vt 0.999760 3.098170
vt 0.833170 3.068850
vt 0.833170 2.933910
vt 0.999760 3.001100
vt 0.599950 2.638940
vt 0.599950 4.425540
vt 0.400050 4.425540
vt 0.500000 2.452570
vt 0.624940 1.053570
vt 0.500000 2.964120
vt 0.599950 4.923050
vt 0.999760 1.692560
vt 0.833170 1.692560
vt 0.833170 1.681980
vt 0.999760 1.681980
vt 0.333410 5.257400
vt 0.999760 0.883160
vt 0.400050 3.966720
vt 0.000240 3.197990
vt 0.000240 3.098170
vt 0.999760 5.198560
vt 0.749880 5.198560
vt 0.999760 5.011060
vt 0.200150 4.181450
vt 0.799850 3.347610
vt 0.599950 3.347610
vt 0.799850 6.462230
vt 0.000240 4.647630
vt 0.200150 2.588380
vt 0.200150 2.502570
vt 0.799850 5.579240
vt 0.999760 4.989110
vt 0.999760 5.076970
vt 0.799850 5.076970
vt 0.799850 2.699390
vt 0.599950 2.699390
vt 0.599950 2.672460
vt 0.500000 5.407780
vt 0.500000 5.325420
vt 0.833170 4.685700
vt 0.999760 5.409890
vt 0.599950 6.030550
vt 0.599950 6.057930
vt 0.400050 6.057930
vt 0.599950 3.390090
vt 0.799850 3.390090
vt 0.599950 3.414170
vt 0.500000 2.786180
vt 0.333410 2.805280
vt 0.333410 6.605130
vt 0.200150 3.414170
vt 0.400050 3.414170
vt 0.200150 3.434410
vt 0.400050 6.688180
vt 0.400050 3.434410
vt 0.599950 3.434410
vt 0.999760 3.378740
vt 0.000240 3.434410
vt 0.100200 5.581870
vt 0.500000 5.581870
vt 0.699900 5.581870
vt 0.899800 5.581870
vt 0.000240 2.241470
vt 0.500000 3.871500
vt 0.166830 1.715550
vt 0.000240 1.708930
vt 0.999760 2.241470
vt 0.333410 1.780710
vt 0.333410 1.658310
vt 0.624940 0.515020
vt 0.400050 5.134040
vt 0.200150 5.134040
vt 0.200150 4.868270
vt 0.400050 4.868270
vt 0.200150 3.859900
vt 0.000240 3.969460
vt 0.000240 3.909500
vt 0.799850 4.647630
vt 0.599950 4.647630
vt 0.599950 4.359120
vt 0.799850 4.359120
vt 0.624940 1.569460
vt 0.500000 1.757260
vt 0.500000 1.569460
vt 0.200150 4.444810
vt 0.200150 4.425540
vt 0.166830 3.820380
vt 0.000240 3.820380
vt 0.000240 3.783370
vt 0.166830 2.437040
vt 0.000240 2.459960
vt 0.599950 3.004150
vt 0.500000 5.257400
vt 0.799850 2.797790
vt 0.999760 1.798680
vt 0.799850 1.781410
vt 0.200150 5.802680
vt 0.200150 5.922310
vt 0.000240 5.922310
vt 0.000240 5.802680
vt 0.200150 5.667210
vt 0.999760 0.321580
vt 0.999760 0.219680
vt 0.799850 6.166560
vt 0.699900 11.454730
vt 0.599950 6.166560
vt 0.000240 2.533800
vt 0.599950 2.599220
vt 0.000240 4.361290
vt 0.000240 0.685820
vt 0.400050 3.543960
vt 0.300100 6.236720
vt 0.400050 3.529800
vt 0.999760 5.998210
vt 0.799850 5.998210
vt 0.000240 2.846390
vt 0.000240 2.797790
vt 0.200150 2.846390
vt 0.200150 2.797790
vt 0.999760 2.797790
vt 0.400050 2.918240
vt 0.799850 5.341620
vt 0.400050 4.731050
vt 0.400050 4.609100
vt 0.799850 4.077170
vt 0.599950 2.918240
vt 0.200150 2.467690
vt 0.699900 4.249950
vt 0.999760 3.483910
vt 0.833170 3.354890
vt 0.999760 3.392480
vt 0.400050 2.936230
vt 0.599950 2.936230
vt 0.799850 2.936230
vt 0.999760 2.936230
vt 0.400050 3.804860
vt 0.400050 2.949960
vt 0.599950 2.949960
vt 0.799850 2.949960
vt 0.999760 2.949960
vt 0.400050 2.961150
vt 0.599950 2.961150
vt 0.799850 2.961150
vt 0.999760 2.961150
vt 0.100200 5.199410
vt 0.500000 5.199410
vt 0.699900 5.199410
vt 0.899800 5.199410
vt 0.000240 1.780240
vt 0.599950 5.271520
vt 0.799850 5.271520
vt 0.333410 5.316380
vt 0.166830 5.316380
vt 0.333410 5.288930
vt 0.599950 1.678250
vt 0.599950 1.770630
vt 0.799850 1.814770
vt 0.799850 1.763100
vt 0.999760 1.828020
vt 0.999760 1.780240
vt 0.799850 3.992080
vt 0.599950 3.992080
vt 0.599950 1.839610
vt 0.333410 2.045900
vt 0.166830 2.045900
vt 0.799850 1.859500
vt 0.999760 1.870890
vt 0.000240 1.829320
vt 0.000240 4.003230
vt 0.500000 5.288930
vt 0.666590 5.257400
vt 0.000240 3.195250
vt 0.874820 1.200000
vt 0.749880 1.200000
vt 0.000240 6.069970
vt 0.000240 5.998210
vt 0.166830 2.516800
vt 0.000240 2.516800
vt 0.000240 2.318870
vt 0.000240 2.225200
vt 0.500000 5.316380
vt 0.200150 3.385160
vt 0.000240 2.502570
vt 0.000240 2.416400
vt 0.999760 4.214580
vt 0.799850 4.214580
vt 0.000240 6.167390
vt 0.000240 6.129310
vt 0.000240 6.132770
vt 0.000240 2.467690
vt 0.799850 2.502940
vt 0.799850 3.479250
vt 0.999760 2.502940
vt 0.999760 0.141260
vt 0.999760 3.476440
vt 0.666590 3.450730
vt 0.999760 2.791740
vt 0.400050 2.552290
vt 0.599950 2.552290
vt 0.200150 2.566050
vt 0.000240 3.479250
vt 0.400050 2.566050
vt 0.999760 2.566050
vt 0.000240 2.566050
vt 0.100200 4.299340
vt 0.500000 4.299340
vt 0.899800 4.299340
vt 0.400050 2.974060
vt 0.200150 2.974060
vt 0.200150 2.944970
vt 0.400050 2.944970
vt 0.599950 4.773100
vt 0.999760 4.545160
vt 0.999760 4.623380
vt 0.812350 0.414970
vt 0.799850 4.043570
vt 0.599950 4.043570
vt 0.500000 0.649350
vt 0.333410 0.863860
vt 0.333410 0.700270
vt 0.599950 2.491230
vt 0.599950 4.060510
vt 0.833170 1.252350
vt 0.400050 4.711440
vt 0.500000 2.420010
vt 0.666590 2.420010
vt 0.200150 2.535540
vt 0.000240 3.310520
vt 0.000240 2.688200
vt 0.000240 2.667210
vt 0.500000 1.440410
vt 0.500000 1.368080
vt 0.999760 1.490380
vt 0.400050 5.942990
vt 0.000240 1.965050
vt 0.000240 6.525320
vt 0.999760 3.513510
vt 0.999760 3.407310
vt 0.999760 2.667210
vt 0.833170 2.641950
vt 0.999760 2.641950
vt 0.000240 5.752530
vt 0.000240 5.713670
vt 0.000240 4.058390
vt 0.000240 3.825060
vt 0.999760 4.667610
vt 0.333410 2.420010
vt 0.599950 4.748510
vt 0.400050 4.748510
vt 0.000240 1.440410
vt 0.000240 3.802780
vt 0.000240 4.852540
vt 0.749880 4.247320
vt 0.500000 4.247320
vt 0.200150 2.612560
vt 0.000240 2.612560
vt 0.166830 3.854420
vt 0.000240 3.854420
vt 0.500000 1.582360
vt 0.333410 4.042650
vt 0.500000 2.160090
vt 0.200150 4.346030
vt 0.200150 4.394850
vt 0.000240 4.394850
vt 0.000240 4.346030
vt 0.400050 4.984440
vt 0.599950 3.883710
vt 0.400050 2.327860
vt 0.999760 4.247320
vt 0.999760 3.893570
vt 0.999760 2.145930
vt 0.999760 5.673910
vt 0.799850 5.673910
vt 0.999760 1.928970
vt 0.833170 2.395920
vt 0.666590 2.389970
vt 0.666590 2.293810
vt 0.599950 2.407750
vt 0.400050 2.661740
vt 0.000240 2.227260
vt 0.500000 3.125190
vt 0.200150 4.197620
vt 0.000240 4.197620
vt 0.000240 4.181450
vt 0.000240 2.254070
vt 0.000240 2.241550
vt 0.166830 2.254070
vt 0.666590 3.783370
vt 0.599950 5.997980
vt 0.999760 4.638830
vt 0.999760 4.735070
vt 0.799850 4.710270
vt 0.799850 4.582670
vt 0.083540 3.530200
vt 0.333410 2.254070
vt 0.250120 3.530200
vt 0.500000 2.254070
vt 0.416710 3.530200
vt 0.583290 3.530200
vt 0.749880 3.530200
vt 0.916460 3.530200
vt 0.500000 2.121500
vt 0.666590 2.179160
vt 0.200150 1.611190
vt 0.400050 1.563820
vt 0.400050 1.716760
vt 0.666590 2.834070
vt 0.166830 1.032830
vt 0.000240 1.028870
vt 0.000240 2.393180
vt 0.599950 3.819870
vt 0.000240 2.180840
vt 0.599950 4.984440
vt 0.599950 3.086870
vt 0.500000 2.871260
vt 0.333410 2.871260
vt 0.000240 2.222090
vt 0.166830 2.243650
vt 0.000240 2.243650
vt 0.166830 2.641950
vt 0.666590 2.393180
vt 0.400050 3.819870
vt 0.400050 3.723340
vt 0.000240 3.459000
vt 0.000240 3.268270
vt 0.666590 1.848030
vt 0.500000 1.848030
vt 0.500000 1.753410
vt 0.666590 1.753410
vt 0.000240 2.501600
vt 0.999760 3.504240
vt 0.166830 2.871260
vt 0.000240 2.871260
vt 0.999760 3.909190
vt 0.333410 2.692890
vt 0.166830 1.726240
vt 0.333410 1.726240
vt 0.799850 3.386840
vt 0.599950 5.517790
vt 0.599950 5.431250
vt 0.000240 2.641950
vt 0.166830 1.402550
vt 0.833170 2.092430
vt 0.666590 2.092430
vt 0.666590 3.820380
vt 0.100200 4.926050
vt 0.300100 4.926050
vt 0.500000 4.926050
vt 0.799850 3.305130
vt 0.699900 4.926050
vt 0.999760 3.305130
vt 0.899800 4.926050
vt 0.999760 3.558700
vt 0.000240 2.775970
vt 0.000240 2.513050
vt 0.000240 1.750310
vt 0.999760 4.982870
vt 0.000240 2.408310
vt 0.200150 6.009890
vt 0.999760 5.579240
vt 0.999760 3.840460
vt 0.000240 3.072420
vt 0.500000 2.704760
vt 0.599950 4.865790
vt 0.599950 4.833350
vt 0.000240 4.982870
vt 0.999760 4.444810
vt 0.999760 4.462820
vt 0.166830 2.058190
vt 0.000240 2.058190
vt 0.166830 3.351720
vt 0.000240 3.351720
vt 0.500000 6.525320
vt 0.333410 1.252350
vt 0.200150 3.951420
vt 0.200150 3.850690
vt 0.000240 4.574000
vt 0.400050 5.673910
vt 0.999760 2.498240
vt 0.999760 2.420010
vt 0.833170 2.420010
vt 0.833170 2.386080
vt 0.999760 2.386080
vt 0.599950 1.736430
vt 0.599950 1.625650
vt 0.999760 3.980420
vt 0.400050 2.444810
vt 0.999760 1.750310
vt 0.833170 1.750310
vt 0.999760 1.730140
vt 0.166830 2.370700
vt 0.400050 3.830310
vt 0.400050 3.758330
vt 0.599950 3.669820
vt 0.599950 3.808290
vt 0.333410 1.911530
vt 0.599950 4.394850
vt 0.400050 3.945670
vt 0.000240 4.040150
vt 0.999760 3.935680
vt 0.000240 2.370700
vt 0.000240 2.312700
vt 0.599950 3.945670
vt 0.833170 0.998270
vt 0.999760 1.893830
vt 0.000240 2.588380
vt 0.000240 1.859160
vt 0.100200 6.423300
vt 0.300100 6.423300
vt 0.500000 6.423300
vt 0.799850 4.189670
vt 0.699900 6.423300
vt 0.999760 4.189670
vt 0.899800 6.423300
vt 0.000240 2.707850
vt 0.000240 2.659430
vt 0.200150 2.554920
vt 0.400050 2.438520
vt 0.999760 2.707850
vt 0.999760 2.659430
vt 0.000240 2.757250
vt 0.999760 5.134040
vt 0.999760 5.379650
vt 0.799850 5.379650
vt 0.000240 3.992080
vt 0.000240 3.980420
vt 0.999760 3.312430
vt 0.999760 3.386840
vt 0.500000 3.028340
vt 0.166830 2.343790
vt 0.999760 3.986690
vt 0.333410 3.351720
vt 0.999760 2.393180
vt 0.833170 2.393180
vt 0.000240 2.257340
vt 0.999760 2.537760
vt 0.999760 4.733400
vt 0.400050 1.603210
vt 0.666590 1.681980
vt 0.666590 1.669390
vt 0.000240 2.998180
vt 0.000240 2.974060
vt 0.000240 2.343790
vt 0.000240 3.840460
vt 0.000240 3.827650
vt 0.200150 3.844530
vt 0.000240 3.844530
vt 0.000240 3.791120
vt 0.166830 2.072530
vt 0.000240 2.072530
vt 0.000240 4.022550
vt 0.000240 5.667210
vt 0.999760 2.699390
vt 0.999760 2.516800
vt 0.833170 2.501200
vt 0.999760 2.501200
vt 0.999760 2.595210
vt 0.200150 4.462820
vt 0.000240 4.462820
vt 0.000240 4.444810
vt 0.799850 5.831210
vt 0.999760 6.841660
vt 0.999760 6.880750
vt 0.799850 6.880750
vt 0.333410 2.405850
vt 0.666590 2.542380
vt 0.200150 5.610130
vt 0.000240 5.798640
vt 0.000240 5.610130
vt 0.799850 3.512280
vt 0.500000 2.835800
vt 0.500000 3.022750
vt 0.333410 2.842170
vt 0.000240 4.077170
vt 0.200150 4.077170
vt 0.100200 6.593940
vt 0.300100 6.593940
vt 0.500000 6.593940
vt 0.699900 6.593940
vt 0.999760 4.077170
vt 0.899800 6.593940
vt 0.000240 2.783600
vt 0.000240 2.735100
vt 0.200150 2.604880
vt 0.400050 2.536770
vt 0.599950 2.715950
vt 0.599950 2.610930
vt 0.000240 5.891080
vt 0.799850 2.765350
vt 0.799850 2.707280
vt 0.999760 2.783600
vt 0.999760 2.735100
vt 0.999760 5.163670
vt 0.999760 5.271520
vt 0.500000 3.407310
vt 0.333410 3.820380
vt 0.999760 1.849790
vt 0.000240 4.052210
vt 0.999760 2.942790
vt 0.000240 2.537760
vt 0.799850 2.861000
vt 0.166830 2.542380
vt 0.166830 2.532430
vt 0.166830 0.924880
vt 0.166830 0.807170
vt 0.000240 4.492190
vt 0.999760 2.646070
vt 0.000240 5.314300
vt 0.000240 4.971210
vt 0.599950 5.940670
vt 0.999760 5.681220
vt 0.200150 2.722480
vt 0.000240 2.722480
vt 0.000240 2.638940
vt 0.200150 3.143700
vt 0.200150 3.236920
vt 0.000240 3.242820
vt 0.000240 3.158890
vt 0.400050 5.379650
vt 0.000240 3.867330
vt 0.200150 2.672460
vt 0.000240 2.672460
vt 0.500000 1.053570
vt 0.400050 3.289580
vt 0.500000 2.239400
vt 0.333410 2.255850
vt 0.000240 6.183540
vt 0.500000 1.861470
vt 0.333410 1.869850
vt 0.999760 5.817840
vt 0.400050 4.099400
vt 0.400050 4.074060
vt 0.599950 4.074060
vt 0.400050 6.198060
vt 0.200150 6.198060
vt 0.000240 4.099400
vt 0.200150 4.099400
vt 0.100200 6.672020
vt 0.300100 6.672020
vt 0.500000 6.672020
vt 0.999760 4.099400
vt 0.899800 6.672020
vt 0.000240 2.791740
vt 0.000240 2.745810
vt 0.166830 4.130580
vt 0.000240 4.287470
vt 0.000240 4.185620
vt 0.999760 1.053000
vt 0.999760 1.196860
vt 0.999760 2.745810
vt 0.666590 3.044240
vt 0.666590 2.893530
vt 0.833170 2.819100
vt 0.000240 0.917410
vt 0.999760 3.242820
vt 0.250120 4.371440
vt 0.999760 4.198220
vt 0.999760 4.288980
vt 0.000240 3.850690
vt 0.833170 2.314340
vt 0.833170 2.430360
vt 0.666590 2.301840
vt 0.000240 5.491070
vt 0.000240 5.253720
vt 0.400050 2.672460
vt 0.000240 3.291070
vt 0.799850 4.978230
vt 0.699900 9.058100
vt 0.599950 4.978230
vt 0.400050 5.271520
vt 0.000240 4.858620
vt 0.400050 3.679050
vt 0.400050 3.561210
vt 0.166830 2.906520
vt 0.200150 2.410940
vt 0.000240 2.410940
vt 0.000240 3.443210
vt 0.200150 3.443210
vt 0.400050 5.501690
vt 0.300100 9.212410
vt 0.200150 5.501690
vt 0.999760 3.479250
vt 0.200150 6.077730
vt 0.000240 3.273510
vt 0.200150 4.004010
vt 0.400050 3.959750
vt 0.999760 3.489740
vt 0.599950 3.529800
vt 0.999760 3.543960
vt 0.999760 3.529800
vt 0.100200 6.236720
vt 0.500000 6.236720
vt 0.899800 6.236720
vt 0.500000 0.515020
vt 0.999760 6.129310
vt 0.400050 5.246100
vt 0.999760 3.390090
vt 0.599950 2.636230
vt 0.000240 3.004150
vt 0.000240 2.861000
vt 0.400050 4.394850
vt 0.999760 1.499810
vt 0.999760 1.440410
vt 0.200150 3.997690
vt 0.666590 3.378330
vt 0.666590 3.222990
vt 0.599950 4.051760
vt 0.000240 1.521530
vt 0.999760 1.358740
vt 0.799850 3.915070
vt 0.000240 4.060510
vt 0.000240 3.927500
vt 0.599950 4.892700
vt 0.000240 3.883710
vt 0.000240 2.944970
vt 0.999760 2.408310
vt 0.500000 2.813210
vt 0.666590 2.813210
vt 0.500000 3.166330
vt 0.500000 3.355050
vt 0.999760 0.644530
vt 0.999760 0.515020
vt 0.999760 5.257400
vt 0.833170 5.257400
vt 0.500000 1.726240
vt 0.833170 5.752530
vt 0.666590 5.752530
vt 0.666590 5.713670
vt 0.999760 1.614000
vt 0.666590 2.386080
vt 0.000240 4.982430
vt 0.999760 4.871260
vt 0.333410 4.040190
vt 0.400050 3.461220
vt 0.999760 2.721360
vt 0.000240 5.316380
vt 0.000240 3.857160
vt 0.400050 5.940670
vt 0.000240 1.645930
vt 0.999760 2.217220
vt 0.000240 6.009890
vt 0.000240 2.532430
vt 0.333410 0.999470
vt 0.999760 5.288930
vt 0.000240 4.165790
vt 0.000240 4.377750
vt 0.000240 2.551210
vt 0.000240 2.542380
vt 0.166830 2.551210
vt 0.333410 2.551210
vt 0.666590 2.551210
vt 0.599950 6.708340
vt 0.599950 6.688180
vt 0.083540 4.349460
vt 0.250120 4.349460
vt 0.416710 4.349460
vt 0.583290 4.349460
vt 0.749880 4.349460
vt 0.916460 4.349460
vt 0.799850 6.009890
vt 0.000240 2.410680
vt 0.799850 3.115900
vt 0.000240 3.897810
vt 0.799850 2.314840
vt 0.000240 3.355050
vt 0.666590 2.452480
vt 0.666590 1.521530
vt 0.000240 1.125800
vt 0.000240 3.612020
vt 0.333410 5.525310
vt 0.000240 4.427570
vt 0.833170 2.813210
vt 0.999760 2.795380
vt 0.000240 3.710330
vt 0.799850 3.710330
vt 0.000240 3.516850
vt 0.999760 4.441950
vt 0.999760 4.578770
vt 0.000240 1.672250
vt 0.999760 2.233790
vt 0.999760 2.160090
vt 0.999760 2.588380
vt 0.799850 2.588380
vt 0.166830 2.150910
vt 0.000240 2.228040
vt 0.000240 2.150910
vt 0.833170 1.652790
vt 0.833170 1.669390
vt 0.666590 1.652790
vt 0.083540 6.393640
vt 0.250120 6.393640
vt 0.416710 6.393640
vt 0.583290 6.393640
vt 0.749880 6.393640
vt 0.916460 6.393640
vt 0.999760 3.158890
vt 0.000240 4.425540
vt 0.599950 1.417230
vt 0.250120 2.704760
vt 0.000240 2.204210
vt 0.999760 1.958520
vt 0.799850 3.004150
vt 0.400050 4.807400
vt 0.000240 3.691330
vt 0.333410 1.499810
vt 0.749880 2.488230
vt 0.999760 2.861000
vt 0.000240 5.783560
vt 0.000240 2.452480
vt 0.999760 1.829320
vt 0.999760 1.945130
vt 0.000240 4.288980
vt 0.000240 4.198220
vt 0.200150 2.075390
vt 0.000240 2.075390
vt 0.000240 3.378740
vt 0.599950 3.405770
vt 0.000240 3.745200
vt 0.000240 4.868270
vt 0.200150 3.697990
vt 0.799850 6.030550
vt 0.999760 1.028870
vt 0.333410 1.022480
vt 0.999760 4.043570
vt 0.999760 4.074060
vt 0.000240 4.206830
vt 0.999760 1.320070
vt 0.000240 3.871500
vt 0.000240 4.359120
vt 0.500000 3.820380
vt 0.999760 2.757250
vt 0.125180 0.321580
vt 0.083540 8.604630
vt 0.250120 8.604630
vt 0.416710 8.604630
vt 0.583290 8.604630
vt 0.749880 8.604630
vt 0.999760 5.316380
vt 0.916460 8.604630
vt 0.000240 3.851800
vt 0.200150 3.740490
vt 0.400050 3.631810
vt 0.599950 3.680260
vt 0.799850 3.800880
vt 0.999760 3.909500
vt 0.999760 3.851800
vt 0.999760 4.704200
vt 0.999760 4.767510
vt 0.999760 5.481640
vt 0.999760 3.347610
vt 0.999760 4.359120
vt 0.599950 4.915750
vt 0.400050 2.636230
vt 0.200150 2.636230
vt 0.999760 1.398830
vt 0.999760 1.321510
vt 0.999760 2.770210
vt 0.999760 2.649630
vt 0.999760 3.197990
vt 0.833170 3.184490
vt 0.999760 1.363200
vt 0.999760 1.200000
vt 0.000240 4.164290
vt 0.000240 5.085330
vt 0.833170 6.605130
vt 0.999760 1.582010
vt 0.833170 1.463840
vt 0.999760 1.506980
vt 0.799850 4.473200
vt 0.599950 4.473200
vt 0.000240 2.833410
vt 0.333410 3.368140
vt 0.000240 6.620950
vt 0.400050 4.043570
vt 0.999760 4.647630
vt 0.999760 3.352440
vt 0.666590 3.312010
vt 0.000240 5.501690
vt 0.599950 5.501690
vt 0.799850 5.501690
vt 0.999760 5.501690
vt 0.100200 9.212410
vt 0.500000 9.212410
vt 0.699900 9.212410
vt 0.899800 9.212410
vt 0.799850 6.337650
vt 0.699900 11.072590
vt 0.599950 6.337650
vt 0.599950 5.879790
vt 0.000240 6.077730
vt 0.000240 4.137180
vt 0.000240 4.106250
vt 0.599950 2.807910
vt 0.375060 1.053570
vt 0.375060 0.889760
vt 0.999760 1.882070
vt 0.799850 1.882070
vt 0.999760 3.744690
vt 0.833170 3.646720
vt 0.999760 3.646720
vt 0.666590 3.000170
vt 0.166830 2.856490
vt 0.400050 4.473200
vt 0.999760 1.252350
vt 0.833170 1.482270
vt 0.999760 1.482270
vt 0.666590 3.355050
vt 0.666590 3.171670
vt 0.999760 3.844530
vt 0.999760 3.266110
vt 0.999760 3.710330
vt 0.833170 4.518340
vt 0.666590 4.341860
vt 0.000240 3.686810
vt 0.599950 4.442330
vt 0.999760 1.555890
vt 0.833170 1.555890
vt 0.166830 1.328910
vt 0.999760 3.825060
vt 0.999760 4.058390
vt 0.799850 3.825060
vt 0.999760 1.726240
vt 0.999760 1.645930
vt 0.000240 3.977230
vt 0.083540 6.168860
vt 0.250120 6.168860
vt 0.416710 6.168860
vt 0.583290 6.168860
vt 0.749880 6.168860
vt 0.916460 6.168860
vt 0.000240 3.414170
vt 0.999760 6.462230
vt 0.000240 5.968450
vt 0.000240 6.056050
vt 0.666590 2.150910
vt 0.799850 3.791120
vt 0.999760 3.791120
vt 0.999760 3.847230
vt 0.000240 3.086870
vt 0.200150 3.623550
vt 0.000240 3.623550
vt 0.999760 1.303950
vt 0.833170 3.000170
vt 0.000240 4.441950
vt 0.166830 3.541960
vt 0.999760 4.281480
vt 0.083540 8.546720
vt 0.250120 8.546720
vt 0.416710 8.546720
vt 0.583290 8.546720
vt 0.749880 8.546720
vt 0.999760 5.752530
vt 0.916460 8.546720
vt 0.000240 6.106850
vt 0.999760 6.077730
vt 0.999760 6.183540
vt 0.999760 6.605130
vt 0.999760 6.568140
vt 0.500000 5.198560
vt 0.000240 4.371440
vt 0.999760 1.669390
vt 0.999760 1.652790
vt 0.599950 5.673910
vt 0.999760 2.477670
vt 0.833170 2.477670
vt 0.833170 2.452480
vt 0.999760 2.452480
vt 0.000240 2.704760
vt 0.200150 2.933700
vt 0.000240 2.933700
vt 0.333410 2.794690
vt 0.000240 4.111010
vt 0.000240 2.045900
vt 0.000240 2.636230
vt 0.400050 5.610130
vt 0.200150 3.603280
vt 0.000240 3.702140
vt 0.000240 3.620780
vt 0.000240 2.538990
vt 0.000240 2.452650
vt 0.083540 10.593770
vt 0.250120 10.593770
vt 0.416710 10.593770
vt 0.583290 10.593770
vt 0.749880 10.593770
vt 0.916460 10.593770
vt 0.000240 4.643420
vt 0.200150 4.545530
vt 0.400050 4.443060
vt 0.599950 4.472710
vt 0.599950 1.924250
vt 0.799850 4.591110
vt 0.999760 4.643420
vt 0.749880 2.736550
vt 0.999760 2.815700
vt 0.000240 4.936520
vt 0.000240 2.859170
vt 0.999760 0.762930
vt 0.999760 4.868270
vt 0.000240 4.963430
vt 0.000240 4.945620
vt 0.599950 5.379650
vt 0.562470 0.515020
vt 0.000240 0.515020
vt 0.166830 1.072710
vt 0.000240 1.106360
vt 0.000240 5.372700
vt 0.000240 3.558700
vt 0.400050 4.331470
vt 0.999760 4.473200
vt 0.200150 6.077910
vt 0.000240 6.077910
vt 0.000240 3.585670
vt 0.000240 3.476440
vt 0.999760 5.968450
vt 0.000240 6.224040
vt 0.000240 6.198060
vt 0.200150 6.224040
vt 0.000240 1.489070
vt 0.400050 6.224040
vt 0.999760 6.224040
vt 0.100200 10.709620
vt 0.500000 10.709620
vt 0.899800 10.709620
vt 0.000240 6.880750
vt 0.999760 2.536020
vt 0.999760 3.992080
vt 0.000240 3.266110
vt 0.999760 4.298570
vt 0.799850 4.298570
vt 0.000240 4.442330
vt 0.999760 1.279850
vt 0.000240 4.281480
vt 0.999760 1.053570
vt 0.999760 0.889760
vt 0.999760 1.800550
vt 0.083540 6.756460
vt 0.250120 6.756460
vt 0.416710 6.756460
vt 0.583290 6.756460
vt 0.749880 6.756460
vt 0.999760 3.871500
vt 0.916460 6.756460
vt 0.200150 5.794040
vt 0.000240 1.053000
vt 0.999760 3.827650
vt 0.999760 3.915070
vt 0.999760 1.817290
vt 0.999760 2.813210
vt 0.200150 5.942990
vt 0.000240 5.942990
vt 0.000240 4.051760
vt 0.999760 2.688200
vt 0.999760 3.857160
vt 0.000240 4.915750
vt 0.100200 8.251730
vt 0.300100 8.251730
vt 0.500000 8.251730
vt 0.699900 8.251730
vt 0.899800 8.251730
vt 0.999760 4.685700
vt 0.999760 4.506830
vt 0.999760 2.092430
vt 0.200150 4.401480
vt 0.999760 6.380500
vt 0.599950 5.783560
vt 0.999760 3.461220
vt 0.000240 3.385160
vt 0.000240 4.978230
vt 0.200150 4.473200
vt 0.333410 3.166360
vt 0.100200 10.401300
vt 0.300100 10.401300
vt 0.500000 10.401300
vt 0.799850 6.057930
vt 0.699900 10.401300
vt 0.999760 6.057930
vt 0.899800 10.401300
vt 0.000240 4.888380
vt 0.200150 4.788690
vt 0.400050 4.679000
vt 0.599950 4.721560
vt 0.799850 4.845040
vt 0.999760 4.936520
vt 0.999760 4.888380
vt 0.000240 3.951420
vt 0.000240 5.134040
vt 0.000240 4.473200
vt 0.999760 6.009890
vt 0.999760 4.518340
vt 0.300100 10.709620
vt 0.999760 2.534460
vt 0.500000 4.041060
vt 0.000240 3.352440
vt 0.000240 3.001100
vt 0.999760 4.185620
vt 0.000240 6.337650
vt 0.200150 6.337650
vt 0.400050 6.337650
vt 0.999760 6.337650
vt 0.100200 11.072590
vt 0.300100 11.072590
vt 0.500000 11.072590
vt 0.899800 11.072590
vt 0.999760 6.077910
vt 0.000240 1.398830
vt 0.000240 1.945130
vt 0.000240 3.997690
vt 0.999760 2.286070
vt 0.749880 2.331940
vt 0.000240 0.978950
vt 0.999760 2.459960
vt 0.999760 2.380000
vt 0.100200 7.210650
vt 0.300100 7.210650
vt 0.500000 7.210650
vt 0.699900 7.210650
vt 0.899800 7.210650
vt 0.999760 2.410880
vt 0.000240 2.349880
vt 0.000240 1.321510
vt 0.000240 3.541960
vt 0.999760 3.000170
vt 0.000240 4.518340
vt 0.100200 10.269370
vt 0.300100 10.269370
vt 0.500000 10.269370
vt 0.699900 10.269370
vt 0.899800 10.269370
vt 0.999760 6.708340
vt 0.799850 6.708340
vt 0.999760 3.512280
vt 0.999760 5.361960
vt 0.166830 2.322140
vt 0.000240 2.380000
vt 0.833170 1.057880
vt 0.000240 2.081370
vt 0.999760 2.349880
vt 0.999760 1.106360
vt 0.999760 4.447780
vt 0.000240 2.929410
vt 0.999760 1.708930
vt 0.500000 1.408660
vt 0.666590 1.459900
vt 0.000240 2.534460
vt 0.000240 2.410880
vt 0.599950 6.151700
vt 0.999760 6.166560
vt 0.100200 11.454730
vt 0.500000 11.454730
vt 0.899800 11.454730
vt 0.000240 4.447780
vt 0.000240 2.840250
vt 0.333410 1.436960
vt 0.100200 8.143630
vt 0.300100 8.143630
vt 0.500000 8.143630
vt 0.699900 8.143630
vt 0.899800 8.143630
vt 0.999760 0.414970
vt 0.999760 1.592660
vt 0.000240 2.291680
vt 0.000240 1.726240
vt 0.100200 11.318120
vt 0.300100 11.318120
vt 0.500000 11.318120
vt 0.699900 11.318120
vt 0.899800 11.318120
vt 0.999760 3.004150
vt 0.999760 5.899980
vt 0.999760 5.853110
vt 0.300100 4.299340
vt 0.300100 5.199410
vt 0.999760 2.859170
vt 0.000240 2.815700
vt 0.999760 6.030550
vt 0.000240 6.660490
vt 0.000240 4.097760
vt 0.000240 0.781810
vt 0.000240 6.724140
vt 0.300100 5.581870
vt 0.599950 6.724140
vt 0.799850 6.724140
vt 0.999760 6.724140
vt 0.100200 12.504290
vt 0.500000 12.504290
vt 0.699900 12.504290
vt 0.899800 12.504290
vt 0.333410 2.147040
vt 0.999760 1.119230
vt 0.000240 4.214580
vt 0.000240 4.102840
vt 0.100200 7.927900
vt 0.300100 7.927900
vt 0.500000 7.927900
vt 0.699900 7.927900
vt 0.899800 7.927900
vt 0.000240 1.702140
vt 0.999760 4.978230
vt 0.100200 9.058100
vt 0.300100 9.058100
vt 0.500000 9.058100
vt 0.899800 9.058100
vt 0.000240 5.853110
vt 0.999760 5.341620
vt 0.999760 4.102840
vt 0.086340 0.000490
vt 0.890240 0.000490
vt 0.859020 0.999510
vt 0.109760 0.999510
vt 0.999510 0.000490
vt 0.000490 0.000490
vt 0.000490 0.999510
vt 0.999510 0.999510
s 1
usemtl Bark_TwistedTree.002
f 3607/1/1 3606/2/2 3605/3/3 3604/4/4
f 5/5/5 4/6/6 3/7/7
f 4/6/6 2/8/8 3/7/7
f 7/9/9 1/10/10 6/11/11
f 144/12/12 159/13/13 158/14/14 143/15/15
f 7/9/9 10/16/16 1/10/10
f 10/16/16 9/17/17 1/10/10
f 12/18/18 8/19/19 11/20/20
f 14/21/21 13/22/22 8/19/19
f 12/18/18 15/23/23 8/19/19
f 15/23/23 14/21/21 8/19/19
f 16/24/24 13/22/22 14/21/21
f 17/25/25 13/22/22 16/24/24
f 2201/26/26 2200/27/27 2199/28/28 2198/29/29
f 17/25/25 20/30/30 13/22/22
f 20/30/30 19/31/31 13/22/22
f 22/32/32 18/33/33 21/34/34
f 24/35/35 23/36/36 18/33/33
f 22/32/32 25/37/37 18/33/33
f 25/37/37 24/35/35 18/33/33
f 26/38/38 23/36/36 24/35/35
f 27/39/39 23/36/36 26/38/38
f 134/40/40 149/41/41 148/42/42 133/43/43
f 27/39/39 30/44/44 23/36/36
f 31/45/45 28/46/46 29/47/47
f 32/48/48 28/46/46 31/45/45
f 3519/49/49 3524/50/50 3523/51/51 3518/52/51
f 32/48/48 35/53/52 28/46/46
f 35/53/52 34/54/53 28/46/46
f 37/55/54 33/56/55 36/57/56
f 39/58/57 38/59/58 33/56/55
f 37/55/54 40/60/59 33/56/55
f 40/60/59 39/58/57 33/56/55
f 41/61/60 38/59/58 39/58/57
f 42/62/61 38/59/58 41/61/60
f 3322/63/62 3321/64/63 3320/65/64 3319/66/65
f 42/62/61 45/67/66 38/59/58
f 46/68/67 43/69/68 44/70/69
f 47/71/70 43/69/68 46/68/67
f 89/72/71 105/73/72 104/74/73 88/75/74
f 47/71/70 50/76/75 43/69/68
f 50/76/75 49/77/76 43/69/68
f 52/78/77 48/79/78 51/80/79
f 2251/81/80 2255/82/81 2259/83/51 2250/84/82
f 52/78/77 55/85/83 48/79/78
f 55/85/83 54/86/84 48/79/78
f 57/87/85 53/88/86 56/89/87
f 3811/90/88 3808/91/89 3809/92/90 3810/93/91
f 57/87/85 60/94/92 53/88/86
f 61/95/93 58/96/94 59/97/95
f 62/98/96 58/96/94 61/95/93
f 95/99/97 111/100/98 110/101/99 94/102/100
f 62/98/96 65/103/101 58/96/94
f 65/103/101 64/104/102 58/96/94
f 67/105/103 63/106/104 66/107/105
f 3473/108/106 3482/109/51 3481/110/107 3477/111/108
f 67/105/103 70/112/109 63/106/104
f 70/112/109 69/113/110 63/106/104
f 72/114/111 68/115/112 71/116/113
f 3288/117/114 3287/118/115 3283/119/116 3284/120/117
f 72/114/111 75/121/118 68/115/112
f 75/121/118 74/122/119 68/115/112
f 77/123/120 73/124/121 76/125/122
f 2065/126/123 2064/127/124 2055/128/125 2058/129/126
f 77/123/120 79/130/127 73/124/121
f 79/130/127 78/131/128 73/124/121
f 5/132/5 3/133/7 80/134/129
f 3732/135/130 3736/136/131 3731/137/132 3727/138/133
f 2993/139/134 2992/140/135 2986/141/136 2987/142/137
f 3516/143/138 3515/144/139 3510/145/140 3511/146/141
f 53/88/86 91/147/142 90/148/143 48/79/78
f 84/149/144 18/33/33 85/150/145
f 23/36/36 85/150/145 18/33/33
f 1722/151/51 1727/152/146 1726/153/147 1721/154/148
f 86/155/149 28/46/46 87/156/150
f 33/56/55 87/156/150 28/46/46
f 33/56/55 38/59/58 87/156/150
f 85/150/145 101/157/151 100/158/152 84/149/144
f 3517/159/153 3518/160/51 3522/161/154 3516/143/138
f 2192/162/155 2194/163/156 2191/164/157 2188/165/158
f 3307/166/159 3306/167/160 3300/168/161 3301/169/162
f 3257/170/163 3256/171/164 3245/172/165 3248/173/166
f 110/101/99 109/174/167 93/175/168 94/102/100
f 1105/176/169 1104/177/170 1103/178/171 1102/179/172
f 1/10/10 81/180/173 96/181/174 3/7/7
f 2357/182/175 2362/183/176 2356/184/177 2351/185/178
f 82/186/179 81/180/173 1/10/10 8/19/19
f 100/158/152 99/187/180 83/188/181 84/149/144
f 1792/189/182 1796/190/183 1795/191/184 1791/192/185
f 90/148/143 89/72/71 43/69/68 48/79/78
f 1798/193/153 1803/194/51 1802/195/186 1797/196/187
f 3514/197/188 3513/198/189 3508/199/190 3509/200/191
f 104/74/73 103/201/192 88/75/74
f 114/202/193 130/203/194 129/204/195 113/205/196
f 832/206/197 831/207/198 824/208/199 827/209/200
f 83/188/181 99/187/180 98/210/201 82/186/179
f 1794/211/202 1799/212/203 1803/213/51 1798/214/153
f 3874/215/204 3873/216/205 3869/217/206 3870/218/207
f 284/219/208 283/220/209 282/221/210 281/222/211
f 3309/223/212 3308/224/213 3302/225/214 3303/226/215
f 91/147/142 107/227/216 106/228/217 90/148/143
f 3799/229/218 3804/230/219 3798/231/220 3794/232/221
f 2872/233/222 2871/234/223 2865/235/224 2866/236/225
f 2098/237/226 2103/238/227 2107/239/153 2102/240/153
f 1692/241/51 1697/242/51 1696/243/228 1691/244/229
f 2608/245/230 2607/246/231 2601/247/232 2602/248/233
f 3688/249/234 3694/250/235 3693/251/236 3687/252/237
f 3492/253/51 3497/254/106 3496/255/238 3491/256/239
f 3692/257/240 3697/258/241 3696/259/51 3691/260/51
f 1012/261/242 1011/262/243 436/263/244 437/264/245
f 187/265/246 186/266/247 177/267/248 178/268/249
f 2213/269/250 2218/270/251 2217/271/252 2212/272/253
f 3746/273/51 3745/274/153 3744/275/254 3743/276/255
f 882/277/256 887/278/257 886/279/258 884/280/259
f 1676/281/260 1673/282/261 1674/283/262 1675/284/263
f 2226/285/264 2225/286/265 2221/287/266 2222/288/267
f 718/289/268 715/290/269 716/291/270 717/292/271
f 1654/293/272 1653/294/273 1647/295/274 1648/296/275
f 128/297/276 144/12/12 143/15/15 127/298/277
f 156/299/278 155/300/279 140/301/280 141/302/281
f 56/89/87 53/88/86 48/79/78 54/86/84
f 3465/303/282 3464/304/283 3472/305/51 3463/306/284
f 830/307/285 828/308/286 829/309/287 823/310/288
f 3678/311/289 3677/312/290 3676/313/291 3675/314/292
f 124/315/293 140/301/280 139/316/294 123/317/295
f 3472/318/51 3473/108/106 3477/111/108 3471/319/296
f 3720/320/297 3719/321/298 3714/322/299 3715/323/300
f 1776/324/301 1775/325/302 1770/326/303 1771/327/304
f 2136/328/305 2135/329/306 2124/330/307 2127/331/308
f 1745/332/309 1755/333/310 1754/334/153 1753/335/51
f 2228/336/311 2227/337/312 2223/338/313 2224/339/314
f 141/302/281 140/301/280 124/315/293 125/340/315
f 1607/341/316 1614/342/317 1613/343/318 1606/344/319
f 3297/345/320 3302/225/214 3301/169/162 3296/346/321
f 118/347/322 134/40/40 133/43/43 117/348/323
f 1781/349/324 1787/350/325 1786/351/326 1780/352/327
f 30/44/44 29/47/47 28/46/46 23/36/36
f 146/353/328 145/354/329 130/203/194 131/355/330
f 3803/356/331 3802/357/332 3797/358/333 3798/231/220
f 3503/359/153 3512/360/51 3511/146/141 3507/361/334
f 1723/362/335 1728/363/336 1732/364/51 1727/365/146
f 2932/366/337 2942/367/338 2941/368/51 2940/369/284
f 92/370/339 91/147/142 53/88/86 58/96/94
f 1673/282/261 1683/371/340 1687/372/51 1681/373/51
f 2628/374/284 2629/375/341 2633/376/342 2627/377/343
f 122/378/344 138/379/345 137/380/346 121/381/347
f 120/382/348 136/383/349 135/384/350 119/385/351
f 3845/386/352 3851/387/353 3850/388/354 3844/389/355
f 295/390/356 301/391/357 300/392/358 294/393/359
f 225/394/360 232/395/361 224/396/362 217/397/363
f 738/398/364 737/399/365 733/400/366 734/401/367
f 1510/402/368 1516/403/369 1515/404/153 1514/405/341
f 1643/406/370 1647/295/274 1651/407/284 1642/408/284
f 3862/409/51 3867/410/371 3866/411/372 3861/412/373
f 2594/413/374 2599/414/375 2603/415/106 2598/416/51
f 628/417/376 634/418/377 633/419/378 627/420/379
f 3385/421/380 3384/422/381 3378/423/382 3379/424/383
f 1516/403/369 1521/425/384 1520/426/51 1515/404/153
f 2169/427/153 2174/428/51 2178/429/385 2173/430/386
f 627/420/379 624/431/387 625/432/388 626/433/389
f 1650/434/390 1649/435/391 1645/436/392 1646/437/393
f 2887/438/394 2892/439/395 2891/440/396 2886/441/397
f 161/442/398 162/443/399 184/444/400
f 3663/445/401 3667/446/402 3666/447/403 3662/448/404
f 163/449/405 164/450/406 177/267/248
f 2546/451/407 2552/452/408 2551/453/284 2545/454/106
f 165/455/409 166/456/410 178/268/249
f 1099/457/411 1096/458/412 1097/459/413 1098/460/414
f 167/461/415 168/462/416 179/463/417
f 1143/464/418 1149/465/419 1154/466/51 1148/467/51
f 169/468/420 170/469/421 180/470/422
f 2956/471/423 2961/472/424 2965/473/371 2960/474/284
f 171/475/425 172/476/426 181/477/427
f 3786/478/428 3791/479/51 3790/480/429 3785/481/430
f 173/482/431 174/483/432 182/484/433
f 226/485/434 234/486/435 233/487/436 225/488/360
f 175/489/437 176/490/438 183/491/439
f 175/489/437 174/483/432 157/492/440 158/14/14
f 1983/493/441 1982/494/442 1981/495/443 1980/496/444
f 282/221/210 279/497/445 280/498/446 281/222/211
f 2159/499/51 2164/500/51 2168/501/447 2163/502/448
f 1756/503/449 1755/333/310 1745/332/309 1748/504/450
f 1808/505/451 1809/506/452 1807/507/453 1802/195/186
f 844/508/454 843/509/455 839/510/456 840/511/457
f 45/67/66 44/70/69 43/69/68 38/59/58
f 886/279/258 885/512/458 883/513/459 884/280/259
f 749/514/460 754/515/461 753/516/462 752/517/463
f 810/518/464 814/519/465 817/520/466 813/521/467
f 3204/522/468 3210/523/469 3209/524/428 3208/525/106
f 1876/526/153 1881/527/470 1875/528/471 1870/529/371
f 1625/530/472 1629/531/473 1628/532/474 1624/533/475
f 975/534/476 981/535/477 980/536/478 974/537/479
f 239/538/480 238/539/481 230/540/482 231/541/483
f 3567/542/484 3572/543/485 3571/544/486 3566/545/487
f 1527/546/488 1537/547/489 1536/548/51 1535/549/51
f 2172/550/490 2177/551/491 2176/552/492 2171/553/493
f 1587/554/494 1592/555/495 1591/556/496 1586/557/51
f 420/558/497 419/559/498 410/560/499 413/561/500
f 1633/562/501 1632/563/502 1627/564/503 1628/532/474
f 2351/185/178 2356/184/177 2350/565/504 2345/566/146
f 855/567/505 858/568/506 854/569/507 851/570/508
f 2229/571/284 2230/572/284 2234/573/509 2228/336/311
f 1446/574/510 1445/575/511 1440/576/512 1441/577/513
f 1760/578/514 1759/579/515 1755/333/310 1756/503/449
f 3175/580/516 3185/581/517 3184/582/518 3183/583/106
f 3279/584/519 3278/585/520 3272/586/521 3273/587/522
f 288/588/523 287/589/524 286/590/525 285/591/526
f 2534/592/527 2533/593/528 2527/594/529 2528/595/530
f 3207/596/531 3206/597/532 3201/598/533 3202/599/534
f 2179/600/535 2185/601/536 2184/602/153 2183/603/51
f 1010/604/537 1015/605/538 440/606/539 435/607/540
f 1419/608/541 1424/609/542 1428/610/51 1423/611/284
f 2085/612/543 2090/613/544 2089/614/545 2084/615/546
f 2736/616/547 2741/617/548 2735/618/549 2730/619/371
f 1610/620/550 1607/341/316 1608/621/551 1609/622/552
f 219/623/553 218/624/554 210/625/555 211/626/556
f 735/627/557 739/628/558 738/398/364 734/401/367
f 2735/618/549 2741/617/548 2740/629/559 2734/630/560
f 2540/631/561 2546/451/407 2545/454/106 2539/632/341
f 2596/633/562 2601/247/232 2600/634/563 2595/635/564
f 3068/636/565 3067/637/566 3061/638/567 3062/639/568
f 3082/640/569 3088/641/570 3087/642/571 3081/643/572
f 1505/644/573 1510/402/368 1514/405/341 1509/645/284
f 2108/646/178 2113/647/284 2117/648/574 2112/649/575
f 415/650/576 414/651/577 413/561/500 412/652/578
f 1641/653/51 1642/654/284 1646/437/393 1640/655/579
f 1637/656/580 1643/406/370 1642/408/284 1641/657/51
f 851/570/508 854/569/507 849/658/581 850/659/582
f 2354/660/583 2360/661/584 2353/662/585 2347/663/586
f 833/664/587 837/665/588 836/666/589 832/206/197
f 1288/667/590 1297/668/591 1296/669/592 1287/670/593
f 2917/671/594 2923/672/595 2922/673/596 2916/674/597
f 3087/642/571 3086/675/598 3080/676/599 3081/643/572
f 3452/677/341 3461/678/284 3460/679/600 3456/680/601
f 233/487/436 234/486/435 241/681/602
f 3387/682/603 3386/683/604 3382/684/605 3383/685/606
f 235/686/607 236/687/608 242/688/609
f 1690/689/610 1695/690/611 1694/691/612 1689/692/613
f 237/693/614 238/539/481 243/694/615
f 2651/695/51 2648/696/616 2649/697/617 2650/698/618
f 239/538/480 240/699/619 244/700/620
f 1580/701/284 1585/702/621 1584/703/622 1579/704/623
f 1501/705/624 1500/706/625 1495/707/626 1496/708/627
f 1200/709/628 1208/710/629 1207/711/630 1199/712/631
f 3446/713/632 3445/714/633 3440/715/634 3441/716/635
f 647/717/636 652/718/637 656/719/638 651/720/639
f 789/721/640 788/722/641 785/723/642 782/724/643
f 3778/725/644 3777/726/645 3772/727/646 3773/728/647
f 1540/729/648 1539/730/649 1531/731/650 1534/732/651
f 1884/733/652 1890/734/653 1889/735/654 1883/736/655
f 1124/737/51 1123/738/656 1118/739/657 1113/740/51
f 1318/741/658 1323/742/659 1322/743/660 1317/744/661
f 1136/745/662 1141/746/663 1140/747/664 1135/748/665
f 3651/749/666 3655/750/667 3659/751/51 3650/752/668
f 2877/753/669 2883/754/670 2882/755/51 2876/756/153
f 1494/757/284 1499/758/671 1498/759/672 1493/760/673
f 2076/761/674 2081/762/675 2080/763/676 2075/764/677
f 538/765/678 537/766/679 526/767/680 529/768/681
f 1322/743/660 1321/769/682 1316/770/683 1317/744/661
f 3569/771/284 3574/772/51 3578/773/684 3573/774/685
f 2667/775/686 2666/776/687 2661/777/688 2662/778/689
f 553/779/690 559/780/691 558/781/692 552/782/693
f 2717/783/694 2722/784/695 2721/785/696 2716/786/697
f 2387/787/698 2392/788/699 2391/789/700 2386/790/701
f 2792/791/702 2797/792/703 2802/793/51 2791/794/371
f 267/795/704 266/796/705 261/797/706 262/798/707
f 692/799/708 697/800/709 701/801/710 696/802/711
f 2278/803/712 2283/804/713 2282/805/714 2277/806/715
f 3443/807/716 3447/808/717 3451/809/51 3442/810/106
f 2027/811/718 2033/812/719 2032/813/720 2031/814/284
f 954/815/721 953/816/722 948/817/723 943/818/724
f 3760/819/725 3759/820/726 3755/821/727 3756/822/728
f 1266/823/729 1272/824/730 1271/825/731 1265/826/732
f 2673/827/733 2679/828/734 2678/829/735 2672/830/736
f 273/831/737 274/832/738 277/833/739
f 274/832/738 275/834/740 277/835/741
f 275/834/740 276/836/742 277/837/743
f 276/836/742 273/838/737 277/839/739
f 3506/840/744 3510/145/140 3509/200/191 3505/841/745
f 3300/168/161 3306/167/160 3305/842/178 3304/843/341
f 81/180/173 97/844/746 112/845/747 96/181/174
f 284/219/208 285/591/526 283/220/209
f 286/590/525 283/220/209 285/591/526
f 2137/846/748 2142/847/749 2141/848/750 2136/328/305
f 2243/849/751 2247/850/752 2246/851/753 2242/852/754
f 2227/337/312 2233/853/755 2232/854/756 2226/285/264
f 2963/855/757 2969/856/758 2968/857/759 2962/858/760
f 3529/859/341 3538/860/761 3537/861/762 3536/862/763
f 2845/863/764 2855/864/765 2854/865/766 2844/866/767
f 3236/867/768 3235/868/769 3229/869/770 3230/870/771
f 1716/871/772 1720/872/773 1719/873/774 1715/874/775
f 3282/875/776 3281/876/777 3276/877/778 3277/878/779
f 1626/879/780 1625/530/472 1619/880/781 1620/881/782
f 3501/882/783 3506/840/744 3505/841/745 3500/883/784
f 244/700/620 243/694/615 238/539/481 239/538/480
f 224/396/362 232/395/361 231/541/483 223/884/785
f 845/885/786 849/658/581 848/886/787 844/508/454
f 2155/887/788 2160/888/789 2159/889/51 2154/890/51
f 2496/891/790 2501/892/791 2500/893/792 2495/894/793
f 2870/895/428 2875/896/794 2869/897/795 2864/898/51
f 1755/333/310 1759/579/515 1763/899/51 1754/334/153
f 1812/900/796 1818/901/797 1817/902/798 1811/903/799
f 2900/904/800 2906/905/801 2911/906/153 2905/907/802
f 1966/908/803 1971/909/804 1975/910/284 1970/911/51
f 3429/912/805 3428/913/806 3423/914/807 3424/915/808
f 2732/916/809 2731/917/810 2725/918/811 2726/919/812
f 1012/261/242 1019/920/813 1018/921/814 1011/262/243
f 620/922/815 619/923/816 614/924/817 615/925/818
f 2722/784/695 2729/926/819 2728/927/820 2721/785/696
f 2578/928/821 2577/929/822 2569/930/823 2572/931/824
f 3142/932/825 3141/933/826 3135/934/827 3136/935/828
f 1885/936/829 1884/733/652 1879/937/830 1880/938/831
f 1887/939/832 1886/940/833 1881/527/470 1876/526/153
f 2786/941/834 2785/942/835 2779/943/836 2780/944/837
f 331/945/838 330/946/839 325/947/840 320/948/841
f 441/949/842 448/950/843 447/951/844 446/952/845
f 3182/953/846 3179/954/847 3180/955/848 3181/956/849
f 1465/957/850 1471/958/851 1470/959/51 1469/960/284
f 3560/961/852 3565/962/853 3564/963/284 3559/964/371
f 495/965/854 500/966/855 494/967/856 489/968/857
f 264/969/858 263/970/859 260/971/860 257/972/861
f 557/973/862 562/974/863 561/975/864 556/976/865
f 2426/977/866 2432/978/867 2431/979/868 2425/980/869
f 608/981/870 614/924/817 613/982/871 607/983/872
f 3046/984/873 3052/985/874 3051/986/875 3045/987/876
f 1333/988/877 1332/989/878 1325/990/879 1326/991/880
f 3164/992/881 3163/993/882 3159/994/883 3160/995/884
f 1844/996/885 1850/997/886 1849/998/887 1843/999/888
f 3340/1000/51 3341/1001/106 3345/1002/889 3339/1003/890
f 2403/1004/891 2402/1005/892 2397/1006/893 2398/1007/894
f 2423/1008/895 2428/1009/896 2427/1010/897 2422/1011/898
f 549/1012/899 553/779/690 552/782/693 548/1013/900
f 2784/1014/51 2783/1015/901 2777/1016/902 2778/1017/284
f 2700/1018/284 2705/1019/903 2698/1020/904 2699/1021/51
f 348/1022/905 347/1023/906 340/1024/907 341/1025/908
f 1081/1026/909 1080/1027/910 1075/1028/911 1070/1029/912
f 585/1030/913 584/1031/914 579/1032/915 580/1033/916
f 1017/1034/917 1022/1035/918 1027/1036/919 1016/1037/920
f 497/1038/921 496/1039/922 490/1040/923 491/1041/924
f 3146/1042/925 3145/1043/926 3141/933/826 3142/932/825
f 1390/1044/927 1394/1045/928 1398/1046/51 1389/1047/284
f 2802/1048/51 2801/1049/929 2796/1050/930 2791/1051/371
f 3033/1052/931 3032/1053/932 3026/1054/933 3027/1055/934
f 2684/1056/935 2690/1057/936 2689/1058/937 2683/1059/938
f 3400/1060/939 3397/1061/940 3398/1062/941 3399/1063/942
f 438/1064/943 437/264/245 431/1065/944 432/1066/945
f 2763/1067/946 2762/1068/947 2755/1069/948 2756/1070/949
f 3422/1071/371 3427/1072/428 3431/1073/950 3426/1074/951
f 2815/1075/106 2820/1076/952 2814/1077/953 2809/1078/51
f 919/1079/954 924/1080/955 917/1081/956 918/1082/957
f 2715/1083/958 2720/1084/959 2719/1085/960 2714/1086/961
f 1206/1087/962 1212/1088/963 1211/1089/964 1205/1090/965
f 2068/1091/966 2074/1092/967 2073/1093/51 2072/1094/284
f 3330/1095/968 3329/1096/969 3321/64/63 3324/1097/970
f 1474/1098/971 1473/1099/972 1467/1100/973 1468/1101/974
f 2901/1102/975 2900/904/800 2895/1103/976 2896/1104/977
f 1299/1105/978 1306/1106/979 1305/1107/980 1298/1108/981
f 3625/1109/51 3634/1110/51 3633/1111/982 3629/1112/983
f 3574/772/51 3579/1113/51 3583/1114/984 3578/773/684
f 2449/1115/985 2455/1116/986 2454/1117/284 2448/1118/51
f 2099/1119/987 2098/237/226 2094/1120/988 2095/1121/989
f 2455/1116/986 2460/1122/990 2465/1123/284 2454/1117/284
f 3345/1002/889 3344/1124/991 3338/1125/992 3339/1003/890
f 1968/1126/993 1973/1127/994 1972/1128/995 1967/1129/996
f 3053/1130/997 3052/985/874 3046/984/873 3047/1131/998
f 3664/1132/999 3663/445/401 3657/1133/1000 3658/1134/1001
f 1277/1135/1002 1276/1136/1003 1270/1137/1004 1271/825/731
f 1409/1138/1005 1415/1139/1006 1414/1140/1007 1413/1141/1008
f 1122/1142/1009 1121/1143/1010 1116/1144/1011 1117/1145/1012
f 253/1146/1013 258/1147/1014 257/1148/861 256/1149/1015
f 2305/1150/1016 2312/1151/1017 2311/1152/1018 2304/1153/1019
f 1152/1154/1020 1151/1155/1021 1145/1156/1022 1146/1157/1023
f 3414/1158/1024 3413/1159/1025 3408/1160/1026 3409/1161/1027
f 1381/1162/1028 1378/1163/1029 1379/1164/1030 1380/1165/1031
f 2876/1166/153 2881/1167/1032 2875/896/794 2870/895/428
f 702/1168/1033 707/1169/1034 711/1170/1035 706/1171/1036
f 2016/1172/153 2017/1173/284 2021/1174/1037 2015/1175/1038
f 3185/581/517 3190/1176/1039 3189/1177/178 3184/582/518
f 601/1178/1040 610/1179/1041 609/1180/1042 605/1181/1043
f 2458/1182/1044 2457/1183/1045 2451/1184/1046 2452/1185/1047
f 2490/1186/1048 2496/891/790 2495/894/793 2489/1187/1049
f 853/1188/1050 852/1189/1051 847/1190/1052 848/886/787
f 1543/1191/1053 1549/1192/1054 1548/1193/1055 1542/1194/1056
f 427/1195/1057 433/1196/1058 432/1066/945 426/1197/1059
f 2041/1198/51 2042/1199/153 2046/1200/1060 2040/1201/1061
f 1891/1202/1062 1890/734/653 1884/733/652 1885/936/829
f 3371/1203/1063 3376/1204/1064 3380/1205/51 3375/1206/51
f 3235/868/769 3240/1207/1065 3239/1208/341 3234/1209/341
f 2035/1210/1066 2039/1211/1067 2038/1212/1068 2034/1213/1069
f 3685/1214/1070 3684/1215/1071 3677/312/290 3680/1216/1072
f 1662/1217/1073 1671/1218/341 1670/1219/1074 1666/1220/1075
f 2203/1221/1076 2200/27/27 2201/26/26 2202/1222/1077
f 391/1223/1078 396/1224/1079 390/1225/1080
f 391/1223/1078 386/1226/1081 396/1224/1079
f 3711/1227/106 3716/1228/284 3720/320/297 3715/323/300
f 1541/1229/1082 1547/1230/1083 1546/1231/1084 1545/1232/51
f 1358/1233/1085 1357/1234/1086 1351/1235/1087 1352/1236/1088
f 536/1237/1089 545/1238/1090 544/1239/1091 540/1240/1092
f 394/1241/1093 395/1242/1094 401/1243/1095
f 402/1244/1096 401/1243/1095 395/1242/1094
f 402/1244/1096 395/1242/1094 403/1245/1097
f 398/1246/1098 403/1245/1097 397/1247/1099
f 398/1248/1098 399/1249/1100 404/1250/1101
f 399/1249/1100 400/1251/1102 404/1252/1103
f 400/1251/1102 401/1243/1095 404/1253/1104
f 401/1243/1095 402/1244/1096 404/1254/1105
f 402/1244/1096 403/1245/1097 404/1255/1106
f 403/1245/1097 398/1246/1098 404/1256/1101
f 2967/1257/1107 2972/1258/1108 2971/1259/284 2966/1260/153
f 757/1261/1109 760/1262/1110 756/1263/1111 753/1264/462
f 898/1265/1112 897/1266/1113 895/1267/1114 896/1268/1115
f 3511/146/141 3510/145/140 3506/840/744 3507/361/334
f 167/461/415 166/456/410 149/41/41 150/1269/1116
f 415/650/576 416/1270/1117 414/651/577
f 405/1271/1118 414/651/577 416/1270/1117
f 387/1272/1119 392/1273/1120 397/1274/1099 386/1275/1081
f 1427/1276/1121 1426/1277/1122 1421/1278/1123 1422/1279/1124
f 3267/1280/1125 3266/1281/1126 3261/1282/1127 3262/1283/1128
f 857/1284/1129 856/1285/1130 852/1189/1051 853/1188/1050
f 1268/1286/1131 1274/1287/1132 1273/1288/1133 1267/1289/1134
f 3475/1290/1135 3474/1291/1136 3464/304/283 3467/1292/1137
f 650/1293/1138 655/1294/1139 654/1295/1140 649/1296/1141
f 3539/1297/153 3544/1298/284 3548/1299/1142 3543/1300/1143
f 804/1301/1144 803/1302/1145 799/1303/1146 800/1304/1147
f 147/1305/1148 164/450/406 163/449/405 146/353/328
f 3007/1306/1149 3019/1307/1150 3024/1308/106 3018/1309/51
f 1642/654/284 1651/1310/284 1650/434/390 1646/437/393
f 2896/1104/977 2895/1103/976 2888/1311/1151 2889/1312/1152
f 3109/1313/1153 3114/1314/1154 3113/1315/106 3108/1316/51
f 3783/1317/1155 3782/1318/1156 3777/726/645 3778/725/644
f 1814/1319/1157 1820/1320/1158 1819/1321/1159 1813/1322/1160
f 3338/1125/992 3344/1124/991 3343/1323/1161 3337/1324/1162
f 2517/1325/1163 2516/1326/1164 2510/1327/1165 2511/1328/1166
f 933/1329/1167 940/1330/1168 939/1331/1169 932/1332/1170
f 1937/1333/1171 1942/1334/1172 1941/1335/153 1936/1336/51
f 3615/1337/1173 3621/1338/1174 3620/1339/153 3619/1340/153
f 2002/1341/1175 2008/1342/1176 2007/1343/284 2006/1344/106
f 1306/1106/979 1312/1345/1177 1311/1346/1178 1305/1107/980
f 2431/979/868 2430/1347/1179 2424/1348/1180 2425/980/869
f 989/1349/1181 988/1350/1182 981/535/477 982/1351/1183
f 3225/1352/1184 3229/869/770 3233/1353/284 3224/1354/1185
f 2148/1355/371 2153/1356/284 2152/1357/1186 2147/1358/1187
f 3549/1359/284 3554/1360/51 3558/1361/1188 3553/1362/1189
f 2644/1363/1190 2654/1364/1191 2653/1365/1192 2643/1366/1193
f 291/1367/1194 297/1368/1195 296/1369/1196 290/1370/1197
f 1544/1371/1198 1543/1191/1053 1539/730/649 1540/729/648
f 485/1372/1199 484/1373/1200 477/1374/1201 478/1375/1202
f 3361/1376/51 3366/1377/106 3370/1378/1203 3365/1379/1204
f 1359/1380/1205 1365/1381/1206 1364/1382/1207 1358/1233/1085
f 1046/1383/1208 1051/1384/1209 1045/1385/1210 1040/1386/1211
f 3153/1387/1212 3159/994/883 3158/1388/284 3157/1389/284
f 2683/1059/938 2682/1390/1213 2677/1391/1214 2678/829/735
f 436/263/1215 435/607/1216 429/1392/1217 430/1393/1218
f 2679/828/734 2684/1056/935 2683/1059/938 2678/829/735
f 966/1394/1219 965/1395/1220 959/1396/1221 960/1397/1222
f 1932/1398/1223 1937/1333/1171 1936/1336/51 1931/1399/106
f 1872/1400/1224 1871/1401/1225 1865/1402/1226 1866/1403/1227
f 458/1404/1228 464/1405/1229 463/1406/1230 457/1407/1231
f 2415/1408/1232 2414/1409/1233 2408/1410/1234 2409/1411/1235
f 3058/1412/1236 3063/1413/1237 3062/639/568 3057/1414/1238
f 2413/1415/1239 2412/1416/1240 2406/1417/1241 2407/1418/1242
f 332/1419/1243 338/1420/1244 343/1421/1245 337/1422/1246
f 2454/1423/284 2459/1424/1247 2453/1425/1248 2448/1426/51
f 1220/1427/1249 1219/1428/1250 1212/1088/963 1213/1429/1251
f 2290/1430/1252 2295/1431/1253 2294/1432/1254 2289/1433/1255
f 3642/1434/1256 3641/1435/1257 3635/1436/1258 3636/1437/1259
f 471/1438/1260 477/1374/1201 482/1439/1261 476/1440/1262
f 2707/1441/1263 2706/1442/1264 2701/1443/1265 2702/1444/1266
f 551/1445/1267 557/973/862 556/976/865 555/1446/1268
f 1038/1447/1269 1037/1448/1270 1031/1449/1271 1032/1450/1272
f 3139/1451/1273 3143/1452/1274 3147/1453/51 3138/1454/153
f 3030/1455/1275 3036/1456/1276 3035/1457/1277 3029/1458/1278
f 466/1459/1279 471/1438/1260 476/1440/1262 465/1460/1280
f 595/1461/1281 594/1462/1282 588/1463/1283 589/1464/1284
f 1235/1465/1285 1241/1466/1286 1240/1467/153 1234/1468/51
f 1035/1469/1287 1041/1470/1288 1040/1471/1211 1034/1472/1289
f 2795/1473/1290 2794/1474/1291 2787/1475/1292 2788/1476/1293
f 1948/1477/1294 1947/1478/1295 1942/1334/1172 1943/1479/1296
f 484/1373/1200 490/1040/923 489/1480/857 483/1481/1297
f 2663/1482/1298 2668/1483/1299 2667/775/686 2662/778/689
f 554/1484/1300 553/779/690 549/1012/899 550/1485/1301
f 3117/1486/1302 3116/1487/1303 3111/1488/1304 3112/1489/1305
f 1053/1490/1306 1052/1491/1307 1047/1492/1308 1048/1493/1309
f 1014/1494/1310 1021/1495/1311 1020/1496/1312 1013/1497/1313
f 1037/1448/1270 1043/1498/1314 1042/1499/1315 1036/1500/1316
f 1018/921/814 1017/1034/917 1010/604/537 1011/262/243
f 481/1501/1317 488/1502/1318 487/1503/1319 480/1504/1320
f 1228/1505/1321 1235/1465/1285 1234/1468/51 1233/1506/106
f 1941/1507/153 1946/1508/51 1950/1509/1322 1945/1510/1323
f 2787/1475/1292 2794/1474/1291 2793/1511/1324 2786/941/834
f 480/1504/1320 479/1512/1325 473/1513/1326 474/1514/1327
f 493/1515/1328 492/1516/1329 486/1517/1330 487/1503/1319
f 2808/1518/1331 2807/1519/1332 2801/1049/929 2802/1048/51
f 1040/1386/1211 1045/1385/1210 1039/1520/1333 1034/1521/1289
f 1246/1522/1334 1253/1523/1335 1252/1524/51 1251/1525/51
f 2406/1417/1241 2412/1416/1240 2417/1526/106 2411/1527/51
f 1943/1479/1296 1942/1334/1172 1937/1333/1171 1938/1528/1336
f 1248/1529/1337 1255/1530/1338 1254/1531/1339 1247/1532/1340
f 2699/1021/51 2698/1020/904 2692/1533/1341 2693/1534/51
f 2816/1535/1342 2822/1536/1343 2821/1537/51 2815/1538/106
f 1028/1539/1344 1033/1540/1345 1026/1541/1346 1027/1542/919
f 2660/1543/1347 2659/1544/1348 2652/1545/1349 2653/1365/1192
f 2711/1546/51 2710/1547/1350 2705/1019/903 2700/1018/284
f 1839/1548/1351 1844/996/885 1843/999/888 1838/1549/1352
f 3112/1489/1305 3111/1488/1304 3103/1550/1353 3106/1551/1354
f 1123/738/656 1130/1552/1355 1129/1553/1356 1122/1142/1009
f 929/1554/1357 928/1555/1358 922/1556/1359 923/1557/1360
f 1401/1558/1361 1400/1559/1362 1394/1045/928 1395/1560/1363
f 3635/1436/1258 3641/1435/1257 3640/1561/51 3639/1562/284
f 3658/1134/1001 3657/1133/1000 3653/1563/1364 3654/1564/1365
f 584/1031/914 588/1463/1283 587/1565/1366 583/1566/1367
f 3639/1567/284 3640/1568/51 3644/1569/1368 3638/1570/1369
f 1342/1571/284 1341/1572/1370 1336/1573/1371 1331/1574/51
f 2032/1575/720 2041/1198/51 2040/1201/1061 2036/1576/1372
f 523/1577/1373 522/1578/1374 516/1579/1375 517/1580/1376
f 3441/716/635 3440/715/634 3434/1581/1377 3435/1582/1378
f 1025/1583/1379 1024/1584/1380 1019/920/813 1020/1496/1312
f 2738/1585/1381 2737/1586/1382 2731/917/810 2732/916/809
f 3427/1072/428 3436/1587/1383 3435/1582/1378 3431/1073/950
f 3587/1588/1384 3592/1589/1385 3591/1590/1386 3586/1591/1387
f 613/982/871 612/1592/1388 606/1593/1389 607/983/872
f 943/818/724 948/817/723 942/1594/1390 937/1595/1391
f 2430/1347/1179 2436/1596/1392 2441/1597/284 2435/1598/341
f 519/1599/1393 520/1600/1394 525/1601/1395
f 520/1600/1394 521/1602/1396 525/1603/1397
f 521/1602/1396 522/1578/1374 525/1604/1398
f 522/1578/1374 523/1577/1373 525/1605/1399
f 523/1577/1373 524/1606/1400 525/1607/1401
f 524/1606/1400 519/1608/1393 525/1609/1395
f 2641/1610/1402 2640/1611/1403 2651/1612/51 2650/1613/618
f 2139/1614/146 2148/1355/371 2147/1358/1187 2143/1615/1404
f 133/43/43 132/1616/1405 116/1617/1406 117/348/323
f 2441/1618/284 2440/1619/1407 2434/1620/1408 2435/1621/341
f 2989/1622/1409 2988/1623/1410 2983/1624/1411 2984/1625/1412
f 1196/1626/1413 1206/1087/962 1205/1090/965 1195/1627/1414
f 2447/1628/1415 2446/1629/1416 2440/1619/1407 2441/1618/284
f 1639/1630/1417 1645/436/392 1644/1631/1418 1638/1632/1419
f 3152/1633/341 3157/1634/284 3156/1635/1420 3151/1636/1421
f 721/1637/1422 725/1638/1423 728/1639/1424 724/1640/1425
f 1563/1641/1426 1562/1642/1427 1556/1643/1428 1557/1644/1429
f 2377/1645/1430 2383/1646/1431 2382/1647/106 2376/1648/51
f 3089/1649/1432 3088/641/570 3082/640/569 3083/1650/1433
f 2832/1651/106 2831/1652/1434 2826/1653/1435 2821/1654/51
f 3654/1564/1365 3653/1563/1364 3648/1655/1436 3649/1656/1437
f 2083/1657/1438 2088/1658/1439 2092/1659/284 2087/1660/1440
f 2414/1409/1233 2421/1661/1441 2420/1662/1442 2413/1415/1239
f 3196/1663/1443 3201/598/533 3200/1664/1444 3195/1665/1445
f 1252/1666/51 1257/1667/1446 1250/1668/1447 1251/1669/51
f 1482/1670/1448 1481/1671/1449 1475/1672/1450 1476/1673/1451
f 1058/1674/1452 1063/1675/1453 1056/1676/1454 1057/1677/1455
f 576/1678/1456 581/1679/1457 585/1030/913 580/1033/916
f 3138/1680/153 3147/1681/51 3146/1042/925 3142/932/825
f 473/1513/1326 479/1512/1325 478/1375/1202 472/1682/1458
f 1404/1683/1459 1409/1138/1005 1413/1141/1008 1408/1684/1460
f 3750/1685/1461 3749/1686/1462 3741/1687/1463 3744/275/254
f 2279/1688/1464 2286/1689/1465 2285/1690/51 2284/1691/1466
f 2890/1692/1467 2897/1693/1468 2896/1104/977 2889/1312/1152
f 486/1517/1330 492/1516/1329 491/1041/924 485/1372/1199
f 3143/1452/1274 3148/1694/1469 3152/1695/341 3147/1453/51
f 2381/1696/1470 2387/787/698 2386/790/701 2380/1697/1471
f 389/1698/1472 394/1241/1093 393/1699/1473 388/1700/1474
f 956/1701/1475 955/1702/1476 949/1703/1477 950/1704/1478
f 2797/792/703 2803/1705/1479 2808/1706/1331 2802/793/51
f 307/1707/1480 312/1708/1481 311/1709/1482 306/1710/1483
f 552/782/693 551/1445/1267 547/1711/1484 548/1013/900
f 3637/1712/1485 3643/1713/1486 3642/1434/1256 3636/1437/1259
f 2697/1714/1487 2696/1715/1488 2690/1057/936 2691/1716/1489
f 1033/1540/1345 1039/1520/1333 1038/1447/1269 1032/1450/1272
f 688/1717/1490 692/799/708 696/802/711 687/1718/1491
f 1958/1719/1492 1957/1720/1493 1952/1721/1494 1953/1722/1495
f 1836/1723/1496 1835/1724/1497 1829/1725/1498 1830/1726/1499
f 2779/943/836 2785/942/835 2790/1727/284 2784/1728/51
f 1233/1729/106 1232/1730/1500 1226/1731/1501 1227/1732/51
f 580/1033/916 579/1032/915 574/1733/1502 575/1734/1503
f 3121/1735/1504 3120/1736/1505 3116/1487/1303 3117/1486/1302
f 501/1737/1506 507/1738/1507 512/1739/1508 506/1740/1509
f 1026/1541/1346 1033/1540/1345 1032/1450/1272 1025/1583/1379
f 2392/788/699 2399/1741/1510 2398/1007/894 2391/789/700
f 2800/1742/1511 2799/1743/1512 2794/1474/1291 2795/1473/1290
f 3134/1744/1513 3133/1745/1514 3129/1746/1515 3130/1747/1516
f 3756/822/728 3755/821/727 3749/1686/1462 3750/1685/1461
f 565/1748/1517 564/1749/1518 559/780/691 560/1750/1519
f 312/1708/1481 318/1751/1520 317/1752/1521 311/1709/1482
f 3116/1487/1303 3120/1736/1505 3119/1753/1522 3115/1754/1523
f 1250/1668/1447 1257/1667/1446 1256/1755/1524 1249/1756/1525
f 3124/1757/1526 3123/1758/1527 3118/1759/1528 3119/1753/1522
f 581/1679/1457 590/1760/1529 589/1464/1284 585/1030/913
f 1916/1761/1530 1925/1762/51 1924/1763/1531 1920/1764/1532
f 3128/1765/371 3137/1766/341 3136/935/828 3132/1767/1533
f 1926/1768/371 1931/1769/106 1935/1770/1534 1930/1771/1535
f 590/1760/1529 591/1772/1536 595/1461/1281 589/1464/1284
f 2769/1773/1537 2775/1774/1538 2774/1775/1539 2768/1776/1540
f 1326/991/880 1325/990/879 1319/1777/1541 1320/1778/1542
f 2001/1779/1543 2000/1780/1544 1994/1781/1545 1995/1782/1546
f 1468/1101/974 1467/1100/973 1463/1783/1547 1464/1784/1548
f 568/1785/1549 574/1733/1502 573/1786/1550 567/1787/1551
f 2813/1788/1552 2812/1789/1553 2805/1790/1554 2806/1791/1555
f 2427/1010/897 2426/977/866 2421/1661/1441 2422/1011/898
f 575/1734/1503 574/1733/1502 568/1785/1549 569/1792/1556
f 3638/1570/1369 3637/1712/1485 3632/1793/1557 3633/1111/982
f 309/1794/1558 308/1795/1559 303/1796/1560 304/1797/1561
f 3566/545/487 3565/962/853 3560/961/852 3561/1798/1562
f 949/1703/1477 955/1702/1476 960/1799/1222 954/1800/721
f 940/1330/1168 946/1801/1563 945/1802/1564 939/1331/1169
f 3344/1124/991 3348/1803/1565 3347/1804/1566 3343/1323/1161
f 2422/1011/898 2421/1661/1441 2414/1409/1233 2415/1408/1232
f 678/1805/1567 677/1806/1568 672/1807/1569 673/1808/1570
f 3365/1379/1204 3364/1809/1571 3359/1810/1572 3360/1811/1573
f 328/1812/1574 334/1813/1575 333/1814/1576 327/1815/1577
f 2733/1816/1578 2739/1817/1579 2738/1585/1381 2732/916/809
f 1484/1818/1580 1483/1819/1581 1477/1820/1582 1478/1821/1583
f 3044/1822/1584 3050/1823/1585 3049/1824/106 3043/1825/51
f 1146/1157/1023 1145/1156/1022 1139/1826/1586 1140/747/664
f 270/1827/1587 269/1828/1588 266/796/705 267/795/704
f 1542/1194/1056 1541/1229/1082 1537/547/489 1538/1829/1589
f 3454/1830/1590 3453/1831/1591 3447/808/717 3448/1832/1592
f 364/1833/1593 363/1834/1594 356/1835/1595 357/1836/1596
f 957/1837/1597 963/1838/1598 962/1839/1599 956/1701/1475
f 3819/1840/1600 3823/1841/1601 3827/1842/153 3818/1843/341
f 616/1844/1602 617/1845/1603 621/1846/1604
f 617/1845/1603 618/1847/1605 621/1848/1606
f 618/1847/1605 619/923/816 621/1849/1607
f 619/923/816 620/922/815 621/1850/1608
f 620/922/815 616/1851/1602 621/1852/1604
f 2852/1853/51 2857/1854/1609 2849/1855/1610 2840/1856/51
f 1535/1857/51 1536/1858/51 1540/729/648 1534/732/651
f 1647/295/274 1653/294/273 1652/1859/51 1651/407/284
f 2718/1860/1611 2725/918/811 2724/1861/51 2723/1862/1612
f 2258/1863/1613 2260/1864/1614 2257/1865/1615 2254/1866/1616
f 3482/109/51 3487/1867/1617 3486/1868/1618 3481/110/107
f 529/768/681 526/767/680 527/1869/1619 528/1870/1620
f 917/1081/956 916/1871/1621 285/591/526 288/588/523
f 1962/1872/1622 1966/908/803 1970/911/51 1961/1873/51
f 817/1874/466 816/1875/1623 812/1876/1624 813/1877/467
f 181/477/427 180/470/422 170/469/421 171/475/425
f 3375/1878/51 3380/1879/51 3379/424/383 3374/1880/1625
f 1530/1881/1626 1527/546/488 1528/1882/1627 1529/1883/1628
f 1925/1762/51 1926/1768/371 1930/1771/1535 1924/1763/1531
f 3263/1884/1629 3268/1885/1630 3267/1280/1125 3262/1283/1128
f 1875/528/471 1881/527/470 1880/938/831 1874/1886/1631
f 953/816/722 959/1396/1221 958/1887/1632 952/1888/1633
f 2518/1889/1634 2524/1890/1635 2523/1891/1636 2517/1325/1163
f 3193/1892/1637 3192/1893/1638 3187/1894/1639 3188/1895/1640
f 1180/1896/1641 1185/1897/1642 1179/1898/1643 1173/1899/51
f 3125/1900/1644 3131/1901/1645 3130/1747/1516 3124/1757/1526
f 2283/804/713 2290/1430/1252 2289/1433/1255 2282/805/714
f 1133/1902/1646 1132/1903/1647 1126/1904/1648 1127/1905/1649
f 1936/1906/51 1941/1507/153 1945/1510/1323 1940/1907/1650
f 3051/986/875 3050/1823/1585 3044/1822/1584 3045/987/876
f 3037/1908/1651 3044/1822/1584 3043/1825/51 3042/1909/341
f 3842/1910/1652 3841/1911/1653 3835/1912/1654 3836/1913/1655
f 1617/1914/1656 1623/1915/1657 1622/1916/341 1621/1917/153
f 558/781/692 557/973/862 551/1445/1267 552/782/693
f 1568/1918/1658 1573/1919/1659 1572/1920/1660 1567/1921/1661
f 1111/1922/1662 1118/739/657 1117/1145/1012 1110/1923/1663
f 3368/1924/1664 3367/1925/1665 3362/1926/1666 3363/1927/1667
f 3652/1928/1668 3651/749/666 3646/1929/1669 3647/1930/1670
f 2384/1931/1671 2383/1646/1431 2377/1645/1430 2378/1932/1672
f 2874/1933/1673 2873/1934/1674 2867/1935/1675 2868/1936/1676
f 3423/914/807 3428/913/806 3427/1937/428 3422/1938/371
f 374/1939/1677 381/1940/1678 380/1941/1679 379/1942/1680
f 1341/1572/1370 1348/1943/1681 1347/1944/1682 1340/1945/1683
f 272/1946/1684 271/1947/1685 268/1948/1686 265/1949/1687
f 2291/1950/1688 2298/1951/1689 2297/1952/178 2296/1953/178
f 340/1024/907 347/1023/906 346/1954/1690 339/1955/1691
f 2448/1426/51 2453/1425/1248 2446/1629/1416 2447/1628/1415
f 1020/1496/1312 1019/920/813 1012/261/242 1013/1497/1313
f 3761/1956/51 3762/1957/153 3766/1958/1692 3760/819/725
f 2405/1959/51 2404/1960/1693 2399/1741/1510 2394/1961/106
f 1137/1962/1694 1143/464/418 1148/467/51 1142/1963/153
f 2669/1964/284 2668/1483/1299 2663/1482/1298 2658/1965/153
f 1317/744/661 1316/770/683 1310/1966/1695 1311/1346/1178
f 542/1967/1696 541/1968/1697 537/766/679 538/765/678
f 644/1969/1698 643/1970/1699 637/1971/1700 638/1972/1701
f 3759/820/726 3765/1973/1702 3764/1974/1703 3758/1975/1704
f 727/1976/1705 731/1977/1706 730/1978/1707 726/1979/1708
f 1027/1542/919 1026/1541/1346 1021/1495/1311 1016/1980/920
f 1308/1981/1709 1314/1982/1710 1313/1983/51 1307/1984/178
f 2034/1213/1069 2033/812/719 2027/811/718 2028/1985/1711
f 3546/1986/1712 3545/1987/1713 3540/1988/1714 3541/1989/1715
f 2420/1662/1442 2419/1990/1716 2412/1416/1240 2413/1415/1239
f 1079/1991/1717 1078/1992/1718 1073/1993/1719 1074/1994/1720
f 268/1948/1686 271/1947/1685 270/1827/1587 267/795/704
f 3020/1995/1721 3019/1307/1150 3007/1306/1149 3010/1996/1722
f 2794/1474/1291 2799/1743/1512 2798/1997/1723 2793/1511/1324
f 533/1998/1724 530/1999/1725 531/2000/1726 532/2001/1727
f 361/2002/1728 360/2003/1729 355/2004/1730 350/2005/1731
f 3327/2006/1732 3332/2007/1733 3331/2008/284 3326/2009/51
f 1269/2010/1734 1268/1286/1131 1263/2011/1735 1258/2012/547
f 3407/2013/106 3412/2014/178 3416/2015/1736 3411/2016/1737
f 3838/2017/284 3847/2018/51 3846/2019/1738 3842/1910/1652
f 3045/987/876 3044/1822/1584 3037/1908/1651 3038/2020/1739
f 2082/2021/1740 2081/762/675 2076/761/674 2077/2022/1741
f 3025/2023/153 3030/1455/1275 3023/2024/1742 3024/2025/106
f 2835/2026/1743 2834/2027/1744 2827/2028/1745 2828/2029/1746
f 1992/2030/1747 1998/2031/1748 1997/2032/1749 1996/2033/51
f 1405/2034/1750 1404/1683/1459 1400/1559/1362 1401/1558/1361
f 3655/750/667 3661/2035/1751 3660/2036/547 3659/751/51
f 2026/2037/146 2031/2038/284 2030/2039/1752 2025/2040/1753
f 3828/2041/51 3837/2042/284 3836/1913/1655 3832/2043/1754
f 2080/763/676 2079/2044/1755 2074/1092/967 2075/764/677
f 2495/894/793 2494/2045/1756 2488/2046/1757 2489/1187/1049
f 3021/2047/1758 3028/2048/1759 3027/1055/934 3020/1995/1721
f 686/2049/1760 685/2050/1761 679/2051/1762 680/2052/1763
f 3824/2053/1764 3823/1841/1601 3819/1840/1600 3820/2054/1765
f 1565/2055/1766 1564/2056/1767 1558/2057/1768 1559/2058/1769
f 2888/1311/1151 2895/1103/976 2894/2059/428 2893/2060/1770
f 3084/2061/1771 3090/2062/1772 3089/1649/1432 3083/1650/1433
f 541/1968/1697 547/1711/1484 546/2063/1773 545/2064/1090
f 711/1170/1035 707/1169/1034 712/2065/1774
f 707/1169/1034 708/2066/1775 712/2067/1776
f 708/2066/1775 709/2068/1777 712/2069/1778
f 709/2068/1777 710/2070/1779 712/2071/1780
f 710/2070/1779 711/2072/1035 712/2073/1774
f 2627/377/343 2632/2074/1781 2626/2075/1782 2622/2076/1783
f 796/2077/1784 801/2078/1785 800/1304/1147 795/2079/1786
f 1910/2080/106 1901/2081/371 1909/2082/1787 1908/2083/1788
f 1592/555/495 1597/2084/1789 1596/2085/284 1591/556/496
f 2979/2086/1790 2983/1624/1411 2982/2087/1791 2978/2088/1792
f 2299/2089/1793 2298/1951/1689 2291/1950/1688 2292/2090/1794
f 2474/2091/1795 2473/2092/1796 2472/2093/1797 2471/2094/1798
f 849/658/581 854/569/507 853/1188/1050 848/886/787
f 1986/2095/51 1991/2096/178 1990/2097/1799 1985/2098/1800
f 308/1795/1559 314/2099/1801 319/2100/1802 313/2101/1803
f 862/2102/1804 865/2103/1805 864/2104/1806 861/2105/1807
f 3410/2106/1808 3415/2107/1809 3414/1158/1024 3409/1161/1027
f 371/2108/1810 376/2109/1811 375/2110/1812 370/2111/1813
f 935/2112/1814 942/1594/1390 941/2113/1815 934/2114/1816
f 423/2115/1817 429/1392/1217 434/2116/1818 428/2117/1819
f 2506/2118/1820 2512/2119/1821 2511/1328/1166 2505/2120/1822
f 736/2121/1823 735/627/557 731/1977/1706 732/2122/1824
f 2459/1424/1247 2464/2123/1825 2463/2124/1826 2458/1182/1044
f 203/2125/1827 212/2126/1828 211/626/556 202/2127/1829
f 2502/2128/51 2501/892/791 2496/891/790 2491/2129/284
f 1150/2130/1830 1149/465/419 1143/464/418 1144/2131/1831
f 3449/2132/1832 3455/2133/1833 3454/1830/1590 3448/1832/1592
f 1285/2134/1834 1284/2135/1835 1283/2136/51 1294/2137/51
f 1324/2138/51 1323/742/659 1318/741/658 1313/2139/51
f 434/2140/1818 433/1196/1058 427/1195/1057 428/2141/1819
f 814/519/465 818/2142/1836 821/2143/1837 817/520/466
f 1855/2144/1838 1860/2145/1839 1859/2146/1840 1854/2147/1841
f 2532/2148/1842 2531/2149/1843 2526/2150/1844 2521/2151/51
f 2501/892/791 2508/2152/1845 2507/2153/1846 2500/893/792
f 1155/2154/1847 1161/2155/1848 1166/2156/51 1160/2157/51
f 3456/680/601 3455/2133/1833 3449/2132/1832 3450/2158/1849
f 258/1147/1014 261/797/706 264/2159/858 257/1148/861
f 965/1395/1220 972/2160/1850 971/2161/1851 964/2162/1852
f 695/2163/1853 694/2164/1854 690/2165/1855 691/2166/1856
f 2520/2167/1857 2526/2150/1844 2525/2168/1858 2519/2169/1859
f 195/2170/1860 194/2171/1861 186/266/247 187/265/246
f 232/395/361 240/699/619 239/538/480 231/541/483
f 3854/2172/1862 3858/2173/1863 3862/2174/51 3853/2175/51
f 3552/2176/1864 3557/2177/1865 3556/2178/1866 3551/2179/1867
f 2323/2180/1868 2330/2181/1869 2329/2182/1870 2322/2183/1871
f 1997/2184/1749 2006/2185/106 2005/2186/1872 2001/1779/1543
f 2457/1183/1045 2462/2187/1873 2461/2188/1874 2456/2189/1875
f 3409/1161/1027 3408/1160/1026 3402/2190/1876 3403/2191/1877
f 2463/2124/1826 2462/2187/1873 2457/1183/1045 2458/1182/1044
f 3167/2192/1878 3168/2193/178 3172/2194/1879 3166/2195/1880
f 1644/1631/1418 1643/406/370 1637/656/580 1638/1632/1419
f 257/972/861 260/971/860 255/2196/1881 256/2197/1015
f 426/1197/1059 425/2198/1882 419/559/498 420/558/497
f 3533/2199/1883 3530/2200/1884 3531/2201/1885 3532/2202/1886
f 526/767/680 537/766/679 536/2203/1089 534/2204/1887
f 768/2205/1888 765/2206/1889 769/2207/1890
f 765/2206/1889 766/2208/1891 769/2209/1892
f 766/2208/1891 767/2210/1893 769/2211/1894
f 767/2210/1893 768/2212/1888 769/2213/1890
f 2269/2214/1895 2266/2215/1896 2267/2216/1897 2268/2217/1898
f 772/2218/1899 773/2219/1900 771/2220/1901
f 774/2221/1902 771/2220/1901 773/2219/1900
f 3265/2222/1903 3274/2223/51 3273/587/522 3269/2224/1904
f 1721/154/148 1720/872/773 1716/871/772 1717/2225/1905
f 3304/2226/341 3305/2227/178 3309/223/212 3303/226/215
f 2995/2228/1906 2999/2229/1907 2994/2230/1908 2989/1622/1409
f 3201/598/533 3206/597/532 3205/2231/1909 3200/1664/1444
f 3865/2232/1910 3871/2233/1911 3870/218/207 3864/2234/1912
f 3294/2235/1913 3293/2236/1914 3287/118/115 3288/117/114
f 1705/2237/1915 1710/2238/1916 1709/2239/1917 1704/2240/1918
f 3645/2241/106 3650/2242/668 3654/1564/1365 3649/1656/1437
f 623/2243/1919 636/2244/1920 635/2245/1921 631/2246/1922
f 665/2247/1923 664/2248/1924 660/2249/1925 661/2250/1926
f 186/266/247 194/2171/1861 193/2251/1927 185/2252/1928
f 1464/1784/1548 1463/1783/1547 1454/2253/1929 1457/2254/1930
f 1391/2255/1931 1390/1044/927 1385/2256/1932 1386/2257/1933
f 2904/2258/1934 2910/2259/1935 2909/2260/1936 2903/2261/1937
f 2134/2262/1938 2139/1614/146 2143/1615/1404 2138/2263/1939
f 980/536/478 979/2264/1940 973/2265/1941 974/537/479
f 791/2266/1942 790/2267/1943 786/2268/1944 787/2269/1945
f 2066/2270/1946 2070/2271/1947 2069/2272/1948 2065/126/123
f 3274/2223/51 3275/2273/51 3279/584/519 3273/587/522
f 3682/2274/1949 3686/2275/1950 3690/2276/106 3681/2277/284
f 2850/2278/1951 2849/1855/1610 2848/2279/1952 2847/2280/1953
f 2069/2272/1948 2068/1091/966 2064/127/124 2065/126/123
f 798/2281/1954 801/2078/1785 796/2077/1784 797/2282/1955
f 760/1262/1110 764/2283/1956 763/2284/1957 759/2285/1958
f 766/2208/1891 765/2206/1889 762/2286/1959 763/2284/1957
f 1873/2287/1960 1879/937/830 1878/2288/1961 1872/1400/1224
f 3853/2289/51 3862/409/51 3861/412/373 3857/2290/1962
f 298/2291/1963 297/1368/1195 291/1367/1194 292/2292/1964
f 2591/2293/1965 2590/2294/1966 2585/2295/1967 2586/2296/1968
f 3379/424/383 3378/423/382 3373/2297/1969 3374/1880/1625
f 1460/2298/51 1469/2299/284 1468/1101/974 1464/1784/1548
f 3224/2300/1185 3233/2301/284 3232/2302/1970 3228/2303/1971
f 1489/2304/51 1494/757/284 1493/760/673 1488/2305/1972
f 2144/2306/1973 2149/2307/1974 2153/2308/284 2148/2309/371
f 1508/2310/1975 1507/2311/1976 1502/2312/1977 1503/2313/1978
f 3606/2/2 3612/2314/1979 3611/2315/1980 3605/3/3
f 2209/2316/51 2210/2317/51 2214/2318/1981 2208/2319/1982
f 1209/2320/1983 1208/710/629 1200/709/628 1203/2321/51
f 3867/410/371 3868/2322/1984 3872/2323/1985 3866/411/372
f 3505/841/745 3504/2324/1986 3499/2325/1987 3500/883/784
f 2909/2260/1936 2908/2326/1988 2902/2327/1989 2903/2261/1937
f 1653/294/273 1658/2328/1990 1657/2329/51 1652/1859/51
f 778/2330/1991 783/2331/1992 782/2332/643 781/2333/1993
f 1564/2056/1767 1568/1918/1658 1567/1921/1661 1563/1641/1426
f 2513/2334/1994 2512/2119/1821 2506/2118/1820 2507/2153/1846
f 821/2143/1837 818/2142/1836 822/2335/1995
f 818/2142/1836 819/2336/1996 822/2337/1997
f 819/2336/1996 820/2338/1998 822/2339/1999
f 820/2338/1998 821/2340/1837 822/2341/1995
f 1598/2342/2000 1597/2084/1789 1592/555/495 1593/2343/2001
f 825/2344/2002 826/2345/2003 824/208/199
f 827/209/200 824/208/199 826/2345/2003
f 2111/2346/2004 2116/2347/2005 2115/2348/2006 2110/2349/2007
f 2991/2350/106 2996/2351/428 3000/2352/2008 2995/2228/1906
f 3673/2353/2009 3682/2274/1949 3681/2277/284 3672/2354/284
f 2631/2355/2010 2630/2356/2011 2624/2357/2012 2625/2358/2013
f 3852/2359/2014 3851/387/353 3845/386/352 3846/2019/1738
f 3718/2360/2015 3717/2361/2016 3712/2362/2017 3713/2363/2018
f 2100/2364/2019 2105/2365/2020 2104/2366/2021 2099/1119/987
f 181/477/427 190/2367/2022 189/2368/2023 180/470/422
f 539/2369/2024 543/2370/2025 542/1967/1696 538/765/678
f 2162/2371/2026 2167/2372/2027 2166/2373/2028 2161/2374/2029
f 453/2375/2030 458/1404/1228 452/2376/2031 447/2377/844
f 1192/2378/2032 1204/2379/2033 1209/2380/1983 1203/2381/51
f 556/2382/865 561/2383/864 565/1748/1517 560/1750/1519
f 2533/593/528 2540/631/561 2539/632/341 2538/2384/51
f 290/2385/1197 295/390/356 287/589/524 289/2386/2034
f 1790/2387/2035 1794/211/202 1798/214/153 1789/2388/428
f 1892/2389/2036 1899/2390/2037 1898/2391/2038 1891/1202/1062
f 3677/312/290 3684/1215/1071 3683/2392/2039 3676/313/291
f 1734/2393/2040 1739/2394/2041 1738/2395/2042 1733/2396/106
f 1774/2397/51 1783/2398/51 1782/2399/2043 1778/2400/2044
f 3691/2401/51 3696/2402/51 3700/2403/2045 3695/2404/2046
f 1561/2405/106 1570/2406/371 1569/2407/2047 1565/2055/1766
f 2586/2296/1968 2585/2295/1967 2580/2408/2048 2581/2409/2049
f 634/418/377 639/2410/2050 638/1972/1701 633/419/378
f 2147/1358/1187 2146/2411/2051 2142/847/749 2143/1615/1404
f 992/2412/2052 991/2413/2053 986/2414/2054 987/2415/2055
f 3403/2191/1877 3402/2190/1876 3393/2416/2056 3396/2417/2057
f 3693/251/236 3692/257/240 3686/2275/1950 3687/252/237
f 3681/2418/284 3690/2419/106 3689/2420/2058 3685/1214/1070
f 2927/2421/2059 2926/2422/2060 2921/2423/2061 2922/673/596
f 734/401/367 733/400/366 729/2424/2062 730/1978/1707
f 2605/2425/2063 2609/2426/2064 2613/2427/106 2604/2428/106
f 829/309/287 828/308/286 827/209/200 826/2345/2003
f 1771/327/304 1770/326/303 1765/2429/2065 1766/2430/2066
f 3816/2431/106 3818/2432/341 3822/2433/2067 3815/2434/2068
f 801/2078/1785 805/2435/2069 804/1301/1144 800/1304/1147
f 1534/732/651 1531/731/650 1532/2436/2070 1533/2437/2071
f 1100/2438/2072 1109/2439/2073 1108/2440/2074 1099/457/411
f 2470/2441/2075 2469/2442/2076 2468/2443/51 2467/2444/153
f 899/2445/2077 902/2446/2078 901/2447/2079 898/1265/1112
f 1199/712/631 1196/1626/1413 1197/2448/2080 1198/2449/2081
f 3299/2450/153 3304/2226/341 3303/226/215 3298/2451/2082
f 132/1616/1405 147/1305/1148 146/353/328 131/355/330
f 868/2452/2083 869/2453/2084 871/2454/2085
f 872/2455/2086 871/2454/2085 869/2453/2084
f 872/2455/2086 869/2453/2084 873/2456/2087
f 870/2457/2088 873/2456/2087 869/2453/2084
f 870/2457/2088 867/2458/2089 873/2456/2087
f 874/2459/2090 873/2456/2087 867/2458/2089
f 874/2460/2090 871/2454/2085 875/2461/2091
f 871/2454/2085 872/2455/2086 875/2462/2092
f 872/2455/2086 873/2456/2087 875/2463/2093
f 873/2456/2087 874/2459/2090 875/2464/2091
f 2246/851/753 2245/2465/2094 2241/2466/2095 2242/852/754
f 1748/504/450 1745/332/309 1746/2467/2096 1747/2468/2097
f 1680/2469/2098 1677/2470/2099 1678/2471/2100 1679/2472/2101
f 2966/2473/153 2971/2474/284 2975/2475/2102 2970/2476/2103
f 1718/2477/2104 1723/362/335 1727/365/146 1722/2478/51
f 1681/2479/51 1687/2480/51 1686/2481/2105 1680/2469/2098
f 2271/2482/2106 2270/2483/2107 2269/2214/1895 2268/2217/1898
f 3525/2484/2108 3528/2485/2109 3524/50/50 3520/2486/2110
f 109/174/167 126/2487/2111 125/340/315 108/2488/2112
f 2530/2489/2113 2529/2490/2114 2524/1890/1635 2525/2168/1858
f 2891/440/396 2890/1692/1467 2885/2491/2115 2886/441/397
f 3256/171/164 3261/1282/1127 3260/2492/371 3255/2493/51
f 891/2494/2116 888/2495/2117 892/2496/2118
f 889/2497/2119 892/2496/2118 888/2495/2117
f 889/2497/2119 890/2498/2120 892/2496/2118
f 893/2499/2121 892/2496/2118 890/2498/2120
f 893/2499/2121 890/2498/2120 891/2500/2116
f 888/2501/2117 891/2500/2116 890/2498/2120
f 894/2502/2122 891/2494/2116 895/1267/1114
f 892/2496/2118 895/1267/1114 891/2494/2116
f 892/2496/2118 893/2499/2121 895/1267/1114
f 896/1268/1115 895/1267/1114 893/2499/2121
f 896/1268/1115 893/2499/2121 894/2503/2122
f 891/2500/2116 894/2503/2122 893/2499/2121
f 899/2504/2077 894/2502/2122 897/1266/1113
f 895/1267/1114 897/1266/1113 894/2502/2122
f 3721/2505/2123 3726/2506/2124 3730/2507/341 3725/2508/106
f 898/1265/1112 896/1268/1115 899/2445/2077
f 894/2503/2122 899/2445/2077 896/1268/1115
f 3709/2509/2125 3714/322/299 3713/2363/2018 3708/2510/2126
f 2476/2511/2127 2473/2092/1796 2474/2091/1795 2475/2512/2128
f 905/2513/2129 902/2514/2078 903/2515/2130
f 900/2516/2131 903/2515/2130 902/2514/2078
f 900/2516/2131 901/2447/2079 903/2515/2130
f 904/2517/2132 903/2515/2130 901/2447/2079
f 904/2517/2132 901/2447/2079 905/2518/2129
f 902/2446/2078 905/2518/2129 901/2447/2079
f 906/2519/2133 905/2513/2129 907/2520/2134
f 903/2515/2130 907/2520/2134 905/2513/2129
f 903/2515/2130 904/2517/2132 907/2520/2134
f 908/2521/2135 907/2520/2134 904/2517/2132
f 908/2521/2135 904/2517/2132 906/2522/2133
f 905/2518/2129 906/2522/2133 904/2517/2132
f 911/2523/2136 906/2519/2133 909/2524/2137
f 907/2520/2134 909/2524/2137 906/2519/2133
f 907/2520/2134 908/2521/2135 909/2524/2137
f 910/2525/2138 909/2524/2137 908/2521/2135
f 910/2525/2138 908/2521/2135 911/2526/2136
f 906/2522/2133 911/2526/2136 908/2521/2135
f 911/2523/2136 909/2524/2137 912/2527/2139
f 909/2524/2137 910/2525/2138 912/2528/2140
f 910/2525/2138 911/2526/2136 912/2529/2139
f 278/2530/2141 280/498/2142 918/2531/957
f 913/2532/2143 918/2531/957 280/498/2142
f 2116/2347/2005 2120/2533/2144 2119/2534/2145 2115/2348/2006
f 281/222/211 284/219/208 914/2535/2146
f 915/2536/2147 914/2535/2146 284/219/208
f 3686/2275/1950 3692/257/240 3691/260/51 3690/2276/106
f 213/2537/2148 212/2126/1828 203/2125/1827 204/2538/2149
f 288/588/523 278/2539/2141 917/1081/956
f 918/1082/957 917/1081/956 278/2539/2141
f 2033/812/719 2037/2540/2150 2041/2541/51 2032/813/720
f 2419/1990/1716 2424/1348/1180 2429/2542/106 2418/2543/153
f 3157/1634/284 3158/2544/284 3162/2545/2151 3156/1635/1420
f 3773/728/647 3772/727/646 3768/2546/2152 3769/2547/2153
f 2302/2548/2154 2307/2549/2155 2306/2550/2156 2301/2551/2157
f 3557/2177/1865 3562/2552/2158 3561/1798/1562 3556/2178/1866
f 3641/1435/1257 3646/1929/1669 3645/2553/106 3640/1561/51
f 2397/1006/893 2402/1005/892 2401/2554/2159 2396/2555/2160
f 3776/2556/51 3781/2557/51 3780/2558/2161 3775/2559/2162
f 1860/2145/1839 1867/2560/2163 1866/1403/1227 1859/2146/1840
f 3036/1456/1276 3041/2561/2164 3040/2562/2165 3035/1457/1277
f 316/2563/2166 323/2564/2167 322/2565/2168 315/2566/2169
f 2694/2567/2170 2701/1443/1265 2700/2568/284 2699/2569/51
f 2289/1433/1255 2288/2570/2171 2281/2571/2172 2282/805/714
f 1874/1886/1631 1873/2287/1960 1867/2560/2163 1868/2572/2173
f 1847/2573/2174 1846/2574/2175 1840/2575/2176 1841/2576/2177
f 3554/1360/51 3559/2577/371 3563/2578/2178 3558/1361/1188
f 3650/2242/668 3659/2579/51 3658/1134/1001 3654/1564/1365
f 2067/2580/2179 2066/2270/1946 2059/2581/2180 2062/2582/2181
f 3766/1958/1692 3765/1973/1702 3759/820/726 3760/819/725
f 1346/2583/2182 1351/1235/1087 1350/2584/2183 1345/2585/2184
f 329/2586/2185 328/1812/1574 323/2564/2167 324/2587/2186
f 669/2588/2187 674/2589/2188 673/1808/1570 668/2590/2189
f 2442/2591/2190 2449/1115/985 2448/1118/51 2447/2592/1415
f 1411/2593/2191 1417/2594/2192 1416/2595/2193 1410/2596/2194
f 3815/2434/2068 3812/2597/2195 3813/2598/2196 3814/2599/2197
f 325/947/840 330/946/839 329/2586/2185 324/2587/2186
f 1262/2600/2198 1261/2601/2199 1255/1530/1338 1256/1755/1524
f 945/1802/1564 944/2602/2200 938/2603/2201 939/1331/1169
f 1296/669/592 1295/2604/2202 1284/2135/1835 1287/670/593
f 2709/2605/2203 2708/2606/2204 2703/2607/2205 2704/2608/2206
f 3744/275/254 3741/1687/1463 3742/2609/2207 3743/276/255
f 3154/2610/2208 3153/1387/1212 3148/1694/1469 3149/2611/2209
f 3753/2612/2210 3757/2613/2211 3761/2614/51 3752/2615/2212
f 967/2616/2213 972/2160/1850 965/1395/1220 966/1394/1219
f 1076/2617/2214 1083/2618/2215 1082/2619/2216 1081/2620/909
f 1417/2594/2192 1421/1278/1123 1420/2621/2217 1416/2595/2193
f 505/2622/2218 511/2623/2219 510/2624/2220 504/2625/2221
f 1858/2626/2222 1865/1402/1226 1864/2627/2223 1863/2628/341
f 1832/2629/2224 1831/2630/2225 1825/2631/2226 1826/2632/2227
f 1477/1820/1582 1483/1819/1581 1482/1670/1448 1476/1673/1451
f 1334/2633/2228 1339/2634/2229 1338/2635/2230 1333/988/877
f 451/2636/2231 450/2637/2232 443/2638/2233 444/2639/2234
f 365/2640/2235 371/2108/1810 370/2111/1813 364/1833/1593
f 1972/1128/995 1971/909/804 1966/908/803 1967/1129/996
f 1090/2641/2236 1089/2642/2237 1083/2618/2215 1084/2643/2238
f 3614/2644/178 3619/2645/153 3618/2646/2239 3613/2647/2240
f 3537/861/762 3534/2648/2241 3535/2649/2242 3536/862/763
f 2348/2650/2243 2354/660/583 2347/663/586 2340/2651/2244
f 612/1592/1388 617/1845/1603 616/1844/1602 611/2652/2245
f 2895/1103/976 2900/904/800 2905/907/802 2894/2059/428
f 2328/2653/2246 2333/2654/2247 2338/2655/153 2327/2656/51
f 690/2165/1855 694/2164/1854 693/2657/2248 689/2658/2249
f 2306/2550/2156 2305/1150/1016 2300/2659/2250 2301/2551/2157
f 2090/613/544 2096/2660/2251 2095/1121/989 2089/614/545
f 1853/2661/2252 1858/2626/2222 1863/2628/341 1852/2662/284
f 2494/2045/1756 2499/2663/2253 2498/2664/2254 2493/2665/2255
f 3191/2666/2256 3190/1176/1039 3185/581/517 3186/2667/2257
f 1114/2668/2258 1119/2669/2259 1124/2670/51 1113/2671/51
f 443/2638/2233 450/2637/2232 449/2672/2260 442/2673/2261
f 3110/2674/2262 3109/1313/1153 3099/2675/2263 3102/2676/2264
f 218/624/554 226/485/434 225/488/360 217/2677/363
f 2380/1697/1471 2379/2678/2265 2369/2679/2266 2372/2680/2267
f 3830/2681/2268 3829/2682/2269 3823/1841/1601 3824/2053/1764
f 2062/2582/2181 2059/2581/2180 2060/2683/2270 2061/2684/2271
f 3444/2685/2272 3443/807/716 3438/2686/2273 3439/2687/2274
f 1450/2688/2275 1461/2689/2276 1460/2690/51 1458/2691/371
f 3219/2692/2277 3225/1352/1184 3224/1354/1185 3223/2693/106
f 2881/1167/1032 2887/438/394 2886/441/397 2880/2694/2278
f 1400/1559/1362 1404/1683/1459 1408/1684/1460 1399/2695/284
f 2525/2168/1858 2524/1890/1635 2518/1889/1634 2519/2169/1859
f 3258/2696/2279 3263/1884/1629 3262/1283/1128 3257/170/163
f 996/2697/2280 985/2698/2281 991/2413/2053
f 986/2414/2054 991/2413/2053 985/2698/2281
f 2756/1070/949 2755/1069/948 2744/2699/2282 2747/2700/2283
f 2780/944/837 2779/943/836 2773/2701/2284 2774/1775/1539
f 2677/1391/1214 2682/1390/1213 2687/2702/51 2676/2703/153
f 994/2704/2285 989/1349/1181 995/2705/2286
f 990/2706/2287 995/2705/2286 989/1349/1181
f 990/2706/2287 985/2707/2281 995/2705/2286
f 996/2708/2280 995/2705/2286 985/2707/2281
f 997/2709/2288 996/2697/2280 998/2710/2289
f 991/2413/2053 998/2710/2289 996/2697/2280
f 963/1838/1598 970/2711/2290 969/2712/2291 962/1839/1599
f 1981/495/443 1978/2713/2292 1979/2714/2293 1980/496/444
f 993/2715/2294 994/2704/2285 1000/2716/2295
f 1001/2717/2296 1000/2716/2295 994/2704/2285
f 1001/2717/2296 994/2704/2285 1002/2718/2297
f 995/2705/2286 1002/2718/2297 994/2704/2285
f 995/2705/2286 996/2708/2280 1002/2718/2297
f 997/2719/2288 1002/2718/2297 996/2708/2280
f 797/2282/1955 796/2077/1784 792/2720/2298 793/2721/2299
f 3767/2722/153 3776/2556/51 3775/2559/2162 3771/2723/2300
f 2164/500/51 2169/427/153 2173/430/386 2168/501/447
f 1000/2716/2295 1001/2717/2296 1005/2724/2301
f 1006/2725/2302 1005/2724/2301 1001/2717/2296
f 2230/572/284 2239/2726/153 2238/2727/2303 2234/573/509
f 1002/2718/2297 997/2719/2288 1007/2728/2304
f 1008/2729/2305 1007/2728/2304 997/2719/2288
f 1008/2730/2305 1003/2731/2306 1009/2732/2307
f 1003/2731/2306 1004/2733/2308 1009/2734/2309
f 1004/2733/2308 1005/2724/2301 1009/2735/2310
f 1005/2724/2301 1006/2725/2302 1009/2736/2311
f 1006/2725/2302 1007/2728/2304 1009/2737/2312
f 1007/2728/2304 1008/2729/2305 1009/2738/2307
f 1096/458/412 1107/2739/2313 1112/2740/51 1095/2741/2314
f 3666/447/403 3665/2742/2315 3661/2035/1751 3662/448/404
f 3295/2743/2316 3300/168/161 3304/843/341 3299/2744/153
f 2336/2745/2317 2335/2746/2318 2330/2181/1869 2331/2747/2319
f 1175/2748/2320 1174/2749/2321 1168/2750/2322 1169/2751/2323
f 3063/1413/1237 3069/2752/2324 3068/636/565 3062/639/568
f 689/2658/2249 688/1717/1490 683/2753/2325 684/2754/2326
f 445/2755/2327 452/2376/2031 451/2636/2231 444/2639/2234
f 725/1638/1423 729/2424/2062 732/2756/1824 728/1639/1424
f 571/2757/2328 576/1678/1456 580/1033/916 575/1734/1503
f 483/2758/1297 488/1502/1318 481/1501/1317 482/2759/1261
f 353/2760/2329 358/2761/2330 357/1836/1596 352/2762/2331
f 1930/1771/1535 1929/2763/2332 1923/2764/2333 1924/1763/1531
f 433/1196/1058 439/2765/2334 438/1064/943 432/1066/945
f 269/1828/1588 274/832/738 273/831/737 272/2766/1684
f 498/2767/2335 503/2768/2336 502/2769/2337 497/1038/921
f 1048/1493/1309 1047/1492/1308 1041/1470/1288 1042/1499/1315
f 564/1749/1518 568/1785/1549 567/1787/1551 563/2770/2338
f 1062/2771/2339 1061/2772/2340 1054/2773/2341 1055/2774/2342
f 2071/2775/2343 2070/2271/1947 2066/2270/1946 2067/2580/2179
f 3123/1758/1527 3129/1746/1515 3128/2776/371 3127/2777/371
f 1920/1764/1532 1919/2778/2344 1913/2779/2345 1914/2780/2346
f 2767/2781/2347 2773/2701/2284 2778/2782/284 2772/2783/51
f 950/1704/1478 949/1703/1477 944/2602/2200 945/1802/1564
f 1934/2784/2348 1939/2785/2349 1938/1528/1336 1933/2786/2350
f 1398/2787/51 1399/2788/284 1403/2789/2351 1397/2790/2352
f 3106/1551/1354 3103/1550/1353 3104/2791/2353 3105/2792/2354
f 1923/2764/2333 1929/2763/2332 1928/2793/2355 1922/2794/2356
f 476/2795/1262 475/2796/2357 470/2797/2358 465/2798/1280
f 322/2565/2168 321/2799/2359 314/2099/1801 315/2566/2169
f 1218/2800/2360 1217/2801/2361 1210/2802/2362 1211/1089/964
f 335/2803/2363 334/1813/1575 328/1812/1574 329/2586/2185
f 1249/1756/1525 1248/1529/1337 1243/2804/2364 1244/2805/2365
f 460/2806/2366 466/1459/1279 465/1460/1280 459/2807/2367
f 1030/2808/2368 1029/2809/2369 1022/1035/918 1023/2810/2370
f 487/1503/1319 486/1517/1330 479/1512/1325 480/1504/1320
f 2791/1051/371 2796/1050/930 2789/2811/2371 2790/2812/284
f 1217/2801/2361 1222/2813/2372 1227/2814/51 1216/2815/371
f 479/1512/1325 486/1517/1330 485/1372/1199 478/1375/1202
f 1068/2816/2373 1067/2817/2374 1061/2772/2340 1062/2771/2339
f 1032/1450/1272 1031/1449/1271 1024/1584/1380 1025/1583/1379
f 449/2672/2260 448/950/843 441/949/842 442/2673/2261
f 3126/2818/2375 3125/1900/1644 3120/1736/1505 3121/1735/1504
f 1919/2778/2344 1923/2764/2333 1922/2794/2356 1918/2819/2376
f 1212/1088/963 1219/1428/1250 1218/2800/2360 1211/1089/964
f 1041/1470/1288 1047/1492/1308 1046/2820/1208 1040/1471/1211
f 651/720/639 650/1293/1138 645/2821/2377 646/2822/2378
f 2804/2823/2379 2803/1705/1479 2797/792/703 2798/1997/1723
f 1023/2810/2370 1022/1035/918 1017/1034/917 1018/921/814
f 1995/1782/1546 1994/1781/1545 1989/2824/2380 1990/2097/1799
f 494/967/856 500/966/855 499/2825/2381 493/1515/1328
f 1045/1385/1210 1051/1384/1209 1050/2826/2382 1044/2827/2383
f 3411/2016/1737 3410/2106/1808 3404/2828/2384 3405/2829/2385
f 2703/2607/2205 2708/2606/2204 2707/1441/1263 2702/1444/1266
f 1960/2830/2386 1959/2831/2387 1954/2832/2388 1955/2833/2389
f 1928/2793/2355 1927/2834/2390 1921/2835/2391 1922/2794/2356
f 1067/2817/2374 1073/1993/1719 1072/2836/2392 1066/2837/2393
f 1256/1755/1524 1255/1530/1338 1248/1529/1337 1249/1756/1525
f 1412/2838/2394 1411/2593/2191 1406/2839/2395 1407/2840/2396
f 1130/1552/1355 1136/745/662 1135/748/665 1129/1553/1356
f 1225/2841/2397 1224/2842/2398 1219/1428/1250 1220/1427/1249
f 2428/1009/896 2434/1620/1408 2433/2843/2399 2427/1010/897
f 344/2844/2400 349/2845/2401 342/2846/2402 343/2847/1245
f 3140/2848/2403 3139/1451/1273 3133/1745/1514 3134/1744/1513
f 1842/2849/2404 1848/2850/2405 1847/2573/2174 1841/2576/2177
f 3028/2048/1759 3034/2851/2406 3033/1052/931 3027/1055/934
f 2824/2852/2407 2829/2853/2408 2828/2029/1746 2823/2854/2409
f 679/2051/1762 685/2050/1761 684/2754/2326 678/1805/1567
f 3337/1324/1162 3336/2855/2410 3332/2007/1733 3333/2856/2411
f 1125/2857/371 1130/1552/1355 1123/738/656 1124/737/51
f 3450/2158/1849 3449/2132/1832 3445/714/633 3446/713/632
f 513/2858/2412 518/2859/2413 511/2623/2219 512/2860/1508
f 972/2160/1850 977/2861/2414 976/2862/2415 971/2161/1851
f 2868/1936/1676 2867/1935/1675 2860/2863/2416 2861/2864/2417
f 2322/2183/1871 2321/2865/2418 2315/2866/2419 2316/2867/2420
f 3821/2868/2421 3825/2869/2422 3824/2053/1764 3820/2054/1765
f 3435/1582/1378 3434/1581/1377 3430/2870/2423 3431/1073/950
f 1074/1994/1720 1073/1993/1719 1067/2817/2374 1068/2816/2373
f 750/2871/2424 749/514/460 745/2872/2425 746/2873/2426
f 2070/2271/1947 2076/761/674 2075/764/677 2069/2272/1948
f 1425/2874/2427 1424/609/542 1419/608/541 1420/2621/2217
f 2043/2875/2428 2047/2876/2429 2051/2877/371 2042/2878/153
f 2480/2879/2430 2479/2880/2431 2469/2442/2076 2472/2093/1797
f 263/970/859 268/1948/1686 267/795/704 262/798/707
f 1088/2881/2432 1089/2642/2237 1094/2882/2433
f 1089/2642/2237 1090/2641/2236 1094/2883/2434
f 1090/2641/2236 1091/2884/2435 1094/2885/2436
f 1091/2884/2435 1092/2886/2437 1094/2887/2438
f 1092/2886/2437 1093/2888/2439 1094/2889/2440
f 1093/2888/2439 1088/2890/2432 1094/2891/2433
f 2907/2892/2441 2906/905/801 2900/904/800 2901/1102/975
f 3531/2201/1885 3530/2200/1884 3538/2893/761 3529/2894/341
f 2233/853/755 2237/2895/2442 2236/2896/2443 2232/854/756
f 1101/2897/2444 1102/179/172 1100/2438/2072
f 1103/178/171 1100/2438/2072 1102/179/172
f 3701/2898/2445 3707/2899/2446 3706/2900/51 3705/2901/2447
f 1105/176/169 1106/2902/51 1104/177/170
f 1095/2903/2314 1104/177/170 1106/2902/51
f 3364/1809/1571 3369/2904/2448 3368/1924/1664 3363/1927/1667
f 1490/2905/2449 1495/707/626 1499/2906/671 1494/2907/284
f 2954/2908/2450 2953/2909/2451 2948/2910/2452 2949/2911/2453
f 622/2912/2454 623/2243/1919 631/2246/1922 630/2913/2455
f 2598/2914/51 2603/2915/106 2602/248/233 2597/2916/2456
f 3699/2917/2457 3703/2918/2458 3702/2919/2459 3698/2920/2460
f 668/2590/2189 667/2921/2461 662/2922/2462 663/2923/2463
f 3540/1988/1714 3545/1987/1713 3544/2924/284 3539/2925/153
f 3418/2926/2464 3423/914/807 3422/1938/371 3417/2927/51
f 2284/2928/1466 2283/804/713 2278/803/712 2273/2929/146
f 3419/2930/2465 3418/2926/2464 3413/1159/1025 3414/1158/1024
f 2882/2931/51 2887/438/394 2881/1167/1032 2876/1166/153
f 2309/2932/153 2314/2933/2466 2307/2549/2155 2308/2934/106
f 1852/2935/284 1857/2936/2467 1850/997/886 1851/2937/51
f 2725/918/811 2731/917/810 2730/2938/371 2724/1861/51
f 3542/2939/2468 3547/2940/2469 3546/1986/1712 3541/1989/1715
f 2782/2941/2470 2781/2942/2471 2775/1774/1538 2776/2943/2472
f 684/2754/2326 683/2753/2325 677/1806/1568 678/1805/1567
f 939/1331/1169 938/2603/2201 931/2944/2473 932/1332/1170
f 2029/2945/2474 2035/1210/1066 2034/1213/1069 2028/1985/1711
f 3057/1414/1238 3056/2946/2475 3050/1823/1585 3051/986/875
f 1849/998/887 1848/2850/2405 1842/2849/2404 1843/999/888
f 2424/1348/1180 2430/1347/1179 2435/1598/341 2429/2542/106
f 256/2197/1015 255/2196/1881 252/2947/2476 249/2948/2477
f 430/1393/1218 429/1392/1217 423/2115/1817 424/2949/2478
f 1432/2950/2479 1431/2951/2480 1426/1277/1122 1427/1276/1121
f 1881/527/470 1886/940/833 1885/936/829 1880/938/831
f 1337/2952/2481 1344/2953/2482 1343/2954/153 1342/2955/284
f 2434/1620/1408 2440/1619/1407 2439/2956/2483 2433/2843/2399
f 3629/1112/983 3628/2957/2484 3623/2958/2485 3624/2959/2486
f 368/2960/2487 373/2961/2488 367/2962/2489 362/2963/2490
f 3442/2964/106 3451/2965/51 3450/2158/1849 3446/713/632
f 2087/2966/1440 2092/2967/284 2091/2968/2491 2086/2969/2492
f 701/2970/710 706/2971/1036 705/2972/2493 700/2973/2494
f 2814/1077/953 2820/1076/952 2819/2974/2495 2813/1788/1552
f 1407/2840/2396 1406/2839/2395 1402/2975/2496 1403/2789/2351
f 1151/1155/1021 1157/2976/2497 1156/2977/2498 1150/2130/1830
f 2386/790/701 2385/2978/2499 2379/2678/2265 2380/1697/1471
f 1321/769/682 1327/2979/2500 1326/991/880 1320/1778/1542
f 1823/2980/2501 1829/1725/1498 1828/2981/178 1822/2982/341
f 1933/2786/2350 1932/1398/1223 1927/2834/2390 1928/2793/2355
f 2281/2571/2172 2288/2570/2171 2287/2983/2502 2280/2984/2503
f 2019/2985/2504 2018/2986/2505 2012/2987/2506 2013/2988/2507
f 1511/2989/2508 1510/402/368 1505/644/573 1506/2990/2509
f 3011/2991/2510 3021/2047/1758 3020/1995/1721 3010/1996/1722
f 1385/2256/1932 1390/1044/927 1389/1047/284 1384/2992/153
f 216/2993/2511 224/396/362 223/884/785 215/2994/2512
f 3192/1893/1638 3196/1663/1443 3195/1665/1445 3191/2666/2256
f 835/2995/2513 839/510/456 842/2996/2514 838/2997/2515
f 1153/2998/2516 1159/2999/2517 1158/3000/2518 1152/1154/1020
f 1829/1725/1498 1835/1724/1497 1834/3001/341 1828/2981/178
f 2143/1615/1404 2142/847/749 2137/846/748 2138/2263/1939
f 1856/3002/2519 1855/2144/1838 1848/2850/2405 1849/998/887
f 555/3003/1268 556/2382/865 560/1750/1519 554/1484/1300
f 372/3004/2520 371/2108/1810 365/2640/2235 366/3005/2521
f 3190/1176/1039 3194/3006/2522 3198/3007/284 3189/1177/178
f 3646/1929/1669 3651/749/666 3650/752/668 3645/2553/106
f 1368/3008/2523 1367/3009/2524 1361/3010/2525 1362/3011/2526
f 3370/1378/1203 3369/2904/2448 3364/1809/1571 3365/1379/1204
f 2528/595/530 2527/594/529 2522/3012/2527 2523/1891/1636
f 2142/847/749 2146/2411/2051 2145/3013/2528 2141/848/750
f 2343/3014/2529 2350/565/504 2349/3015/2530 2342/3016/2531
f 1162/3017/2532 1161/2155/1848 1155/2154/1847 1156/2977/2498
f 2510/1327/1165 2516/1326/1164 2515/3018/51 2509/3019/51
f 2320/3020/284 2319/3021/2533 2314/2933/2466 2309/2932/153
f 1545/3022/51 1546/3023/1084 1550/3024/2534 1544/1371/1198
f 1205/1090/965 1204/2379/2033 1192/2378/2032 1195/1627/1414
f 1168/2750/2322 1174/2749/2321 1167/3025/51
f 2167/2372/2027 2172/550/490 2171/553/493 2166/2373/2028
f 425/2198/1882 431/1065/944 430/1393/1218 424/2949/2478
f 1170/3026/2535 1176/3027/2536 1169/2751/2323
f 1145/1156/1022 1151/1155/1021 1150/2130/1830 1144/2131/1831
f 840/511/457 839/510/456 835/2995/2513 836/666/589
f 3090/2062/1772 3096/3028/2537 3095/3029/2538 3089/1649/1432
f 242/688/609 245/3030/2539 248/3031/2540 241/681/602
f 2488/2046/1757 2494/2045/1756 2493/2665/2255 2487/3032/2541
f 624/431/387 632/3033/2542 636/3034/1920 623/3035/1919
f 1509/3036/284 1514/3037/341 1513/3038/2543 1508/2310/1975
f 1514/3037/341 1515/3039/153 1519/3040/2544 1513/3038/2543
f 3792/3041/428 3801/3042/51 3800/3043/2545 3796/3044/2546
f 1190/3045/284 1179/1898/1643 1185/1897/1642
f 151/3046/2547 168/462/416 167/461/415 150/1269/1116
f 1186/3047/2548 1181/3048/2549 1187/3049/2550
f 1182/3050/2551 1183/3051/2552 1187/3049/2550
f 1188/3052/2553 1187/3049/2550 1183/3051/2552
f 93/175/168 109/174/167 108/2488/2112 92/370/339
f 1458/3053/371 1460/2298/51 1464/1784/1548 1457/2254/1930
f 1190/3045/284 1185/1897/1642 1191/3054/2554
f 1185/1897/1642 1186/3047/2548 1191/3055/2555
f 1186/3047/2548 1187/3049/2550 1191/3056/2556
f 1187/3049/2550 1188/3052/2553 1191/3057/2557
f 1188/3052/2553 1189/3058/2558 1191/3059/2559
f 1189/3058/2558 1190/3060/284 1191/3061/2554
f 824/208/199 831/207/198 834/3062/2560 830/3063/285
f 2556/3064/2561 2562/3065/2562 2561/3066/2563 2555/3067/2564
f 1773/3068/2565 1772/3069/2566 1767/3070/2567 1768/3071/2568
f 1713/3072/2569 1722/151/51 1721/154/148 1717/2225/1905
f 1894/3073/106 1899/2390/2037 1892/2389/2036 1893/3074/153
f 202/2127/1829 201/3075/2570 194/2171/1861 195/2170/1860
f 2919/3076/2571 2924/3077/2572 2929/3078/51 2918/3079/51
f 392/1273/1120 399/1249/1100 398/1248/1098 397/1274/1099
f 806/3080/2573 810/518/464 813/521/467 809/3081/2574
f 2482/3082/2575 2481/3083/2576 2473/2092/1796 2476/2511/2127
f 754/515/461 758/3084/2577 757/3085/1109 753/516/462
f 842/3086/2514 841/3087/2578 837/665/588 838/3088/2515
f 2036/1576/1372 2035/1210/1066 2029/2945/2474 2030/2039/1752
f 3623/2958/2485 3628/2957/2484 3627/3089/2579 3622/3090/2580
f 3610/3091/2581 3615/1337/1173 3619/1340/153 3614/3092/178
f 1339/2634/2229 1346/2583/2182 1345/2585/2184 1338/2635/2230
f 347/1023/906 353/2760/2329 352/2762/2331 346/1954/1690
f 2661/777/688 2666/776/687 2665/3093/2582 2660/1543/1347
f 1214/3094/2583 1221/3095/2584 1220/1427/1249 1213/1429/1251
f 1222/2813/2372 1228/1505/1321 1233/1506/106 1227/2814/51
f 2801/1049/929 2807/1519/1332 2806/1791/1555 2800/1742/1511
f 469/3096/2585 468/3097/2586 462/3098/2587 463/1406/1230
f 491/1041/924 490/1040/923 484/1373/1200 485/1372/1199
f 560/1750/1519 559/780/691 553/779/690 554/1484/1300
f 1052/1491/1307 1059/3099/2588 1058/3100/1452 1057/3101/1455
f 3114/1314/1154 3118/1759/1528 3122/3102/146 3113/1315/106
f 941/2113/1815 940/1330/1168 933/1329/1167 934/2114/1816
f 489/968/857 494/967/856 488/1502/1318 483/2758/1297
f 1236/3103/2589 1235/1465/1285 1228/1505/1321 1229/3104/2590
f 2393/3105/51 2392/788/699 2387/787/698 2382/3106/106
f 1939/2785/2349 1944/3107/2591 1943/1479/1296 1938/1528/1336
f 1021/1495/1311 1026/1541/1346 1025/1583/1379 1020/1496/1312
f 2672/830/736 2671/3108/2592 2664/3109/2593 2665/3093/2582
f 499/2825/2381 498/2767/2335 492/1516/1329 493/1515/1328
f 478/1375/1202 477/1374/1201 471/1438/1260 472/1682/1458
f 1917/3110/2594 1921/2835/2391 1925/3111/51 1916/3112/1530
f 1315/3113/2595 1314/1982/1710 1308/1981/1709 1309/3114/2596
f 562/974/863 566/3115/2597 570/3116/2598 561/975/864
f 490/1040/923 496/1039/922 495/3117/854 489/1480/857
f 1049/3118/2599 1054/2773/2341 1053/1490/1306 1048/1493/1309
f 3548/1299/1142 3547/2940/2469 3542/2939/2468 3543/1300/1143
f 336/3119/2600 342/2846/2402 341/1025/908 335/2803/2363
f 548/1013/900 547/1711/1484 541/1968/1697 542/1967/1696
f 3543/1300/1143 3542/2939/2468 3534/2648/2241 3537/861/762
f 591/1772/1536 600/3120/2601 599/3121/2602 595/1461/1281
f 1071/3122/2603 1076/2617/2214 1081/2620/909 1070/3123/912
f 578/3124/2604 577/3125/2605 572/3126/2606 573/1786/1550
f 1229/3104/2590 1228/1505/1321 1222/2813/2372 1223/3127/2607
f 506/3128/1509 505/2622/2218 500/966/855 495/965/854
f 2789/2811/2371 2796/1050/930 2795/1473/1290 2788/1476/1293
f 1952/1721/1494 1957/1720/1493 1956/3129/106 1951/3130/284
f 1332/989/878 1337/2952/2481 1342/2955/284 1331/3131/51
f 2820/1076/952 2826/1653/1435 2825/3132/2608 2819/2974/2495
f 2825/3132/2608 2824/2852/2407 2818/3133/2609 2819/2974/2495
f 2696/1715/1488 2703/2607/2205 2702/1444/1266 2695/3134/2610
f 546/3135/1773 555/3003/1268 554/1484/1300 550/1485/1301
f 1065/3136/2611 1071/3122/2603 1070/3123/912 1064/3137/2612
f 1039/1520/1333 1045/1385/1210 1044/2827/2383 1038/1447/1269
f 2823/2854/2409 2822/1536/1343 2816/1535/1342 2817/3138/2613
f 2477/3139/2614 2483/3140/2615 2482/3082/2575 2476/2511/2127
f 710/2070/1779 709/2068/1777 704/3141/2616 705/2972/2493
f 607/983/872 606/1593/1389 602/3142/2617 603/3143/2618
f 502/2769/2337 501/1737/1506 496/1039/922 497/1038/921
f 3636/1437/1259 3635/1436/1258 3630/3144/2619 3631/3145/2620
f 2671/3108/2592 2677/1391/1214 2676/2703/153 2670/3146/284
f 462/3098/2587 468/3097/2586 467/3147/2621 461/3148/2622
f 2439/2956/2483 2438/3149/2623 2432/978/867 2433/2843/2399
f 2425/980/869 2424/1348/1180 2419/1990/1716 2420/1662/1442
f 547/1711/1484 551/1445/1267 555/1446/1268 546/2063/1773
f 2768/1776/1540 2767/2781/2347 2762/1068/947 2763/1067/946
f 1413/3150/1008 1414/3151/1007 1418/3152/2624 1412/2838/2394
f 3186/2667/2257 3185/581/517 3175/580/516 3178/3153/2625
f 1471/958/851 1475/1672/1450 1479/3154/146 1470/959/51
f 1357/1234/1086 1363/3155/2626 1362/3011/2526 1356/3156/2627
f 1119/2669/2259 1126/1904/1648 1125/3157/371 1124/2670/51
f 2072/3158/284 2073/3159/51 2077/2022/1741 2071/2775/2343
f 3564/3160/284 3569/771/284 3573/774/685 3568/3161/2628
f 3485/3162/2629 3490/3163/2630 3489/3164/2631 3484/3165/2632
f 366/3005/2521 365/2640/2235 358/2761/2330 359/3166/2633
f 3556/2178/1866 3555/3167/2634 3550/3168/2635 3551/2179/1867
f 1298/1108/981 1297/668/591 1288/667/590 1291/3169/2636
f 3715/323/300 3714/322/299 3709/2509/2125 3710/3170/2637
f 3100/3171/2638 3099/2675/2263 3098/3172/106 3107/3173/2639
f 1281/3174/106 1276/1136/1003 1282/3175/2640
f 1276/1136/1003 1277/1135/1002 1282/3176/2641
f 1277/1135/1002 1278/3177/2642 1282/3178/2643
f 1278/3177/2642 1279/3179/2644 1282/3180/2645
f 1279/3179/2644 1280/3181/2646 1282/3182/2647
f 1280/3181/2646 1281/3183/106 1282/3184/2640
f 3843/3185/2648 3849/3186/2649 3848/3187/51 3847/3188/51
f 1826/2632/2227 1825/2631/2226 1818/901/797 1819/1321/1159
f 2574/3189/51 2579/3190/2650 2583/3191/2651 2578/928/821
f 1764/3192/2652 1769/3193/153 1773/3068/2565 1768/3071/2568
f 782/724/643 785/723/642 780/3194/2653 781/3195/1993
f 1551/3196/2654 1556/1643/1428 1560/3197/153 1555/3198/284
f 3822/2433/2067 3821/2868/2421 3812/2597/2195 3815/2434/2068
f 297/1368/1195 303/1796/1560 302/3199/2655 296/1369/1196
f 2153/1356/284 2154/3200/51 2158/3201/2656 2152/1357/1186
f 693/2657/2248 692/799/708 688/1717/1490 689/2658/2249
f 2262/3202/2657 2274/3203/2658 2273/3204/146 2261/3205/106
f 962/1839/1599 961/3206/2659 955/1702/1476 956/1701/1475
f 1340/1945/1683 1339/2634/2229 1334/2633/2228 1335/3207/2660
f 1845/3208/106 1844/996/885 1839/1548/1351 1834/3209/341
f 2443/3210/2661 2442/2591/2190 2436/1596/1392 2437/3211/2662
f 1964/3212/2663 1968/1126/993 1967/1129/996 1963/3213/2664
f 3840/3214/2665 3839/3215/2666 3833/3216/2667 3834/3217/2668
f 3108/3218/51 3113/3219/106 3117/1486/1302 3112/1489/1305
f 646/2822/2378 645/2821/2377 639/2410/2050 640/3220/2669
f 313/3221/1803 312/1708/1481 307/1707/1480 302/3222/2655
f 500/966/855 505/2622/2218 504/2625/2221 499/2825/2381
f 1951/3223/284 1956/3224/106 1960/2830/2386 1955/2833/2389
f 447/2377/844 452/2376/2031 445/2755/2327 446/3225/845
f 3431/1073/950 3430/2870/2423 3425/3226/2670 3426/1074/951
f 1312/1345/1177 1318/741/658 1317/744/661 1311/1346/1178
f 2500/893/792 2499/2663/2253 2494/2045/1756 2495/894/793
f 2304/1153/1019 2303/3227/2671 2298/1951/1689 2299/2089/1793
f 592/3228/2672 596/3229/2673 600/3230/2601 591/3231/1536
f 3834/3217/2668 3833/3216/2667 3829/2682/2269 3830/2681/2268
f 1818/901/797 1825/2631/2226 1824/3232/2674 1817/902/798
f 3019/1307/1150 3026/1054/933 3025/3233/153 3024/1308/106
f 1387/3234/2675 1392/3235/2676 1391/2255/1931 1386/2257/1933
f 1310/1966/1695 1316/770/683 1315/3113/2595 1309/3114/2596
f 2452/1185/1047 2451/1184/1046 2444/3236/2677 2445/3237/2678
f 301/391/357 307/1707/1480 306/1710/1483 300/392/358
f 1240/3238/153 1245/3239/2679 1239/3240/2680 1234/3241/51
f 544/1239/1091 543/2370/2025 539/2369/2024 540/1240/1092
f 2898/3242/2681 2897/1693/1468 2890/1692/1467 2891/440/396
f 2775/1774/1538 2781/2942/2471 2780/944/837 2774/1775/1539
f 3133/1745/1514 3139/1451/1273 3138/1454/153 3137/3243/341
f 3072/3244/371 3071/3245/2682 3065/3246/2683 3066/3247/153
f 921/3248/2684 920/3249/2685 913/2532/2143 914/2535/2146
f 926/3250/2686 931/2944/2473 936/3251/2687 925/3252/2688
f 1913/2779/2345 1919/2778/2344 1918/2819/2376 1912/3253/2689
f 2421/1661/1441 2426/977/866 2425/980/869 2420/1662/1442
f 1414/3151/1007 1423/3254/284 1422/1279/1124 1418/3152/2624
f 747/3255/2690 751/3256/2691 750/2871/2424 746/2873/2426
f 504/2625/2221 503/2768/2336 498/2767/2335 499/2825/2381
f 3132/1767/1533 3131/1901/1645 3125/1900/1644 3126/2818/2375
f 658/3257/2692 662/2922/2462 666/3258/2693 657/3259/2694
f 2799/1743/1512 2805/1790/1554 2804/2823/2379 2798/1997/1723
f 3127/3260/371 3128/1765/371 3132/1767/1533 3126/2818/2375
f 3627/3089/2579 3626/3261/2695 3621/1338/1174 3622/3090/2580
f 960/1397/1222 959/1396/1221 953/816/722 954/815/721
f 3329/1096/969 3334/3262/2696 3333/2856/2411 3328/3263/2697
f 1481/1671/1449 1485/3264/2698 1489/3265/51 1480/3266/284
f 1403/2789/2351 1402/2975/2496 1396/3267/2699 1397/2790/2352
f 2727/3268/2700 2733/1816/1578 2732/916/809 2726/919/812
f 3424/915/808 3423/914/807 3418/2926/2464 3419/2930/2465
f 1833/3269/2701 1839/1548/1351 1838/1549/1352 1832/2629/2224
f 1211/1089/964 1210/2802/2362 1204/2379/2033 1205/1090/965
f 3023/2024/1742 3030/1455/1275 3029/1458/1278 3022/3270/2702
f 587/1565/1366 586/3271/2703 582/3272/2704 583/1566/1367
f 3137/1766/341 3138/1680/153 3142/932/825 3136/935/828
f 934/2114/1816 933/1329/1167 928/1555/1358 929/1554/1357
f 2018/2986/2505 2022/3273/2705 2026/3274/146 2017/3275/284
f 311/1709/1482 310/3276/2706 305/3277/2707 306/1710/1483
f 2395/3278/2708 2400/3279/2709 2405/3280/51 2394/3281/106
f 1064/3282/2612 1069/3283/2710 1063/1675/1453 1058/1674/1452
f 3644/1569/1368 3643/1713/1486 3637/1712/1485 3638/1570/1369
f 1870/529/371 1875/528/471 1869/3284/2711 1864/3285/2223
f 1615/3286/2712 1614/342/317 1607/341/316 1610/620/550
f 680/2052/1763 679/2051/1762 674/2589/2188 675/3287/2713
f 2487/3032/2541 2486/3288/2714 2479/2880/2431 2480/2879/2430
f 3078/3289/51 3077/3290/2715 3071/3245/2682 3072/3244/371
f 2829/2853/2408 2836/3291/2716 2835/2026/1743 2828/2029/1746
f 435/607/2717 441/949/842 446/952/845 440/606/539
f 3451/2965/51 3452/677/341 3456/680/601 3450/2158/1849
f 3015/3292/2718 3023/2024/1742 3022/3270/2702 3014/3293/2719
f 249/2948/2477 252/2947/2476 247/3294/2720 248/3295/2540
f 2334/3296/2721 2333/2654/2247 2328/2653/2246 2329/2182/1870
f 1628/532/474 1627/564/503 1623/1915/1657 1624/533/475
f 1437/3297/2722 1436/3298/2723 1431/2951/2480 1432/2950/2479
f 1372/3299/284 1367/3009/2524 1373/3300/2724
f 1367/3009/2524 1368/3008/2523 1373/3301/2725
f 1368/3008/2523 1369/3302/2726 1373/3303/2727
f 1369/3302/2726 1370/3304/2728 1373/3305/2729
f 1370/3304/2728 1371/3306/2730 1373/3307/2731
f 1371/3306/2730 1372/3308/284 1373/3309/2724
f 1382/3310/2732 1383/3311/51 1374/3312/2733
f 1375/3313/2734 1374/3312/2733 1383/3311/51
f 1375/3313/2734 1376/3314/2735 1374/3312/2733
f 1377/3315/2736 1374/3312/2733 1376/3314/2735
f 1377/3315/2736 1376/3314/2735 1378/1163/1029
f 1379/1164/1030 1378/1163/1029 1376/3314/2735
f 2285/3316/51 2290/1430/1252 2283/804/713 2284/2928/1466
f 1381/1162/1028 1380/1165/1031 1382/3317/2732
f 1383/3318/51 1382/3317/2732 1380/1165/1031
f 1522/3319/2737 1521/425/384 1516/403/369 1517/3320/2738
f 2211/3321/2739 2216/3322/2740 2215/3323/153 2210/3324/51
f 1593/2343/2001 1592/555/495 1587/554/494 1588/3325/2741
f 321/2799/2359 326/3326/2742 331/3327/838 320/3328/841
f 3004/3329/2743 3006/3330/2744 3003/3331/2745 3000/2352/2008
f 1549/1192/1054 1553/3332/2746 1552/3333/2747 1548/1193/1055
f 1837/3334/2748 1842/2849/2404 1841/2576/2177 1836/1723/1496
f 1902/3335/2749 1911/3336/2750 1915/3337/51 1901/3338/371
f 1057/1677/1455 1056/1676/1454 1051/1384/1209 1046/1383/1208
f 2349/3015/2530 2348/2650/2243 2341/3339/2751 2342/3016/2531
f 2692/1533/1341 2698/1020/904 2697/1714/1487 2691/1716/1489
f 503/2768/2336 509/3340/2752 508/3341/2753 502/2769/2337
f 1961/3342/51 1970/3343/51 1969/3344/2754 1965/3345/2755
f 2008/1342/1176 2012/2987/2506 2016/3346/153 2007/1343/284
f 1347/1944/1682 1346/2583/2182 1339/2634/2229 1340/1945/1683
f 2723/3347/1612 2722/784/695 2717/783/694 2712/3348/51
f 3561/1798/1562 3560/961/852 3555/3167/2634 3556/2178/1866
f 2404/1960/1693 2410/3349/2756 2409/1411/1235 2403/1004/891
f 470/2797/2358 475/2796/2357 474/1514/1327 469/3096/2585
f 1034/1521/1289 1039/1520/1333 1033/1540/1345 1028/1539/1344
f 459/3350/2367 464/1405/1229 458/1404/1228 453/2375/2030
f 2313/3351/2757 2312/1151/1017 2305/1150/1016 2306/2550/2156
f 3259/3352/2758 3258/2696/2279 3249/3353/2759 3252/3354/2760
f 3029/1458/1278 3028/2048/1759 3021/2047/1758 3022/3270/2702
f 3412/2014/178 3417/3355/51 3421/3356/2761 3416/2015/1736
f 339/1955/1691 338/1420/1244 332/1419/1243 333/1814/1576
f 2394/1961/106 2399/1741/1510 2392/788/699 2393/3105/51
f 2772/3357/51 2771/3358/2762 2766/3359/2763 2761/3360/284
f 2437/3211/2662 2436/1596/1392 2430/1347/1179 2431/979/868
f 3027/1055/934 3026/1054/933 3019/1307/1150 3020/1995/1721
f 2810/3361/2764 2816/1535/1342 2815/1538/106 2809/3362/51
f 1263/2011/1735 1268/1286/1131 1267/1289/1134 1262/2600/2198
f 2472/2093/1797 2469/2442/2076 2470/2441/2075 2471/2094/1798
f 2005/2186/1872 2004/3363/2765 2000/1780/1544 2001/1779/1543
f 3055/3364/153 3060/3365/2766 3054/3366/2767 3049/3367/106
f 3747/3368/2768 3753/2612/2210 3752/2615/2212 3751/3369/51
f 3621/1338/1174 3626/3261/2695 3625/3370/51 3620/1339/153
f 3352/3371/2769 3351/3372/2770 3346/3373/2771 3347/1804/1566
f 2771/3358/2762 2777/1016/902 2776/2943/2472 2770/3374/2772
f 931/2944/2473 938/2603/2201 937/3375/1391 936/3251/2687
f 543/2370/2025 549/1012/899 548/1013/900 542/1967/1696
f 968/3376/2773 973/2265/1941 978/3377/2774 967/3378/2213
f 655/1294/1139 660/2249/1925 659/3379/2775 654/1295/1140
f 3848/3380/51 3853/2289/51 3857/2290/1962 3852/2359/2014
f 969/2712/2291 968/3376/2773 961/3206/2659 962/1839/1599
f 2307/2549/2155 2314/2933/2466 2313/3351/2757 2306/2550/2156
f 1004/2733/2308 1003/2731/2306 998/2710/2289 999/3381/2776
f 1362/3011/2526 1361/3010/2525 1355/3382/2777 1356/3156/2627
f 1428/3383/51 1433/3384/51 1432/2950/2479 1427/1276/1121
f 324/2587/2186 323/2564/2167 316/2563/2166 317/1752/1521
f 752/3385/463 751/3256/2691 747/3255/2690 748/3386/2778
f 1438/3387/371 1439/3388/2779 1443/3389/2780 1437/3297/2722
f 3751/3390/51 3752/3391/2212 3756/822/728 3750/1685/1461
f 2003/3392/2781 2002/1341/1175 1998/2031/1748 1999/3393/2782
f 2894/3394/428 2899/3395/2783 2892/439/395 2893/3396/1770
f 260/971/860 263/970/859 262/798/707 259/3397/2784
f 2535/3398/2785 2542/3399/2786 2541/3400/2787 2534/592/527
f 1365/1381/1206 1371/3306/2730 1370/3304/2728 1364/1382/1207
f 2912/3401/341 2917/671/594 2910/2259/1935 2911/3402/153
f 1275/3403/106 1274/1287/1132 1268/1286/1131 1269/2010/1734
f 2486/3288/2714 2492/3404/2788 2491/3405/284 2485/3406/51
f 2342/3016/2531 2341/3339/2751 2335/2746/2318 2336/2745/2317
f 1782/2399/2043 1781/349/324 1777/3407/2789 1778/2400/2044
f 2581/2409/2049 2580/2408/2048 2575/3408/2790 2576/3409/2791
f 3195/1665/1445 3194/3006/2522 3190/1176/1039 3191/2666/2256
f 1444/3410/2792 1445/575/511 1449/3411/2793
f 1445/575/511 1446/574/510 1449/3412/2794
f 1446/574/510 1447/3413/2795 1449/3414/2796
f 1447/3413/2795 1448/3415/2797 1449/3416/2798
f 1448/3415/2797 1444/3417/2792 1449/3418/2793
f 1458/2691/371 1459/3419/51 1450/2688/2275
f 1451/3420/2799 1450/2688/2275 1459/3419/51
f 1451/3420/2799 1452/3421/2800 1450/2688/2275
f 1453/3422/2801 1450/2688/2275 1452/3421/2800
f 3603/3423/2802 3602/3424/2803 3601/3425/371 3600/3426/51
f 2855/864/765 2860/2863/2416 2859/3427/2804 2854/865/766
f 1457/2254/1930 1456/3428/2805 1458/3053/371
f 1459/3429/51 1458/3053/371 1456/3428/2805
f 3706/3430/51 3711/1227/106 3715/323/300 3710/3170/2637
f 2215/3431/153 2220/3432/106 2224/339/314 2219/3433/2806
f 2011/3434/2807 2010/3435/2808 2004/3363/2765 2005/2186/1872
f 781/3195/1993 780/3194/2653 775/3436/2809 770/3437/2810
f 2465/3438/284 2464/2123/1825 2459/1424/1247 2454/1423/284
f 192/3439/2811 200/3440/2812 199/3441/2813 191/3442/2814
f 2149/2307/1974 2155/887/788 2154/890/51 2153/2308/284
f 2809/1078/51 2814/1077/953 2807/1519/1332 2808/1518/1331
f 3817/3443/51 3816/2431/106 3815/2434/2068 3814/2599/2197
f 723/3444/2815 727/1976/1705 726/1979/1708 722/3445/2816
f 2854/865/766 2853/3446/2817 2841/3447/2818 2844/866/767
f 3333/2856/2411 3332/2007/1733 3327/2006/1732 3328/3263/2697
f 3159/994/883 3163/993/882 3167/3448/1878 3158/1388/284
f 1433/3384/51 1438/3387/371 1437/3297/2722 1432/2950/2479
f 2879/3449/2819 2885/2491/2115 2884/3450/2820 2878/3451/2821
f 1472/3452/2822 1471/958/851 1465/957/850 1466/3453/2823
f 1204/2379/2033 1210/2802/2362 1215/3454/153 1209/2380/1983
f 450/2637/2232 456/3455/2824 455/3456/2825 449/2672/2260
f 3839/3215/2666 3843/3185/2648 3847/3188/51 3838/3457/284
f 1160/3458/51 1159/2999/2517 1153/2998/2516 1154/3459/51
f 606/1593/1389 612/1592/1388 611/2652/2245 610/3460/1041
f 1483/1819/1581 1487/3461/2826 1486/3462/2827 1482/1670/1448
f 1292/3463/2828 1299/1105/978 1298/1108/981 1291/3169/2636
f 3662/448/404 3661/2035/1751 3655/750/667 3656/3464/2829
f 3041/2561/2164 3048/3465/2830 3047/1131/998 3040/2562/2165
f 2687/3466/51 2686/3467/2831 2681/3468/2832 2676/3469/153
f 1116/1144/1011 1121/1143/1010 1120/3470/2833 1115/3471/2834
f 3420/3472/2835 3425/3226/2670 3424/915/808 3419/2930/2465
f 1479/3473/146 1480/3474/284 1484/1818/1580 1478/1821/1583
f 3187/1894/1639 3192/1893/1638 3191/2666/2256 3186/2667/2257
f 3200/1664/1444 3199/3475/2836 3194/3006/2522 3195/1665/1445
f 3534/2648/2241 3542/2939/2468 3541/1989/1715 3533/2199/1883
f 799/1303/1146 803/1302/1145 802/3476/2837 798/3477/1954
f 1659/3478/2838 1658/2328/1990 1653/294/273 1654/293/272
f 1991/2096/178 1996/3479/51 1995/1782/1546 1990/2097/1799
f 2497/3480/2839 2504/3481/2840 2503/3482/146 2502/3483/51
f 1258/2012/547 1263/2011/1735 1257/1667/1446 1252/1666/51
f 3562/2552/2158 3567/542/484 3566/545/487 3561/1798/1562
f 2734/630/560 2733/1816/1578 2727/3268/2700 2728/927/820
f 2866/236/225 2865/235/224 2858/3484/2841 2859/3427/2804
f 1538/1829/1589 1537/547/489 1527/546/488 1530/1881/1626
f 1893/3074/153 1892/2389/2036 1886/940/833 1887/939/832
f 3453/1831/1591 3457/3485/2842 3461/3486/284 3452/3487/341
f 1880/938/831 1879/937/830 1873/2287/1960 1874/1886/1631
f 2157/3488/2843 2162/2371/2026 2161/2374/2029 2156/3489/2844
f 2920/3490/2845 2919/3076/2571 2913/3491/2846 2914/3492/2847
f 803/1302/1145 806/3080/2573 809/3081/2574 802/3476/2837
f 3847/2018/51 3848/3380/51 3852/2359/2014 3846/2019/1738
f 3474/1291/1136 3478/3493/2848 3482/3494/51 3473/3495/106
f 1011/262/243 1010/604/537 435/607/540 436/263/244
f 890/2498/2120 889/2497/2119 885/512/458 886/279/258
f 2615/3496/2849 2619/3497/2850 2623/3498/2851 2614/3499/371
f 119/385/351 118/347/322 101/157/151 102/3500/2852
f 3284/120/117 3283/119/116 3278/585/520 3279/584/519
f 3099/2675/2263 3109/1313/1153 3108/1316/51 3098/3172/106
f 3479/3501/2853 3478/3493/2848 3474/1291/1136 3475/1290/1135
f 3093/3502/2854 3092/3503/2855 3086/675/598 3087/642/571
f 1697/242/51 1698/3504/51 1702/3505/2856 1696/243/228
f 3864/2234/1912 3863/3506/2857 3858/2173/1863 3859/3507/2858
f 3107/3508/2639 3098/3509/106 3106/1551/1354 3105/2792/2354
f 1783/2398/51 1784/3510/428 1788/3511/2859 1782/2399/2043
f 1522/3319/2737 1517/3320/2738 1523/3512/2860
f 1518/3513/2861 1523/3512/2860 1517/3320/2738
f 1518/3513/2861 1519/3040/2544 1523/3512/2860
f 1524/3514/2862 1523/3512/2860 1519/3040/2544
f 2199/28/28 2196/3515/2863 2197/3516/2864 2198/29/29
f 1520/426/51 1521/425/384 1525/3517/2865
f 1521/425/384 1522/3319/2737 1525/3518/2866
f 1522/3319/2737 1523/3512/2860 1525/3519/2867
f 1523/3512/2860 1524/3514/2862 1525/3520/2868
f 1524/3514/2862 1520/3521/51 1525/3522/2865
f 3784/3523/2869 3789/3524/2870 3788/3525/2871 3783/1317/1155
f 1485/3264/2698 1490/2905/2449 1494/2907/284 1489/3265/51
f 1698/3504/51 1707/3526/284 1706/3527/2872 1702/3505/2856
f 3458/3528/2873 3457/3485/2842 3453/1831/1591 3454/1830/1590
f 1534/732/651 1533/2437/2071 1535/1857/51
f 1526/3529/51 1535/1857/51 1533/2437/2071
f 850/659/582 849/658/581 845/885/786 846/3530/2874
f 2461/2188/1874 2460/1122/990 2455/1116/986 2456/2189/1875
f 3850/388/354 3849/3186/2649 3843/3185/2648 3844/389/355
f 657/3531/2694 666/3532/2693 665/2247/1923 661/2250/1926
f 3287/118/115 3293/2236/1914 3292/3533/2875 3286/3534/2876
f 1108/2440/2074 1107/2739/2313 1096/458/412 1099/457/411
f 3780/2558/2161 3779/3535/2877 3774/3536/2878 3775/2559/2162
f 2543/3537/2879 2542/3399/2786 2535/3398/2785 2536/3538/2880
f 645/2821/2377 650/1293/1138 649/1296/1141 644/1969/1698
f 3170/3539/2881 3169/3540/2882 3163/993/882 3164/992/881
f 3198/3541/284 3203/3542/153 3202/599/534 3197/3543/2883
f 3438/2686/2273 3443/807/716 3442/810/106 3437/3544/2779
f 3353/3545/2884 3359/1810/1572 3358/3546/2885 3352/3371/2769
f 3064/3547/2886 3063/1413/1237 3058/1412/1236 3059/3548/2887
f 3796/3044/2546 3795/3549/2888 3789/3524/2870 3790/480/429
f 860/3550/2889 863/3551/2890 866/3552/2891 859/3553/2892
f 3220/3554/2893 3219/2692/2277 3215/3555/2894 3216/3556/2895
f 1889/735/654 1888/3557/2896 1882/3558/2897 1883/736/655
f 3851/387/353 3856/3559/2898 3855/3560/2899 3850/388/354
f 2110/2349/2007 2109/3561/2900 2103/238/227 2104/2366/2021
f 3812/2597/2195 3821/2868/2421 3820/2054/1765 3811/90/88
f 3774/3536/2878 3779/3535/2877 3778/725/644 3773/728/647
f 3437/3562/2779 3442/2964/106 3446/713/632 3441/716/635
f 2097/3563/2901 2096/2660/2251 2090/613/544 2091/2968/2491
f 2045/3564/2902 2049/3565/2903 2048/3566/2904 2044/3567/2905
f 3369/2904/2448 3373/2297/1969 3372/3568/2906 3368/1924/1664
f 3103/1550/1353 3111/1488/1304 3110/2674/2262 3102/2676/2264
f 1157/2976/2497 1163/3569/2907 1162/3017/2532 1156/2977/2498
f 2440/1619/1407 2446/1629/1416 2445/3237/2678 2439/2956/2483
f 2107/3570/153 2108/646/178 2112/649/575 2106/3571/2908
f 1763/3572/51 1764/3192/2652 1768/3071/2568 1762/3573/2909
f 2974/3574/2910 2979/2086/1790 2978/2088/1792 2973/3575/2911
f 1982/494/442 1989/2824/2380 1988/3576/2912 1981/495/443
f 1686/2481/2105 1685/3577/2913 1677/2470/2099 1680/2469/2098
f 1270/1137/1004 1276/1136/1003 1281/3174/106 1275/3578/106
f 2875/896/794 2881/1167/1032 2880/2694/2278 2874/1933/1673
f 2150/3579/2914 2149/2307/1974 2144/2306/1973 2145/3013/2528
f 737/399/365 741/3580/2915 744/3581/2916 740/3582/2917
f 1558/2057/1768 1564/2056/1767 1563/1641/1426 1557/1644/1429
f 2945/3583/2918 2944/3584/2919 2936/3585/2920 2939/3586/2921
f 3455/2133/1833 3459/3587/2922 3458/3528/2873 3454/1830/1590
f 1878/2288/1961 1877/3588/2923 1871/1401/1225 1872/1400/1224
f 220/3589/2924 228/3590/2925 227/3591/2926 219/623/553
f 1683/371/340 1688/3592/2927 1692/3593/51 1687/372/51
f 3199/3475/2836 3204/522/468 3208/525/106 3203/3594/153
f 2175/3595/2928 2179/600/535 2183/603/51 2174/3596/51
f 2115/2348/2006 2114/3597/2929 2109/3561/2900 2110/2349/2007
f 300/392/358 299/3598/2930 293/3599/2931 294/393/359
f 3800/3043/2545 3799/229/218 3795/3549/2888 3796/3044/2546
f 1448/3415/2797 1447/3413/2795 1442/3600/2932 1443/3389/2780
f 2224/339/314 2223/338/313 2218/270/251 2219/3433/2806
f 293/3599/2931 299/3598/2930 298/2291/1963 292/2292/1964
f 2531/2149/1843 2537/3601/2933 2536/3538/2880 2530/2489/2113
f 2617/3602/2934 2621/3603/2935 2620/3604/2936 2616/3605/2937
f 1616/3606/51 1621/3607/153 1620/881/782 1615/3286/2712
f 2206/3608/2938 2205/3609/2939 2196/3515/2863 2199/28/28
f 3296/346/321 3295/2743/2316 3291/3610/2940 3292/3533/2875
f 2624/2357/2012 2630/2356/2011 2629/3611/341 2628/3612/284
f 629/3613/2941 628/417/376 627/420/379 626/433/389
f 1767/3070/2567 1772/3069/2566 1771/327/304 1766/2430/2066
f 1700/3614/2942 1699/3615/2943 1693/3616/2944 1694/691/612
f 63/106/104 93/175/168 92/370/339 58/96/94
f 1598/2342/2000 1593/2343/2001 1599/3617/2945
f 1594/3618/2946 1599/3617/2945 1593/2343/2001
f 1594/3618/2946 1595/3619/2947 1599/3617/2945
f 2988/1623/1410 2994/2230/1908 2993/139/134 2987/142/137
f 1528/1882/1627 1527/546/488 1535/549/51 1526/3620/51
f 1596/2085/284 1597/2084/1789 1601/3621/2948
f 1597/2084/1789 1598/2342/2000 1601/3622/2949
f 1598/2342/2000 1599/3617/2945 1601/3623/2950
f 1600/3624/2951 1596/3625/284 1601/3626/2948
f 1602/3627/51 1611/3628/51 1603/3629/2952
f 1604/3630/2953 1603/3629/2952 1611/3628/51
f 1604/3630/2953 1605/3631/2954 1603/3629/2952
f 1606/344/319 1603/3629/2952 1605/3631/2954
f 1606/344/319 1605/3631/2954 1607/341/316
f 1608/621/551 1607/341/316 1605/3631/2954
f 1554/3632/2955 1553/3332/2746 1549/1192/1054 1550/3024/2534
f 1610/620/550 1609/622/552 1602/3633/51
f 1611/3634/51 1602/3633/51 1609/622/552
f 2245/2465/2094 2251/81/80 2250/84/82 2249/3635/371
f 1603/3629/2952 1612/3636/2956 1616/3637/51 1602/3627/51
f 3716/1228/284 3725/3638/106 3724/3639/2957 3720/320/297
f 3620/3640/153 3625/1109/51 3629/1112/983 3624/2959/2486
f 1615/3286/2712 1610/620/550 1616/3606/51
f 1602/3633/51 1616/3606/51 1610/620/550
f 1491/3641/2958 1490/2905/2449 1485/3264/2698 1486/3462/2827
f 201/3075/2570 210/625/555 209/3642/2959 208/3643/2960
f 205/3644/2961 214/3645/2962 213/2537/2148 204/2538/2149
f 334/1813/1575 340/1024/907 339/1955/1691 333/1814/1576
f 194/2171/1861 201/3075/2570 208/3643/2960 193/2251/1927
f 3471/319/296 3468/3646/2963 3469/3647/2964 3470/3648/2965
f 2318/3649/2966 2317/3650/2967 2312/1151/1017 2313/3351/2757
f 729/2424/2062 733/400/366 736/3651/1823 732/2756/1824
f 751/3256/2691 756/1263/1111 755/3652/2968 750/2871/2424
f 2539/3653/341 2544/3654/2969 2537/3601/2933 2538/3655/51
f 3593/3656/2970 3592/1589/1385 3587/1588/1384 3588/3657/2971
f 3214/3658/2972 3223/3659/106 3222/3660/2973 3218/3661/2974
f 1014/1494/1310 1013/1497/1313 438/1064/943 439/2765/2975
f 2491/2129/284 2496/891/790 2490/1186/1048 2485/3662/51
f 759/2285/1958 758/3084/2577 754/515/461 755/3652/2968
f 2601/247/232 2607/246/231 2606/3663/2976 2600/634/563
f 105/73/72 122/378/344 121/381/347 104/74/73
f 3490/3163/2630 3495/3664/2977 3494/3665/2978 3489/3164/2631
f 2743/3666/153 2752/3667/2979 2753/3668/2980 2754/3669/428
f 1702/3505/2856 1701/3670/2981 1695/690/611 1696/243/228
f 3582/3671/2982 3587/1588/1384 3586/1591/1387 3581/3672/2983
f 244/700/620 247/3294/2720 246/3673/2984 243/694/615
f 3202/599/534 3201/598/533 3196/1663/1443 3197/3543/2883
f 199/3441/2813 198/3674/2985 190/2367/2022 191/3442/2814
f 775/3436/2809 780/3194/2653 779/3675/2986 774/2221/1902
f 3861/412/373 3860/3676/2987 3856/3559/2898 3857/2290/1962
f 1179/3677/1643 1184/3678/2988 1178/3679/2989 1173/3680/51
f 2547/3681/2990 2546/451/407 2540/631/561 2541/3400/2787
f 302/3222/2655 307/1707/1480 301/391/357 296/3682/1196
f 1000/2716/2295 1005/2724/2301 1004/2733/2308 999/3381/2776
f 3373/2297/1969 3378/423/382 3377/3683/2991 3372/3568/2906
f 287/589/524 295/390/356 294/393/359 286/590/525
f 2744/2699/2282 2755/1069/948 2760/3684/284 2743/3685/153
f 809/3686/2574 808/3687/2992 805/2435/2069 802/3688/2837
f 178/268/249 177/267/248 164/450/406 165/455/409
f 3788/3525/2871 3787/3689/2993 3782/1318/1156 3783/1317/1155
f 1656/3690/2994 1655/3691/2995 1649/435/391 1650/434/390
f 3710/3170/2637 3709/2509/2125 3703/2918/2458 3704/3692/2996
f 2983/1624/1411 2988/1623/1410 2987/142/137 2982/2087/1791
f 2590/2294/1966 2594/413/374 2598/416/51 2589/3693/106
f 1572/1920/1660 1571/3694/2997 1566/3695/2998 1567/1921/1661
f 2970/2476/2103 2969/856/758 2963/855/757 2964/3696/2999
f 3255/3697/51 3260/3698/371 3264/3699/3000 3259/3352/2758
f 1590/3700/3001 1589/3701/3002 1583/3702/3003 1584/703/622
f 815/3703/3004 814/519/465 810/518/464 811/3704/3005
f 2508/2152/1845 2514/3705/3006 2513/2334/1994 2507/2153/1846
f 2623/3706/2851 2628/374/284 2627/377/343 2622/2076/1783
f 3237/3707/3007 3242/3708/3008 3241/3709/3009 3236/867/768
f 1660/3710/3010 1661/3711/3011 1665/3712/3012
f 117/348/323 116/1617/1406 99/187/180 100/158/152
f 3012/3713/3013 3011/2991/2510 3010/1996/1722 3009/3714/3014
f 2921/2423/2061 2926/2422/2060 2925/3715/3015 2920/3490/2845
f 1663/3716/3016 1664/3717/3017 1667/3718/3018
f 3722/3719/3019 3721/2505/2123 3717/2361/2016 3718/2360/2015
f 1668/3720/3020 1664/3717/3017 1669/3721/3021
f 1665/3712/3012 1669/3721/3021 1664/3717/3017
f 1670/1219/1074 1669/3721/3021 1666/1220/1075
f 2078/3722/106 2087/2966/1440 2086/2969/2492 2082/2021/1740
f 1671/3723/341 1667/3718/3018 1672/3724/3022
f 1668/3720/3020 1669/3721/3021 1672/3725/3023
f 1669/3721/3021 1670/1219/1074 1672/3726/3024
f 1670/1219/1074 1671/1218/341 1672/3727/3022
f 1681/373/51 1682/3728/153 1673/282/261
f 1674/283/262 1673/282/261 1682/3728/153
f 3088/641/570 3094/3729/3025 3093/3502/2854 3087/642/571
f 2263/3730/3026 2262/3202/2657 2261/3205/106 2272/3731/51
f 150/1269/1116 149/41/41 134/40/40 135/384/350
f 1680/2469/2098 1679/2472/2101 1681/2479/51
f 1682/3732/153 1681/2479/51 1679/2472/2101
f 2265/3733/3027 2262/3202/2657 2263/3730/3026 2264/3734/3028
f 155/300/279 172/476/426 171/475/425 154/3735/3029
f 2952/3736/3030 2951/3737/3031 2946/3738/3032 2947/3739/3033
f 2565/3740/3034 2575/3408/2790 2574/3741/51 2573/3742/284
f 2593/3743/3035 2592/3744/3036 2587/3745/3037 2588/3746/3038
f 222/3747/3039 230/540/482 229/3748/3040 221/3749/3041
f 3586/1591/1387 3585/3750/3042 3580/3751/3043 3581/3672/2983
f 3067/637/566 3073/3752/3044 3078/3753/51 3072/3754/371
f 2365/3755/3045 2377/1645/1430 2376/1648/51 2375/3756/51
f 1629/531/473 1634/3757/3046 1633/562/501 1628/532/474
f 125/340/315 124/315/293 107/227/216 108/2488/2112
f 2869/897/795 2875/896/794 2874/1933/1673 2868/1936/1676
f 2542/3399/2786 2548/3758/3047 2547/3681/2990 2541/3400/2787
f 831/207/198 835/2995/2513 838/2997/2515 834/3062/2560
f 1711/3759/3048 1710/2238/1916 1705/2237/1915 1706/3527/2872
f 1382/3317/2732 1384/3760/153 1388/3761/3049 1381/1162/1028
f 3488/3762/3050 3493/3763/3051 3497/3764/106 3492/3765/51
f 3484/3165/2632 3483/3766/3052 3478/3493/2848 3479/3501/2853
f 113/3767/196 128/297/276 111/100/98 112/3768/747
f 3527/3769/3053 3528/3770/3054 3526/3771/3055 3522/161/154
f 1688/3592/2927 1693/3616/2944 1697/3772/51 1692/3593/51
f 1519/3040/2544 1518/3513/2861 1512/3773/3056 1513/3038/2543
f 839/510/456 843/509/455 846/3774/2874 842/2996/2514
f 1386/2257/1933 1385/2256/1932 1374/3312/2733 1377/3315/2736
f 279/497/445 291/1367/1194 290/1370/1197 289/3775/2034
f 2256/3776/3057 2260/3777/3058 2255/82/81 2252/3778/3059
f 3498/3779/153 3503/359/153 3507/361/334 3502/3780/3060
f 1713/3781/2569 1712/3782/153 1714/3783/3061
f 1708/3784/3062 1714/3783/3061 1712/3782/153
f 88/75/74 103/201/192 87/156/150 38/59/58
f 1715/874/775 1709/2239/1917 1716/871/772
f 1710/2238/1916 1716/871/772 1709/2239/1917
f 13/22/22 83/188/181 82/186/179 8/19/19
f 1717/2225/1905 1711/3759/3048 1713/3072/2569
f 1712/3785/153 1713/3072/2569 1711/3759/3048
f 1724/3786/3063 1728/363/336 1723/362/335 1719/873/774
f 3872/2323/1985 3871/2233/1911 3865/2232/1910 3866/411/372
f 2622/2076/1783 2621/3603/2935 2617/3602/2934 2618/3787/3064
f 2943/3788/3065 2942/367/338 2932/366/337 2935/3789/3066
f 2969/856/758 2974/3574/2910 2973/3575/2911 2968/857/759
f 2121/3790/3067 2120/2533/2144 2116/2347/2005 2117/648/574
f 1718/2477/2104 1719/873/774 1723/362/335
f 1002/2718/2297 1007/2728/2304 1006/2725/2302 1001/2717/2296
f 1724/3786/3063 1719/873/774 1725/3791/3068
f 1720/872/773 1725/3791/3068 1719/873/774
f 1791/192/185 1790/2387/2035 1785/3792/3069 1786/351/326
f 1600/3624/2951 1601/3793/3070 1599/3617/2945 1595/3619/2947
f 140/301/280 155/300/279 154/3735/3029 139/316/294
f 2468/3794/51 2477/3139/2614 2478/3795/3071 2467/3796/153
f 1729/3797/3072 1724/3786/3063 1730/3798/3073
f 1725/3791/3068 1730/3798/3073 1724/3786/3063
f 1725/3791/3068 1726/153/147 1730/3798/3073
f 1731/3799/3074 1730/3798/3073 1726/153/147
f 1731/3799/3074 1726/153/147 1732/3800/51
f 1727/152/146 1732/3800/51 1726/153/147
f 2569/930/823 2577/929/822 2576/3409/2791 2568/3801/3075
f 1735/3802/3076 1734/2393/2040 1729/3797/3072
f 1735/3802/3076 1729/3797/3072 1736/3803/3077
f 1730/3798/3073 1736/3803/3077 1729/3797/3072
f 1730/3798/3073 1731/3799/3074 1736/3803/3077
f 1737/3804/3078 1736/3803/3077 1731/3799/3074
f 1737/3804/3078 1731/3799/3074 1733/3805/106
f 1732/3800/51 1733/3805/106 1731/3799/3074
f 2478/3795/3071 2477/3139/2614 2476/2511/2127 2475/2512/2128
f 1734/2393/2040 1735/3802/3076 1739/2394/2041
f 3502/3780/3060 3501/882/783 3495/3664/2977 3496/255/238
f 1740/3806/3079 1735/3802/3076 1741/3807/3080
f 1736/3803/3077 1741/3807/3080 1735/3802/3076
f 1736/3803/3077 1737/3804/3078 1741/3807/3080
f 1742/3808/3081 1741/3807/3080 1737/3804/3078
f 1742/3808/3081 1737/3804/3078 1738/3809/2042
f 1733/3805/106 1738/3809/2042 1737/3804/3078
f 1738/2395/2042 1739/2394/2041 1743/3810/3082
f 1740/3806/3079 1741/3807/3080 1743/3811/3083
f 1741/3807/3080 1742/3808/3081 1743/3812/3084
f 1742/3808/3081 1738/3809/2042 1743/3813/3082
f 1753/335/51 1744/3814/51 1745/332/309
f 1746/2467/2096 1745/332/309 1744/3814/51
f 2618/3787/3064 2617/3602/2934 2611/3815/3085 2612/3816/3086
f 2559/3817/3087 2558/3818/3088 2552/452/408 2553/3819/3089
f 1750/3820/3090 1749/3821/3091 1747/2468/2097
f 394/1241/1093 401/1243/1095 400/1251/1102 393/1699/1473
f 1752/3822/3092 1751/3823/3093 1753/3824/51
f 1744/3825/51 1753/3824/51 1751/3823/3093
f 3389/3826/3094 3388/3827/3095 3384/422/381 3385/421/380
f 1532/2436/2070 1531/731/650 1530/1881/1626 1529/1883/1628
f 1756/503/449 1748/504/450 1757/3828/3096
f 1260/3829/3097 1259/3830/3098 1253/1523/1335 1254/1531/1339
f 1758/3831/3099 1752/3822/3092 1754/3832/153
f 1753/3824/51 1754/3832/153 1752/3822/3092
f 2112/649/575 2111/2346/2004 2105/2365/2020 2106/3571/2908
f 632/3033/2542 637/1971/1700 641/3833/3100 636/3034/1920
f 819/2336/1996 818/2142/1836 814/519/465 815/3703/3004
f 3545/1987/1713 3550/3168/2635 3549/3834/284 3544/2924/284
f 901/2447/2079 900/2516/2131 897/1266/1113 898/1265/1112
f 2555/3067/2564 2554/3835/3101 2548/3758/3047 2549/3836/3102
f 1754/3832/153 1763/3572/51 1762/3573/2909 1758/3831/3099
f 2104/2366/2021 2103/238/227 2098/237/226 2099/1119/987
f 2216/3322/2740 2221/287/266 2220/3837/106 2215/3323/153
f 200/3440/2812 207/3838/3103 206/3839/3104 199/3441/2813
f 3499/2325/1987 3504/2324/1986 3503/3840/153 3498/3841/153
f 2333/2654/2247 2339/3842/3105 2344/3843/106 2338/2655/153
f 3870/218/207 3869/217/206 3863/3506/2857 3864/2234/1912
f 1774/3844/51 1769/3845/153 1775/325/302
f 1770/326/303 1775/325/302 1769/3845/153
f 80/134/129 3/133/7 73/124/121 78/131/128
f 1776/324/301 1771/327/304 1777/3407/2789
f 1772/3069/2566 1777/3407/2789 1771/327/304
f 2554/3835/3101 2560/3846/3106 2559/3817/3087 2553/3819/3089
f 1778/2400/2044 1773/3068/2565 1774/2397/51
f 1769/3193/153 1774/2397/51 1773/3068/2565
f 6/11/11 1/10/10 3/7/7 2/8/8
f 2232/854/756 2231/3847/3107 2225/286/265 2226/285/264
f 1182/3050/2551 1187/3049/2550 1181/3048/2549 1175/2748/2320
f 1512/3773/3056 1518/3513/2861 1517/3320/2738 1511/2989/2508
f 1562/1642/1427 1566/3695/2998 1570/3848/371 1561/3849/106
f 3384/422/381 3388/3827/3095 3387/682/603 3383/685/606
f 3801/3042/51 3806/3850/284 3805/3851/3108 3800/3043/2545
f 2986/141/136 2992/140/135 2991/3852/106 2990/3853/51
f 3513/198/189 3519/49/49 3518/52/51 3517/3854/153
f 1190/3060/284 1189/3058/2558 1184/3678/2988 1179/3677/1643
f 1789/2388/428 1784/3855/428 1790/2387/2035
f 1785/3792/3069 1790/2387/2035 1784/3855/428
f 1793/3856/3109 1792/189/182 1787/350/325 1788/3511/2859
f 1791/192/185 1786/351/326 1792/189/182
f 1787/350/325 1792/189/182 1786/351/326
f 2244/3857/3110 2243/849/751 2237/2895/2442 2238/2727/2303
f 1793/3856/3109 1788/3511/2859 1789/3858/428
f 1784/3510/428 1789/3858/428 1788/3511/2859
f 3507/361/334 3506/840/744 3501/882/783 3502/3780/3060
f 1789/3858/428 1798/193/153 1797/196/187 1793/3856/3109
f 94/102/100 93/175/168 63/106/104 68/115/112
f 112/3768/747 111/100/98 95/99/97 96/3859/174
f 877/3860/3111 882/277/256 884/280/259 881/3861/3112
f 2204/3862/51 2209/2316/51 2208/2319/1982 2203/1221/1076
f 1794/211/202 1795/191/184 1799/212/203
f 1800/3863/3113 1799/212/203 1795/191/184
f 1800/3863/3113 1795/191/184 1801/3864/3114
f 1796/190/183 1801/3864/3114 1795/191/184
f 1796/190/183 1797/196/187 1801/3864/3114
f 1802/195/186 1801/3864/3114 1797/196/187
f 1715/874/775 1714/3783/3061 1708/3784/3062 1709/2239/1917
f 1799/212/203 1800/3863/3113 1805/3865/3115
f 2241/2466/2095 2245/2465/2094 2249/3635/371 2240/3866/51
f 1806/3867/3116 1800/3863/3113 1807/507/453
f 1801/3864/3114 1807/507/453 1800/3863/3113
f 1801/3864/3114 1802/195/186 1807/507/453
f 1808/505/451 1802/195/186 1804/3868/146
f 1803/194/51 1804/3868/146 1802/195/186
f 1804/3869/146 1805/3865/3115 1809/3870/3117
f 1806/3867/3116 1807/507/453 1809/3871/3118
f 1808/505/451 1804/3868/146 1809/3872/3117
f 1435/3873/3119 1434/3874/3120 1429/3875/3121 1430/3876/3122
f 3151/1636/1421 3150/3877/3123 3145/1043/926 3146/1042/925
f 3183/3878/106 3184/3879/518 3188/1895/1640 3182/953/846
f 142/3880/3124 157/492/440 156/299/278 141/302/281
f 2182/3881/3125 2181/3882/3126 2177/551/491 2178/429/385
f 411/3883/3127 410/560/499 409/3884/3128 408/3885/3129
f 559/780/691 564/1749/1518 563/2770/2338 558/781/692
f 393/1699/1473 392/1273/1120 387/1272/1119 388/1700/1474
f 1503/2313/1978 1502/2312/1977 1497/3886/3130 1498/759/672
f 2588/3746/3038 2587/3745/3037 2582/3887/3131 2583/3191/2651
f 652/718/637 657/3531/2694 661/2250/1926 656/719/638
f 2600/634/563 2599/414/375 2594/413/374 2595/635/564
f 930/3888/3132 935/2112/1814 934/2114/1816 929/1554/1357
f 3144/3889/3133 3143/1452/1274 3139/1451/1273 3140/2848/2403
f 2077/2022/1741 2076/761/674 2070/2271/1947 2071/2775/2343
f 390/1225/1080 389/1698/1472 383/3890/3134 384/3891/3135
f 1430/3876/3122 1429/3875/3121 1424/609/542 1425/2874/2427
f 1988/3576/2912 1987/3892/3136 1978/2713/2292 1981/495/443
f 1255/1530/1338 1261/2601/2199 1260/3829/3097 1254/1531/1339
f 1969/3344/2754 1968/1126/993 1964/3212/2663 1965/3345/2755
f 783/2331/1992 786/2268/1944 789/3893/640 782/2332/643
f 1355/3382/2777 1361/3010/2525 1366/3894/51 1360/3895/178
f 1261/2601/2199 1266/823/729 1265/826/732 1260/3829/3097
f 1257/1667/1446 1263/2011/1735 1262/2600/2198 1256/1755/1524
f 1135/748/665 1134/3896/3137 1128/3897/3138 1129/1553/1356
f 1227/1732/51 1226/1731/1501 1221/3095/2584 1216/3898/371
f 2399/1741/1510 2404/1960/1693 2403/1004/891 2398/1007/894
f 3434/1581/1377 3440/715/634 3439/2687/2274 3433/3899/3139
f 3188/1895/1640 3187/1894/1639 3179/954/847 3182/953/846
f 1846/2574/2175 1853/2661/2252 1852/2662/284 1851/3900/51
f 2906/905/801 2913/3491/2846 2912/3901/341 2911/906/153
f 317/1752/1521 316/2563/2166 310/3276/2706 311/1709/1482
f 2903/2261/1937 2902/2327/1989 2897/1693/1468 2898/3242/2681
f 2523/1891/1636 2522/3012/2527 2516/1326/1164 2517/1325/1163
f 3559/2577/371 3564/3160/284 3568/3161/2628 3563/2578/2178
f 1423/3254/284 1428/3383/51 1427/1276/1121 1422/1279/1124
f 3043/3902/51 3048/3465/2830 3041/2561/2164 3042/3903/341
f 2828/2029/1746 2827/2028/1745 2822/1536/1343 2823/2854/2409
f 1360/3904/178 1359/1380/1205 1353/3905/3140 1354/3906/3141
f 2827/2028/1745 2834/2027/1744 2833/3907/153 2832/3908/106
f 1245/3239/2679 1250/1668/1447 1249/1756/1525 1244/2805/2365
f 667/2921/2461 672/1807/1569 676/3909/3142 671/3910/3143
f 696/3911/711 701/2970/710 700/2973/2494 695/2163/1853
f 383/3890/3134 389/1698/1472 388/1700/1474 382/3912/3144
f 694/2164/1854 699/3913/3145 698/3914/3146 693/2657/2248
f 1132/1903/1647 1137/1962/1694 1142/1963/153 1131/3915/51
f 2701/1443/1265 2706/1442/1264 2711/3916/51 2700/2568/284
f 3413/1159/1025 3418/2926/2464 3417/2927/51 3412/3917/178
f 2000/1780/1544 2004/3363/2765 2003/3392/2781 1999/3393/2782
f 2910/2259/1935 2917/671/594 2916/674/597 2909/2260/1936
f 1181/3048/2549 1180/1896/1641 1174/2749/2321 1175/2748/2320
f 739/628/558 743/3918/3147 742/3919/3148 738/398/364
f 653/3920/3149 658/3257/2692 657/3259/2694 652/3921/637
f 2740/629/559 2739/1817/1579 2733/1816/1578 2734/630/560
f 2706/1442/1264 2713/3922/3150 2712/3923/51 2711/3916/51
f 946/1801/1563 951/3924/3151 950/1704/1478 945/1802/1564
f 3348/1803/1565 3353/3545/2884 3352/3371/2769 3347/1804/1566
f 2450/3925/3152 2449/1115/985 2442/2591/2190 2443/3210/2661
f 540/1240/1092 539/2369/2024 530/1999/1725 533/1998/1724
f 2288/2570/2171 2293/3926/3153 2292/2090/1794 2287/2983/2502
f 3570/3927/3154 3575/3928/3155 3574/3929/51 3569/3930/284
f 706/2971/1036 711/2072/1035 710/2070/1779 705/2972/2493
f 697/800/709 702/1168/1033 706/1171/1036 701/801/710
f 3622/3090/2580 3621/1338/1174 3615/1337/1173 3616/3931/3156
f 604/3932/3157 608/981/870 607/983/872 603/3143/2618
f 2031/2038/284 2032/1575/720 2036/1576/1372 2030/2039/1752
f 763/2284/1957 762/2286/1959 758/3084/2577 759/2285/1958
f 159/13/13 176/490/438 175/489/437 158/14/14
f 1684/3933/3158 1683/371/340 1673/282/261 1676/281/260
f 744/3934/2916 743/3918/3147 739/628/558 740/3935/2917
f 1546/3023/1084 1555/3936/284 1554/3632/2955 1550/3024/2534
f 3209/3937/428 3214/3658/2972 3218/3661/2974 3213/3938/3159
f 1313/2139/51 1318/741/658 1312/1345/1177 1307/3939/178
f 2648/696/616 2656/3940/3160 2655/3941/3161 2647/3942/3162
f 2456/2189/1875 2455/1116/986 2449/1115/985 2450/3925/3152
f 323/2564/2167 328/1812/1574 327/1815/1577 322/2565/2168
f 1492/3943/3163 1497/3886/3130 1496/708/627 1491/3641/2958
f 545/1238/1090 546/3135/1773 550/1485/1301 544/1239/1091
f 1994/1781/1545 2000/1780/1544 1999/3393/2782 1993/3944/3164
f 1882/3558/2897 1888/3557/2896 1887/3945/832
f 1176/3027/2536 1182/3050/2551 1175/2748/2320 1169/2751/2323
f 780/3194/2653 785/723/642 784/3946/3165 779/3675/2986
f 3793/3947/3166 3797/358/333 3792/3948/428 3791/3949/51
f 1547/1230/1083 1551/3196/2654 1555/3198/284 1546/1231/1084
f 733/400/366 737/399/365 740/3582/2917 736/3651/1823
f 1894/3950/106 1893/3951/153 1895/3952/3167
f 2163/502/448 2162/2371/2026 2157/3488/2843 2158/3201/2656
f 3065/3246/2683 3071/3245/2682 3070/3953/3168 3064/3547/2886
f 235/686/607 234/486/435 226/485/434 227/3591/2926
f 3231/3954/3169 3237/3707/3007 3236/867/768 3230/870/771
f 3600/3955/51 3601/3956/371 3609/3957/3170 3608/3958/3171
f 1894/3950/106 1895/3952/3167 1900/3959/3172
f 1895/3952/3167 1896/3960/3173 1900/3961/3174
f 1896/3960/3173 1897/3962/3175 1900/3963/3176
f 1897/3962/3175 1898/2391/2038 1900/3964/3177
f 1898/2391/2038 1899/2390/2037 1900/3965/3178
f 1899/2390/2037 1894/3073/106 1900/3966/3172
f 2647/3942/3162 2644/1363/1190 2645/3967/3179 2646/3968/3180
f 1903/3969/3181 1904/3970/3182 1902/3335/2749
f 1905/3971/3183 1902/3335/2749 1904/3970/3182
f 3628/2957/2484 3632/1793/1557 3631/3145/2620 3627/3089/2579
f 3014/3293/2719 3011/2991/2510 3012/3713/3013 3013/3972/3184
f 417/3973/3185 423/2115/1817 428/2117/1819 422/3974/3186
f 987/2415/2055 986/2414/2054 979/2264/1940 980/536/478
f 756/1263/1111 760/1262/1110 759/2285/1958 755/3652/2968
f 1325/990/879 1332/989/878 1331/3131/51 1330/3975/106
f 1502/2312/1977 1507/2311/1976 1506/2990/2509 1501/705/624
f 605/1181/1043 604/3932/3157 598/3976/3187 599/3121/2602
f 1841/2576/2177 1840/2575/2176 1835/1724/1497 1836/1723/1496
f 1865/1402/1226 1871/1401/1225 1870/3977/371 1864/2627/2223
f 3618/2646/2239 3617/3978/3188 3612/2314/1979 3613/2647/2240
f 2040/1201/1061 2039/1211/1067 2035/1210/1066 2036/1576/1372
f 1044/2827/2383 1043/1498/1314 1037/1448/1270 1038/1447/1269
f 1396/3267/2699 1402/2975/2496 1401/1558/1361 1395/1560/1363
f 1955/2833/2389 1954/2832/2388 1949/3979/3189 1950/1509/1322
f 1956/3224/106 1961/3342/51 1965/3345/2755 1960/2830/2386
f 477/1374/1201 484/1373/1200 483/1481/1297 482/1439/1261
f 2385/2978/2499 2390/3980/3190 2389/3981/3191 2384/1931/1671
f 1029/2809/2369 1035/1469/1287 1034/1472/1289 1028/3982/1344
f 454/3983/3192 460/2806/2366 459/2807/2367 453/3984/2030
f 2409/1411/1235 2408/1410/1234 2402/1005/892 2403/1004/891
f 2778/1017/284 2777/1016/902 2771/3358/2762 2772/3357/51
f 3264/3699/3000 3263/1884/1629 3258/2696/2279 3259/3352/2758
f 1210/2802/2362 1217/2801/2361 1216/2815/371 1215/3454/153
f 1356/3156/2627 1355/3382/2777 1349/3985/3193 1350/2584/2183
f 1335/3207/2660 1334/2633/2228 1327/2979/2500 1328/3986/3194
f 455/3456/2825 454/3983/3192 448/950/843 449/2672/2260
f 594/1462/1282 598/3976/3187 597/3987/3195 593/3988/3196
f 1043/1498/1314 1049/3118/2599 1048/1493/1309 1042/1499/1315
f 577/3125/2605 582/3272/2704 581/3989/1457 576/3990/1456
f 488/1502/1318 494/967/856 493/1515/1328 487/1503/1319
f 1050/2826/2382 1049/3118/2599 1043/1498/1314 1044/2827/2383
f 1954/2832/2388 1959/2831/2387 1958/1719/1492 1953/1722/1495
f 1238/3991/3197 1237/3992/3198 1230/3993/3199 1231/3994/3200
f 1047/1492/1308 1052/1491/1307 1057/3101/1455 1046/2820/1208
f 1929/2763/2332 1934/2784/2348 1933/2786/2350 1928/2793/2355
f 1950/1509/1322 1949/3979/3189 1944/3107/2591 1945/1510/1323
f 1051/1384/1209 1056/1676/1454 1055/2774/2342 1050/2826/2382
f 1921/2835/2391 1927/2834/2390 1926/3995/371 1925/3111/51
f 2790/2812/284 2789/2811/2371 2783/1015/901 2784/1014/51
f 1931/1769/106 1936/1906/51 1940/1907/1650 1935/1770/1534
f 2411/3996/51 2410/3349/2756 2404/1960/1693 2405/1959/51
f 2383/1646/1431 2388/3997/3201 2393/3998/51 2382/1647/106
f 1036/1500/1316 1035/1469/1287 1029/2809/2369 1030/2808/2368
f 599/3121/2602 598/3976/3187 594/1462/1282 595/1461/1281
f 3113/3219/106 3122/3999/146 3121/1735/1504 3117/1486/1302
f 1060/4000/3202 1059/3099/2588 1052/1491/1307 1053/1490/1306
f 1944/3107/2591 1949/3979/3189 1948/1477/1294 1943/1479/1296
f 1241/1466/1286 1246/1522/1334 1251/1525/51 1240/1467/153
f 1056/1676/1454 1063/1675/1453 1062/2771/2339 1055/2774/2342
f 1309/3114/2596 1308/1981/1709 1302/4001/3203 1303/4002/3204
f 3335/4003/3205 3334/3262/2696 3329/1096/969 3330/1095/968
f 635/2245/1921 634/418/377 628/417/376 631/2246/1922
f 3481/110/107 3480/4004/3206 3476/4005/3207 3477/111/108
f 1344/2953/2482 1349/3985/3193 1354/4006/3141 1343/2954/153
f 1957/1720/1493 1962/1872/1622 1961/1873/51 1956/3129/106
f 341/1025/908 340/1024/907 334/1813/1575 335/2803/2363
f 1824/3232/2674 1823/2980/2501 1816/4007/3208 1817/902/798
f 265/1949/1687 268/1948/1686 263/970/859 264/969/858
f 1862/4008/3209 1869/3284/2711 1868/2572/2173 1861/4009/3210
f 2822/1536/1343 2827/2028/1745 2832/3908/106 2821/1537/51
f 3071/3245/2682 3077/3290/2715 3076/4010/3211 3070/3953/3168
f 1149/465/419 1155/2154/1847 1160/2157/51 1154/466/51
f 210/625/555 218/624/554 217/2677/363 209/3642/2959
f 3857/2290/1962 3856/3559/2898 3851/387/353 3852/2359/2014
f 2892/439/395 2899/3395/2783 2898/3242/2681 2891/440/396
f 1975/910/284 1971/909/804 1976/4011/3212
f 1971/909/804 1972/1128/995 1976/4012/3213
f 1972/1128/995 1973/1127/994 1976/4013/3214
f 1973/1127/994 1974/4014/3215 1976/4015/3216
f 1974/4014/3215 1975/4016/284 1976/4017/3212
f 2485/3662/51 2490/1186/1048 2483/3140/2615 2484/4018/153
f 2659/1544/1348 2664/3109/2593 2669/4019/284 2658/4020/153
f 979/2264/1940 986/2414/2054 985/2698/2281 984/4021/3217
f 3038/2020/1739 3037/1908/1651 3032/1053/932 3033/1052/931
f 2536/3538/2880 2535/3398/2785 2529/2490/2114 2530/2489/2113
f 768/2212/1888 767/2210/1893 764/2283/1956 761/4022/3218
f 2652/1545/1349 2659/1544/1348 2658/4020/153 2657/4023/284
f 2978/2088/1792 2977/4024/3219 2972/1258/1108 2973/3575/2911
f 492/1516/1329 498/2767/2335 497/1038/921 491/1041/924
f 2965/4025/371 2966/2473/153 2970/2476/2103 2964/3696/2999
f 3079/4026/3220 3084/2061/1771 3077/3290/2715 3078/3289/51
f 2712/3348/51 2717/783/694 2710/1547/1350 2711/1546/51
f 970/2711/2290 975/534/476 974/537/479 969/2712/2291
f 566/3115/2597 572/3126/2606 571/4027/2328 570/3116/2598
f 247/3294/2720 252/2947/2476 251/4028/3221 246/3673/2984
f 3162/2545/2151 3161/4029/3222 3155/4030/3223 3156/1635/1420
f 762/2286/1959 765/2206/1889 768/2205/1888 761/4031/3218
f 3584/4032/547 3589/4033/51 3593/3656/2970 3588/3657/2971
f 338/1420/1244 345/4034/3224 344/4035/2400 343/1421/1245
f 2270/2483/2107 2278/803/712 2277/806/715 2269/2214/1895
f 507/1738/1507 514/4036/3225 513/4037/2412 512/1739/1508
f 1974/4014/3215 1973/1127/994 1968/1126/993 1969/3344/2754
f 2916/674/597 2915/4038/3226 2908/2326/1988 2909/2260/1936
f 927/4039/3227 926/3250/2686 920/3249/2685 921/3248/2684
f 2171/553/493 2170/4040/3228 2165/4041/3229 2166/2373/2028
f 3066/3247/153 3065/3246/2683 3060/3365/2766 3055/3364/153
f 2884/3450/2820 2883/754/670 2877/753/669 2878/3451/2821
f 3833/3216/2667 3839/3215/2666 3838/3457/284 3837/4042/284
f 2726/919/812 2725/918/811 2718/1860/1611 2719/1085/960
f 3211/4043/3230 3210/523/469 3204/522/468 3205/2231/1909
f 1408/4044/1460 1413/3150/1008 1412/2838/2394 1407/2840/2396
f 380/4045/1679 385/4046/3231 378/4047/3232 379/4048/1680
f 1107/2739/2313 1114/2668/2258 1113/2671/51 1112/2740/51
f 262/798/707 261/797/706 258/1147/1014 259/3397/2784
f 618/1847/1605 617/1845/1603 612/1592/1388 613/982/871
f 1909/2082/1787 1906/4049/3233 1907/4050/3234 1908/2083/1788
f 3380/1879/51 3381/4051/3235 3385/421/380 3379/424/383
f 3448/1832/1592 3447/808/717 3443/807/716 3444/2685/2272
f 1624/533/475 1623/1915/1657 1617/1914/1656 1618/4052/3236
f 984/4053/3217 983/4054/3237 977/2861/2414 978/4055/2774
f 3436/1587/1383 3437/3562/2779 3441/716/635 3435/1582/1378
f 2311/1152/1018 2310/4056/3238 2303/3227/2671 2304/1153/1019
f 2407/1418/1242 2406/1417/1241 2400/3279/2709 2401/2554/2159
f 3754/4057/3239 3753/2612/2210 3747/3368/2768 3748/4058/3240
f 367/2962/2489 373/2961/2488 372/3004/2520 366/3005/2521
f 2014/4059/3241 2020/4060/3242 2019/2985/2504 2013/2988/2507
f 3547/2940/2469 3552/2176/1864 3551/2179/1867 3546/1986/1712
f 1242/4061/3243 1241/1466/1286 1235/1465/1285 1236/3103/2589
f 3583/1114/984 3582/3671/2982 3577/4062/3244 3578/773/684
f 1349/3985/3193 1355/3382/2777 1360/3895/178 1354/4006/3141
f 785/723/642 788/722/641 787/2269/1945 784/3946/3165
f 2412/1416/1240 2419/1990/1716 2418/2543/153 2417/1526/106
f 2028/1985/1711 2027/811/718 2022/3273/2705 2023/4063/3245
f 266/796/705 269/1828/1588 272/2766/1684 265/4064/1687
f 1831/2630/2225 1837/3334/2748 1836/1723/1496 1830/1726/1499
f 2724/4065/51 2729/926/819 2722/784/695 2723/3347/1612
f 2303/3227/2671 2310/4056/3238 2309/4066/153 2308/4067/106
f 3052/985/874 3058/1412/1236 3057/1414/1238 3051/986/875
f 1327/2979/2500 1334/2633/2228 1333/988/877 1326/991/880
f 2025/2040/1753 2024/4068/3246 2020/4060/3242 2021/1174/1037
f 3111/1488/1304 3116/1487/1303 3115/1754/1523 3110/2674/2262
f 421/4069/3247 427/1195/1057 426/1197/1059 420/558/497
f 2274/3203/2658 2279/1688/1464 2284/1691/1466 2273/3204/146
f 310/3276/2706 316/2563/2166 315/2566/2169 309/1794/1558
f 3060/3365/2766 3065/3246/2683 3064/3547/2886 3059/3548/2887
f 1470/4070/51 1479/3473/146 1478/1821/1583 1474/1098/971
f 2505/2120/1822 2504/3481/2840 2497/3480/2839 2498/2664/2254
f 1566/3695/2998 1571/3694/2997 1575/4071/2042 1570/3848/371
f 2541/3400/2787 2540/631/561 2533/593/528 2534/592/527
f 1835/1724/1497 1840/2575/2176 1845/4072/106 1834/3001/341
f 2051/2877/371 2047/2876/2429 2052/4073/3248
f 2047/2876/2429 2048/3566/2904 2052/4074/3249
f 2048/3566/2904 2049/3565/2903 2052/4075/3250
f 2049/3565/2903 2050/4076/3251 2052/4077/3252
f 2050/4076/3251 2051/4078/371 2052/4079/3248
f 2054/4080/153 2053/4081/51 2055/128/125
f 2056/4082/3253 2055/128/125 2053/4081/51
f 2056/4082/3253 2057/4083/3254 2055/128/125
f 2058/129/126 2055/128/125 2057/4083/3254
f 1729/3797/3072 1734/2393/2040 1728/363/336 1724/3786/3063
f 2060/2683/2270 2059/2581/2180 2057/4083/3254
f 305/3277/2707 310/3276/2706 309/1794/1558 304/1797/1561
f 2062/2582/2181 2061/2684/2271 2054/4084/153
f 2053/4085/51 2054/4084/153 2061/2684/2271
f 2063/4086/284 2054/4080/153 2064/127/124
f 2055/128/125 2064/127/124 2054/4080/153
f 289/2386/2034 287/589/524 288/588/523 278/2539/2141
f 2065/126/123 2058/129/126 2066/2270/1946
f 1118/739/657 1123/738/656 1122/1142/1009 1117/1145/1012
f 2955/4087/3255 2960/4088/284 2959/4089/3256 2954/2908/2450
f 1648/296/275 1647/295/274 1643/406/370 1644/1631/1418
f 3382/684/605 3386/683/604 3390/4090/146 3381/4091/3235
f 1230/3993/3199 1237/3992/3198 1236/3103/2589 1229/3104/2590
f 1517/3320/2738 1516/403/369 1510/402/368 1511/2989/2508
f 1361/3010/2525 1367/3009/2524 1372/3299/284 1366/3894/51
f 3326/4092/51 3331/4093/284 3335/4003/3205 3330/1095/968
f 259/3397/2784 258/1147/1014 253/1146/1013 254/4094/3257
f 375/2110/1812 374/1939/1677 369/4095/3258 370/2111/1813
f 611/4096/2245 616/1851/1602 620/922/815 615/925/818
f 2091/2968/2491 2090/613/544 2085/612/543 2086/2969/2492
f 516/1579/1375 522/1578/1374 521/1602/1396 515/4097/3259
f 1330/4098/106 1329/4099/3260 1323/742/659 1324/2138/51
f 1476/1673/1451 1475/1672/1450 1471/958/851 1472/3452/2822
f 1314/1982/1710 1319/1777/1541 1324/4100/51 1313/1983/51
f 3383/685/606 3382/684/605 3376/1204/1064 3377/3683/2991
f 1504/4101/51 1509/3036/284 1508/2310/1975 1503/2313/1978
f 3189/4102/178 3198/3541/284 3197/3543/2883 3193/1892/1637
f 1463/1783/1547 1467/1100/973 1466/3453/2823 1462/4103/3261
f 1177/4104/3262 1176/3027/2536 1170/3026/2535 1171/4105/3263
f 1434/3874/3120 1440/576/512 1439/4106/2779 1438/4107/371
f 3558/1361/1188 3557/2177/1865 3552/2176/1864 3553/1362/1189
f 1109/2439/2073 1116/1144/1011 1115/3471/2834 1108/2440/2074
f 369/4095/3258 374/1939/1677 379/1942/1680 368/4108/2487
f 1475/1672/1450 1481/1671/1449 1480/3266/284 1479/3154/146
f 3073/3752/3044 3080/676/599 3079/4109/3220 3078/3753/51
f 2094/1120/988 2098/237/226 2102/240/153 2093/4110/51
f 1552/3333/2747 1551/3196/2654 1547/1230/1083 1548/1193/1055
f 3351/3372/2770 3357/4111/3264 3356/4112/106 3355/4113/284
f 3791/479/51 3792/3041/428 3796/3044/2546 3790/480/429
f 3648/1655/1436 3653/1563/1364 3652/1928/1668 3647/1930/1670
f 2050/4076/3251 2049/3565/2903 2045/3564/2902 2046/1200/1060
f 1264/4114/3265 1270/1137/1004 1275/3578/106 1269/4115/1734
f 2103/238/227 2109/3561/2900 2108/4116/178 2107/239/153
f 1691/244/229 1690/689/610 1685/3577/2913 1686/2481/2105
f 858/568/506 862/2102/1804 861/2105/1807 857/1284/1129
f 3478/3493/2848 3483/3766/3052 3487/4117/1617 3482/3494/51
f 1585/702/621 1586/4118/51 1590/3700/3001 1584/703/622
f 2612/3816/3086 2611/3815/3085 2607/246/231 2608/245/230
f 2344/4119/106 2343/3014/2529 2337/4120/3266 2338/4121/153
f 1343/4122/153 1348/1943/1681 1341/1572/1370 1342/1571/284
f 3585/3750/3042 3590/4123/3267 3589/4124/51 3584/4125/547
f 3680/1216/1072 3677/312/290 3678/311/289 3679/4126/3268
f 3660/4127/547 3669/4128/51 3668/4129/3269 3664/1132/999
f 2369/2679/2266 2379/2678/2265 2378/1932/1672 2368/4130/3270
f 2355/4131/3271 2354/660/583 2348/2650/2243 2349/3015/2530
f 1912/3253/2689 1911/3336/2750 1902/3335/2749 1905/3971/3183
f 3694/250/235 3699/2917/2457 3698/2920/2460 3693/251/236
f 3270/4132/3272 3276/877/778 3275/4133/51 3274/4134/51
f 3588/3657/2971 3587/1588/1384 3582/3671/2982 3583/1114/984
f 916/1871/1621 915/2536/2147 284/219/208 285/591/526
f 135/384/350 134/40/40 118/347/322 119/385/351
f 2248/4135/3273 2247/850/752 2243/849/751 2244/3857/3110
f 531/2000/1726 530/1999/1725 529/768/681 528/1870/1620
f 2749/4136/3274 2748/4137/3275 2747/2700/2283 2746/4138/3276
f 2122/4139/178 2118/4140/3277 2123/4141/3278
f 2118/4140/3277 2119/2534/2145 2123/4142/3279
f 2119/2534/2145 2120/2533/2144 2123/4143/3280
f 2120/2533/2144 2121/3790/3067 2123/4144/3281
f 2121/3790/3067 2122/4145/178 2123/4146/3278
f 2132/4147/106 2133/4148/51 2124/330/307
f 2125/4149/3282 2124/330/307 2133/4148/51
f 2125/4149/3282 2126/4150/3283 2124/330/307
f 2127/331/308 2124/330/307 2126/4150/3283
f 2127/331/308 2126/4150/3283 2128/4151/3284
f 2129/4152/3285 2128/4151/3284 2126/4150/3283
f 863/3551/2890 868/2452/2083 867/4153/2089 866/3552/2891
f 2131/4154/3286 2130/4155/3287 2132/4156/106
f 2133/4157/51 2132/4156/106 2130/4155/3287
f 1589/3701/3002 1594/3618/2946 1593/2343/2001 1588/3325/2741
f 2561/3066/2563 2560/3846/3106 2554/3835/3101 2555/3067/2564
f 1799/212/203 1805/3865/3115 1804/3869/146 1803/213/51
f 2526/2150/1844 2531/2149/1843 2530/2489/2113 2525/2168/1858
f 2138/2263/1939 2131/4154/3286 2134/2262/1938
f 2132/4156/106 2134/2262/1938 2131/4154/3286
f 2498/2664/2254 2497/3480/2839 2492/3404/2788 2493/2665/2255
f 242/688/609 241/681/602 234/486/435 235/686/607
f 2604/4158/106 2613/4159/106 2612/3816/3086 2608/245/230
f 3034/2851/2406 3039/4160/3288 3038/2020/1739 3033/1052/931
f 2234/573/509 2233/853/755 2227/337/312 2228/336/311
f 3081/643/572 3080/676/599 3073/3752/3044 3074/4161/3289
f 753/1264/462 756/1263/1111 751/3256/2691 752/3385/463
f 2655/3941/3161 2654/1364/1191 2644/1363/1190 2647/3942/3162
f 1901/2081/371 1915/4162/51 1914/2780/2346 1909/2082/1787
f 2109/3561/2900 2114/3597/2929 2113/4163/284 2108/4116/178
f 1612/3636/2956 1617/1914/1656 1621/1917/153 1616/3637/51
f 742/3919/3148 741/3580/2915 737/399/365 738/398/364
f 3024/2025/106 3023/2024/1742 3015/3292/2718 3018/4164/51
f 179/463/417 178/268/249 166/456/410 167/461/415
f 381/1940/1678 387/1272/1119 386/1275/1081 380/1941/1679
f 1500/706/625 1505/644/573 1509/645/284 1504/4165/51
f 1630/4166/3290 1629/531/473 1625/530/472 1626/879/780
f 2885/2491/2115 2890/1692/1467 2889/1312/1152 2884/3450/2820
f 2353/662/585 2352/4167/3291 2346/4168/3292 2347/663/586
f 409/3884/3128 406/4169/3293 407/4170/3294 408/3885/3129
f 741/3580/2915 745/2872/2425 748/4171/2778 744/3581/2916
f 1316/770/683 1321/769/682 1320/1778/1542 1315/3113/2595
f 1621/3607/153 1622/4172/341 1626/879/780 1620/881/782
f 2865/235/224 2871/234/223 2870/4173/428 2864/4174/51
f 3232/2302/1970 3231/3954/3169 3227/4175/3295 3228/2303/1971
f 859/4176/2892 862/2102/1804 858/568/506 855/567/505
f 103/201/192 120/382/348 119/385/351 102/3500/2852
f 2484/4018/153 2483/3140/2615 2477/3139/2614 2468/3794/51
f 1699/3615/2943 1703/4177/3296 1707/4178/284 1698/4179/51
f 1378/1163/1029 1387/3234/2675 1386/2257/1933 1377/3315/2736
f 3318/4180/3297 3317/4181/3298 3316/4182/51 3325/4183/3299
f 442/2673/2261 441/949/842 435/607/2717 436/263/244
f 1890/734/653 1897/3962/3175 1896/3960/3173 1889/735/654
f 2481/3083/2576 2488/2046/1757 2487/3032/2541 2480/2879/2430
f 3095/3029/2538 3094/3729/3025 3088/641/570 3089/1649/1432
f 2957/4184/3300 2956/471/423 2951/3737/3031 2952/3736/3030
f 786/2268/1944 790/2267/1943 793/4185/2299 789/3893/640
f 1581/4186/3301 1587/554/494 1586/557/51 1585/4187/621
f 198/3674/2985 205/3644/2961 204/2538/2149 197/4188/3302
f 3104/2791/2353 3103/1550/1353 3102/2676/2264 3101/4189/3303
f 2370/4190/3304 2369/2679/2266 2368/4130/3270 2367/4191/3305
f 3291/3610/2940 3295/2743/2316 3299/2744/153 3290/4192/106
f 1274/1287/1132 1280/3181/2646 1279/3179/2644 1273/1288/1133
f 3698/2920/2460 3697/258/241 3692/257/240 3693/251/236
f 2266/2215/1896 2276/4193/3306 2275/4194/3307 2265/3733/3027
f 148/42/42 147/1305/1148 132/1616/1405 133/43/43
f 3301/169/162 3300/168/161 3295/2743/2316 3296/346/321
f 3480/4004/3206 3485/3162/2629 3484/3165/2632 3479/3501/2853
f 867/2458/2089 870/2457/2088 865/2103/1805 866/4195/2891
f 1717/2225/1905 1716/871/772 1710/2238/1916 1711/3759/3048
f 2190/4196/3308 2186/4197/3309 2191/164/157
f 2187/4198/3310 2191/164/157 2186/4197/3309
f 2187/4198/3310 2188/165/158 2191/164/157
f 2998/4199/3311 2997/4200/3312 2992/140/135 2993/139/134
f 36/57/56 33/56/55 28/46/46 34/54/53
f 2193/4201/3313 2189/4202/3314 2194/4203/3315
f 2189/4202/3314 2190/4196/3308 2194/4204/3316
f 2190/4196/3308 2191/164/157 2194/4205/3317
f 2192/162/155 2193/4206/3313 2194/4207/3315
f 2204/4208/51 2195/4209/51 2196/3515/2863
f 2197/3516/2864 2196/3515/2863 2195/4209/51
f 2842/4210/3318 2841/3447/2818 2840/4211/51 2851/4212/3319
f 535/4213/3320 534/4214/1887 533/1998/1724 532/2001/1727
f 294/393/359 293/3599/2931 283/220/209 286/590/525
f 2203/1221/1076 2202/1222/1077 2204/3862/51
f 2195/4215/51 2204/3862/51 2202/1222/1077
f 43/69/68 89/72/71 88/75/74 38/59/58
f 2751/4216/3321 2748/4137/3275 2749/4136/3274 2750/4217/3322
f 3016/4218/3323 3015/3292/2718 3014/3293/2719 3013/3972/3184
f 406/4169/3293 417/3973/3185 422/3974/3186 405/4219/1118
f 3316/4220/51 3326/4092/51 3330/1095/968 3324/1097/970
f 795/2079/1786 794/4221/3324 790/2267/1943 791/2266/1942
f 971/2161/1851 970/2711/2290 963/1838/1598 964/2162/1852
f 3392/4222/51 3406/4223/51 3405/2829/2385 3400/1060/939
f 2340/2651/2244 2339/3842/3105 2333/2654/2247 2334/3296/2721
f 2160/888/789 2165/4041/3229 2164/4224/51 2159/889/51
f 2374/4225/3325 2373/4226/3326 2372/2680/2267 2371/4227/3327
f 3683/2392/2039 3682/2274/1949 3673/2353/2009 3676/313/291
f 1454/2253/1929 1463/1783/1547 1462/4103/3261 1453/3422/2801
f 2210/2317/51 2215/3431/153 2219/3433/2806 2214/2318/1981
f 1694/691/612 1693/3616/2944 1688/3592/2927 1689/692/613
f 852/1189/1051 856/1285/1130 855/4228/505 851/4229/508
f 71/116/113 68/115/112 63/106/104 69/113/110
f 1588/3325/2741 1587/554/494 1581/4186/3301 1582/4230/3328
f 2229/4231/284 2220/3837/106 2225/286/265
f 2221/287/266 2225/286/265 2220/3837/106
f 3876/4232/3329 3878/4233/3330 3875/4234/3331 3872/2323/1985
f 2226/285/264 2222/288/267 2227/337/312
f 2223/338/313 2227/337/312 2222/288/267
f 2616/3605/2937 2615/3496/2849 2609/2426/2064 2610/4235/3332
f 2228/336/311 2224/339/314 2229/571/284
f 2220/3432/106 2229/571/284 2224/339/314
f 3611/2315/1980 3610/3091/2581 3602/3424/2803 3605/3/3
f 843/509/455 847/1190/1052 850/4236/582 846/3774/2874
f 3742/2609/2207 3741/1687/1463 3740/4237/3333 3739/4238/3334
f 206/3839/3104 205/3644/2961 198/3674/2985 199/3441/2813
f 1701/3670/2981 1705/2237/1915 1704/2240/1918 1700/3614/2942
f 2747/2700/2283 2744/2699/2282 2745/4239/3335 2746/4138/3276
f 2059/2581/2180 2066/2270/1946 2058/129/126 2057/4083/3254
f 1374/3312/2733 1385/2256/1932 1384/2992/153 1382/3310/2732
f 3805/3851/3108 3804/230/219 3799/229/218 3800/3043/2545
f 1779/4240/3336 1785/3792/3069 1784/3855/428 1783/4241/51
f 2240/3866/51 2239/4242/153 2241/2466/2095
f 2235/4243/3337 2241/2466/2095 2239/4242/153
f 2635/4244/3338 2639/4245/3339 2634/4246/3340 2631/2355/2010
f 2242/852/754 2236/2896/2443 2243/849/751
f 2237/2895/2442 2243/849/751 2236/2896/2443
f 2244/3857/3110 2238/2727/2303 2240/4247/51
f 2239/2726/153 2240/4247/51 2238/2727/2303
f 183/491/439 192/3439/2811 191/3442/2814 182/484/433
f 3286/3534/2876 3285/4248/3341 3281/876/777 3282/875/776
f 825/2344/2002 824/208/199 830/3063/285 823/4249/288
f 106/228/217 105/73/72 89/72/71 90/148/143
f 3396/2417/2057 3393/2416/2056 3394/4250/3342 3395/4251/3343
f 834/4252/2560 833/664/587 828/308/286 830/307/285
f 2245/2465/2094 2246/851/753 2251/81/80
f 2252/3778/3059 2251/81/80 2246/851/753
f 2252/3778/3059 2246/851/753 2253/4253/3344
f 2247/850/752 2253/4253/3344 2246/851/753
f 2247/850/752 2248/4135/3273 2253/4253/3344
f 2254/1866/1616 2253/4253/3344 2248/4135/3273
f 3302/225/214 3308/224/213 3307/166/159 3301/169/162
f 73/124/121 95/99/97 94/102/100 68/115/112
f 2251/81/80 2252/3778/3059 2255/82/81
f 60/94/92 59/97/95 58/96/94 53/88/86
f 2256/3776/3057 2252/3778/3059 2257/1865/1615
f 2253/4253/3344 2257/1865/1615 2252/3778/3059
f 2253/4253/3344 2254/1866/1616 2257/1865/1615
f 2258/1863/1613 2254/1866/1616 2259/4254/51
f 2250/4255/82 2259/4254/51 2254/1866/1616
f 2259/83/51 2255/82/81 2260/4256/3345
f 2256/3776/3057 2257/1865/1615 2260/4257/3346
f 2258/1863/1613 2259/4254/51 2260/4258/3345
f 3486/1868/1618 3485/3162/2629 3480/4004/3206 3481/110/107
f 169/468/420 168/462/416 151/3046/2547 152/4259/3347
f 2990/4260/51 2991/2350/106 2995/2228/1906 2989/1622/1409
f 2372/2680/2267 2369/2679/2266 2370/4190/3304 2371/4227/3327
f 3469/3647/2964 3468/3646/2963 3467/1292/1137 3466/4261/3348
f 3184/3879/518 3189/4102/178 3193/1892/1637 3188/1895/1640
f 1495/707/626 1500/706/625 1504/4165/51 1499/2906/671
f 1657/4262/51 1662/1217/1073 1666/1220/1075 1661/3711/3011
f 1584/703/622 1583/3702/3003 1578/4263/3349 1579/704/623
f 190/2367/2022 198/3674/2985 197/4188/3302 189/2368/2023
f 1627/564/503 1632/563/502 1636/4264/153 1631/4265/51
f 3530/2200/1884 3540/1988/1714 3539/2925/153 3538/2893/761
f 2446/1629/1416 2453/1425/1248 2452/1185/1047 2445/3237/2678
f 639/2410/2050 645/2821/2377 644/1969/1698 638/1972/1701
f 3581/3672/2983 3580/3751/3043 3575/3928/3155 3576/4266/3350
f 1142/4267/153 1141/746/663 1136/745/662 1131/4268/51
f 2314/2933/2466 2319/3021/2533 2318/3649/2966 2313/3351/2757
f 3764/1974/1703 3763/4269/3351 3757/2613/2211 3758/1975/1704
f 2681/3468/2832 2686/3467/2831 2685/4270/3352 2680/4271/3353
f 3770/4272/3354 3774/3536/2878 3773/728/647 3769/2547/2153
f 3640/1568/51 3645/2241/106 3649/1656/1437 3644/1569/1368
f 3049/3367/106 3054/3366/2767 3048/3465/2830 3043/3902/51
f 1868/2572/2173 1867/2560/2163 1860/2145/1839 1861/4009/3210
f 2024/4068/3246 2029/2945/2474 2028/1985/1711 2023/4063/3245
f 938/2603/2201 944/2602/2200 943/4273/724 937/3375/1391
f 1156/2977/2498 1155/2154/1847 1149/465/419 1150/2130/1830
f 1126/1904/1648 1132/1903/1647 1131/3915/51 1125/3157/371
f 2721/785/696 2720/1084/959 2715/1083/958 2716/786/697
f 937/1595/1391 942/1594/1390 935/2112/1814 936/4274/2687
f 2101/4275/3355 2100/2364/2019 2096/2660/2251 2097/3563/2901
f 3771/2723/2300 3770/4272/3354 3765/1973/1702 3766/1958/1692
f 2575/3408/2790 2580/2408/2048 2579/4276/2650 2574/3741/51
f 3367/1925/1665 3371/1203/1063 3375/1206/51 3366/4277/106
f 3161/4029/3222 3165/4278/3356 3164/992/881 3160/995/884
f 3841/1911/1653 3845/386/352 3844/389/355 3840/3214/2665
f 673/1808/1570 672/1807/1569 667/2921/2461 668/2590/2189
f 602/3142/2617 606/1593/1389 610/3460/1041 601/4279/1040
f 598/3976/3187 604/3932/3157 603/3143/2618 597/3987/3195
f 1424/609/542 1429/3875/3121 1433/4280/51 1428/610/51
f 2698/1020/904 2705/1019/903 2704/2608/2206 2697/1714/1487
f 3430/2870/2423 3434/1581/1377 3433/3899/3139 3429/912/805
f 1140/747/664 1139/1826/1586 1134/3896/3137 1135/748/665
f 2658/1965/153 2663/1482/1298 2656/3940/3160 2657/4281/284
f 1092/2886/2437 1091/2884/2435 1085/4282/3357 1086/4283/3358
f 2757/4284/3359 2764/4285/3360 2763/1067/946 2756/1070/949
f 3568/3161/2628 3567/542/484 3562/2552/2158 3563/2578/2178
f 1866/1403/1227 1865/1402/1226 1858/2626/2222 1859/2146/1840
f 2154/3200/51 2159/499/51 2163/502/448 2158/3201/2656
f 161/4286/398 176/490/438 159/13/13 160/4287/3361
f 2545/4288/106 2550/4289/3362 2544/3654/2969 2539/3653/341
f 1906/4049/3233 1913/2779/2345 1912/3253/2689 1905/3971/3183
f 1297/668/591 1304/4290/3363 1303/4002/3204 1296/669/592
f 3616/3931/3156 3615/1337/1173 3610/3091/2581 3611/2315/1980
f 517/1580/1376 516/1579/1375 509/3340/2752 510/2624/2220
f 2453/1425/1248 2459/1424/1247 2458/1182/1044 2452/1185/1047
f 1848/2850/2405 1855/2144/1838 1854/2147/1841 1847/2573/2174
f 2831/1652/1434 2838/4291/3364 2837/4292/3365 2830/4293/3366
f 1834/3209/341 1839/1548/1351 1833/3269/2701 1828/4294/178
f 377/4295/3367 376/2109/1811 371/2108/1810 372/3004/2520
f 2516/1326/1164 2522/3012/2527 2521/4296/51 2515/3018/51
f 230/540/482 238/539/481 237/693/614 229/3748/3040
f 2521/2151/51 2526/2150/1844 2520/2167/1857 2515/4297/51
f 2844/866/767 2841/3447/2818 2842/4210/3318 2843/4298/3368
f 3837/2042/284 3838/2017/284 3842/1910/1652 3836/1913/1655
f 1999/3393/2782 1998/2031/1748 1992/2030/1747 1993/3944/3164
f 2009/4299/3369 2008/1342/1176 2002/1341/1175 2003/3392/2781
f 983/4054/3237 990/2706/2287 989/1349/1181 982/1351/1183
f 1623/1915/1657 1627/564/503 1631/4265/51 1622/1916/341
f 3631/3145/2620 3630/3144/2619 3626/3261/2695 3627/3089/2579
f 1305/1107/980 1304/4290/3363 1297/668/591 1298/1108/981
f 745/2872/2425 749/514/460 752/517/463 748/4171/2778
f 1586/4118/51 1591/4300/496 1595/3619/2947 1590/3700/3001
f 1442/3600/2932 1447/3413/2795 1446/574/510 1441/577/513
f 1618/4052/3236 1617/1914/1656 1612/3636/2956 1613/343/318
f 2335/2746/2318 2341/3339/2751 2334/3296/2721
f 1178/3679/2989 1184/3678/2988 1183/3051/2552 1177/4104/3262
f 2552/452/408 2558/3818/3088 2557/4301/51 2551/453/284
f 3080/676/599 3086/675/598 3085/4302/51 3079/4109/3220
f 748/3386/2778 747/3255/2690 743/3918/3147 744/3934/2916
f 360/2003/1729 367/2962/2489 366/3005/2521 359/3166/2633
f 3227/4175/3295 3231/3954/3169 3230/870/771 3226/4303/3370
f 1284/2135/1835 1295/2604/2202 1300/4304/284 1283/2136/51
f 248/3295/2540 247/3294/2720 244/700/620 241/4305/602
f 2972/1258/1108 2977/4024/3219 2976/4306/51 2971/1259/284
f 2346/4168/3292 2352/4167/3291 2345/4307/146
f 2883/754/670 2888/1311/1151 2893/2060/1770 2882/755/51
f 419/559/498 425/2198/1882 424/2949/2478 418/4308/3371
f 2551/4309/284 2556/3064/2561 2550/4289/3362 2545/4288/106
f 3808/91/89 3819/1840/1600 3818/1843/341 3816/4310/106
f 2841/3447/2818 2853/3446/2817 2852/4311/51 2840/4211/51
f 2357/4312/175 2351/4313/178 2358/4314/3372
f 299/3598/2930 305/3277/2707 304/1797/1561 298/2291/1963
f 2359/4315/3373 2353/662/585 2360/661/584
f 2267/2216/1897 2266/2215/1896 2265/3733/3027 2264/3734/3028
f 2361/4316/3374 2355/4131/3271 2362/183/176
f 2356/184/177 2362/183/176 2355/4131/3271
f 3724/3639/2957 3728/4317/3375 3723/4318/3376 3720/320/297
f 2357/4312/175 2358/4314/3372 2363/4319/3377
f 2358/4314/3372 2359/4315/3373 2363/4320/3378
f 2359/4315/3373 2360/661/584 2363/4321/3379
f 2360/661/584 2361/4316/3374 2363/4322/3380
f 2361/4316/3374 2362/183/176 2363/4323/3381
f 2362/183/176 2357/182/175 2363/4324/3377
f 21/34/34 18/33/33 13/22/22 19/31/31
f 2980/4325/3382 2979/2086/1790 2974/3574/2910 2975/2475/2102
f 2620/3604/2936 2619/3497/2850 2615/3496/2849 2616/3605/2937
f 1703/4177/3296 1708/3784/3062 1712/3782/153 1707/4178/284
f 3489/3164/2631 3488/3762/3050 3483/3766/3052 3484/3165/2632
f 2610/4235/3332 2609/2426/2064 2605/2425/2063 2606/3663/2976
f 410/560/499 419/559/498 418/4308/3371 409/3884/3128
f 959/1396/1221 965/1395/1220 964/2162/1852 958/1887/1632
f 3376/1204/1064 3382/684/605 3381/4091/3235 3380/1205/51
f 2156/3489/2844 2155/887/788 2149/2307/1974 2150/3579/2914
f 659/3379/2775 658/3257/2692 653/3920/3149 654/1295/1140
f 2310/4056/3238 2315/2866/2419 2320/4326/284 2309/4066/153
f 951/3924/3151 957/1837/1597 956/1701/1475 950/1704/1478
f 3324/1097/970 3321/64/63 3322/63/62 3323/4327/3383
f 3357/4111/3264 3362/1926/1666 3361/4328/51 3356/4112/106
f 514/4036/3225 520/1600/1394 519/1599/1393 513/4037/2412
f 1395/1560/1363 1394/1045/928 1390/1044/927 1391/2255/1931
f 1486/3462/2827 1485/3264/2698 1481/1671/1449 1482/1670/1448
f 3136/935/828 3135/934/827 3131/1901/1645 3132/1767/1533
f 2798/1997/1723 2797/792/703 2792/791/702 2793/1511/1324
f 1985/2098/1800 1982/494/442 1983/493/441 1984/4329/3384
f 1224/2842/2398 1230/3993/3199 1229/3104/2590 1223/3127/2607
f 467/3147/2621 466/1459/1279 460/2806/2366 461/3148/2622
f 2396/2555/2160 2395/3278/2708 2388/3997/3201 2389/3981/3191
f 579/1032/915 584/1031/914 583/1566/1367 578/3124/2604
f 2389/3981/3191 2388/3997/3201 2383/1646/1431 2384/1931/1671
f 569/1792/1556 568/1785/1549 564/1749/1518 565/1748/1517
f 2762/1068/947 2767/2781/2347 2772/2783/51 2761/4330/284
f 346/1954/1690 345/4034/3224 338/1420/1244 339/1955/1691
f 593/3988/3196 592/3228/2672 586/3271/2703 587/1565/1366
f 3035/1457/1277 3034/2851/2406 3028/2048/1759 3029/1458/1278
f 2324/4331/3385 2323/2180/1868 2317/3650/2967 2318/3649/2966
f 947/4332/3386 946/1801/1563 940/1330/1168 941/2113/1815
f 3148/1694/1469 3153/1387/1212 3157/1389/284 3152/1695/341
f 3624/2959/2486 3623/2958/2485 3617/3978/3188 3618/2646/2239
f 920/3249/2685 926/3250/2686 925/3252/2688 919/4333/954
f 1940/1907/1650 1939/2785/2349 1934/2784/2348 1935/1770/1534
f 3135/934/827 3141/933/826 3140/2848/2403 3134/1744/1513
f 2400/3279/2709 2406/1417/1241 2411/1527/51 2405/3280/51
f 475/2796/2357 481/1501/1317 480/1504/1320 474/1514/1327
f 3551/2179/1867 3550/3168/2635 3545/1987/1713 3546/1986/1712
f 1945/1510/1323 1944/3107/2591 1939/2785/2349 1940/1907/1650
f 582/3272/2704 586/3271/2703 590/4334/1529 581/3989/1457
f 461/3148/2622 460/2806/2366 454/3983/3192 455/3456/2825
f 2811/4335/3387 2810/3361/2764 2803/1705/1479 2804/2823/2379
f 1949/3979/3189 1954/2832/2388 1953/1722/1495 1948/1477/1294
f 1394/1045/928 1400/1559/1362 1399/2695/284 1398/1046/51
f 468/3097/2586 473/1513/1326 472/1682/1458 467/3147/2621
f 3363/1927/1667 3362/1926/1666 3357/4111/3264 3358/3546/2885
f 3408/1160/1026 3413/1159/1025 3412/3917/178 3407/4336/106
f 1087/4337/3388 1093/2888/2439 1092/2886/2437 1086/4283/3358
f 1131/4268/51 1136/745/662 1130/1552/1355 1125/2857/371
f 561/2383/864 570/4338/2598 569/1792/1556 565/1748/1517
f 2837/4292/3365 2836/3291/2716 2829/2853/2408 2830/4293/3366
f 3141/933/826 3145/1043/926 3144/3889/3133 3140/2848/2403
f 1914/2780/2346 1913/2779/2345 1906/4049/3233 1909/2082/1787
f 1247/1532/1340 1246/1522/1334 1241/1466/1286 1242/4061/3243
f 1042/1499/1315 1041/1470/1288 1035/1469/1287 1036/1500/1316
f 3613/2647/2240 3612/2314/1979 3606/2/2 3609/3957/3170
f 3405/2829/2385 3404/2828/2384 3397/1061/940 3400/1060/939
f 3578/773/684 3577/4062/3244 3572/543/485 3573/774/685
f 1254/1531/1339 1253/1523/1335 1246/1522/1334 1247/1532/1340
f 330/946/839 336/3119/2600 335/2803/2363 329/2586/2185
f 3346/3373/2771 3351/3372/2770 3355/4113/284 3350/4339/3389
f 3632/1793/1557 3637/1712/1485 3636/1437/1259 3631/3145/2620
f 3349/4340/3390 3348/1803/1565 3344/1124/991 3345/1002/889
f 2656/3940/3160 2663/1482/1298 2662/778/689 2655/3941/3161
f 3332/2007/1733 3336/2855/2410 3340/4341/51 3331/2008/284
f 350/2005/1731 355/2004/1730 349/2845/2401 344/2844/2400
f 1072/2836/2392 1071/3122/2603 1065/3136/2611 1066/2837/2393
f 682/4342/3391 687/4343/1491 691/2166/1856 686/2049/1760
f 2483/3140/2615 2490/1186/1048 2489/1187/1049 2482/3082/2575
f 961/3206/2659 968/3376/2773 967/3378/2213 966/4344/1219
f 2297/4345/178 2302/2548/2154 2295/1431/1253 2296/4346/178
f 1570/2406/371 1575/4347/2042 1574/4348/3392 1569/2407/2047
f 3358/3546/2885 3357/4111/3264 3351/3372/2770 3352/3371/2769
f 2042/1199/153 2051/4078/371 2050/4076/3251 2046/1200/1060
f 214/3645/2962 222/3747/3039 221/3749/3041 213/2537/2148
f 1024/1584/1380 1031/1449/1271 1030/2808/2368 1023/2810/2370
f 3334/3262/2696 3338/1125/992 3337/1324/1162 3333/2856/2411
f 1935/1770/1534 1934/2784/2348 1929/2763/2332 1930/1771/1535
f 2704/2608/2206 2703/2607/2205 2696/1715/1488 2697/1714/1487
f 3656/3464/2829 3655/750/667 3651/749/666 3652/1928/1668
f 3643/1713/1486 3648/1655/1436 3647/1930/1670 3642/1434/1256
f 2653/1365/1192 2652/1545/1349 2640/1611/1403 2643/1366/1193
f 351/4349/3393 356/1835/1595 361/4350/1728 350/4351/1731
f 3059/3548/2887 3058/1412/1236 3052/985/874 3053/1130/997
f 255/2196/1881 260/971/860 259/3397/2784 254/4094/3257
f 1478/1821/1583 1477/1820/1582 1473/1099/972 1474/1098/971
f 3145/1043/926 3150/3877/3123 3149/2611/2209 3144/3889/3133
f 964/2162/1852 963/1838/1598 957/1837/1597 958/1887/1632
f 3374/1880/1625 3373/2297/1969 3369/2904/2448 3370/1378/1203
f 2173/430/386 2172/550/490 2167/2372/2027 2168/501/447
f 534/4214/1887 536/1237/1089 540/1240/1092 533/1998/1724
f 1165/4352/3394 1172/4353/3395 1171/4105/3263 1164/4354/3396
f 376/2109/1811 383/3890/3134 382/3912/3144 375/2110/1812
f 2465/1123/284 2460/1122/990 2466/4355/3397
f 2460/1122/990 2461/2188/1874 2466/4356/3398
f 2461/2188/1874 2462/2187/1873 2466/4357/3399
f 2462/2187/1873 2463/2124/1826 2466/4358/3400
f 2463/2124/1826 2464/2123/1825 2466/4359/3401
f 2464/2123/1825 2465/3438/284 2466/4360/3397
f 296/3682/1196 301/391/357 295/390/356 290/2385/1197
f 2017/1173/284 2026/2037/146 2025/2040/1753 2021/1174/1037
f 3496/255/238 3495/3664/2977 3490/3163/2630 3491/256/239
f 3325/4361/3299 3316/4220/51 3324/1097/970 3323/4327/3383
f 1110/1923/1663 1109/2439/2073 1100/2438/2072 1103/178/171
f 397/1247/1099 403/1245/1097 396/1224/1079 386/1226/1081
f 3866/411/372 3865/2232/1910 3860/3676/2987 3861/412/373
f 252/2947/2476 255/2196/1881 254/4094/3257 251/4028/3221
f 3580/3751/3043 3585/3750/3042 3584/4125/547 3579/4362/51
f 1457/2254/1930 1454/2253/1929 1455/4363/3402 1456/3428/2805
f 1117/1145/1012 1116/1144/1011 1109/2439/2073 1110/1923/1663
f 177/267/248 186/266/247 185/2252/1928 184/444/400
f 251/4028/3221 250/4364/3403 245/3030/2539 246/3673/2984
f 275/834/740 274/832/738 269/1828/1588 270/1827/1587
f 1871/1401/1225 1877/3588/2923 1876/4365/153 1870/3977/371
f 1163/3569/2907 1170/3026/2535 1169/2751/2323 1162/3017/2532
f 2713/3922/3150 2718/1860/1611 2723/1862/1612 2712/3923/51
f 233/4366/436 240/699/619 232/395/361 225/394/360
f 1085/4282/3357 1091/2884/2435 1090/2641/2236 1084/2643/2238
f 1559/2058/1769 1558/2057/1768 1553/3332/2746 1554/3632/2955
f 1640/655/579 1639/1630/1417 1634/3757/3046 1635/4367/3404
f 2075/764/677 2074/1092/967 2068/1091/966 2069/2272/1948
f 704/3141/2616 709/2068/1777 708/2066/1775 703/4368/3405
f 237/693/614 236/687/608 228/3590/2925 229/3748/3040
f 2897/1693/1468 2902/2327/1989 2901/1102/975 2896/1104/977
f 2095/1121/989 2094/1120/988 2088/1658/1439 2089/614/545
f 885/512/458 889/2497/2119 888/2495/2117 887/4369/257
f 1134/3896/3137 1139/1826/1586 1138/4370/3406 1133/1902/1646
f 719/4371/3407 723/3444/2815 722/3445/2816 718/289/268
f 1622/4172/341 1631/4372/51 1630/4166/3290 1626/879/780
f 3406/4223/51 3407/2013/106 3411/2016/1737 3405/2829/2385
f 3215/3555/2894 3219/2692/2277 3223/2693/106 3214/4373/2972
f 981/535/477 988/1350/1182 987/2415/2055 980/536/478
f 2315/2866/2419 2321/2865/2418 2326/4374/371 2320/4326/284
f 641/4375/3100 642/4376/3408 646/2822/2378 640/3220/2669
f 746/2873/2426 745/2872/2425 741/3580/2915 742/3919/3148
f 2947/3739/3033 2946/3738/3032 2942/367/338 2943/3788/3065
f 3393/2416/2056 3402/2190/1876 3406/4377/51 3392/4378/51
f 2860/2863/2416 2867/1935/1675 2866/236/225 2859/3427/2804
f 149/41/41 166/456/410 165/455/409 148/42/42
f 2753/3668/2980 2752/3667/2979 2751/4216/3321 2750/4217/3322
f 1614/342/317 1619/880/781 1618/4052/3236 1613/343/318
f 1557/1644/1429 1556/1643/1428 1551/3196/2654 1552/3333/2747
f 304/1797/1561 303/1796/1560 297/1368/1195 298/2291/1963
f 3849/3186/2649 3854/2172/1862 3853/2175/51 3848/3187/51
f 414/651/577 421/4069/3247 420/558/497 413/561/500
f 648/4379/3409 653/3920/3149 652/3921/637 647/4380/636
f 2074/1092/967 2079/2044/1755 2078/4381/106 2073/1093/51
f 731/1977/1706 735/627/557 734/401/367 730/1978/1707
f 758/3084/2577 762/2286/1959 761/4031/3218 757/3085/1109
f 994/2704/2285 993/2715/2294 988/1350/1182 989/1349/1181
f 1859/2146/1840 1858/2626/2222 1853/2661/2252 1854/2147/1841
f 2146/2411/2051 2151/4382/3410 2150/3579/2914 2145/3013/2528
f 3061/638/567 3067/637/566 3072/3754/371 3066/4383/153
f 1363/3155/2626 1369/3302/2726 1368/3008/2523 1362/3011/2526
f 1574/4348/3392 1573/1919/1659 1568/1918/1658 1569/2407/2047
f 1441/577/513 1440/576/512 1434/3874/3120 1435/3873/3119
f 1539/730/649 1543/1191/1053 1542/1194/1056 1538/1829/1589
f 2942/367/338 2946/3738/3032 2950/4384/51 2941/368/51
f 3748/4058/3240 3747/3368/2768 3737/4385/3411 3740/4237/3333
f 3238/4386/3412 3237/3707/3007 3231/3954/3169 3232/2302/1970
f 422/4387/3186 421/4069/3247 414/651/577 405/1271/1118
f 1197/2448/2080 1196/1626/1413 1195/1627/1414 1194/4388/3413
f 1693/3616/2944 1699/3615/2943 1698/4179/51 1697/3772/51
f 3467/1292/1137 3464/304/283 3465/303/282 3466/4261/3348
f 2183/4389/51 2184/4390/153 2188/165/158 2182/3881/3125
f 2161/2374/2029 2160/888/789 2155/887/788 2156/3489/2844
f 382/3912/3144 381/1940/1678 374/1939/1677 375/2110/1812
f 2321/2865/2418 2328/2653/2246 2327/2656/51 2326/4374/371
f 3022/3270/2702 3021/2047/1758 3011/2991/2510 3014/3293/2719
f 180/470/422 179/463/417 168/462/416 169/468/420
f 1487/3461/2826 1492/3943/3163 1491/3641/2958 1486/3462/2827
f 3797/358/333 3802/357/332 3801/4391/51 3792/3948/428
f 446/3225/845 445/2755/2327 439/2765/2975 440/4392/539
f 3086/675/598 3092/3503/2855 3091/4393/51 3085/4302/51
f 2599/414/375 2605/2425/2063 2604/2428/106 2603/415/106
f 2580/2408/2048 2585/2295/1967 2584/4394/371 2579/4276/2650
f 3794/232/221 3793/3947/3166 3787/3689/2993 3788/3525/2871
f 3320/65/64 3317/4181/3298 3318/4180/3297 3319/66/65
f 1666/1220/1075 1669/3721/3021 1665/3712/3012 1661/3711/3011
f 1635/4367/3404 1634/3757/3046 1629/531/473 1630/4166/3290
f 2176/552/492 2175/3595/2928 2170/4040/3228 2171/553/493
f 3075/4395/3414 3082/640/569 3081/643/572 3074/4161/3289
f 2063/4396/284 2072/3158/284 2071/2775/2343 2067/2580/2179
f 3298/2451/2082 3297/345/320 3293/2236/1914 3294/2235/1913
f 413/561/500 410/560/499 411/3883/3127 412/652/578
f 126/2487/2111 142/3880/3124 141/302/281 125/340/315
f 2188/165/158 2187/4198/3310 2181/3882/3126 2182/3881/3125
f 115/4397/3415 114/202/193 97/844/746 98/210/201
f 2557/4301/51 2558/3818/3088 2563/4398/3416
f 2558/3818/3088 2559/3817/3087 2563/4399/3417
f 2559/3817/3087 2560/3846/3106 2563/4400/3418
f 2560/3846/3106 2561/3066/2563 2563/4401/3419
f 2561/3066/2563 2562/3065/2562 2563/4402/3420
f 2562/3065/2562 2557/4403/51 2563/4404/3416
f 2573/3742/284 2564/4405/51 2565/3740/3034
f 2566/4406/3421 2565/3740/3034 2564/4405/51
f 2566/4406/3421 2567/4407/3422 2565/3740/3034
f 2568/3801/3075 2565/3740/3034 2567/4407/3422
f 2568/3801/3075 2567/4407/3422 2569/930/823
f 2570/4408/3423 2569/930/823 2567/4407/3422
f 2347/663/586 2346/4168/3292 2339/3842/3105 2340/2651/2244
f 2572/931/824 2571/4409/3424 2573/4410/284
f 2564/4411/51 2573/4410/284 2571/4409/3424
f 11/20/20 8/19/19 1/10/10 9/17/17
f 2940/4412/284 2941/4413/51 2945/3583/2918 2939/3586/2921
f 869/2453/2084 868/2452/2083 863/3551/2890 864/2104/1806
f 2714/1086/961 2713/3922/3150 2706/1442/1264 2707/1441/1263
f 2578/928/821 2572/931/824 2574/3189/51
f 2573/4410/284 2574/3189/51 2572/931/824
f 3210/523/469 3215/3555/2894 3214/4373/2972 3209/524/428
f 3203/3542/153 3208/4414/106 3207/596/531 3202/599/534
f 726/1979/1708 725/1638/1423 721/1637/1422 722/3445/2816
f 3048/3465/2830 3054/3366/2767 3053/1130/997 3047/1131/998
f 1652/4415/51 1657/4262/51 1661/3711/3011 1656/3690/2994
f 2579/3190/2650 2584/4416/371 2588/3746/3038 2583/3191/2651
f 1819/1321/1159 1818/901/797 1812/900/796 1813/1322/1160
f 3172/2194/1879 3171/4417/3425 3165/4278/3356 3166/2195/1880
f 1577/4418/3426 1576/4419/3427 1571/3694/2997 1572/1920/1660
f 2577/929/822 2582/3887/3131 2581/2409/2049 2576/3409/2791
f 3856/3559/2898 3860/3676/2987 3859/3507/2858 3855/3560/2899
f 788/722/641 792/2720/2298 791/2266/1942 787/2269/1945
f 1573/1919/1659 1578/4263/3349 1577/4418/3426 1572/1920/1660
f 1821/4420/341 1820/1320/1158 1814/1319/1157 1815/4421/51
f 2582/3887/3131 2587/3745/3037 2586/2296/1968 2581/2409/2049
f 2597/2916/2456 2596/633/562 2592/3744/3036 2593/3743/3035
f 2592/3744/3036 2596/633/562 2595/635/564 2591/2293/1965
f 1595/3619/2947 1594/3618/2946 1589/3701/3002 1590/3700/3001
f 1515/3039/153 1520/3521/51 1524/3514/2862 1519/3040/2544
f 2236/2896/2443 2235/4243/3337 2231/3847/3107 2232/854/756
f 728/4422/1424 727/1976/1705 723/3444/2815 724/4423/1425
f 2504/3481/2840 2510/1327/1165 2509/3019/51 2503/3482/146
f 2602/248/233 2601/247/232 2596/633/562 2597/2916/2456
f 2760/4424/284 2759/4425/3428 2752/3667/2979 2743/3666/153
f 2585/2295/1967 2590/2294/1966 2589/3693/106 2584/4394/371
f 209/4426/2959 216/2993/2511 207/3838/3103 208/4427/2960
f 3782/1318/1156 3787/3689/2993 3791/3949/51 3786/4428/428
f 1513/3038/2543 1512/3773/3056 1507/2311/1976 1508/2310/1975
f 1696/243/228 1695/690/611 1690/689/610 1691/244/229
f 2527/594/529 2533/593/528 2538/2384/51 2532/4429/1842
f 2923/672/595 2928/4430/3429 2927/2421/2059 2922/673/596
f 207/3838/3103 216/2993/2511 215/2994/2512 206/3839/3104
f 1283/4431/51 1292/3463/2828 1293/4432/3430 1294/4433/51
f 2557/4403/51 2562/3065/2562 2556/3064/2561 2551/4309/284
f 3597/4434/3431 3596/4435/3432 3592/1589/1385 3593/3656/2970
f 3512/360/51 3517/159/153 3516/143/138 3511/146/141
f 2196/3515/2863 2205/3609/2939 2209/4436/51 2204/4208/51
f 280/498/446 279/497/445 289/3775/2034 278/2530/2141
f 98/210/201 97/844/746 81/180/173 82/186/179
f 884/280/259 883/513/459 878/4437/3433 881/3861/3112
f 3707/2899/2446 3712/2362/2017 3711/4438/106 3706/2900/51
f 812/1876/1624 816/1875/1623 815/3703/3004 811/3704/3005
f 1678/2471/2100 1677/2470/2099 1676/281/260 1675/284/263
f 3535/2649/2242 3534/2648/2241 3533/2199/1883 3532/2202/1886
f 2180/4439/3434 2179/600/535 2175/3595/2928 2176/552/492
f 2589/4440/106 2598/2914/51 2597/2916/2456 2593/3743/3035
f 779/3675/2986 778/2330/1991 771/2220/1901 774/2221/1902
f 1797/196/187 1796/190/183 1792/189/182 1793/3856/3109
f 2621/3603/2935 2622/2076/1783 2626/2075/1782
f 1795/191/184 1794/211/202 1790/2387/2035 1791/192/185
f 876/4441/3435 877/3860/3111 881/3861/3112 880/4442/3436
f 1591/4300/496 1596/3625/284 1600/3624/2951 1595/3619/2947
f 1184/3678/2988 1189/3058/2558 1188/3052/2553 1183/3051/2552
f 2631/2355/2010 2625/2358/2013 2632/2074/1781
f 2626/2075/1782 2632/2074/1781 2625/2358/2013
f 2633/376/342 2632/2074/1781 2627/377/343
f 3708/2510/2126 3707/2899/2446 3701/2898/2445 3702/2919/2459
f 2638/4443/51 2629/3611/341 2634/4246/3340
f 2630/2356/2011 2634/4246/3340 2629/3611/341
f 2630/2356/2011 2631/2355/2010 2634/4246/3340
f 1726/153/147 1725/3791/3068 1720/872/773 1721/154/148
f 2635/4244/3338 2631/2355/2010 2636/4444/3437
f 2632/2074/1781 2636/4444/3437 2631/2355/2010
f 2632/2074/1781 2633/376/342 2636/4444/3437
f 2637/4445/3438 2636/4444/3437 2633/376/342
f 2637/4445/3438 2633/376/342 2638/4446/51
f 2629/375/341 2638/4446/51 2633/376/342
f 2638/4443/51 2634/4246/3340 2639/4447/3439
f 2635/4244/3338 2636/4444/3437 2639/4448/3440
f 2636/4444/3437 2637/4445/3438 2639/4449/3441
f 2637/4445/3438 2638/4446/51 2639/4450/3439
f 3313/4451/3442 3315/4452/3443 3312/4453/3444 3309/223/212
f 1480/3474/284 1489/2304/51 1488/2305/1972 1484/1818/1580
f 3228/2303/1971 3227/4175/3295 3221/4454/3445 3222/3660/2973
f 127/298/277 126/2487/2111 109/174/167 110/101/99
f 3285/4248/3341 3291/3610/2940 3290/4192/106 3289/4455/284
f 2277/806/715 2276/4193/3306 2266/2215/1896 2269/2214/1895
f 3772/727/646 3777/726/645 3781/4456/51 3776/4457/51
f 1353/3905/3140 1359/1380/1205 1358/1233/1085 1352/1236/1088
f 2208/2319/1982 2207/4458/3446 2200/27/27 2203/1221/1076
f 197/4188/3302 196/4459/3447 188/4460/3448 189/2368/2023
f 3577/4062/3244 3582/3671/2982 3581/3672/2983 3576/4266/3350
f 1384/3760/153 1389/4461/284 1393/4462/3449 1388/3761/3049
f 1138/4370/3406 1137/1962/1694 1132/1903/1647 1133/1902/1646
f 463/1406/1230 462/3098/2587 456/3455/2824 457/1407/1231
f 3047/1131/998 3046/984/873 3039/4160/3288 3040/2562/2165
f 2418/4463/153 2423/1008/895 2416/4464/3450 2417/4465/106
f 917/1081/956 924/1080/955 923/1557/1360 916/1871/1621
f 2761/3360/284 2766/3359/2763 2759/4425/3428 2760/4424/284
f 978/4055/2774 977/2861/2414 972/2160/1850 967/2616/2213
f 2803/1705/1479 2810/3361/2764 2809/3362/51 2808/1706/1331
f 1473/1099/972 1477/1820/1582 1476/1673/1451 1472/3452/2822
f 2674/4466/3451 2673/827/733 2666/776/687 2667/775/686
f 3120/1736/1505 3125/1900/1644 3124/1757/1526 3119/1753/1522
f 1402/2975/2496 1406/2839/2395 1405/2034/1750 1401/1558/1361
f 1498/759/672 1497/3886/3130 1492/3943/3163 1493/760/673
f 2678/829/735 2677/1391/1214 2671/3108/2592 2672/830/736
f 958/1887/1632 957/1837/1597 951/3924/3151 952/1888/1633
f 1139/1826/1586 1145/1156/1022 1144/2131/1831 1138/4370/3406
f 3118/1759/1528 3123/1758/1527 3127/2777/371 3122/3102/146
f 303/1796/1560 308/1795/1559 313/2101/1803 302/3199/2655
f 1879/937/830 1884/733/652 1883/736/655 1878/2288/1961
f 3122/3999/146 3127/3260/371 3126/2818/2375 3121/1735/1504
f 510/2624/2220 509/3340/2752 503/2768/2336 504/2625/2221
f 3010/1996/1722 3007/1306/1149 3008/4467/3452 3009/3714/3014
f 2402/1005/892 2408/1410/1234 2407/1418/1242 2401/2554/2159
f 1426/1277/1122 1431/2951/2480 1430/3876/3122 1425/2874/2427
f 3592/1589/1385 3596/4435/3432 3595/4468/3453 3591/1590/1386
f 2812/1789/1553 2818/3133/2609 2817/3138/2613 2811/4335/3387
f 925/4469/2688 930/3888/3132 924/1080/955 919/1079/954
f 2572/931/824 2569/930/823 2570/4408/3423 2571/4409/3424
f 1350/2584/2183 1349/3985/3193 1344/2953/2482 1345/2585/2184
f 2295/1431/1253 2302/2548/2154 2301/2551/2157 2294/1432/1254
f 1828/4294/178 1833/3269/2701 1827/4470/3454 1822/4471/341
f 1827/4470/3454 1833/3269/2701 1832/2629/2224 1826/2632/2227
f 1397/2790/2352 1396/3267/2699 1392/3235/2676 1393/4462/3449
f 3155/4030/3223 3161/4029/3222 3160/995/884 3154/2610/2208
f 1251/1669/51 1250/1668/1447 1245/3239/2679 1240/3238/153
f 464/1405/1229 470/2797/2358 469/3096/2585 463/1406/1230
f 254/4094/3257 253/1146/1013 250/4364/3403 251/4028/3221
f 2759/4425/3428 2766/3359/2763 2765/4472/3455 2758/4473/3456
f 1348/1943/1681 1353/3905/3140 1352/1236/1088 1347/1944/1682
f 3356/4474/106 3361/1376/51 3365/1379/1204 3360/1811/1573
f 2410/3349/2756 2416/4464/3450 2415/1408/1232 2409/1411/1235
f 2390/3980/3190 2397/1006/893 2396/2555/2160 2389/3981/3191
f 2705/1019/903 2710/1547/1350 2709/2605/2203 2704/2608/2206
f 662/2922/2462 667/2921/2461 671/3910/3143 666/3258/2693
f 1063/1675/1453 1069/3283/2710 1068/2816/2373 1062/2771/2339
f 1115/3471/2834 1114/2668/2258 1107/2739/2313 1108/2440/2074
f 1070/1029/912 1075/1028/911 1069/3283/2710 1064/3282/2612
f 3131/1901/1645 3135/934/827 3134/1744/1513 3130/1747/1516
f 472/1682/1458 471/1438/1260 466/1459/1279 467/3147/2621
f 3042/3903/341 3041/2561/2164 3036/1456/1276 3031/4475/3457
f 2830/4293/3366 2829/2853/2408 2824/2852/2407 2825/3132/2608
f 3341/1001/106 3350/4476/3389 3349/4340/3390 3345/1002/889
f 2857/1854/1609 2862/4477/3458 2861/2864/2417 2856/4478/3459
f 2783/1015/901 2789/2811/2371 2788/1476/1293 2782/2941/2470
f 3416/2015/1736 3415/2107/1809 3410/2106/1808 3411/2016/1737
f 3050/1823/1585 3056/2946/2475 3055/4479/153 3049/1824/106
f 3836/1913/1655 3835/1912/1654 3831/4480/3460 3832/2043/1754
f 999/3381/2776 998/2710/2289 991/2413/2053 992/2412/2052
f 2519/2169/1859 2518/1889/1634 2512/2119/1821 2513/2334/1994
f 352/2762/2331 351/4349/3393 345/4034/3224 346/1954/1690
f 924/1080/955 930/3888/3132 929/1554/1357 923/1557/1360
f 2292/2090/1794 2291/1950/1688 2286/1689/1465 2287/2983/2502
f 942/1594/1390 948/817/723 947/4332/3386 941/2113/1815
f 1219/1428/1250 1224/2842/2398 1223/3127/2607 1218/2800/2360
f 362/2963/2490 367/2962/2489 360/2003/1729 361/2002/1728
f 685/2050/1761 690/2165/1855 689/2658/2249 684/2754/2326
f 1148/4481/51 1147/4482/3461 1141/746/663 1142/4267/153
f 2777/1016/902 2783/1015/901 2782/2941/2470 2776/2943/2472
f 2046/1200/1060 2045/3564/2902 2039/1211/1067 2040/1201/1061
f 3619/2645/153 3620/3640/153 3624/2959/2486 3618/2646/2239
f 915/2536/2147 922/1556/1359 921/3248/2684 914/2535/2146
f 1817/902/798 1816/4007/3208 1810/4483/3462 1811/903/799
f 1075/1028/911 1080/1027/910 1079/1991/1717 1074/1994/1720
f 671/4484/3143 676/4485/3142 675/3287/2713 670/4486/3463
f 922/1556/1359 928/1555/1358 927/4039/3227 921/3248/2684
f 3573/774/685 3572/543/485 3567/542/484 3568/3161/2628
f 1488/2305/1972 1487/3461/2826 1483/1819/1581 1484/1818/1580
f 1301/4487/51 1306/1106/979 1299/1105/978 1300/4488/284
f 660/2249/1925 664/2248/1924 663/2923/2463 659/3379/2775
f 1213/1429/1251 1212/1088/963 1206/1087/962 1207/711/630
f 3575/3928/3155 3580/3751/3043 3579/4362/51 3574/3929/51
f 357/1836/1596 356/1835/1595 351/4349/3393 352/2762/2331
f 2438/3149/2623 2444/3236/2677 2443/3210/2661 2437/3211/2662
f 3208/4414/106 3209/3937/428 3213/3938/3159 3207/596/531
f 2736/4489/547 2737/1586/1382 2742/4490/3464
f 2737/1586/1382 2738/1585/1381 2742/4491/3465
f 2738/1585/1381 2739/1817/1579 2742/4492/3466
f 2739/1817/1579 2740/629/559 2742/4493/3467
f 2740/629/559 2741/617/548 2742/4494/3468
f 2741/617/548 2736/616/547 2742/4495/3464
f 2119/2534/2145 2118/4140/3277 2114/3597/2929 2115/2348/2006
f 1101/2897/2444 1100/2438/2072 1099/457/411 1098/460/414
f 1663/3716/3016 1667/3718/3018 1671/3723/341 1662/4496/1073
f 3696/2402/51 3705/4497/2447 3704/3692/2996 3700/2403/2045
f 3813/2598/2196 3812/2597/2195 3811/90/88 3810/93/91
f 1775/325/302 1779/4240/3336 1783/4241/51 1774/3844/51
f 3276/877/778 3281/876/777 3280/4498/153 3275/4133/51
f 2915/4038/3226 2921/2423/2061 2920/3490/2845 2914/3492/2847
f 821/2340/1837 820/2338/1998 816/1875/1623 817/1874/466
f 2048/3566/2904 2047/2876/2429 2043/2875/2428 2044/3567/2905
f 3626/3261/2695 3630/3144/2619 3634/4499/51 3625/3370/51
f 2893/3396/1770 2892/439/395 2887/438/394 2882/2931/51
f 511/2623/2219 518/2859/2413 517/1580/1376 510/2624/2220
f 2416/4464/3450 2423/1008/895 2422/1011/898 2415/1408/1232
f 349/2845/2401 355/2004/1730 354/4500/3469 348/1022/905
f 2949/2911/2453 2948/2910/2452 2944/3584/2919 2945/3583/2918
f 1392/3235/2676 1396/3267/2699 1395/1560/1363 1391/2255/1931
f 1272/824/730 1278/3177/2642 1277/1135/1002 1271/825/731
f 1953/1722/1495 1952/1721/1494 1947/1478/1295 1948/1477/1294
f 1320/1778/1542 1319/1777/1541 1314/1982/1710 1315/3113/2595
f 1406/2839/2395 1411/2593/2191 1410/2596/2194 1405/2034/1750
f 597/3987/3195 596/3229/2673 592/3228/2672 593/3988/3196
f 1237/3992/3198 1243/2804/2364 1242/4061/3243 1236/3103/2589
f 3339/1003/890 3338/1125/992 3334/3262/2696 3335/4003/3205
f 512/2860/1508 511/2623/2219 505/2622/2218 506/3128/1509
f 3354/4501/3470 3353/3545/2884 3348/1803/1565 3349/4340/3390
f 1927/2834/2390 1932/1398/1223 1931/1399/106 1926/3995/371
f 1243/2804/2364 1248/1529/1337 1247/1532/1340 1242/4061/3243
f 3130/1747/1516 3129/1746/1515 3123/1758/1527 3124/1757/1526
f 3689/2420/2058 3688/249/234 3684/1215/1071 3685/1214/1070
f 3350/4476/3389 3355/4502/284 3354/4501/3470 3349/4340/3390
f 1825/2631/2226 1831/2630/2225 1830/1726/1499 1824/3232/2674
f 1830/1726/1499 1829/1725/1498 1823/2980/2501 1824/3232/2674
f 1338/2635/2230 1337/2952/2481 1332/989/878 1333/988/877
f 610/1179/1041 611/4096/2245 615/925/818 609/1180/1042
f 2435/1621/341 2434/1620/1408 2428/1009/896 2429/4503/106
f 3119/1753/1522 3118/1759/1528 3114/1314/1154 3115/1754/1523
f 583/1566/1367 582/3272/2704 577/3125/2605 578/3124/2604
f 2785/942/835 2792/791/702 2791/794/371 2790/1727/284
f 1947/1478/1295 1952/1721/1494 1951/3130/284 1946/4504/51
f 1963/3213/2664 1962/1872/1622 1957/1720/1493 1958/1719/1492
f 2806/1791/1555 2805/1790/1554 2799/1743/1512 2800/1742/1511
f 2388/3997/3201 2395/3278/2708 2394/3281/106 2393/3998/51
f 1352/1236/1088 1351/1235/1087 1346/2583/2182 1347/1944/1682
f 1232/1730/1500 1239/3240/2680 1238/3991/3197 1231/3994/3200
f 496/1039/922 501/1737/1506 506/1740/1509 495/3117/854
f 1946/1508/51 1951/3223/284 1955/2833/2389 1950/1509/1322
f 1221/3095/2584 1226/1731/1501 1225/2841/2397 1220/1427/1249
f 2826/1653/1435 2831/1652/1434 2830/4293/3366 2825/3132/2608
f 1967/1129/996 1966/908/803 1962/1872/1622 1963/3213/2664
f 3544/1298/284 3549/1359/284 3553/1362/1189 3548/1299/1142
f 1319/1777/1541 1325/990/879 1330/3975/106 1324/4100/51
f 3336/2855/2410 3342/4505/3471 3341/4506/106 3340/4341/51
f 1354/3906/3141 1353/3905/3140 1348/1943/1681 1343/4122/153
f 1055/2774/2342 1054/2773/2341 1049/3118/2599 1050/2826/2382
f 2781/2942/2471 2787/1475/1292 2786/941/834 2780/944/837
f 452/2376/2031 458/1404/1228 457/1407/1231 451/2636/2231
f 1216/3898/371 1221/3095/2584 1214/3094/2583 1215/4507/153
f 1303/4002/3204 1302/4001/3203 1295/2604/2202 1296/669/592
f 1393/4462/3449 1392/3235/2676 1387/3234/2675 1388/3761/3049
f 2788/1476/1293 2787/1475/1292 2781/2942/2471 2782/2941/2470
f 2668/1483/1299 2675/4508/3472 2674/4466/3451 2667/775/686
f 2408/1410/1234 2414/1409/1233 2413/1415/1239 2407/1418/1242
f 2793/1511/1324 2792/791/702 2785/942/835 2786/941/834
f 1938/1528/1336 1937/1333/1171 1932/1398/1223 1933/2786/2350
f 640/3220/2669 639/2410/2050 634/418/377 635/2245/1921
f 3342/4505/3471 3346/3373/2771 3350/4339/3389 3341/4506/106
f 1158/3000/2518 1157/2976/2497 1151/1155/1021 1152/1154/1020
f 609/1180/1042 608/981/870 604/3932/3157 605/1181/1043
f 948/817/723 953/816/722 952/1888/1633 947/4332/3386
f 3415/2107/1809 3420/3472/2835 3419/2930/2465 3414/1158/1024
f 670/4486/3463 669/2588/2187 664/2248/1924 665/2247/1923
f 2398/1007/894 2397/1006/893 2390/3980/3190 2391/789/700
f 2821/1654/51 2826/1653/1435 2820/1076/952 2815/1075/106
f 2805/1790/1554 2812/1789/1553 2811/4335/3387 2804/2823/2379
f 1924/1763/1531 1923/2764/2333 1919/2778/2344 1920/1764/1532
f 318/1751/1520 325/947/840 324/2587/2186 317/1752/1521
f 589/1464/1284 588/1463/1283 584/1031/914 585/1030/913
f 342/2846/2402 349/2845/2401 348/1022/905 341/1025/908
f 3150/3877/3123 3155/4030/3223 3154/2610/2208 3149/2611/2209
f 2693/1534/51 2692/1533/1341 2686/3467/2831 2687/3466/51
f 2764/4285/3360 2769/1773/1537 2768/1776/1540 2763/1067/946
f 683/2753/2325 688/1717/1490 687/1718/1491 682/4509/3391
f 2689/1058/937 2688/4510/3473 2682/1390/1213 2683/1059/938
f 358/2761/2330 365/2640/2235 364/1833/1593 357/1836/1596
f 3054/3366/2767 3060/3365/2766 3059/3548/2887 3053/1130/997
f 1215/4507/153 1214/3094/2583 1208/710/629 1209/2320/1983
f 1840/2575/2176 1846/2574/2175 1851/3900/51 1845/4072/106
f 615/925/818 614/924/817 608/981/870 609/1180/1042
f 676/4485/3142 681/4511/3474 680/2052/1763 675/3287/2713
f 2833/3907/153 2834/2027/1744 2839/4512/3475
f 2834/2027/1744 2835/2026/1743 2839/4513/3476
f 2835/2026/1743 2836/3291/2716 2839/4514/3477
f 2836/3291/2716 2837/4292/3365 2839/4515/3478
f 2837/4292/3365 2838/4291/3364 2839/4516/3479
f 2838/4291/3364 2833/4517/153 2839/4518/3475
f 722/3445/2816 721/1637/1422 715/290/269 718/289/268
f 2493/2665/2255 2492/3404/2788 2486/3288/2714 2487/3032/2541
f 1714/3783/3061 1718/2477/2104 1722/2478/51 1713/3781/2569
f 3504/2324/1986 3508/199/190 3512/4519/51 3503/3840/153
f 3289/4520/284 3290/4521/106 3294/2235/1913 3288/117/114
f 51/80/79 48/79/78 43/69/68 49/77/76
f 3700/2403/2045 3699/2917/2457 3694/250/235 3695/2404/2046
f 1918/2819/2376 1917/3110/2594 1911/3336/2750 1912/3253/2689
f 1661/3711/3011 1660/3710/3010 1655/3691/2995 1656/3690/2994
f 3538/860/761 3539/1297/153 3543/1300/1143 3537/861/762
f 2752/3667/2979 2759/4425/3428 2758/4473/3456 2751/4216/3321
f 3283/119/116 3287/118/115 3286/3534/2876 3282/875/776
f 3360/1811/1573 3359/1810/1572 3353/3545/2884 3354/4501/3470
f 1144/2131/1831 1143/464/418 1137/1962/1694 1138/4370/3406
f 2929/4522/51 2928/4430/3429 2923/672/595 2918/4523/51
f 385/4046/3231 391/1223/1078 390/1225/1080 384/3891/3135
f 664/2248/1924 669/2588/2187 668/2590/2189 663/2923/2463
f 439/2765/2975 445/2755/2327 444/2639/2234 438/1064/943
f 1154/3459/51 1153/2998/2516 1147/4482/3461 1148/4481/51
f 887/278/257 888/2501/2117 890/2498/2120 886/279/258
f 3781/2557/51 3786/478/428 3785/481/430 3780/2558/2161
f 3328/3263/2697 3327/2006/1732 3317/4181/3298 3320/65/64
f 807/4524/3480 806/3080/2573 803/1302/1145 804/1301/1144
f 2158/3201/2656 2157/3488/2843 2151/4382/3410 2152/1357/1186
f 3205/2231/1909 3204/522/468 3199/3475/2836 3200/1664/1444
f 790/2267/1943 794/4221/3324 797/4525/1955 793/4185/2299
f 1886/940/833 1892/2389/2036 1891/1202/1062 1885/936/829
f 3697/258/241 3701/2898/2445 3705/2901/2447 3696/259/51
f 2961/472/424 2967/1257/1107 2966/1260/153 2965/473/371
f 223/884/785 222/3747/3039 214/3645/2962 215/2994/2512
f 1167/4526/51 1172/4353/3395 1165/4352/3394 1166/4527/51
f 3147/1681/51 3152/1633/341 3151/1636/1421 3146/1042/925
f 2873/1934/1674 2879/3449/2819 2878/3451/2821 2872/233/222
f 1888/3557/2896 1895/3952/3167 1893/3951/153 1887/3945/832
f 3206/597/532 3212/4528/3481 3211/4043/3230 3205/2231/1909
f 3366/1377/106 3375/1878/51 3374/1880/1625 3370/1378/1203
f 2445/3237/2678 2444/3236/2677 2438/3149/2623 2439/2956/2483
f 3317/4181/3298 3327/2006/1732 3326/2009/51 3316/4182/51
f 2327/4529/51 2332/4530/3482 2325/4531/3483 2326/4532/371
f 245/3030/2539 250/4364/3403 249/4533/2477 248/3031/2540
f 2871/234/223 2877/753/669 2876/756/153 2870/4173/428
f 1172/4353/3395 1178/3679/2989 1177/4104/3262 1171/4105/3263
f 2140/4534/3484 2144/2306/1973 2148/2309/371 2139/4535/146
f 1439/3388/2779 1444/3417/2792 1448/3415/2797 1443/3389/2780
f 177/267/248 184/444/400 162/443/399 163/449/405
f 292/2292/1964 291/1367/1194 279/497/445 282/221/210
f 811/3704/3005 810/518/464 806/3080/2573 807/4524/3480
f 708/2066/1775 707/1169/1034 702/1168/1033 703/4368/3405
f 1469/2299/284 1470/4070/51 1474/1098/971 1468/1101/974
f 1083/2618/2215 1089/2642/2237 1088/2881/2432 1082/2619/2216
f 2015/1175/1038 2014/4059/3241 2010/3435/2808 2011/3434/2807
f 1078/1992/1718 1085/4282/3357 1084/2643/2238 1077/4536/3485
f 2908/2326/1988 2915/4038/3226 2914/3492/2847 2907/2892/2441
f 1496/708/627 1495/707/626 1490/2905/2449 1491/3641/2958
f 3762/1957/153 3767/2722/153 3771/2723/2300 3766/1958/1692
f 537/766/679 541/1968/1697 545/2064/1090 536/2203/1089
f 3550/3168/2635 3555/3167/2634 3554/4537/51 3549/3834/284
f 1843/999/888 1842/2849/2404 1837/3334/2748 1838/1549/1352
f 1253/1523/1335 1259/3830/3098 1258/4538/547 1252/1524/51
f 2064/127/124 2068/1091/966 2072/1094/284 2063/4086/284
f 816/1875/1623 820/2338/1998 819/2336/1996 815/3703/3004
f 2106/3571/2908 2105/2365/2020 2100/2364/2019 2101/4275/3355
f 3702/2919/2459 3701/2898/2445 3697/258/241 3698/2920/2460
f 1576/4419/3427 1581/4186/3301 1585/4187/621 1580/4539/284
f 3272/586/521 3278/585/520 3277/878/779 3271/4540/3486
f 2331/2747/2319 2330/2181/1869 2323/2180/1868 2324/4331/3385
f 2282/805/714 2281/2571/2172 2276/4193/3306 2277/806/715
f 663/2923/2463 662/2922/2462 658/3257/2692 659/3379/2775
f 246/3673/2984 245/3030/2539 242/688/609 243/694/615
f 3738/4541/3487 3737/4385/3411 3745/4542/153 3746/4543/51
f 1638/1632/1419 1637/656/580 1632/563/502 1633/562/501
f 2862/4477/3458 2869/897/795 2868/1936/1676 2861/2864/2417
f 1466/3453/2823 1465/957/850 1461/2689/2276 1462/4103/3261
f 3165/4278/3356 3171/4417/3425 3170/3539/2881 3164/992/881
f 2748/4137/3275 2757/4284/3359 2756/1070/949 2747/2700/2283
f 1978/2713/2292 1987/3892/3136 1991/4544/178 1986/4545/51
f 2275/4194/3307 2274/3203/2658 2262/3202/2657 2265/3733/3027
f 1279/3179/2644 1278/3177/2642 1272/824/730 1273/1288/1133
f 2341/3339/2751 2348/2650/2243 2340/2651/2244 2334/3296/2721
f 3491/256/239 3490/3163/2630 3485/3162/2629 3486/1868/1618
f 2166/2373/2028 2165/4041/3229 2160/888/789 2161/2374/2029
f 1578/4263/3349 1583/3702/3003 1582/4230/3328 1577/4418/3426
f 229/3748/3040 228/3590/2925 220/3589/2924 221/3749/3041
f 2929/3078/51 2924/3077/2572 2930/4546/3488
f 2924/3077/2572 2925/3715/3015 2930/4547/3489
f 2925/3715/3015 2926/2422/2060 2930/4548/3490
f 2926/2422/2060 2927/2421/2059 2930/4549/3491
f 2927/2421/2059 2928/4430/3429 2930/4550/3492
f 2928/4430/3429 2929/4522/51 2930/4551/3488
f 2940/369/284 2931/4552/153 2932/366/337
f 2933/4553/3493 2932/366/337 2931/4552/153
f 2933/4553/3493 2934/4554/3494 2932/366/337
f 2935/3789/3066 2932/366/337 2934/4554/3494
f 2935/3789/3066 2934/4554/3494 2936/3585/2920
f 2937/4555/3495 2936/3585/2920 2934/4554/3494
f 1757/3828/3096 1761/4556/3496 1760/578/514 1756/503/449
f 2939/3586/2921 2938/4557/3497 2940/4412/284
f 2931/4558/153 2940/4412/284 2938/4557/3497
f 1613/343/318 1612/3636/2956 1603/3629/2952 1606/344/319
f 770/3437/2810 775/3436/2809 776/4559/3498 777/4560/3499
f 1013/1497/1313 1012/261/242 437/264/245 438/1064/943
f 3245/172/165 3256/171/164 3255/2493/51 3253/4561/51
f 3008/4467/3452 3007/1306/1149 3018/1309/51 3017/4562/284
f 1104/177/170 1111/1922/1662 1110/1923/1663 1103/178/171
f 2584/4416/371 2589/4440/106 2593/3743/3035 2588/3746/3038
f 1080/1027/910 1087/4337/3388 1086/4283/3358 1079/1991/1717
f 636/2244/1920 641/4375/3100 640/3220/2669 635/2245/1921
f 184/4563/400 183/491/439 176/490/438 161/4286/398
f 157/492/440 174/483/432 173/482/431 156/299/278
f 2359/4315/3373 2358/4314/3372 2352/4167/3291 2353/662/585
f 3460/679/600 3459/3587/2922 3455/2133/1833 3456/680/601
f 2941/4413/51 2950/4564/51 2949/2911/2453 2945/3583/2918
f 856/1285/1130 860/3550/2889 859/3553/2892 855/4228/505
f 1677/2470/2099 1685/3577/2913 1684/3933/3158 1676/281/260
f 530/1999/1725 539/2369/2024 538/765/678 529/768/681
f 3863/3506/2857 3869/217/206 3868/4565/1984 3867/4566/371
f 2312/1151/1017 2317/3650/2967 2316/2867/2420 2311/1152/1018
f 776/4559/3498 775/3436/2809 774/2221/1902 773/2219/1900
f 3579/1113/51 3584/4032/547 3588/3657/2971 3583/1114/984
f 3260/3698/371 3265/2222/1903 3269/2224/1904 3264/3699/3000
f 3269/2224/1904 3268/1885/1630 3263/1884/1629 3264/3699/3000
f 1687/2480/51 1692/241/51 1691/244/229 1686/2481/2105
f 2958/4567/3500 2963/855/757 2962/858/760 2957/4184/3300
f 171/475/425 170/469/421 153/4568/3501 154/3735/3029
f 2953/2909/2451 2958/4567/3500 2957/4184/3300 2952/3736/3030
f 2959/4089/3256 2958/4567/3500 2953/2909/2451 2954/2908/2450
f 145/354/329 162/443/399 161/442/398 160/4569/3361
f 76/125/122 73/124/121 68/115/112 74/122/119
f 868/2452/2083 871/2454/2085 874/2460/2090 867/4153/2089
f 1193/4570/3502 1192/2378/2032 1203/2381/51 1202/4571/51
f 138/379/345 153/4568/3501 152/4259/3347 137/380/346
f 3303/226/215 3302/225/214 3297/345/320 3298/2451/2082
f 3268/1885/1630 3272/586/521 3271/4540/3486 3267/1280/1125
f 3261/1282/1127 3266/1281/1126 3265/4572/1903 3260/2492/371
f 215/2994/2512 214/3645/2962 205/3644/2961 206/3839/3104
f 2469/2442/2076 2479/2880/2431 2484/4573/153 2468/2443/51
f 3070/3953/3168 3069/2752/2324 3063/1413/1237 3064/3547/2886
f 1462/4103/3261 1461/2689/2276 1450/2688/2275 1453/3422/2801
f 836/666/589 835/2995/2513 831/207/198 832/206/197
f 283/220/209 293/3599/2931 292/2292/1964 282/221/210
f 2186/4197/3309 2185/601/536 2179/600/535 2180/4439/3434
f 3180/955/848 3179/954/847 3178/3153/2625 3177/4574/3503
f 3589/4033/51 3598/4575/106 3597/4434/3431 3593/3656/2970
f 865/2103/1805 870/2457/2088 869/2453/2084 864/2104/1806
f 137/380/346 136/383/349 120/382/348 121/381/347
f 2987/142/137 2986/141/136 2981/4576/3504 2982/2087/1791
f 2981/4576/3504 2986/141/136 2990/3853/51 2985/4577/51
f 878/4437/3433 883/513/459 882/4578/256 877/4579/3111
f 1649/435/391 1655/3691/2995 1654/293/272 1648/296/275
f 84/149/144 83/188/181 13/22/22 18/33/33
f 2988/1623/1410 2989/1622/1409 2994/2230/1908
f 108/2488/2112 107/227/216 91/147/142 92/370/339
f 3280/4580/153 3289/4520/284 3288/117/114 3284/120/117
f 3464/304/283 3474/1291/1136 3473/3495/106 3472/305/51
f 2190/4196/3308 2189/4202/3314 2185/601/536 2186/4197/3309
f 2998/4199/3311 2993/139/134 2999/2229/1907
f 2994/2230/1908 2999/2229/1907 2993/139/134
f 3000/2352/2008 2999/2229/1907 2995/2228/1906
f 3005/4581/153 2996/4582/428 3001/4583/3505
f 2997/4200/3312 3001/4583/3505 2996/4582/428
f 2997/4200/3312 2998/4199/3311 3001/4583/3505
f 625/432/388 624/431/387 623/3035/1919 622/4584/2454
f 3002/4585/3506 2998/4199/3311 3003/3331/2745
f 2999/2229/1907 3003/3331/2745 2998/4199/3311
f 2999/2229/1907 3000/2352/2008 3003/3331/2745
f 848/886/787 847/1190/1052 843/509/455 844/508/454
f 3004/3329/2743 3000/2352/2008 3005/4586/153
f 2996/2351/428 3005/4586/153 3000/2352/2008
f 3005/4581/153 3001/4583/3505 3006/4587/3507
f 3002/4585/3506 3003/3331/2745 3006/4588/3508
f 3004/3329/2743 3005/4586/153 3006/4589/3507
f 3661/2035/1751 3665/2742/2315 3669/4590/51 3660/2036/547
f 2382/3106/106 2387/787/698 2381/1696/1470 2376/4591/51
f 2350/565/504 2356/184/177 2355/4131/3271 2349/3015/2530
f 3381/4051/3235 3390/4592/146 3389/3826/3094 3385/421/380
f 2960/4088/284 2965/4025/371 2964/3696/2999 2959/4089/3256
f 3860/3676/2987 3865/2232/1910 3864/2234/1912 3859/3507/2858
f 1993/3944/3164 1992/2030/1747 1987/3892/3136 1988/3576/2912
f 1399/2788/284 1408/4044/1460 1407/2840/2396 1403/2789/2351
f 973/2265/1941 979/2264/1940 984/4021/3217 978/3377/2774
f 1497/3886/3130 1502/2312/1977 1501/705/624 1496/708/627
f 3657/1133/1000 3663/445/401 3662/448/404 3656/3464/2829
f 1632/563/502 1637/656/580 1641/657/51 1636/4264/153
f 3032/1053/932 3037/1908/1651 3042/1909/341 3031/4593/3457
f 573/1786/1550 572/3126/2606 566/3115/2597 567/1787/1551
f 703/4368/3405 702/1168/1033 697/800/709 698/3914/3146
f 2037/2540/2150 2043/2875/2428 2042/2878/153 2041/2541/51
f 3425/3226/2670 3430/2870/2423 3429/912/805 3424/915/808
f 3402/2190/1876 3408/1160/1026 3407/4336/106 3406/4377/51
f 3563/2578/2178 3562/2552/2158 3557/2177/1865 3558/1361/1188
f 1066/2837/2393 1065/3136/2611 1059/3099/2588 1060/4000/3202
f 3331/4093/284 3340/1000/51 3339/1003/890 3335/4003/3205
f 1329/4099/3260 1336/1573/1371 1335/3207/2660 1328/3986/3194
f 315/2566/2169 314/2099/1801 308/1795/1559 309/1794/1558
f 1061/2772/2340 1067/2817/2374 1066/2837/2393 1060/4000/3202
f 2583/3191/2651 2582/3887/3131 2577/929/822 2578/928/821
f 1031/1449/1271 1037/1448/1270 1036/1500/1316 1030/2808/2368
f 596/3229/2673 602/3142/2617 601/4279/1040 600/3230/2601
f 3576/4266/3350 3575/3928/3155 3570/3927/3154 3571/544/486
f 649/1296/1141 648/4379/3409 643/1970/1699 644/1969/1698
f 1267/1289/1134 1266/823/729 1261/2601/2199 1262/2600/2198
f 1147/4482/3461 1153/2998/2516 1152/1154/1020 1146/1157/1023
f 3069/2752/2324 3075/4395/3414 3074/4161/3289 3068/636/565
f 3447/808/717 3453/1831/1591 3452/3487/341 3451/809/51
f 3074/4161/3289 3073/3752/3044 3067/637/566 3068/636/565
f 2765/4472/3455 2764/4285/3360 2757/4284/3359 2758/4473/3456
f 2728/927/820 2727/3268/2700 2720/1084/959 2721/785/696
f 3653/1563/1364 3657/1133/1000 3656/3464/2829 3652/1928/1668
f 1388/3761/3049 1387/3234/2675 1378/1163/1029 1381/1162/1028
f 1304/4290/3363 1310/1966/1695 1309/3114/2596 1303/4002/3204
f 1854/2147/1841 1853/2661/2252 1846/2574/2175 1847/2573/2174
f 600/3120/2601 601/1178/1040 605/1181/1043 599/3121/2602
f 3818/2432/341 3827/4594/153 3826/4595/3509 3822/2433/2067
f 913/2532/2143 920/3249/2685 919/4333/954 918/2531/957
f 3160/995/884 3159/994/883 3153/1387/1212 3154/2610/2208
f 3039/4160/3288 3046/984/873 3045/987/876 3038/2020/1739
f 3115/1754/1523 3114/1314/1154 3109/1313/1153 3110/2674/2262
f 2774/1775/1539 2773/2701/2284 2767/2781/2347 2768/1776/1540
f 2012/2987/2506 2018/2986/2505 2017/3275/284 2016/3346/153
f 3555/3167/2634 3560/961/852 3559/964/371 3554/4537/51
f 2023/4063/3245 2022/3273/2705 2018/2986/2505 2019/2985/2504
f 732/2122/1824 731/1977/1706 727/1976/1705 728/4422/1424
f 1128/3897/3138 1134/3896/3137 1133/1902/1646 1127/1905/1649
f 518/2859/2413 524/1606/1400 523/1577/1373 517/1580/1376
f 2345/566/146 2350/565/504 2343/3014/2529 2344/4119/106
f 802/3688/2837 805/2435/2069 801/2078/1785 798/2281/1954
f 2473/2092/1796 2481/3083/2576 2480/2879/2430 2472/2093/1797
f 2207/4458/3446 2213/269/250 2212/272/253 2206/3608/2938
f 2329/2182/1870 2328/2653/2246 2321/2865/2418 2322/2183/1871
f 3829/2682/2269 3833/3216/2667 3837/4042/284 3828/4596/51
f 3541/1989/1715 3540/1988/1714 3530/2200/1884 3533/2199/1883
f 2301/2551/2157 2300/2659/2250 2293/3926/3153 2294/1432/1254
f 320/948/841 325/947/840 318/1751/1520 319/4597/1802
f 1758/3831/3099 1757/3828/3096 1749/3821/3091 1752/3822/3092
f 2755/1069/948 2762/1068/947 2761/4330/284 2760/3684/284
f 677/1806/1568 683/2753/2325 682/4509/3391 681/4598/3474
f 3098/3509/106 3108/3218/51 3112/1489/1305 3106/1551/1354
f 228/3590/2925 236/687/608 235/686/607 227/3591/2926
f 2587/3745/3037 2592/3744/3036 2591/2293/1965 2586/2296/1968
f 2886/441/397 2885/2491/2115 2879/3449/2819 2880/2694/2278
f 3149/2611/2209 3148/1694/1469 3143/1452/1274 3144/3889/3133
f 3213/3938/3159 3212/4528/3481 3206/597/532 3207/596/531
f 3377/3683/2991 3376/1204/1064 3371/1203/1063 3372/3568/2906
f 3668/4129/3269 3667/446/402 3663/445/401 3664/1132/999
f 193/4599/1927 200/3440/2812 192/3439/2811 185/4600/1928
f 3404/2828/2384 3410/2106/1808 3409/1161/1027 3403/2191/1877
f 212/2126/1828 220/3589/2924 219/623/553 211/626/556
f 2273/2929/146 2278/803/712 2270/2483/2107 2261/4601/106
f 3290/4521/106 3299/2450/153 3298/2451/2082 3294/2235/1913
f 2178/429/385 2177/551/491 2172/550/490 2173/430/386
f 633/419/378 632/3033/2542 624/431/387 627/420/379
f 3789/3524/2870 3795/3549/2888 3794/232/221 3788/3525/2871
f 153/4568/3501 170/469/421 169/468/420 152/4259/3347
f 3091/4393/51 3092/3503/2855 3097/4602/3510
f 3092/3503/2855 3093/3502/2854 3097/4603/3511
f 3093/3502/2854 3094/3729/3025 3097/4604/3512
f 3094/3729/3025 3095/3029/2538 3097/4605/3513
f 3095/3029/2538 3096/3028/2537 3097/4606/3514
f 3096/3028/2537 3091/4607/51 3097/4608/3510
f 3676/313/291 3673/2353/2009 3674/4609/3515 3675/314/292
f 2982/2087/1791 2981/4576/3504 2977/4024/3219 2978/2088/1792
f 527/1869/1619 526/767/680 534/2204/1887 535/4610/3320
f 1410/2596/2194 1409/1138/1005 1404/1683/1459 1405/2034/1750
f 2964/3696/2999 2963/855/757 2958/4567/3500 2959/4089/3256
f 428/2141/1819 427/1195/1057 421/4069/3247 422/4387/3186
f 1173/3680/51 1178/3679/2989 1172/4353/3395 1167/4526/51
f 2093/4611/51 2102/4612/153 2101/4275/3355 2097/3563/2901
f 1965/3345/2755 1964/3212/2663 1959/2831/2387 1960/2830/2386
f 1861/4009/3210 1860/2145/1839 1855/2144/1838 1856/3002/2519
f 2401/2554/2159 2400/3279/2709 2395/3278/2708 2396/2555/2160
f 687/4343/1491 696/3911/711 695/2163/1853 691/2166/1856
f 314/2099/1801 321/2799/2359 320/3328/841 319/2100/1802
f 1059/3099/2588 1065/3136/2611 1064/3137/2612 1058/3100/1452
f 3775/2559/2162 3774/3536/2878 3770/4272/3354 3771/2723/2300
f 2391/789/700 2390/3980/3190 2385/2978/2499 2386/790/701
f 1234/3241/51 1239/3240/2680 1232/1730/1500 1233/1729/106
f 2675/4508/3472 2681/3468/2832 2680/4271/3353 2674/4466/3451
f 343/2847/1245 342/2846/2402 336/3119/2600 337/4613/1246
f 1990/2097/1799 1989/2824/2380 1982/494/442 1985/2098/1800
f 1223/3127/2607 1222/2813/2372 1217/2801/2361 1218/2800/2360
f 2665/3093/2582 2664/3109/2593 2659/1544/1348 2660/1543/1347
f 2807/1519/1332 2814/1077/953 2813/1788/1552 2806/1791/1555
f 1244/2805/2365 1243/2804/2364 1237/3992/3198 1238/3991/3197
f 3129/1746/1515 3133/1745/1514 3137/3243/341 3128/2776/371
f 2719/1085/960 2718/1860/1611 2713/3922/3150 2714/1086/961
f 1418/3152/2624 1417/2594/2192 1411/2593/2191 1412/2838/2394
f 1336/1573/1371 1341/1572/1370 1340/1945/1683 1335/3207/2660
f 337/4613/1246 336/3119/2600 330/946/839 331/945/838
f 429/1392/1217 435/607/1216 440/606/3516 434/2116/1818
f 2770/3374/2772 2769/1773/1537 2764/4285/3360 2765/4472/3455
f 572/3126/2606 577/3125/2605 576/3990/1456 571/4027/2328
f 588/1463/1283 594/1462/1282 593/3988/3196 587/1565/1366
f 2818/3133/2609 2824/2852/2407 2823/2854/2409 2817/3138/2613
f 2776/2943/2472 2775/1774/1538 2769/1773/1537 2770/3374/2772
f 1850/997/886 1857/2936/2467 1856/3002/2519 1849/998/887
f 2020/4060/3242 2024/4068/3246 2023/4063/3245 2019/2985/2504
f 1323/742/659 1329/4099/3260 1328/3986/3194 1322/743/660
f 1959/2831/2387 1964/3212/2663 1963/3213/2664 1958/1719/1492
f 2702/1444/1266 2701/1443/1265 2694/2567/2170 2695/3134/2610
f 2695/3134/2610 2694/2567/2170 2688/4510/3473 2689/1058/937
f 3609/3957/3170 3606/2/2 3607/1/1 3608/3958/3171
f 1082/4614/2216 1087/4337/3388 1080/1027/910 1081/1026/909
f 1922/2794/2356 1921/2835/2391 1917/3110/2594 1918/2819/2376
f 345/4034/3224 351/4349/3393 350/4351/1731 344/4035/2400
f 1970/3343/51 1975/4016/284 1974/4014/3215 1969/3344/2754
f 2731/917/810 2737/1586/1382 2736/4489/547 2730/2938/371
f 3737/4385/3411 3747/3368/2768 3751/3369/51 3745/4542/153
f 444/2639/2234 443/2638/2233 437/264/245 438/1064/943
f 705/2972/2493 704/3141/2616 699/3913/3145 700/2973/2494
f 2432/978/867 2438/3149/2623 2437/3211/2662 2431/979/868
f 508/3341/2753 507/1738/1507 501/1737/1506 502/2769/2337
f 440/4392/3516 439/2765/2334 433/1196/1058 434/2140/1818
f 1328/3986/3194 1327/2979/2500 1321/769/682 1322/743/660
f 519/1608/1393 524/1606/1400 518/2859/2413 513/2858/2412
f 2039/1211/1067 2045/3564/2902 2044/3567/2905 2038/1212/1068
f 1345/2585/2184 1344/2953/2482 1337/2952/2481 1338/2635/2230
f 3428/913/806 3432/4615/3517 3436/4616/1383 3427/1937/428
f 2664/3109/2593 2671/3108/2592 2670/3146/3518 2669/4019/284
f 3768/2546/2152 3772/727/646 3776/4457/51 3767/4617/153
f 2708/2606/2204 2715/1083/958 2714/1086/961 2707/1441/1263
f 1366/4618/51 1365/1381/1206 1359/1380/1205 1360/3904/178
f 1271/825/731 1270/1137/1004 1264/4114/3265 1265/826/732
f 2729/926/819 2735/618/549 2734/630/560 2728/927/820
f 3056/2946/2475 3061/638/567 3066/4383/153 3055/4479/153
f 1169/2751/2323 1168/2750/2322 1161/2155/1848 1162/3017/2532
f 1440/576/512 1445/575/511 1444/3410/2792 1439/4106/2779
f 792/2720/2298 796/2077/1784 795/2079/1786 791/2266/1942
f 3091/4607/51 3096/3028/2537 3090/2062/1772 3085/4619/51
f 163/449/405 162/443/399 145/354/329 146/353/328
f 3168/4620/178 3169/3540/2882 3173/4621/3519
f 3169/3540/2882 3170/3539/2881 3173/4622/3520
f 3170/3539/2881 3171/4417/3425 3173/4623/3521
f 3171/4417/3425 3172/2194/1879 3173/4624/3522
f 3172/2194/1879 3168/2193/178 3173/4625/3519
f 998/2710/2289 1003/2731/2306 1008/2730/2305 997/2709/2288
f 1536/1858/51 1545/3022/51 1544/1371/1198 1540/729/648
f 1777/3407/2789 1781/349/324 1780/352/327 1776/324/301
f 2417/4465/106 2416/4464/3450 2410/3349/2756 2411/3996/51
f 3487/1867/1617 3492/253/51 3491/256/239 3486/1868/1618
f 3271/4540/3486 3270/4132/3272 3266/1281/1126 3267/1280/1125
f 3216/3556/2895 3215/3555/2894 3210/523/469 3211/4043/3230
f 2509/4626/51 2514/3705/3006 2508/2152/1845 2503/4627/146
f 326/3326/2742 332/1419/1243 337/1422/1246 331/3327/838
f 1863/4628/341 1862/4008/3209 1857/2936/2467 1852/2935/284
f 3178/3153/2625 3175/580/516 3176/4629/3523 3177/4574/3503
f 1896/3960/3173 1895/3952/3167 1888/3557/2896 1889/735/654
f 1942/1334/1172 1947/1478/1295 1946/4504/51 1941/1335/153
f 2151/4382/3410 2157/3488/2843 2156/3489/2844 2150/3579/2914
f 2758/4473/3456 2757/4284/3359 2748/4137/3275 2751/4216/3321
f 1506/2990/2509 1505/644/573 1500/706/625 1501/705/624
f 2913/3491/2846 2919/3076/2571 2918/3079/51 2912/3901/341
f 974/537/479 973/2265/1941 968/3376/2773 969/2712/2291
f 395/1242/1094 394/1241/1093 389/1698/1472 390/1225/1080
f 2905/4630/802 2904/2258/1934 2899/3395/2783 2894/3394/428
f 2537/3601/2933 2544/3654/2969 2543/3537/2879 2536/3538/2880
f 3194/3006/2522 3199/3475/2836 3203/3594/153 3198/3007/284
f 2878/3451/2821 2877/753/669 2871/234/223 2872/233/222
f 2021/1174/1037 2020/4060/3242 2014/4059/3241 2015/1175/1038
f 2352/4167/3291 2358/4314/3372 2351/4313/178 2345/4307/146
f 2603/2915/106 2604/4158/106 2608/245/230 2602/248/233
f 1619/880/781 1625/530/472 1624/533/475 1618/4052/3236
f 101/157/151 118/347/322 117/348/323 100/158/152
f 2550/4289/3362 2556/3064/2561 2555/3067/2564 2549/3836/3102
f 1989/2824/2380 1994/1781/1545 1993/3944/3164 1988/3576/2912
f 638/1972/1701 637/1971/1700 632/3033/2542 633/419/378
f 3832/2043/1754 3831/4480/3460 3825/2869/2422 3826/4595/3509
f 2293/3926/3153 2300/2659/2250 2299/2089/1793 2292/2090/1794
f 3085/4619/51 3090/2062/1772 3084/2061/1771 3079/4026/3220
f 3217/4631/3524 3221/4454/3445 3220/3554/2893 3216/3556/2895
f 1421/1278/1123 1426/1277/1122 1425/2874/2427 1420/2621/2217
f 2006/2185/106 2007/4632/284 2011/3434/2807 2005/2186/1872
f 3222/3660/2973 3221/4454/3445 3217/4631/3524 3218/3661/2974
f 2138/2263/1939 2137/846/748 2128/4151/3284 2131/4154/3286
f 743/3918/3147 747/3255/2690 746/2873/2426 742/3919/3148
f 3426/1074/951 3425/3226/2670 3420/3472/2835 3421/3356/2761
f 2918/4523/51 2923/672/595 2917/671/594 2912/3401/341
f 1996/3479/51 1997/2184/1749 2001/1779/1543 1995/1782/1546
f 3440/715/634 3445/714/633 3444/2685/2272 3439/2687/2274
f 241/4305/602 244/700/620 240/699/619 233/4366/436
f 3262/1283/1128 3261/1282/1127 3256/171/164 3257/170/163
f 2225/286/265 2231/3847/3107 2230/4633/284 2229/4231/284
f 2185/601/536 2189/4202/3314 2193/4201/3313 2184/602/153
f 3869/217/206 3873/216/205 3877/4634/51 3868/4565/1984
f 787/2269/1945 786/2268/1944 783/2331/1992 784/3946/3165
f 3595/4468/3453 3594/4635/3525 3590/4123/3267 3591/1590/1386
f 2489/1187/1049 2488/2046/1757 2481/3083/2576 2482/3082/2575
f 2152/1357/1186 2151/4382/3410 2146/2411/2051 2147/1358/1187
f 231/541/483 230/540/482 222/3747/3039 223/884/785
f 864/2104/1806 863/3551/2890 860/3550/2889 861/2105/1807
f 1575/4347/2042 1580/701/284 1579/704/623 1574/4348/3392
f 243/694/615 242/688/609 236/687/608 237/693/614
f 2950/4564/51 2955/4087/3255 2954/2908/2450 2949/2911/2453
f 2944/3584/2919 2948/2910/2452 2947/3739/3033 2943/3788/3065
f 1281/3183/106 1280/3181/2646 1274/1287/1132 1275/3403/106
f 881/3861/3112 878/4437/3433 879/4636/3526 880/4442/3436
f 2609/2426/2064 2615/3496/2849 2614/3499/371 2613/2427/106
f 2113/647/284 2122/4145/178 2121/3790/3067 2117/648/574
f 3239/1208/341 3240/1207/1065 3244/4637/3527
f 3240/1207/1065 3241/3709/3009 3244/4638/3528
f 3241/3709/3009 3242/3708/3008 3244/4639/3529
f 3242/3708/3008 3243/4640/3530 3244/4641/3531
f 3243/4640/3530 3239/4642/341 3244/4643/3527
f 3253/4561/51 3254/4644/371 3245/172/165
f 3246/4645/3532 3245/172/165 3254/4644/371
f 3246/4645/3532 3247/4646/3533 3245/172/165
f 3248/173/166 3245/172/165 3247/4646/3533
f 3248/173/166 3247/4646/3533 3249/3353/2759
f 3250/4647/3534 3249/3353/2759 3247/4646/3533
f 1166/4527/51 1165/4352/3394 1159/2999/2517 1160/3458/51
f 3252/3354/2760 3251/4648/3535 3253/4649/51
f 3254/4650/371 3253/4649/51 3251/4648/3535
f 2054/4084/153 2063/4396/284 2067/2580/2179 2062/2582/2181
f 2611/3815/3085 2617/3602/2934 2616/3605/2937 2610/4235/3332
f 3257/170/163 3248/173/166 3258/2696/2279
f 3249/3353/2759 3258/2696/2279 3248/173/166
f 1864/3285/2223 1869/3284/2711 1862/4008/3209 1863/4628/341
f 3259/3352/2758 3252/3354/2760 3255/3697/51
f 3253/4649/51 3255/3697/51 3252/3354/2760
f 2145/3013/2528 2144/2306/1973 2140/4534/3484 2141/848/750
f 2606/3663/2976 2605/2425/2063 2599/414/375 2600/634/563
f 3275/2273/51 3280/4580/153 3284/120/117 3279/584/519
f 1911/3336/2750 1917/3110/2594 1916/3112/1530 1915/3337/51
f 2131/4154/3286 2128/4151/3284 2129/4152/3285 2130/4155/3287
f 1645/436/392 1649/435/391 1648/296/275 1644/1631/1418
f 2511/1328/1166 2510/1327/1165 2504/3481/2840 2505/2120/1822
f 808/3687/2992 812/1876/1624 811/3704/3005 807/4524/3480
f 3278/585/520 3283/119/116 3282/875/776 3277/878/779
f 2170/4040/3228 2175/3595/2928 2174/3596/51 2169/4651/153
f 2946/3738/3032 2951/3737/3031 2955/4652/3255 2950/4384/51
f 2867/1935/1675 2873/1934/1674 2872/233/222 2866/236/225
f 173/482/431 172/476/426 155/300/279 156/299/278
f 2951/3737/3031 2956/471/423 2960/474/284 2955/4652/3255
f 3590/4123/3267 3594/4635/3525 3598/4653/106 3589/4124/51
f 2971/2474/284 2976/4654/51 2980/4325/3382 2975/2475/2102
f 2212/272/253 2211/3321/2739 2205/3609/2939 2206/3608/2938
f 3292/3533/2875 3291/3610/2940 3285/4248/3341 3286/3534/2876
f 211/626/556 210/625/555 201/3075/2570 202/2127/1829
f 1569/2407/2047 1568/1918/1658 1564/2056/1767 1565/2055/1766
f 3277/878/779 3276/877/778 3270/4132/3272 3271/4540/3486
f 2863/4655/371 2862/4477/3458 2857/1854/1609 2852/1853/51
f 2316/2867/2420 2315/2866/2419 2310/4056/3238 2311/1152/1018
f 3687/252/237 3686/2275/1950 3682/2274/1949 3683/2392/2039
f 3266/1281/1126 3270/4132/3272 3274/4134/51 3265/4572/1903
f 152/4259/3347 151/3046/2547 136/383/349 137/380/346
f 3002/4585/3506 3006/4656/3536 3001/4583/3505 2998/4199/3311
f 2975/2475/2102 2974/3574/2910 2969/856/758 2970/2476/2103
f 2361/4316/3374 2360/661/584 2354/660/583 2355/4131/3271
f 2992/140/135 2997/4200/3312 2996/4582/428 2991/3852/106
f 1183/3051/2552 1182/3050/2551 1176/3027/2536 1177/4104/3262
f 2337/4120/3266 2343/3014/2529 2342/3016/2531 2336/2745/2317
f 3745/274/153 3751/3390/51 3750/1685/1461 3744/275/254
f 2925/3715/3015 2924/3077/2572 2919/3076/2571 2920/3490/2845
f 1658/2328/1990 1663/3716/3016 1662/4496/1073 1657/2329/51
f 854/569/507 858/568/506 857/1284/1129 853/1188/1050
f 107/227/216 124/315/293 123/317/295 106/228/217
f 2168/501/447 2167/2372/2027 2162/2371/2026 2163/502/448
f 1719/873/774 1718/2477/2104 1714/3783/3061 1715/874/775
f 724/4423/1425 723/3444/2815 719/4371/3407 714/4657/3537
f 179/463/417 188/4460/3448 187/265/246 178/268/249
f 2846/4658/3538 2845/863/764 2844/866/767 2843/4298/3368
f 2181/3882/3126 2187/4198/3310 2186/4197/3309 2180/4439/3434
f 879/4636/3526 878/4437/3433 877/4579/3111 876/4659/3435
f 883/513/459 885/512/458 887/4369/257 882/4578/256
f 838/3088/2515 837/665/588 833/664/587 834/4252/2560
f 2745/4239/3335 2744/2699/2282 2743/3685/153 2754/4660/428
f 102/3500/2852 101/157/151 85/150/145 86/155/149
f 2840/1856/51 2849/1855/1610 2850/2278/1951 2851/4661/3319
f 2619/3497/2850 2624/2357/2012 2628/3612/284 2623/3498/2851
f 3314/4662/284 3305/842/178 3310/4663/3539
f 3306/167/160 3310/4663/3539 3305/842/178
f 3306/167/160 3307/166/159 3310/4663/3539
f 3311/4664/3540 3310/4663/3539 3307/166/159
f 3311/4664/3540 3307/166/159 3312/4453/3444
f 3308/224/213 3312/4453/3444 3307/166/159
f 3308/224/213 3309/223/212 3312/4453/3444
f 2939/3586/2921 2936/3585/2920 2937/4555/3495 2938/4557/3497
f 3313/4451/3442 3309/223/212 3314/4665/284
f 3305/2227/178 3314/4665/284 3309/223/212
f 3314/4662/284 3310/4663/3539 3315/4666/3541
f 3310/4663/3539 3311/4664/3540 3315/4667/3542
f 3311/4664/3540 3312/4453/3444 3315/4668/3543
f 3313/4451/3442 3314/4665/284 3315/4669/3541
f 437/264/245 443/2638/2233 442/2673/2261 436/263/244
f 2649/697/617 2648/696/616 2647/3942/3162 2646/3968/3180
f 2985/4670/51 2990/4260/51 2989/1622/1409 2984/1625/1412
f 1420/2621/2217 1419/608/541 1415/1139/1006 1416/2595/2193
f 2936/3585/2920 2944/3584/2919 2943/3788/3065 2935/3789/3066
f 2326/4532/371 2325/4531/3483 2319/3021/2533 2320/3020/284
f 1556/1643/1428 1562/1642/1427 1561/3849/106 1560/3197/153
f 3229/869/770 3235/868/769 3234/1209/341 3233/1353/284
f 2817/3138/2613 2816/1535/1342 2810/3361/2764 2811/4335/3387
f 2968/857/759 2967/1257/1107 2961/472/424 2962/858/760
f 384/3891/3135 383/3890/3134 376/2109/1811 377/4295/3367
f 2030/2039/1752 2029/2945/2474 2024/4068/3246 2025/2040/1753
f 509/3340/2752 516/1579/1375 515/4097/3259 508/3341/2753
f 574/1733/1502 579/1032/915 578/3124/2604 573/1786/1550
f 2515/4297/51 2520/2167/1857 2514/3705/3006 2509/4626/51
f 261/797/706 266/796/705 265/4064/1687 264/2159/858
f 2796/1050/930 2801/1049/929 2800/1742/1511 2795/1473/1290
f 1265/826/732 1264/4114/3265 1259/3830/3098 1260/3829/3097
f 1088/2890/2432 1093/2888/2439 1087/4337/3388 1082/4614/2216
f 1010/604/537 1017/1034/917 1016/1037/920 1015/605/538
f 333/1814/1576 332/1419/1243 326/3326/2742 327/1815/1577
f 354/4500/3469 353/2760/2329 347/1023/906 348/1022/905
f 3347/1804/1566 3346/3373/2771 3342/4505/3471 3343/1323/1161
f 3156/1635/1420 3155/4030/3223 3150/3877/3123 3151/1636/1421
f 2773/2701/2284 2779/943/836 2784/1728/51 2778/2782/284
f 1141/746/663 1147/4482/3461 1146/1157/1023 1140/747/664
f 2766/3359/2763 2771/3358/2762 2770/3374/2772 2765/4472/3455
f 1816/4007/3208 1823/2980/2501 1822/2982/341 1821/4671/341
f 691/2166/1856 690/2165/1855 685/2050/1761 686/2049/1760
f 2433/2843/2399 2432/978/867 2426/977/866 2427/1010/897
f 643/1970/1699 648/4379/3409 647/4380/636 642/4672/3408
f 3757/2613/2211 3763/4269/3351 3762/4673/153 3761/2614/51
f 666/3532/2693 671/4484/3143 670/4486/3463 665/2247/1923
f 1422/1279/1124 1421/1278/1123 1417/2594/2192 1418/3152/2624
f 1351/1235/1087 1357/1234/1086 1356/3156/2627 1350/2584/2183
f 3417/3355/51 3422/1071/371 3426/1074/951 3421/3356/2761
f 2096/2660/2251 2100/2364/2019 2099/1119/987 2095/1121/989
f 2088/1658/1439 2094/1120/988 2093/4110/51 2092/1659/284
f 2007/4632/284 2016/1172/153 2015/1175/1038 2011/3434/2807
f 2849/1855/1610 2857/1854/1609 2856/4478/3459 2848/2279/1952
f 955/1702/1476 961/3206/2659 966/4344/1219 960/1799/1222
f 567/1787/1551 566/3115/2597 562/974/863 563/2770/2338
f 1869/3284/2711 1875/528/471 1874/1886/1631 1868/2572/2173
f 661/2250/1926 660/2249/1925 655/1294/1139 656/719/638
f 465/2798/1280 470/2797/2358 464/1405/1229 459/3350/2367
f 3855/3560/2899 3854/2172/1862 3849/3186/2649 3850/388/354
f 355/2004/1730 360/2003/1729 359/3166/2633 354/4500/3469
f 3612/2314/1979 3617/3978/3188 3616/3931/3156 3611/2315/1980
f 2716/786/697 2715/1083/958 2708/2606/2204 2709/2605/2203
f 1883/736/655 1882/3558/2897 1877/3588/2923 1878/2288/1961
f 3252/3354/2760 3249/3353/2759 3250/4647/3534 3251/4648/3535
f 1634/3757/3046 1639/1630/1417 1638/1632/1419 1633/562/501
f 3571/544/486 3570/3927/3154 3565/962/853 3566/545/487
f 3565/962/853 3570/3927/3154 3569/3930/284 3564/963/284
f 2378/1932/1672 2377/1645/1430 2365/3755/3045 2368/4130/3270
f 1555/3936/284 1560/4674/153 1559/2058/1769 1554/3632/2955
f 2165/4041/3229 2170/4040/3228 2169/4651/153 2164/4224/51
f 183/491/439 182/484/433 174/483/432 175/489/437
f 1898/2391/2038 1897/3962/3175 1890/734/653 1891/1202/1062
f 2503/4627/146 2508/2152/1845 2501/892/791 2502/2128/51
f 3163/993/882 3169/3540/2882 3168/4620/178 3167/3448/1878
f 720/4675/3544 719/4371/3407 718/289/268 717/292/271
f 2962/858/760 2961/472/424 2956/471/423 2957/4184/3300
f 1097/459/413 1096/458/412 1095/2741/2314 1106/4676/51
f 3820/2054/1765 3819/1840/1600 3808/91/89 3811/90/88
f 2911/3402/153 2910/2259/1935 2904/2258/1934 2905/4630/802
f 2375/4677/51 2373/4226/3326 2374/4225/3325 2364/4678/3545
f 2238/2727/2303 2237/2895/2442 2233/853/755 2234/573/509
f 130/203/194 145/354/329 160/4569/3361 129/204/195
f 123/317/295 122/378/344 105/73/72 106/228/217
f 3390/4090/146 3386/683/604 3391/4679/3546
f 3386/683/604 3387/682/603 3391/4680/3547
f 3387/682/603 3388/3827/3095 3391/4681/3548
f 3388/3827/3095 3389/3826/3094 3391/4682/3549
f 3389/3826/3094 3390/4592/146 3391/4683/3546
f 1788/3511/2859 1787/350/325 1781/349/324 1782/2399/2043
f 3243/4640/3530 3242/3708/3008 3237/3707/3007 3238/4386/3412
f 204/2538/2149 203/2125/1827 196/4459/3447 197/4188/3302
f 570/4338/2598 571/2757/2328 575/1734/1503 569/1792/1556
f 714/4657/3537 719/4371/3407 720/4675/3544 713/4684/3550
f 1571/3694/2997 1576/4419/3427 1580/4539/284 1575/4071/2042
f 3476/4005/3207 3480/4004/3206 3479/3501/2853 3475/1290/1135
f 1979/2714/2293 1978/2713/2292 1986/4545/51 1977/4685/51
f 2686/3467/2831 2692/1533/1341 2691/1716/1489 2685/4270/3352
f 1507/2311/1976 1512/3773/3056 1511/2989/2508 1506/2990/2509
f 1467/1100/973 1473/1099/972 1472/3452/2822 1466/3453/2823
f 2092/2967/284 2093/4611/51 2097/3563/2901 2091/2968/2491
f 1550/3024/2534 1549/1192/1054 1543/1191/1053 1544/1371/1198
f 1022/1035/918 1029/2809/2369 1028/3982/1344 1027/1036/919
f 2512/2119/1821 2518/1889/1634 2517/1325/1163 2511/1328/1166
f 3630/3144/2619 3635/1436/1258 3639/1562/284 3634/4499/51
f 698/3914/3146 697/800/709 692/799/708 693/2657/2248
f 3758/1975/1704 3757/2613/2211 3753/2612/2210 3754/4057/3239
f 2720/1084/959 2727/3268/2700 2726/919/812 2719/1085/960
f 1810/4483/3462 1816/4007/3208 1821/4671/341 1815/4686/51
f 2280/2984/2503 2279/1688/1464 2274/3203/2658 2275/4194/3307
f 928/1555/1358 933/1329/1167 932/1332/1170 927/4039/3227
f 952/1888/1633 951/3924/3151 946/1801/1563 947/4332/3386
f 936/4274/2687 935/2112/1814 930/3888/3132 925/4469/2688
f 1069/3283/2710 1075/1028/911 1074/1994/1720 1068/2816/2373
f 3077/3290/2715 3084/2061/1771 3083/1650/1433 3076/4010/3211
f 2013/2988/2507 2012/2987/2506 2008/1342/1176 2009/4299/3369
f 3362/1926/1666 3367/1925/1665 3366/4277/106 3361/4328/51
f 2214/2318/1981 2213/269/250 2207/4458/3446 2208/2319/1982
f 418/4308/3371 417/3973/3185 406/4169/3293 409/3884/3128
f 2308/2934/106 2307/2549/2155 2302/2548/2154 2297/4345/178
f 3649/1656/1437 3648/1655/1436 3643/1713/1486 3644/1569/1368
f 373/2961/2488 378/4047/3232 377/4295/3367 372/3004/2520
f 1820/1320/1158 1827/4470/3454 1826/2632/2227 1819/1321/1159
f 2688/4510/3473 2694/2567/2170 2699/2569/51 2693/4687/51
f 1998/2031/1748 2002/1341/1175 2006/1344/106 1997/2032/1749
f 2010/3435/2808 2014/4059/3241 2013/2988/2507 2009/4299/3369
f 521/1602/1396 520/1600/1394 514/4036/3225 515/4097/3259
f 988/1350/1182 993/2715/2294 992/2412/2052 987/2415/2055
f 2670/4688/284 2675/4508/3472 2668/1483/1299 2669/1964/284
f 1120/3470/2833 1119/2669/2259 1114/2668/2258 1115/3471/2834
f 1077/4536/3485 1076/2617/2214 1071/3122/2603 1072/2836/2392
f 3477/111/108 3476/4005/3207 3468/3646/2963 3471/319/296
f 1838/1549/1352 1837/3334/2748 1831/2630/2225 1832/2629/2224
f 3040/2562/2165 3039/4160/3288 3034/2851/2406 3035/1457/1277
f 3763/4269/3351 3768/2546/2152 3767/4617/153 3762/4673/153
f 2657/4281/284 2656/3940/3160 2648/696/616 2651/695/51
f 1370/3304/2728 1369/3302/2726 1363/3155/2626 1364/1382/1207
f 3779/3535/2877 3784/3523/2869 3783/1317/1155 3778/725/644
f 1171/4105/3263 1170/3026/2535 1163/3569/2907 1164/4354/3396
f 681/4511/3474 682/4342/3391 686/2049/1760 680/2052/1763
f 1762/3573/2909 1761/4556/3496 1757/3828/3096 1758/3831/3099
f 1851/2937/51 1850/997/886 1844/996/885 1845/3208/106
f 370/2111/1813 369/4095/3258 363/1834/1594 364/1833/1593
f 2859/3427/2804 2858/3484/2841 2853/3446/2817 2854/865/766
f 3846/2019/1738 3845/386/352 3841/1911/1653 3842/1910/1652
f 221/3749/3041 220/3589/2924 212/2126/1828 213/2537/2148
f 217/397/363 224/396/362 216/2993/2511 209/4426/2959
f 2853/3446/2817 2858/3484/2841 2863/4689/371 2852/4311/51
f 699/3913/3145 704/3141/2616 703/4368/3405 698/3914/3146
f 1300/4488/284 1299/1105/978 1292/3463/2828 1283/4431/51
f 2205/3609/2939 2211/3321/2739 2210/3324/51 2209/4436/51
f 3273/587/522 3272/586/521 3268/1885/1630 3269/2224/1904
f 1646/437/393 1645/436/392 1639/1630/1417 1640/655/579
f 2084/615/546 2083/1657/1438 2079/2044/1755 2080/763/676
f 3461/3486/284 3457/3485/2842 3462/4690/3551
f 3457/3485/2842 3458/3528/2873 3462/4691/3552
f 3458/3528/2873 3459/3587/2922 3462/4692/3553
f 3459/3587/2922 3460/679/600 3462/4693/3554
f 3460/679/600 3461/678/284 3462/4694/3551
f 3725/3638/106 3730/4695/341 3729/4696/3555 3724/3639/2957
f 2977/4024/3219 2981/4576/3504 2985/4577/51 2976/4306/51
f 2240/4247/51 2249/4697/371 2248/4135/3273 2244/3857/3110
f 1174/2749/2321 1180/1896/1641 1173/1899/51 1167/3025/51
f 3471/319/296 3470/3648/2965 3472/318/51
f 3463/4698/284 3472/318/51 3470/3648/2965
f 2366/4699/3556 2365/3755/3045 2375/3756/51 2364/4700/3545
f 2544/3654/2969 2550/4289/3362 2549/3836/3102 2543/3537/2879
f 1201/4701/3557 1200/709/628 1199/712/631 1198/2449/2081
f 2038/1212/1068 2037/2540/2150 2033/812/719 2034/1213/1069
f 1778/2400/2044 1777/3407/2789 1772/3069/2566 1773/3068/2565
f 1689/692/613 1688/3592/2927 1683/371/340 1684/3933/3158
f 2553/3819/3089 2552/452/408 2546/451/407 2547/3681/2990
f 3713/2363/2018 3712/2362/2017 3707/2899/2446 3708/2510/2126
f 1054/2773/2341 1061/2772/2340 1060/4000/3202 1053/1490/1306
f 793/2721/2299 792/2720/2298 788/722/641 789/721/640
f 1765/2429/2065 1770/326/303 1769/3845/153 1764/4702/2652
f 2219/3433/2806 2218/270/251 2213/269/250 2214/2318/1981
f 121/381/347 120/382/348 103/201/192 104/74/73
f 1780/352/327 1779/4240/3336 1775/325/302 1776/324/301
f 1977/4703/51 1986/2095/51 1985/2098/1800 1984/4329/3384
f 897/1266/1113 900/2516/2131 902/2514/2078 899/2504/2077
f 1203/2321/51 1200/709/628 1201/4701/3557 1202/4704/51
f 3483/3766/3052 3488/3762/3050 3492/3765/51 3487/4117/1617
f 3174/4705/51 3183/3878/106 3182/953/846 3181/956/849
f 1709/2239/1917 1708/3784/3062 1703/4177/3296 1704/2240/1918
f 3494/3665/2978 3493/3763/3051 3488/3762/3050 3489/3164/2631
f 3684/1215/1071 3688/249/234 3687/252/237 3683/2392/2039
f 3798/231/220 3797/358/333 3793/3947/3166 3794/232/221
f 2200/27/27 2207/4458/3446 2206/3608/2938 2199/28/28
f 1761/4556/3496 1767/3070/2567 1766/2430/2066 1760/578/514
f 3498/3841/153 3497/3764/106 3499/2325/1987
f 3493/3763/3051 3499/2325/1987 3497/3764/106
f 66/107/105 63/106/104 58/96/94 64/104/102
f 3500/883/784 3494/3665/2978 3501/882/783
f 3495/3664/2977 3501/882/783 3494/3665/2978
f 87/156/150 103/201/192 102/3500/2852 86/155/149
f 3502/3780/3060 3496/255/238 3498/3779/153
f 3497/254/106 3498/3779/153 3496/255/238
f 2548/3758/3047 2554/3835/3101 2553/3819/3089 2547/3681/2990
f 3601/3956/371 3614/2644/178 3613/2647/2240 3609/3957/3170
f 1766/2430/2066 1765/2429/2065 1759/579/515 1760/578/514
f 846/3530/2874 845/885/786 841/3087/2578 842/3086/2514
f 2177/551/491 2181/3882/3126 2180/4439/3434 2176/552/492
f 771/2220/1901 778/2330/1991 781/2333/1993 770/4706/2810
f 2261/4601/106 2270/2483/2107 2271/2482/2106 2272/4707/51
f 2249/4697/371 2250/4255/82 2254/1866/1616 2248/4135/3273
f 1660/3710/3010 1665/3712/3012 1664/3717/3017 1659/3478/2838
f 1291/3169/2636 1288/667/590 1289/4708/3558 1290/4709/3559
f 716/291/270 715/290/269 714/4710/3537 713/4711/3550
f 2621/3603/2935 2626/2075/1782 2625/2358/2013 2620/3604/2936
f 3514/197/188 3509/200/191 3515/144/139
f 3510/145/140 3515/144/139 3509/200/191
f 116/1617/1406 132/1616/1405 131/355/330 115/4397/3415
f 3513/198/189 3514/197/188 3519/49/49
f 3520/2486/2110 3519/49/49 3514/197/188
f 3520/2486/2110 3514/197/188 3521/4712/3560
f 3515/144/139 3521/4712/3560 3514/197/188
f 3515/144/139 3516/143/138 3521/4712/3560
f 3522/161/154 3521/4712/3560 3516/143/138
f 139/316/294 138/379/345 122/378/344 123/317/295
f 3500/883/784 3499/2325/1987 3493/3763/3051 3494/3665/2978
f 3519/49/49 3520/2486/2110 3524/50/50
f 2984/1625/1412 2983/1624/1411 2979/2086/1790 2980/4325/3382
f 3525/2484/2108 3520/2486/2110 3526/3771/3055
f 3521/4712/3560 3526/3771/3055 3520/2486/2110
f 3521/4712/3560 3522/161/154 3526/3771/3055
f 1583/3702/3003 1589/3701/3002 1588/3325/2741 1582/4230/3328
f 3527/3769/3053 3522/161/154 3523/4713/51
f 3518/160/51 3523/4713/51 3522/161/154
f 3523/51/51 3524/50/50 3528/4714/3561
f 3525/2484/2108 3526/3771/3055 3528/4715/3562
f 3527/3769/3053 3523/4713/51 3528/4716/3561
f 2081/762/675 2085/612/543 2084/615/546 2080/763/676
f 2922/673/596 2921/2423/2061 2915/4038/3226 2916/674/597
f 185/4600/1928 192/3439/2811 183/491/439 184/4563/400
f 2444/3236/2677 2451/1184/1046 2450/3925/3152 2443/3210/2661
f 2848/2279/1952 2845/863/764 2846/4658/3538 2847/2280/1953
f 2680/4271/3353 2679/828/734 2673/827/733 2674/4466/3451
f 1431/2951/2480 1436/3298/2723 1435/3873/3119 1430/3876/3122
f 2105/2365/2020 2111/2346/2004 2110/2349/2007 2104/2366/2021
f 1208/710/629 1214/3094/2583 1213/1429/1251 1207/711/630
f 3740/4237/3333 3737/4385/3411 3738/4541/3487 3739/4238/3334
f 2287/2983/2502 2286/1689/1465 2279/1688/1464 2280/2984/2503
f 3617/3978/3188 3623/2958/2485 3622/3090/2580 3616/3931/3156
f 2379/2678/2265 2385/2978/2499 2384/1931/1671 2378/1932/1672
f 3826/4595/3509 3825/2869/2422 3821/2868/2421 3822/2433/2067
f 3825/2869/2422 3831/4480/3460 3830/2681/2268 3824/2053/1764
f 2294/1432/1254 2293/3926/3153 2288/2570/2171 2289/1433/1255
f 1389/4461/284 1398/2787/51 1397/2790/2352 1393/4462/3449
f 672/1807/1569 677/1806/1568 681/4598/3474 676/3909/3142
f 3752/3391/2212 3761/1956/51 3760/819/725 3756/822/728
f 3031/4475/3457 3036/1456/1276 3030/1455/1275 3025/2023/153
f 3230/870/771 3229/869/770 3225/1352/1184 3226/4303/3370
f 977/2861/2414 983/4054/3237 982/1351/1183 976/2862/2415
f 1553/3332/2746 1558/2057/1768 1557/1644/1429 1552/3333/2747
f 3827/4594/153 3828/2041/51 3832/2043/1754 3826/4595/3509
f 1307/3939/178 1312/1345/1177 1306/1106/979 1301/4487/51
f 319/4597/1802 318/1751/1520 312/1708/1481 313/3221/1803
f 2690/1057/936 2696/1715/1488 2695/3134/2610 2689/1058/937
f 456/3455/2824 462/3098/2587 461/3148/2622 455/3456/2825
f 1073/1993/1719 1078/1992/1718 1077/4536/3485 1072/2836/2392
f 1019/920/813 1024/1584/1380 1023/2810/2370 1018/921/814
f 2298/1951/1689 2303/3227/2671 2308/4067/106 2297/1952/178
f 3359/1810/1572 3364/1809/1571 3363/1927/1667 3358/3546/2885
f 993/2715/2294 1000/2716/2295 999/3381/2776 992/2412/2052
f 2286/1689/1465 2291/1950/1688 2296/1953/178 2285/1690/51
f 563/2770/2338 562/974/863 557/973/862 558/781/692
f 3212/4528/3481 3217/4631/3524 3216/3556/2895 3211/4043/3230
f 3765/1973/1702 3770/4272/3354 3769/2547/2153 3764/1974/1703
f 1499/758/671 1504/4101/51 1503/2313/1978 1498/759/672
f 2451/1184/1046 2457/1183/1045 2456/2189/1875 2450/3925/3152
f 1537/547/489 1541/1229/1082 1545/1232/51 1536/548/51
f 2317/3650/2967 2323/2180/1868 2322/2183/1871 2316/2867/2420
f 3439/2687/2274 3438/2686/2273 3432/4615/3517 3433/3899/3139
f 250/4364/3403 253/1146/1013 256/1149/1015 249/4533/2477
f 327/1815/1577 326/3326/2742 321/2799/2359 322/2565/2168
f 1331/1574/51 1336/1573/1371 1329/4099/3260 1330/4098/106
f 1877/3588/2923 1882/3558/2897 1887/3945/832 1876/4365/153
f 1461/2689/2276 1465/957/850 1469/960/284 1460/2690/51
f 837/665/588 841/3087/2578 840/511/457 836/666/589
f 515/4097/3259 514/4036/3225 507/1738/1507 508/3341/2753
f 3831/4480/3460 3835/1912/1654 3834/3217/2668 3830/2681/2268
f 2102/4612/153 2107/3570/153 2106/3571/2908 2101/4275/3355
f 847/1190/1052 852/1189/1051 851/4229/508 850/4236/582
f 3218/3661/2974 3217/4631/3524 3212/4528/3481 3213/3938/3159
f 3397/1061/940 3404/2828/2384 3403/2191/1877 3396/2417/2057
f 3176/4629/3523 3175/580/516 3183/583/106 3174/4717/51
f 2135/329/306 2140/4534/3484 2139/4535/146 2134/4718/1938
f 424/2949/2478 423/2115/1817 417/3973/3185 418/4308/3371
f 2914/3492/2847 2913/3491/2846 2906/905/801 2907/2892/2441
f 1443/3389/2780 1442/3600/2932 1436/3298/2723 1437/3297/2722
f 3372/3568/2906 3371/1203/1063 3367/1925/1665 3368/1924/1664
f 985/2707/2281 990/2706/2287 983/4054/3237 984/4053/3217
f 2861/2864/2417 2860/2863/2416 2855/864/765 2856/4478/3459
f 3197/3543/2883 3196/1663/1443 3192/1893/1638 3193/1892/1637
f 1289/4708/3558 1288/667/590 1287/670/593 1286/4719/3563
f 2595/635/564 2594/413/374 2590/2294/1966 2591/2293/1965
f 3598/4653/106 3594/4635/3525 3599/4720/3564
f 3594/4635/3525 3595/4468/3453 3599/4721/3565
f 3595/4468/3453 3596/4435/3432 3599/4722/3566
f 3596/4435/3432 3597/4434/3431 3599/4723/3567
f 3597/4434/3431 3598/4575/106 3599/4724/3564
f 160/4287/3361 159/13/13 144/12/12 129/4725/195
f 3603/3423/2802 3604/4/4 3602/3424/2803
f 3605/3/3 3602/3424/2803 3604/4/4
f 1239/3240/2680 1245/3239/2679 1244/2805/2365 1238/3991/3197
f 1749/3821/3091 1757/3828/3096 1748/504/450 1747/2468/2097
f 2174/428/51 2183/4389/51 2182/3881/3125 2178/429/385
f 2976/4654/51 2985/4670/51 2984/1625/1412 2980/4325/3382
f 794/4221/3324 799/1303/1146 798/3477/1954 797/4525/1955
f 586/3271/2703 592/3228/2672 591/3231/1536 590/4334/1529
f 1567/1921/1661 1566/3695/2998 1562/1642/1427 1563/1641/1426
f 1822/4471/341 1827/4470/3454 1820/1320/1158 1821/4420/341
f 2685/4270/3352 2684/1056/935 2679/828/734 2680/4271/3353
f 3633/1111/982 3632/1793/1557 3628/2957/2484 3629/1112/983
f 1226/1731/1501 1232/1730/1500 1231/3994/3200 1225/2841/2397
f 1164/4354/3396 1163/3569/2907 1157/2976/2497 1158/3000/2518
f 3432/4615/3517 3438/2686/2273 3437/3544/2779 3436/4616/1383
f 1915/4162/51 1916/1761/1530 1920/1764/1532 1914/2780/2346
f 603/3143/2618 602/3142/2617 596/3229/2673 597/3987/3195
f 2666/776/687 2673/827/733 2672/830/736 2665/3093/2582
f 3749/1686/1462 3755/821/727 3754/4057/3239 3748/4058/3240
f 1016/1980/920 1021/1495/1311 1014/1494/1310 1015/4726/538
f 2044/3567/2905 2043/2875/2428 2037/2540/2150 2038/1212/1068
f 448/950/843 454/3983/3192 453/3984/2030 447/951/844
f 3445/714/633 3449/2132/1832 3448/1832/1592 3444/2685/2272
f 2662/778/689 2661/777/688 2654/1364/1191 2655/3941/3161
f 3166/2195/1880 3165/4278/3356 3161/4029/3222 3162/2545/2151
f 356/1835/1595 363/1834/1594 362/4727/2490 361/4350/1728
f 1867/2560/2163 1873/2287/1960 1872/1400/1224 1866/1403/1227
f 2514/3705/3006 2520/2167/1857 2519/2169/1859 2513/2334/1994
f 3777/726/645 3782/1318/1156 3786/4428/428 3781/4456/51
f 932/1332/1170 931/2944/2473 926/3250/2686 927/4039/3227
f 3433/3899/3139 3432/4615/3517 3428/913/806 3429/912/805
f 1415/1139/1006 1419/608/541 1423/611/284 1414/1140/1007
f 457/1407/1231 456/3455/2824 450/2637/2232 451/2636/2231
f 3343/1323/1161 3342/4505/3471 3336/2855/2410 3337/1324/1162
f 3572/543/485 3577/4062/3244 3576/4266/3350 3571/544/486
f 2676/3469/153 2681/3468/2832 2675/4508/3472 2670/4688/284
f 1127/1905/1649 1126/1904/1648 1119/2669/2259 1120/3470/2833
f 2022/3273/2705 2027/811/718 2031/814/284 2026/3274/146
f 631/2246/1922 628/417/376 629/3613/2941 630/2913/2455
f 1259/3830/3098 1264/4114/3265 1269/4115/1734 1258/4538/547
f 1311/1346/1178 1310/1966/1695 1304/4290/3363 1305/1107/980
f 642/4376/3408 647/717/636 651/720/639 646/2822/2378
f 2319/3021/2533 2325/4531/3483 2324/4331/3385 2318/3649/2966
f 431/1065/944 437/264/245 436/263/1215 430/1393/1218
f 2479/2880/2431 2486/3288/2714 2485/3406/51 2484/4573/153
f 1548/1193/1055 1547/1230/1083 1541/1229/1082 1542/1194/1056
f 3769/2547/2153 3768/2546/2152 3763/4269/3351 3764/1974/1703
f 388/1700/1474 387/1272/1119 381/1940/1678 382/3912/3144
f 976/2862/2415 975/534/476 970/2711/2290 971/2161/1851
f 2691/1716/1489 2690/1057/936 2684/1056/935 2685/4270/3352
f 1302/4001/3203 1308/1981/1709 1307/1984/178 1301/4728/51
f 1364/1382/1207 1363/3155/2626 1357/1234/1086 1358/1233/1085
f 1121/1143/1010 1128/3897/3138 1127/1905/1649 1120/3470/2833
f 3062/639/568 3061/638/567 3056/2946/2475 3057/1414/1238
f 614/924/817 619/923/816 618/1847/1605 613/982/871
f 3355/4502/284 3356/4474/106 3360/1811/1573 3354/4501/3470
f 1159/2999/2517 1165/4352/3394 1164/4354/3396 1158/3000/2518
f 654/1295/1140 653/3920/3149 648/4379/3409 649/1296/1141
f 379/4048/1680 378/4047/3232 373/2961/2488 368/2960/2487
f 755/3652/2968 754/515/461 749/514/460 750/2871/2424
f 2079/2044/1755 2083/1657/1438 2087/1660/1440 2078/4381/106
f 227/3591/2926 226/485/434 218/624/554 219/623/553
f 800/1304/1147 799/1303/1146 794/4221/3324 795/2079/1786
f 3321/64/63 3329/1096/969 3328/3263/2697 3320/65/64
f 3669/4590/51 3665/2742/2315 3670/4729/3568
f 3665/2742/2315 3666/447/403 3670/4730/3569
f 3666/447/403 3667/446/402 3670/4731/3570
f 3667/446/402 3668/4129/3269 3670/4732/3571
f 3668/4129/3269 3669/4128/51 3670/4733/3568
f 2184/4390/153 2193/4206/3313 2192/162/155 2188/165/158
f 154/3735/3029 153/4568/3501 138/379/345 139/316/294
f 1636/4734/153 1641/653/51 1640/655/579 1635/4367/3404
f 3680/1216/1072 3679/4126/3268 3672/4735/284
f 3671/4736/51 3672/4735/284 3679/4126/3268
f 136/383/349 151/3046/2547 150/1269/1116 135/384/350
f 1806/3867/3116 1809/4737/3572 1805/3865/3115 1800/3863/3113
f 273/838/737 276/836/742 271/1947/1685 272/1946/1684
f 1740/3806/3079 1743/4738/3573 1739/2394/2041 1735/3802/3076
f 764/2283/1956 767/2210/1893 766/2208/1891 763/2284/1957
f 2948/2910/2452 2953/2909/2451 2952/3736/3030 2947/3739/3033
f 99/187/180 116/1617/1406 115/4397/3415 98/210/201
f 1620/881/782 1619/880/781 1614/342/317 1615/3286/2712
f 1759/579/515 1765/2429/2065 1764/4702/2652 1763/899/51
f 3690/2419/106 3691/2401/51 3695/2404/2046 3689/2420/2058
f 2218/270/251 2223/338/313 2222/288/267 2217/271/252
f 3398/1062/941 3397/1061/940 3396/2417/2057 3395/4251/3343
f 196/4459/3447 203/2125/1827 202/2127/1829 195/2170/1860
f 3602/3424/2803 3610/3091/2581 3614/3092/178 3601/3425/371
f 841/3087/2578 845/885/786 844/508/454 840/511/457
f 111/100/98 128/297/276 127/298/277 110/101/99
f 3790/480/429 3789/3524/2870 3784/3523/2869 3785/481/430
f 1907/4050/3234 1906/4049/3233 1905/3971/3183 1904/3970/3182
f 2222/288/267 2221/287/266 2216/3322/2740 2217/271/252
f 3226/4303/3370 3225/1352/1184 3219/2692/2277 3220/3554/2893
f 2114/3597/2929 2118/4140/3277 2122/4139/178 2113/4163/284
f 3018/4164/51 3015/3292/2718 3016/4218/3323 3017/4739/284
f 1631/4372/51 1636/4734/153 1635/4367/3404 1630/4166/3290
f 2607/246/231 2611/3815/3085 2610/4235/3332 2606/3663/2976
f 131/355/330 130/203/194 114/202/193 115/4397/3415
f 772/2218/1899 771/2220/1901 770/4706/2810 777/4740/3499
f 3708/2510/2126 3702/2919/2459 3709/2509/2125
f 3703/2918/2458 3709/2509/2125 3702/2919/2459
f 3714/322/299 3719/321/298 3718/2360/2015 3713/2363/2018
f 3710/3170/2637 3704/3692/2996 3706/3430/51
f 3705/4497/2447 3706/3430/51 3704/3692/2996
f 861/2105/1807 860/3550/2889 856/1285/1130 857/1284/1129
f 3695/2404/2046 3694/250/235 3688/249/234 3689/2420/2058
f 3234/4741/341 3239/4642/341 3243/4640/3530 3238/4386/3412
f 3712/2362/2017 3717/2361/2016 3716/4742/284 3711/4438/106
f 3102/2676/2264 3099/2675/2263 3100/3171/2638 3101/4189/3303
f 2128/4151/3284 2137/846/748 2136/328/305 2127/331/308
f 143/15/15 142/3880/3124 126/2487/2111 127/298/277
f 2231/3847/3107 2235/4243/3337 2239/4242/153 2230/4633/284
f 3508/199/190 3513/198/189 3517/3854/153 3512/4519/51
f 86/155/149 85/150/145 23/36/36 28/46/46
f 3722/3719/3019 3718/2360/2015 3723/4318/3376
f 3719/321/298 3723/4318/3376 3718/2360/2015
f 3719/321/298 3720/320/297 3723/4318/3376
f 96/3859/174 95/99/97 73/124/121 3/133/7
f 3809/92/90 3808/91/89 3816/4310/106 3817/4743/51
f 407/4170/3294 406/4169/3293 405/4219/1118 416/4744/1117
f 3721/2505/2123 3722/3719/3019 3726/2506/2124
f 3727/138/133 3726/2506/2124 3722/3719/3019
f 3727/138/133 3722/3719/3019 3728/4317/3375
f 3723/4318/3376 3728/4317/3375 3722/3719/3019
f 3729/4696/3555 3728/4317/3375 3724/3639/2957
f 2625/2358/2013 2624/2357/2012 2619/3497/2850 2620/3604/2936
f 3735/4745/153 3730/2507/341 3731/137/132
f 3726/2506/2124 3731/137/132 3730/2507/341
f 3726/2506/2124 3727/138/133 3731/137/132
f 1668/3720/3020 1672/4746/3574 1667/3718/3018 1664/3717/3017
f 3732/135/130 3727/138/133 3733/4747/3575
f 3728/4317/3375 3733/4747/3575 3727/138/133
f 3728/4317/3375 3729/4696/3555 3733/4747/3575
f 3734/4748/3576 3733/4747/3575 3729/4696/3555
f 3734/4748/3576 3729/4696/3555 3735/4749/153
f 3730/4695/341 3735/4749/153 3729/4696/3555
f 3735/4745/153 3731/137/132 3736/4750/3577
f 3732/135/130 3733/4747/3575 3736/4751/3578
f 3733/4747/3575 3734/4748/3576 3736/4752/3579
f 3734/4748/3576 3735/4749/153 3736/4753/3577
f 2339/3842/3105 2346/4168/3292 2345/4307/146 2344/3843/106
f 1768/3071/2568 1767/3070/2567 1761/4556/3496 1762/3573/2909
f 3634/1110/51 3639/1567/284 3638/1570/1369 3633/1111/982
f 2645/3967/3179 2644/1363/1190 2643/1366/1193 2642/4754/3580
f 675/3287/2713 674/2589/2188 669/2588/2187 670/4486/3463
f 2330/2181/1869 2335/2746/2318 2334/3296/2721 2329/2182/1870
f 306/1710/1483 305/3277/2707 299/3598/2930 300/392/358
f 271/1947/1685 276/836/742 275/834/740 270/1827/1587
f 3378/423/382 3384/422/381 3383/685/606 3377/3683/2991
f 2296/4346/178 2295/1431/1253 2290/1430/1252 2285/3316/51
f 923/1557/1360 922/1556/1359 915/2536/2147 916/1871/1621
f 1857/2936/2467 1862/4008/3209 1861/4009/3210 1856/3002/2519
f 2429/4503/106 2428/1009/896 2423/1008/895 2418/4463/153
f 3785/481/430 3784/3523/2869 3779/3535/2877 3780/2558/2161
f 656/719/638 655/1294/1139 650/1293/1138 651/720/639
f 674/2589/2188 679/2051/1762 678/1805/1567 673/1808/1570
f 1273/1288/1133 1272/824/730 1266/823/729 1267/1289/1134
f 2300/2659/2250 2305/1150/1016 2304/1153/1019 2299/2089/1793
f 2819/2974/2495 2818/3133/2609 2812/1789/1553 2813/1788/1552
f 3553/1362/1189 3552/2176/1864 3547/2940/2469 3548/1299/1142
f 1416/2595/2193 1415/1139/1006 1409/1138/1005 1410/2596/2194
f 2682/1390/1213 2688/4510/3473 2693/4687/51 2687/2702/51
f 3647/1930/1670 3646/1929/1669 3641/1435/1257 3642/1434/1256
f 944/2602/2200 949/1703/1477 954/1800/721 943/4273/724
f 2499/2663/2253 2506/2118/1820 2505/2120/1822 2498/2664/2254
f 2524/1890/1635 2529/2490/2114 2528/595/530 2523/1891/1636
f 1560/4674/153 1561/2405/106 1565/2055/1766 1559/2058/1769
f 637/1971/1700 643/1970/1699 642/4672/3408 641/3833/3100
f 2640/1611/1403 2652/1545/1349 2657/4023/284 2651/1612/51
f 1287/670/593 1284/2135/1835 1285/2134/1834 1286/4719/3563
f 3421/3356/2761 3420/3472/2835 3415/2107/1809 3416/2015/1736
f 1129/1553/1356 1128/3897/3138 1121/1143/1010 1122/1142/1009
f 2833/4517/153 2838/4291/3364 2831/1652/1434 2832/1651/106
f 3755/821/727 3759/820/726 3758/1975/1704 3754/4057/3239
f 1113/740/51 1118/739/657 1111/1922/1662 1112/4755/51
f 1372/3308/284 1371/3306/2730 1365/1381/1206 1366/4618/51
f 730/1978/1707 729/2424/2062 725/1638/1423 726/1979/1708
f 363/1834/1594 369/4095/3258 368/4108/2487 362/4727/2490
f 700/2973/2494 699/3913/3145 694/2164/1854 695/2163/1853
f 2858/3484/2841 2865/235/224 2864/4174/51 2863/4689/371
f 1752/3822/3092 1749/3821/3091 1750/3820/3090 1751/3823/3093
f 432/1066/945 431/1065/944 425/2198/1882 426/1197/1059
f 2899/3395/2783 2904/2258/1934 2903/2261/1937 2898/3242/2681
f 3823/1841/1601 3829/2682/2269 3828/4596/51 3827/1842/153
f 2368/4130/3270 2365/3755/3045 2366/4699/3556 2367/4191/3305
f 3241/3709/3009 3240/1207/1065 3235/868/769 3236/867/768
f 1728/363/336 1734/2393/2040 1733/2396/106 1732/364/51
f 1655/3691/2995 1660/3710/3010 1659/3478/2838 1654/293/272
f 805/2435/2069 808/3687/2992 807/4524/3480 804/1301/1144
f 2276/4193/3306 2281/2571/2172 2280/2984/2503 2275/4194/3307
f 3787/3689/2993 3793/3947/3166 3791/3949/51
f 3859/3507/2858 3858/2173/1863 3854/2172/1862 3855/3560/2899
f 3741/1687/1463 3749/1686/1462 3748/4058/3240 3740/4237/3333
f 1436/3298/2723 1442/3600/2932 1441/577/513 1435/3873/3119
f 2522/3012/2527 2527/594/529 2532/4429/1842 2521/4296/51
f 3858/2173/1863 3863/3506/2857 3867/4566/371 3862/2174/51
f 715/290/269 721/1637/1422 724/1640/1425 714/4710/3537
f 1706/3527/2872 1705/2237/1915 1701/3670/2981 1702/3505/2856
f 3795/3549/2888 3799/229/218 3794/232/221
f 1015/4726/538 1014/1494/1310 439/2765/2975 440/4392/539
f 1186/3047/2548 1185/1897/1642 1180/1896/1641 1181/3048/2549
f 3806/4756/284 3801/4391/51 3802/357/332
f 3803/356/331 3798/231/220 3804/230/219
f 3394/4250/3342 3393/2416/2056 3392/4378/51 3401/4757/178
f 1664/3717/3017 1663/3716/3016 1658/2328/1990 1659/3478/2838
f 3806/4756/284 3802/357/332 3807/4758/3581
f 3802/357/332 3803/356/331 3807/4759/3582
f 3803/356/331 3804/230/219 3807/4760/3583
f 3804/230/219 3805/3851/3108 3807/4761/3584
f 3805/3851/3108 3806/3850/284 3807/4762/3581
f 2973/3575/2911 2972/1258/1108 2967/1257/1107 2968/857/759
f 1704/2240/1918 1703/4177/3296 1699/3615/2943 1700/3614/2942
f 2117/648/574 2116/2347/2005 2111/2346/2004 2112/649/575
f 400/1251/1102 399/1249/1100 392/1273/1120 393/1699/1473
f 2889/1312/1152 2888/1311/1151 2883/754/670 2884/3450/2820
f 2902/2327/1989 2908/2326/1988 2907/2892/2441 2901/1102/975
f 2086/2969/2492 2085/612/543 2081/762/675 2082/2021/1740
f 188/4460/3448 196/4459/3447 195/2170/1860 187/265/246
f 3026/1054/933 3032/1053/932 3031/4593/3457 3025/3233/153
f 386/1226/1081 391/1223/1078 385/4046/3231 380/4045/1679
f 3659/2579/51 3660/4127/547 3664/1132/999 3658/1134/1001
f 2338/4121/153 2337/4120/3266 2332/4530/3482 2327/4529/51
f 2436/1596/1392 2442/2591/2190 2447/2592/1415 2441/1597/284
f 550/1485/1301 549/1012/899 543/2370/2025 544/1239/1091
f 1429/3875/3121 1434/3874/3120 1438/4107/371 1433/4280/51
f 3158/2544/284 3167/2192/1878 3166/2195/1880 3162/2545/2151
f 378/4047/3232 385/4046/3231 384/3891/3135 377/4295/3367
f 2073/3159/51 2078/3722/106 2082/2021/1740 2077/2022/1741
f 2004/3363/2765 2010/3435/2808 2009/4299/3369 2003/3392/2781
f 2710/1547/1350 2717/783/694 2716/786/697 2709/2605/2203
f 1987/3892/3136 1992/2030/1747 1996/2033/51 1991/4544/178
f 982/1351/1183 981/535/477 975/534/476 976/2862/2415
f 1084/2643/2238 1083/2618/2215 1076/2617/2214 1077/4536/3485
f 3591/1590/1386 3590/4123/3267 3585/3750/3042 3586/1591/1387
f 359/3166/2633 358/2761/2330 353/2760/2329 354/4500/3469
f 3844/389/355 3843/3185/2648 3839/3215/2666 3840/3214/2665
f 1086/4283/3358 1085/4282/3357 1078/1992/1718 1079/1991/1717
f 2332/4530/3482 2337/4120/3266 2336/2745/2317 2331/2747/2319
f 2643/1366/1193 2640/1611/1403 2641/1610/1402 2642/4754/3580
f 3835/1912/1654 3841/1911/1653 3840/3214/2665 3834/3217/2668
f 2507/2153/1846 2506/2118/1820 2499/2663/2253 2500/893/792
f 2730/619/371 2735/618/549 2729/926/819 2724/4065/51
f 1295/2604/2202 1302/4001/3203 1301/4728/51 1300/4304/284
f 2325/4531/3483 2332/4530/3482 2331/2747/2319 2324/4331/3385
f 2089/614/545 2088/1658/1439 2083/1657/1438 2084/615/546
f 165/455/409 164/450/406 147/1305/1148 148/42/42
f 2856/4478/3459 2855/864/765 2845/863/764 2848/2279/1952
f 3233/2301/284 3234/4741/341 3238/4386/3412 3232/2302/1970
f 866/4195/2891 865/2103/1805 862/2102/1804 859/4176/2892
f 1579/704/623 1578/4263/3349 1573/1919/1659 1574/4348/3392
f 3076/4010/3211 3075/4395/3414 3069/2752/2324 3070/3953/3168
f 2880/2694/2278 2879/3449/2819 2873/1934/1674 2874/1933/1673
f 2373/4226/3326 2381/1696/1470 2380/1697/1471 2372/2680/2267
f 2492/3404/2788 2497/3480/2839 2502/3483/51 2491/3405/284
f 2654/1364/1191 2661/777/688 2660/1543/1347 2653/1365/1192
f 3083/1650/1433 3082/640/569 3075/4395/3414 3076/4010/3211
f 182/484/433 181/477/427 172/476/426 173/482/431
f 1493/760/673 1492/3943/3163 1487/3461/2826 1488/2305/1972
f 1207/711/630 1206/1087/962 1196/1626/1413 1199/712/631
f 2376/4591/51 2381/1696/1470 2373/4226/3326 2375/4677/51
f 740/3935/2917 739/628/558 735/627/557 736/2121/1823
f 3179/954/847 3187/1894/1639 3186/2667/2257 3178/3153/2625
f 2529/2490/2114 2535/3398/2785 2534/592/527 2528/595/530
f 2141/848/750 2140/4534/3484 2135/329/306 2136/328/305
f 1685/3577/2913 1690/689/610 1689/692/613 1684/3933/3158
f 828/308/286 833/664/587 832/206/197 827/209/200
f 2217/271/252 2216/3322/2740 2211/3321/2739 2212/272/253
f 1195/1627/1414 1192/2378/2032 1193/4570/3502 1194/4388/3413
f 1903/3969/3181 1902/3335/2749 1901/3338/371 1910/4763/106
f 813/1877/467 812/1876/1624 808/3687/2992 809/3686/2574
f 1293/4432/3430 1292/3463/2828 1291/3169/2636 1290/4709/3559
f 3672/4735/284 3681/2418/284 3685/1214/1070 3680/1216/1072
f 3874/215/204 3870/218/207 3875/4234/3331
f 3871/2233/1911 3875/4234/3331 3870/218/207
f 3871/2233/1911 3872/2323/1985 3875/4234/3331
f 2576/3409/2791 2575/3408/2790 2565/3740/3034 2568/3801/3075
f 3876/4232/3329 3872/2323/1985 3877/4764/51
f 3868/2322/1984 3877/4764/51 3872/2323/1985
f 3877/4634/51 3873/216/205 3878/4765/3585
f 3873/216/205 3874/215/204 3878/4766/3586
f 3874/215/204 3875/4234/3331 3878/4767/3587
f 3876/4232/3329 3877/4764/51 3878/4768/3585
f 3674/4609/3515 3673/2353/2009 3672/2354/284 3671/4769/51
f 1531/731/650 1539/730/649 1538/1829/1589 1530/1881/1626
f 1786/351/326 1785/3792/3069 1779/4240/3336 1780/352/327
f 1707/3526/284 1712/3785/153 1711/3759/3048 1706/3527/2872
f 3509/200/191 3508/199/190 3504/2324/1986 3505/841/745
f 2864/898/51 2869/897/795 2862/4477/3458 2863/4655/371
f 761/4022/3218 764/2283/1956 760/1262/1110 757/1261/1109
f 1161/2155/1848 1168/2750/2322 1167/3025/51 1166/2156/51
f 1582/4230/3328 1581/4186/3301 1576/4419/3427 1577/4418/3426
f 2549/3836/3102 2548/3758/3047 2542/3399/2786 2543/3537/2879
f 2538/3655/51 2537/3601/2933 2531/2149/1843 2532/2148/1842
f 1112/4755/51 1111/1922/1662 1104/177/170 1095/2903/2314
f 1695/690/611 1701/3670/2981 1700/3614/2942 1694/691/612
f 784/3946/3165 783/2331/1992 778/2330/1991 779/3675/2986
f 2614/4770/371 2623/3706/2851 2622/2076/1783 2618/3787/3064
f 3223/3659/106 3224/2300/1185 3228/2303/1971 3222/3660/2973
f 3704/3692/2996 3703/2918/2458 3699/2917/2457 3700/2403/2045
f 97/844/746 114/202/193 113/205/196 112/845/747
f 3401/4771/178 3392/4222/51 3400/1060/939 3399/1063/942
f 396/1224/1079 403/1245/1097 395/1242/1094 390/1225/1080
f 208/4427/2960 207/3838/3103 200/3440/2812 193/4599/1927
f 3468/3646/2963 3476/4005/3207 3475/1290/1135 3467/1292/1137
f 191/3442/2814 190/2367/2022 181/477/427 182/484/433
f 189/2368/2023 188/4460/3448 179/463/417 180/470/422
f 3221/4454/3445 3227/4175/3295 3226/4303/3370 3220/3554/2893
f 1651/1310/284 1652/4415/51 1656/3690/2994 1650/434/390
f 3281/876/777 3285/4248/3341 3289/4455/284 3280/4498/153
f 2124/330/307 2135/329/306 2134/4718/1938 2132/4147/106
f 3293/2236/1914 3297/345/320 3296/346/321 3292/3533/2875
f 129/4725/195 144/12/12 128/297/276 113/3767/196
f 158/14/14 157/492/440 142/3880/3124 143/15/15
f 3717/2361/2016 3721/2505/2123 3725/2508/106 3716/4742/284
f 1455/4363/3402 1454/2253/1929 1453/3422/2801 1452/3421/2800
f 2242/852/754 2241/2466/2095 2235/4243/3337 2236/2896/2443
f 2613/4159/106 2614/4770/371 2618/3787/3064 2612/3816/3086
f 914/2535/2146 913/2532/2143 280/498/2142 281/222/211
f 1231/3994/3200 1230/3993/3199 1224/2842/2398 1225/2841/2397
f 482/2759/1261 481/1501/1317 475/2796/2357 476/2795/1262
f 474/1514/1327 473/1513/1326 468/3097/2586 469/3096/2585
usemtl Leaves_TwistedTree.002
f 7143/4772/3588 7146/4773/3589 7145/4774/3590 7144/4775/3591
f 6343/4772/3592 6346/4773/3593 6345/4774/3594 6344/4775/3595
f 5983/4772/3596 5986/4773/3597 5985/4774/3598 5984/4775/3599
f 6283/4772/3600 6286/4773/3601 6285/4774/3602 6284/4775/3603
f 4202/4776/3604 4201/4777/3605 4200/4778/3606 4199/4779/3607
f 8803/4772/3608 8806/4773/3609 8805/4774/3610 8804/4775/3611
f 4555/4772/3612 4558/4773/3613 4557/4774/3614 4556/4775/3615
f 4910/4776/3616 4909/4777/3617 4908/4778/3618 4907/4779/3619
f 7171/4772/3620 7174/4773/3621 7173/4774/3622 7172/4775/3623
f 8347/4772/3624 8350/4773/3625 8349/4774/3626 8348/4775/3627
f 6338/4776/3628 6337/4777/3629 6336/4778/3630 6335/4779/3631
f 7723/4772/3632 7726/4773/3633 7725/4774/3634 7724/4775/3635
f 5907/4772/3636 5910/4773/3637 5909/4774/3638 5908/4775/3639
f 5126/4776/3640 5125/4777/3641 5124/4778/3642 5123/4779/3643
f 8911/4772/3644 8914/4773/3645 8913/4774/3646 8912/4775/3647
f 7083/4772/3648 7086/4773/3649 7085/4774/3650 7084/4775/3651
f 9170/4776/3652 9169/4777/3653 9168/4778/3654 9167/4779/3655
f 5359/4772/3656 5362/4773/3657 5361/4774/3658 5360/4775/3659
f 5331/4772/3660 5334/4773/3661 5333/4774/3662 5332/4775/3663
f 4010/4776/3664 4009/4777/3665 4008/4778/3666 4007/4779/3667
f 6067/4772/3668 6070/4773/3669 6069/4774/3670 6068/4775/3671
f 7359/4772/3672 7362/4773/3673 7361/4774/3674 7360/4775/3675
f 8090/4776/3676 8089/4777/3677 8088/4778/3678 8087/4779/3679
f 4243/4772/3680 4246/4773/3681 4245/4774/3682 4244/4775/3683
f 7603/4772/3684 7606/4773/3685 7605/4774/3686 7604/4775/3687
f 5798/4776/3688 5797/4777/3689 5796/4778/3690 5795/4779/3691
f 5107/4772/3692 5110/4773/3693 5109/4774/3694 5108/4775/3695
f 8199/4772/3696 8202/4773/3697 8201/4774/3698 8200/4775/3699
f 8354/4776/3700 8353/4777/3701 8352/4778/3702 8351/4779/3703
f 4735/4772/3704 4738/4773/3705 4737/4774/3706 4736/4775/3707
f 4311/4772/3708 4314/4773/3709 4313/4774/3710 4312/4775/3711
f 8966/4776/3712 8965/4777/3713 8964/4778/3714 8963/4779/3715
f 4543/4772/3716 4546/4773/3717 4545/4774/3718 4544/4775/3719
f 4459/4772/3720 4462/4773/3721 4461/4774/3722 4460/4775/3723
f 4718/4776/3724 4717/4777/3725 4716/4778/3726 4715/4779/3727
f 8499/4772/3728 8502/4773/3729 8501/4774/3730 8500/4775/3731
f 5119/4772/3732 5122/4773/3733 5121/4774/3734 5120/4775/3735
f 5786/4776/3736 5785/4777/3737 5784/4778/3738 5783/4779/3739
f 7279/4772/3740 7282/4773/3741 7281/4774/3742 7280/4775/3743
f 4903/4772/3744 4906/4773/3745 4905/4774/3746 4904/4775/3747
f 6866/4776/3748 6865/4777/3749 6864/4778/3750 6863/4779/3751
f 7503/4772/3752 7506/4773/3753 7505/4774/3754 7504/4775/3755
f 5683/4772/3756 5686/4773/3757 5685/4774/3758 5684/4775/3759
f 5882/4776/3760 5881/4777/3761 5880/4778/3762 5879/4779/3763
f 6399/4772/3764 6402/4773/3765 6401/4774/3766 6400/4775/3767
f 3979/4772/3768 3982/4773/3769 3981/4774/3770 3980/4775/3771
f 3890/4776/3772 3889/4777/3773 3888/4778/3774 3887/4779/3775
f 7431/4772/3776 7434/4773/3777 7433/4774/3778 7432/4775/3779
f 8671/4772/3780 8674/4773/3781 8673/4774/3782 8672/4775/3783
f 6074/4776/3784 6073/4777/3785 6072/4778/3786 6071/4779/3787
f 3907/4772/3788 3910/4773/3789 3909/4774/3790 3908/4775/3791
f 5667/4772/3792 5670/4773/3793 5669/4774/3794 5668/4775/3795
f 6770/4776/3796 6769/4777/3797 6768/4778/3798 6767/4779/3799
f 9135/4772/3800 9138/4773/3801 9137/4774/3802 9136/4775/3803
f 6871/4772/3804 6874/4773/3805 6873/4774/3806 6872/4775/3807
f 6266/4776/3808 6265/4777/3809 6264/4778/3810 6263/4779/3811
f 9199/4772/3812 9202/4773/3813 9201/4774/3814 9200/4775/3815
f 4575/4772/3816 4578/4773/3817 4577/4774/3818 4576/4775/3819
f 4334/4776/3820 4333/4777/3821 4332/4778/3822 4331/4779/3823
f 4987/4772/3824 4990/4773/3825 4989/4774/3826 4988/4775/3827
f 8787/4772/3828 8790/4773/3829 8789/4774/3830 8788/4775/3831
f 8810/4776/3832 8809/4777/3833 8808/4778/3834 8807/4779/3835
f 4255/4772/3836 4258/4773/3837 4257/4774/3838 4256/4775/3839
f 4063/4772/3840 4066/4773/3841 4065/4774/3842 4064/4775/3843
f 3926/4776/3844 3925/4777/3845 3924/4778/3846 3923/4779/3847
f 8391/4772/3848 8394/4773/3849 8393/4774/3850 8392/4775/3851
f 4975/4772/3852 4978/4773/3853 4977/4774/3854 4976/4775/3855
f 8198/4776/3856 8197/4777/3857 8196/4778/3858 8195/4779/3859
f 5391/4772/3860 5394/4773/3861 5393/4774/3862 5392/4775/3863
f 8995/4772/3864 8998/4773/3865 8997/4774/3866 8996/4775/3867
f 5942/4776/3868 5941/4777/3869 5940/4778/3870 5939/4779/3871
f 6679/4772/3872 6682/4773/3873 6681/4774/3874 6680/4775/3875
f 9139/4772/3876 9142/4773/3877 9141/4774/3878 9140/4775/3879
f 4946/4776/3880 4945/4777/3881 4944/4778/3882 4943/4779/3883
f 8235/4772/3884 8238/4773/3885 8237/4774/3886 8236/4775/3887
f 7215/4772/3888 7218/4773/3889 7217/4774/3890 7216/4775/3891
f 7778/4776/3892 7777/4777/3893 7776/4778/3894 7775/4779/3895
f 5043/4772/3896 5046/4773/3897 5045/4774/3898 5044/4775/3899
f 4087/4772/3900 4090/4773/3901 4089/4774/3902 4088/4775/3903
f 6086/4776/3904 6085/4777/3905 6084/4778/3906 6083/4779/3907
f 8983/4772/3908 8986/4773/3909 8985/4774/3910 8984/4775/3911
f 9231/4772/3912 9234/4773/3913 9233/4774/3914 9232/4775/3915
f 7862/4776/3916 7861/4777/3917 7860/4778/3918 7859/4779/3919
f 5875/4772/3920 5878/4773/3921 5877/4774/3922 5876/4775/3923
f 6211/4772/3924 6214/4773/3925 6213/4774/3926 6212/4775/3927
f 4514/4776/3928 4513/4777/3929 4512/4778/3930 4511/4779/3931
f 7519/4772/3932 7522/4773/3933 7521/4774/3934 7520/4775/3935
f 8419/4772/3936 8422/4773/3937 8421/4774/3938 8420/4775/3939
f 7706/4776/3940 7705/4777/3941 7704/4778/3942 7703/4779/3943
f 5703/4772/3944 5706/4773/3945 5705/4774/3946 5704/4775/3947
f 5623/4772/3948 5626/4773/3949 5625/4774/3950 5624/4775/3951
f 4886/4776/3952 4885/4777/3953 4884/4778/3954 4883/4779/3955
f 9115/4772/3956 9118/4773/3957 9117/4774/3958 9116/4775/3959
f 5335/4772/3960 5338/4773/3961 5337/4774/3962 5336/4775/3963
f 6422/4776/3964 6421/4777/3965 6420/4778/3966 6419/4779/3967
f 6823/4772/3968 6826/4773/3969 6825/4774/3970 6824/4775/3971
f 6759/4772/3972 6762/4773/3973 6761/4774/3974 6760/4775/3975
f 4034/4776/3976 4033/4777/3977 4032/4778/3978 4031/4779/3979
f 7275/4772/3980 7278/4773/3981 7277/4774/3982 7276/4775/3983
f 4299/4772/3984 4302/4773/3985 4301/4774/3986 4300/4775/3987
f 4382/4776/3988 4381/4777/3989 4380/4778/3990 4379/4779/3991
f 6859/4772/3992 6862/4773/3993 6861/4774/3994 6860/4775/3995
f 5959/4772/3996 5962/4773/3997 5961/4774/3998 5960/4775/3999
f 7466/4776/4000 7465/4777/4001 7464/4778/4002 7463/4779/4003
f 8779/4772/4004 8782/4773/4005 8781/4774/4006 8780/4775/4007
f 7267/4772/4008 7270/4773/4009 7269/4774/4010 7268/4775/4011
f 7502/4776/4012 7501/4777/4013 7500/4778/4014 7499/4779/4015
f 7647/4772/4016 7650/4773/4017 7649/4774/4018 7648/4775/4019
f 4291/4772/4020 4294/4773/4021 4293/4774/4022 4292/4775/4023
f 6026/4776/4024 6025/4777/4025 6024/4778/4026 6023/4779/4027
f 6783/4772/4028 6786/4773/4029 6785/4774/4030 6784/4775/4031
f 6675/4772/4032 6678/4773/4033 6677/4774/4034 6676/4775/4035
f 5486/4776/4036 5485/4777/4037 5484/4778/4038 5483/4779/4039
f 7567/4772/4040 7570/4773/4041 7569/4774/4042 7568/4775/4043
f 8103/4772/4044 8106/4773/4045 8105/4774/4046 8104/4775/4047
f 6098/4776/4048 6097/4777/4049 6096/4778/4050 6095/4779/4051
f 8451/4772/4052 8454/4773/4053 8453/4774/4054 8452/4775/4055
f 4215/4772/4056 4218/4773/4057 4217/4774/4058 4216/4775/4059
f 7226/4776/4060 7225/4777/4061 7224/4778/4062 7223/4779/4063
f 8259/4772/4064 8262/4773/4065 8261/4774/4066 8260/4775/4067
f 7467/4772/4068 7470/4773/4069 7469/4774/4070 7468/4775/4071
f 4310/4776/4072 4309/4777/4073 4308/4778/4074 4307/4779/4075
f 5743/4772/4076 5746/4773/4077 5745/4774/4078 5744/4775/4079
f 7899/4772/4080 7902/4773/4081 7901/4774/4082 7900/4775/4083
f 7934/4776/4084 7933/4777/4085 7932/4778/4086 7931/4779/4087
f 8535/4772/4088 8538/4773/4089 8537/4774/4090 8536/4775/4091
f 6831/4772/4092 6834/4773/4093 6833/4774/4094 6832/4775/4095
f 6230/4776/4096 6229/4777/4097 6228/4778/4098 6227/4779/4099
f 5251/4772/4100 5254/4773/4101 5253/4774/4102 5252/4775/4103
f 7491/4772/4104 7494/4773/4105 7493/4774/4106 7492/4775/4107
f 3950/4776/4108 3949/4777/4109 3948/4778/4110 3947/4779/4111
f 7011/4772/4112 7014/4773/4113 7013/4774/4114 7012/4775/4115
f 9175/4772/4116 9178/4773/4117 9177/4774/4118 9176/4775/4119
f 5414/4776/4120 5413/4777/4121 5412/4778/4122 5411/4779/4123
f 8187/4772/4124 8190/4773/4125 8189/4774/4126 8188/4775/4127
f 6319/4772/4128 6322/4773/4129 6321/4774/4130 6320/4775/4131
f 5606/4776/4132 5605/4777/4133 5604/4778/4134 5603/4779/4135
f 9247/4772/4136 9250/4773/4137 9249/4774/4138 9248/4775/4139
f 8827/4772/4140 8830/4773/4141 8829/4774/4142 8828/4775/4143
f 4070/4776/4144 4069/4777/4145 4068/4778/4146 4067/4779/4147
f 7099/4772/4148 7102/4773/4149 7101/4774/4150 7100/4775/4151
f 9087/4772/4152 9090/4773/4153 9089/4774/4154 9088/4775/4155
f 5258/4776/4156 5257/4777/4157 5256/4778/4158 5255/4779/4159
f 6747/4772/4160 6750/4773/4161 6749/4774/4162 6748/4775/4163
f 8155/4772/4164 8158/4773/4165 8157/4774/4166 8156/4775/4167
f 6182/4776/4168 6181/4777/4169 6180/4778/4170 6179/4779/4171
f 8539/4772/4172 8542/4773/4173 8541/4774/4174 8540/4775/4175
f 3939/4772/4176 3942/4773/4177 3941/4774/4178 3940/4775/4179
f 3938/4776/4180 3937/4777/4181 3936/4778/4182 3935/4779/4183
f 7179/4772/4184 7182/4773/4185 7181/4774/4186 7180/4775/4187
f 7039/4772/4188 7042/4773/4189 7041/4774/4190 7040/4775/4191
f 8462/4776/4192 8461/4777/4193 8460/4778/4194 8459/4779/4195
f 6907/4772/4196 6910/4773/4197 6909/4774/4198 6908/4775/4199
f 7743/4772/4200 7746/4773/4201 7745/4774/4202 7744/4775/4203
f 4826/4776/4204 4825/4777/4205 4824/4778/4206 4823/4779/4207
f 8071/4772/4208 8074/4773/4209 8073/4774/4210 8072/4775/4211
f 4387/4772/4212 4390/4773/4213 4389/4774/4214 4388/4775/4215
f 7046/4776/4216 7045/4777/4217 7044/4778/4218 7043/4779/4219
f 5727/4772/4220 5730/4773/4221 5729/4774/4222 5728/4775/4223
f 6099/4772/4224 6102/4773/4225 6101/4774/4226 6100/4775/4227
f 4766/4776/4228 4765/4777/4229 4764/4778/4230 4763/4779/4231
f 9075/4772/4232 9078/4773/4233 9077/4774/4234 9076/4775/4235
f 7471/4772/4236 7474/4773/4237 7473/4774/4238 7472/4775/4239
f 4286/4776/4240 4285/4777/4241 4284/4778/4242 4283/4779/4243
f 4191/4772/4244 4194/4773/4245 4193/4774/4246 4192/4775/4247
f 6579/4772/4248 6582/4773/4249 6581/4774/4250 6580/4775/4251
f 4646/4776/4252 4645/4777/4253 4644/4778/4254 4643/4779/4255
f 5035/4772/4256 5038/4773/4257 5037/4774/4258 5036/4775/4259
f 4347/4772/4260 4350/4773/4261 4349/4774/4262 4348/4775/4263
f 6590/4776/4264 6589/4777/4265 6588/4778/4266 6587/4779/4267
f 8335/4772/4268 8338/4773/4269 8337/4774/4270 8336/4775/4271
f 5631/4772/4272 5634/4773/4273 5633/4774/4274 5632/4775/4275
f 4934/4776/4276 4933/4777/4277 4932/4778/4278 4931/4779/4279
f 6967/4772/4280 6970/4773/4281 6969/4774/4282 6968/4775/4283
f 8739/4772/4284 8742/4773/4285 8741/4774/4286 8740/4775/4287
f 9122/4776/4288 9121/4777/4289 9120/4778/4290 9119/4779/4291
f 5911/4772/4292 5914/4773/4293 5913/4774/4294 5912/4775/4295
f 4855/4772/4296 4858/4773/4297 4857/4774/4298 4856/4775/4299
f 4358/4776/4300 4357/4777/4301 4356/4778/4302 4355/4779/4303
f 7195/4772/4304 7198/4773/4305 7197/4774/4306 7196/4775/4307
f 7651/4772/4308 7654/4773/4309 7653/4774/4310 7652/4775/4311
f 7874/4776/4312 7873/4777/4313 7872/4778/4314 7871/4779/4315
f 6379/4772/4316 6382/4773/4317 6381/4774/4318 6380/4775/4319
f 4507/4772/4320 4510/4773/4321 4509/4774/4322 4508/4775/4323
f 5714/4776/4324 5713/4777/4325 5712/4778/4326 5711/4779/4327
f 4119/4772/4328 4122/4773/4329 4121/4774/4330 4120/4775/4331
f 4747/4772/4332 4750/4773/4333 4749/4774/4334 4748/4775/4335
f 8150/4776/4336 8149/4777/4337 8148/4778/4338 8147/4779/4339
f 8863/4772/4340 8866/4773/4341 8865/4774/4342 8864/4775/4343
f 7735/4772/4344 7738/4773/4345 7737/4774/4346 7736/4775/4347
f 4670/4776/4348 4669/4777/4349 4668/4778/4350 4667/4779/4351
f 4263/4772/4352 4266/4773/4353 4265/4774/4354 4264/4775/4355
f 5799/4772/4356 5802/4773/4357 5801/4774/4358 5800/4775/4359
f 3974/4776/4360 3973/4777/4361 3972/4778/4362 3971/4779/4363
f 6363/4772/4364 6366/4773/4365 6365/4774/4366 6364/4775/4367
f 6183/4772/4368 6186/4773/4369 6185/4774/4370 6184/4775/4371
f 6638/4776/4372 6637/4777/4373 6636/4778/4374 6635/4779/4375
f 5731/4772/4376 5734/4773/4377 5733/4774/4378 5732/4775/4379
f 6314/4776/4380 6313/4777/4381 6312/4778/4382 6311/4779/4383
f 5139/4772/4384 5142/4773/4385 5141/4774/4386 5140/4775/4387
f 5943/4772/4388 5946/4773/4389 5945/4774/4390 5944/4775/4391
f 8894/4776/4392 8893/4777/4393 8892/4778/4394 8891/4779/4395
f 8571/4772/4396 8574/4773/4397 8573/4774/4398 8572/4775/4399
f 4051/4772/4400 4054/4773/4401 4053/4774/4402 4052/4775/4403
f 5726/4776/4404 5725/4777/4405 5724/4778/4406 5723/4779/4407
f 6751/4772/4408 6754/4773/4409 6753/4774/4410 6752/4775/4411
f 7287/4772/4412 7290/4773/4413 7289/4774/4414 7288/4775/4415
f 5834/4776/4416 5833/4777/4417 5832/4778/4418 5831/4779/4419
f 4059/4772/4420 4062/4773/4421 4061/4774/4422 4060/4775/4423
f 8151/4772/4424 8154/4773/4425 8153/4774/4426 8152/4775/4427
f 4478/4776/4428 4477/4777/4429 4476/4778/4430 4475/4779/4431
f 5151/4772/4432 5154/4773/4433 5153/4774/4434 5152/4775/4435
f 6547/4772/4436 6550/4773/4437 6549/4774/4438 6548/4775/4439
f 7166/4776/4440 7165/4777/4441 7164/4778/4442 7163/4779/4443
f 4419/4772/4444 4422/4773/4445 4421/4774/4446 4420/4775/4447
f 7087/4772/4448 7090/4773/4449 7089/4774/4450 7088/4775/4451
f 5906/4776/4452 5905/4777/4453 5904/4778/4454 5903/4779/4455
f 5059/4772/4456 5062/4773/4457 5061/4774/4458 5060/4775/4459
f 5275/4772/4460 5278/4773/4461 5277/4774/4462 5276/4775/4463
f 4166/4776/4464 4165/4777/4465 4164/4778/4466 4163/4779/4467
f 7539/4772/4468 7542/4773/4469 7541/4774/4470 7540/4775/4471
f 6691/4772/4472 6694/4773/4473 6693/4774/4474 6692/4775/4475
f 4874/4776/4476 4873/4777/4477 4872/4778/4478 4871/4779/4479
f 6007/4772/4480 6010/4773/4481 6009/4774/4482 6008/4775/4483
f 7579/4772/4484 7582/4773/4485 7581/4774/4486 7580/4775/4487
f 4406/4776/4488 4405/4777/4489 4404/4778/4490 4403/4779/4491
f 7747/4772/4492 7750/4773/4493 7749/4774/4494 7748/4775/4495
f 8931/4772/4496 8934/4773/4497 8933/4774/4498 8932/4775/4499
f 5078/4776/4500 5077/4777/4501 5076/4778/4502 5075/4779/4503
f 4527/4772/4504 4530/4773/4505 4529/4774/4506 4528/4775/4507
f 7243/4772/4508 7246/4773/4509 7245/4774/4510 7244/4775/4511
f 6650/4776/4512 6649/4777/4513 6648/4778/4514 6647/4779/4515
f 7227/4772/4516 7230/4773/4517 7229/4774/4518 7228/4775/4519
f 5055/4772/4520 5058/4773/4521 5057/4774/4522 5056/4775/4523
f 8366/4776/4524 8365/4777/4525 8364/4778/4526 8363/4779/4527
f 4279/4772/4528 4282/4773/4529 4281/4774/4530 4280/4775/4531
f 7815/4772/4532 7818/4773/4533 7817/4774/4534 7816/4775/4535
f 5090/4776/4536 5089/4777/4537 5088/4778/4538 5087/4779/4539
f 5131/4772/4540 5134/4773/4541 5133/4774/4542 5132/4775/4543
f 4783/4772/4544 4786/4773/4545 4785/4774/4546 4784/4775/4547
f 6878/4776/4548 6877/4777/4549 6876/4778/4550 6875/4779/4551
f 7443/4772/4552 7446/4773/4553 7445/4774/4554 7444/4775/4555
f 8239/4772/4556 8242/4773/4557 8241/4774/4558 8240/4775/4559
f 7334/4776/4560 7333/4777/4561 7332/4778/4562 7331/4779/4563
f 7791/4772/4564 7794/4773/4565 7793/4774/4566 7792/4775/4567
f 4383/4772/4568 4386/4773/4569 4385/4774/4570 4384/4775/4571
f 8666/4776/4572 8665/4777/4573 8664/4778/4574 8663/4779/4575
f 6703/4772/4576 6706/4773/4577 6705/4774/4578 6704/4775/4579
f 4599/4772/4580 4602/4773/4581 4601/4774/4582 4600/4775/4583
f 6470/4776/4584 6469/4777/4585 6468/4778/4586 6467/4779/4587
f 8799/4772/4588 8802/4773/4589 8801/4774/4590 8800/4775/4591
f 5083/4772/4592 5086/4773/4593 5085/4774/4594 5084/4775/4595
f 8330/4776/4596 8329/4777/4597 8328/4778/4598 8327/4779/4599
f 8439/4772/4600 8442/4773/4601 8441/4774/4602 8440/4775/4603
f 4971/4772/4604 4974/4773/4605 4973/4774/4606 4972/4775/4607
f 4526/4776/4608 4525/4777/4609 4524/4778/4610 4523/4779/4611
f 8823/4772/4612 8826/4773/4613 8825/4774/4614 8824/4775/4615
f 8343/4772/4616 8346/4773/4617 8345/4774/4618 8344/4775/4619
f 5510/4776/4620 5509/4777/4621 5508/4778/4622 5507/4779/4623
f 5395/4772/4624 5398/4773/4625 5397/4774/4626 5396/4775/4627
f 4939/4772/4628 4942/4773/4629 4941/4774/4630 4940/4775/4631
f 5870/4776/4632 5869/4777/4633 5868/4778/4634 5867/4779/4635
f 4651/4772/4636 4654/4773/4637 4653/4774/4638 4652/4775/4639
f 7135/4772/4640 7138/4773/4641 7137/4774/4642 7136/4775/4643
f 7622/4776/4644 7621/4777/4645 7620/4778/4646 7619/4779/4647
f 7831/4772/4648 7834/4773/4649 7833/4774/4650 7832/4775/4651
f 5283/4772/4652 5286/4773/4653 5285/4774/4654 5284/4775/4655
f 7562/4776/4656 7561/4777/4657 7560/4778/4658 7559/4779/4659
f 7551/4772/4660 7554/4773/4661 7553/4774/4662 7552/4775/4663
f 9207/4772/4664 9210/4773/4665 9209/4774/4666 9208/4775/4667
f 4970/4776/4668 4969/4777/4669 4968/4778/4670 4967/4779/4671
f 6159/4772/4672 6162/4773/4673 6161/4774/4674 6160/4775/4675
f 4611/4772/4676 4614/4773/4677 4613/4774/4678 4612/4775/4679
f 4370/4776/4680 4369/4777/4681 4368/4778/4682 4367/4779/4683
f 7419/4772/4684 7422/4773/4685 7421/4774/4686 7420/4775/4687
f 3967/4772/4688 3970/4773/4689 3969/4774/4690 3968/4775/4691
f 6626/4776/4692 6625/4777/4693 6624/4778/4694 6623/4779/4695
f 3975/4772/4696 3978/4773/4697 3977/4774/4698 3976/4775/4699
f 9067/4772/4700 9070/4773/4701 9069/4774/4702 9068/4775/4703
f 8702/4776/4704 8701/4777/4705 8700/4778/4706 8699/4779/4707
f 7843/4772/4708 7846/4773/4709 7845/4774/4710 7844/4775/4711
f 8907/4772/4712 8910/4773/4713 8909/4774/4714 8908/4775/4715
f 4046/4776/4716 4045/4777/4717 4044/4778/4718 4043/4779/4719
f 5499/4772/4720 5502/4773/4721 5501/4774/4722 5500/4775/4723
f 8035/4772/4724 8038/4773/4725 8037/4774/4726 8036/4775/4727
f 6062/4776/4728 6061/4777/4729 6060/4778/4730 6059/4779/4731
f 6811/4772/4732 6814/4773/4733 6813/4774/4734 6812/4775/4735
f 6487/4772/4736 6490/4773/4737 6489/4774/4738 6488/4775/4739
f 6914/4776/4740 6913/4777/4741 6912/4778/4742 6911/4779/4743
f 4095/4772/4744 4098/4773/4745 4097/4774/4746 4096/4775/4747
f 4995/4772/4748 4998/4773/4749 4997/4774/4750 4996/4775/4751
f 4706/4776/4752 4705/4777/4753 4704/4778/4754 4703/4779/4755
f 6187/4772/4756 6190/4773/4757 6189/4774/4758 6188/4775/4759
f 7927/4772/4760 7930/4773/4761 7929/4774/4762 7928/4775/4763
f 8306/4776/4764 8305/4777/4765 8304/4778/4766 8303/4779/4767
f 8191/4772/4768 8194/4773/4769 8193/4774/4770 8192/4775/4771
f 6243/4772/4772 6246/4773/4773 6245/4774/4774 6244/4775/4775
f 8750/4776/4776 8749/4777/4777 8748/4778/4778 8747/4779/4779
f 8443/4772/4780 8446/4773/4781 8445/4774/4782 8444/4775/4783
f 6559/4772/4784 6562/4773/4785 6561/4774/4786 6560/4775/4787
f 5498/4776/4788 5497/4777/4789 5496/4778/4790 5495/4779/4791
f 4819/4772/4792 4822/4773/4793 4821/4774/4794 4820/4775/4795
f 7983/4772/4796 7986/4773/4797 7985/4774/4798 7984/4775/4799
f 8738/4776/4800 8737/4777/4801 8736/4778/4802 8735/4779/4803
f 5155/4772/4804 5158/4773/4805 5157/4774/4806 5156/4775/4807
f 6315/4772/4808 6318/4773/4809 6317/4774/4810 6316/4775/4811
f 8822/4776/4812 8821/4777/4813 8820/4778/4814 8819/4779/4815
f 6103/4772/4816 6106/4773/4817 6105/4774/4818 6104/4775/4819
f 6039/4772/4820 6042/4773/4821 6041/4774/4822 6040/4775/4823
f 8642/4776/4824 8641/4777/4825 8640/4778/4826 8639/4779/4827
f 7479/4772/4828 7482/4773/4829 7481/4774/4830 7480/4775/4831
f 5455/4772/4832 5458/4773/4833 5457/4774/4834 5456/4775/4835
f 4814/4776/4836 4813/4777/4837 4812/4778/4838 4811/4779/4839
f 8359/4772/4840 8362/4773/4841 8361/4774/4842 8360/4775/4843
f 6295/4772/4844 6298/4773/4845 6297/4774/4846 6296/4775/4847
f 6122/4776/4848 6121/4777/4849 6120/4778/4850 6119/4779/4851
f 7315/4772/4852 7318/4773/4853 7317/4774/4854 7316/4775/4855
f 9195/4772/4856 9198/4773/4857 9197/4774/4858 9196/4775/4859
f 4586/4776/4860 4585/4777/4861 4584/4778/4862 4583/4779/4863
f 7507/4772/4864 7510/4773/4865 7509/4774/4866 7508/4775/4867
f 4519/4772/4868 4522/4773/4869 4521/4774/4870 4520/4775/4871
f 6170/4776/4872 6169/4777/4873 6168/4778/4874 6167/4779/4875
f 6723/4772/4876 6726/4773/4877 6725/4774/4878 6724/4775/4879
f 8575/4772/4880 8578/4773/4881 8577/4774/4882 8576/4775/4883
f 8474/4776/4884 8473/4777/4885 8472/4778/4886 8471/4779/4887
f 4287/4772/4888 4290/4773/4889 4289/4774/4890 4288/4775/4891
f 4719/4772/4892 4722/4773/4893 4721/4774/4894 4720/4775/4895
f 7190/4776/4896 7189/4777/4897 7188/4778/4898 7187/4779/4899
f 7263/4772/4900 7266/4773/4901 7265/4774/4902 7264/4775/4903
f 5695/4772/4904 5698/4773/4905 5697/4774/4906 5696/4775/4907
f 5390/4776/4908 5389/4777/4909 5388/4778/4910 5387/4779/4911
f 5815/4772/4912 5818/4773/4913 5817/4774/4914 5816/4775/4915
f 4443/4772/4916 4446/4773/4917 4445/4774/4918 4444/4775/4919
f 5966/4776/4920 5965/4777/4921 5964/4778/4922 5963/4779/4923
f 8059/4772/4924 8062/4773/4925 8061/4774/4926 8060/4775/4927
f 7527/4772/4928 7530/4773/4929 7529/4774/4930 7528/4775/4931
f 8690/4776/4932 8689/4777/4933 8688/4778/4934 8687/4779/4935
f 9255/4772/4936 9258/4773/4937 9257/4774/4938 9256/4775/4939
f 6951/4772/4940 6954/4773/4941 6953/4774/4942 6952/4775/4943
f 4430/4776/4944 4429/4777/4945 4428/4778/4946 4427/4779/4947
f 7191/4772/4948 7194/4773/4949 7193/4774/4950 7192/4775/4951
f 5923/4772/4952 5926/4773/4953 5925/4774/4954 5924/4775/4955
f 5030/4776/4956 5029/4777/4957 5028/4778/4958 5027/4779/4959
f 6151/4772/4960 6154/4773/4961 6153/4774/4962 6152/4775/4963
f 8631/4772/4964 8634/4773/4965 8633/4774/4966 8632/4775/4967
f 6362/4776/4968 6361/4777/4969 6360/4778/4970 6359/4779/4971
f 4983/4772/4972 4986/4773/4973 4985/4774/4974 4984/4775/4975
f 4899/4772/4976 4902/4773/4977 4901/4774/4978 4900/4775/4979
f 7718/4776/4980 7717/4777/4981 7716/4778/4982 7715/4779/4983
f 7399/4772/4984 7402/4773/4985 7401/4774/4986 7400/4775/4987
f 8755/4772/4988 8758/4773/4989 8757/4774/4990 8756/4775/4991
f 6830/4776/4992 6829/4777/4993 6828/4778/4994 6827/4779/4995
f 5415/4772/4996 5418/4773/4997 5417/4774/4998 5416/4775/4999
f 4471/4772/5000 4474/4773/5001 4473/4774/5002 4472/4775/5003
f 4502/4776/5004 4501/4777/5005 4500/4778/5006 4499/4779/5007
f 5767/4772/5008 5770/4773/5009 5769/4774/5010 5768/4775/5011
f 4131/4772/5012 4134/4773/5013 4133/4774/5014 4132/4775/5015
f 4898/4776/5016 4897/4777/5017 4896/4778/5018 4895/4779/5019
f 4635/4772/5020 4638/4773/5021 4637/4774/5022 4636/4775/5023
f 4723/4772/5024 4726/4773/5025 4725/4774/5026 4724/4775/5027
f 6710/4776/5028 6709/4777/5029 6708/4778/5030 6707/4779/5031
f 4683/4772/5032 4686/4773/5033 4685/4774/5034 4684/4775/5035
f 4455/4772/5036 4458/4773/5037 4457/4774/5038 4456/4775/5039
f 6218/4776/5040 6217/4777/5041 6216/4778/5042 6215/4779/5043
f 8599/4772/5044 8602/4773/5045 8601/4774/5046 8600/4775/5047
f 8719/4772/5048 8722/4773/5049 8721/4774/5050 8720/4775/5051
f 6578/4776/5052 6577/4777/5053 6576/4778/5054 6575/4779/5055
f 4371/4772/5056 4374/4773/5057 4373/4774/5058 4372/4775/5059
f 8247/4772/5060 8250/4773/5061 8249/4774/5062 8248/4775/5063
f 5330/4776/5064 5329/4777/5065 5328/4778/5066 5327/4779/5067
f 4999/4772/5068 5002/4773/5069 5001/4774/5070 5000/4775/5071
f 4879/4772/5072 4882/4773/5073 4881/4774/5074 4880/4775/5075
f 6722/4776/5076 6721/4777/5077 6720/4778/5078 6719/4779/5079
f 4579/4772/5080 4582/4773/5081 4581/4774/5082 4580/4775/5083
f 5679/4772/5084 5682/4773/5085 5681/4774/5086 5680/4775/5087
f 6158/4776/5088 6157/4777/5089 6156/4778/5090 6155/4779/5091
f 5755/4772/5092 5758/4773/5093 5757/4774/5094 5756/4775/5095
f 4711/4772/5096 4714/4773/5097 4713/4774/5098 4712/4775/5099
f 4694/4776/5100 4693/4777/5101 4692/4778/5102 4691/4779/5103
f 4743/4772/5104 4746/4773/5105 4745/4774/5106 4744/4775/5107
f 8655/4772/5108 8658/4773/5109 8657/4774/5110 8656/4775/5111
f 5150/4776/5112 5149/4777/5113 5148/4778/5114 5147/4779/5115
f 8695/4772/5116 8698/4773/5117 8697/4774/5118 8696/4775/5119
f 4671/4772/5120 4674/4773/5121 4673/4774/5122 4672/4775/5123
f 7322/4776/5124 7321/4777/5125 7320/4778/5126 7319/4779/5127
f 7855/4772/5128 7858/4773/5129 7857/4774/5130 7856/4775/5131
f 4027/4772/5132 4030/4773/5133 4029/4774/5134 4028/4775/5135
f 7478/4776/5136 7477/4777/5137 7476/4778/5138 7475/4779/5139
f 4867/4772/5140 4870/4773/5141 4869/4774/5142 4868/4775/5143
f 4639/4772/5144 4642/4773/5145 4641/4774/5146 4640/4775/5147
f 3986/4776/5148 3985/4777/5149 3984/4778/5150 3983/4779/5151
f 5947/4772/5152 5950/4773/5153 5949/4774/5154 5948/4775/5155
f 6223/4772/5156 6226/4773/5157 6225/4774/5158 6224/4775/5159
f 5978/4776/5160 5977/4777/5161 5976/4778/5162 5975/4779/5163
f 4803/4772/5164 4806/4773/5165 4805/4774/5166 4804/4775/5167
f 4863/4772/5168 4866/4773/5169 4865/4774/5170 4864/4775/5171
f 5810/4776/5172 5809/4777/5173 5808/4778/5174 5807/4779/5175
f 7059/4772/5176 7062/4773/5177 7061/4774/5178 7060/4775/5179
f 6043/4772/5180 6046/4773/5181 6045/4774/5182 6044/4775/5183
f 8774/4776/5184 8773/4777/5185 8772/4778/5186 8771/4779/5187
f 7363/4772/5188 7366/4773/5189 7365/4774/5190 7364/4775/5191
f 4915/4772/5192 4918/4773/5193 4917/4774/5194 4916/4775/5195
f 6854/4776/5196 6853/4777/5197 6852/4778/5198 6851/4779/5199
f 5467/4772/5200 5470/4773/5201 5469/4774/5202 5468/4775/5203
f 4947/4772/5204 4950/4773/5205 4949/4774/5206 4948/4775/5207
f 5138/4776/5208 5137/4777/5209 5136/4778/5210 5135/4779/5211
f 5287/4772/5212 5290/4773/5213 5289/4774/5214 5288/4775/5215
f 6447/4772/5216 6450/4773/5217 6449/4774/5218 6448/4775/5219
f 7118/4776/5220 7117/4777/5221 7116/4778/5222 7115/4779/5223
f 4603/4772/5224 4606/4773/5225 4605/4774/5226 4604/4775/5227
f 9091/4772/5228 9094/4773/5229 9093/4774/5230 9092/4775/5231
f 4538/4776/5232 4537/4777/5233 4536/4778/5234 4535/4779/5235
f 8659/4772/5236 8662/4773/5237 8661/4774/5238 8660/4775/5239
f 5811/4772/5240 5814/4773/5241 5813/4774/5242 5812/4775/5243
f 7646/4776/5244 7645/4777/5245 7644/4778/5246 7643/4779/5247
f 9123/4772/5248 9126/4773/5249 9125/4774/5250 9124/4775/5251
f 8319/4772/5252 8322/4773/5253 8321/4774/5254 8320/4775/5255
f 4250/4776/5256 4249/4777/5257 4248/4778/5258 4247/4779/5259
f 7863/4772/5260 7866/4773/5261 7865/4774/5262 7864/4775/5263
f 8851/4772/5264 8854/4773/5265 8853/4774/5266 8852/4775/5267
f 6734/4776/5268 6733/4777/5269 6732/4778/5270 6731/4779/5271
f 8943/4772/5272 8946/4773/5273 8945/4774/5274 8944/4775/5275
f 7423/4772/5276 7426/4773/5277 7425/4774/5278 7424/4775/5279
f 6602/4776/5280 6601/4777/5281 6600/4778/5282 6599/4779/5283
f 7351/4772/5284 7354/4773/5285 7353/4774/5286 7352/4775/5287
f 7687/4772/5288 7690/4773/5289 7689/4774/5290 7688/4775/5291
f 8138/4776/5292 8137/4777/5293 8136/4778/5294 8135/4779/5295
f 4495/4772/5296 4498/4773/5297 4497/4774/5298 4496/4775/5299
f 4815/4772/5300 4818/4773/5301 4817/4774/5302 4816/4775/5303
f 7766/4776/5304 7765/4777/5305 7764/4778/5306 7763/4779/5307
f 5163/4772/5308 5166/4773/5309 5165/4774/5310 5164/4775/5311
f 4407/4772/5312 4410/4773/5313 4409/4774/5314 4408/4775/5315
f 7214/4776/5316 7213/4777/5317 7212/4778/5318 7211/4779/5319
f 4503/4772/5320 4506/4773/5321 4505/4774/5322 4504/4775/5323
f 8775/4772/5324 8778/4773/5325 8777/4774/5326 8776/4775/5327
f 5354/4776/5328 5353/4777/5329 5352/4778/5330 5351/4779/5331
f 5007/4772/5332 5010/4773/5333 5009/4774/5334 5008/4775/5335
f 5503/4772/5336 5506/4773/5337 5505/4774/5338 5504/4775/5339
f 4862/4776/5340 4861/4777/5341 4860/4778/5342 4859/4779/5343
f 6015/4772/5344 6018/4773/5345 6017/4774/5346 6016/4775/5347
f 9151/4772/5348 9154/4773/5349 9153/4774/5350 9152/4775/5351
f 5894/4776/5352 5893/4777/5353 5892/4778/5354 5891/4779/5355
f 4351/4772/5356 4354/4773/5357 4353/4774/5358 4352/4775/5359
f 4359/4772/5360 4362/4773/5361 4361/4774/5362 4360/4775/5363
f 5954/4776/5364 5953/4777/5365 5952/4778/5366 5951/4779/5367
f 7807/4772/5368 7810/4773/5369 7809/4774/5370 7808/4775/5371
f 8835/4772/5372 8838/4773/5373 8837/4774/5374 8836/4775/5375
f 5618/4776/5376 5617/4777/5377 5616/4778/5378 5615/4779/5379
f 6571/4772/5380 6574/4773/5381 6573/4774/5382 6572/4775/5383
f 3991/4772/5384 3994/4773/5385 3993/4774/5386 3992/4775/5387
f 5654/4776/5388 5653/4777/5389 5652/4778/5390 5651/4779/5391
f 4587/4772/5392 4590/4773/5393 4589/4774/5394 4588/4775/5395
f 8647/4772/5396 8650/4773/5397 8649/4774/5398 8648/4775/5399
f 7634/4776/5400 7633/4777/5401 7632/4778/5402 7631/4779/5403
f 4675/4772/5404 4678/4773/5405 4677/4774/5406 4676/4775/5407
f 9267/4772/5408 9270/4773/5409 9269/4774/5410 9268/4775/5411
f 9014/4776/5412 9013/4777/5413 9012/4778/5414 9011/4779/5415
f 8935/4772/5416 8938/4773/5417 8937/4774/5418 8936/4775/5419
f 8487/4772/5420 8490/4773/5421 8489/4774/5422 8488/4775/5423
f 8270/4776/5424 8269/4777/5425 8268/4778/5426 8267/4779/5427
f 4159/4772/5428 4162/4773/5429 4161/4774/5430 4160/4775/5431
f 6079/4772/5432 6082/4773/5433 6081/4774/5434 6080/4775/5435
f 6902/4776/5436 6901/4777/5437 6900/4778/5438 6899/4779/5439
f 9211/4772/5440 9214/4773/5441 9213/4774/5442 9212/4775/5443
f 4251/4772/5444 4254/4773/5445 4253/4774/5446 4252/4775/5447
f 4730/4776/5448 4729/4777/5449 4728/4778/5450 4727/4779/5451
f 5551/4772/5452 5554/4773/5453 5553/4774/5454 5552/4775/5455
f 6819/4772/5456 6822/4773/5457 6821/4774/5458 6820/4775/5459
f 6842/4776/5460 6841/4777/5461 6840/4778/5462 6839/4779/5463
f 5371/4772/5464 5374/4773/5465 5373/4774/5466 5372/4775/5467
f 6415/4772/5468 6418/4773/5469 6417/4774/5470 6416/4775/5471
f 4490/4776/5472 4489/4777/5473 4488/4778/5474 4487/4779/5475
f 6775/4772/5476 6778/4773/5477 6777/4774/5478 6776/4775/5479
f 6991/4772/5480 6994/4773/5481 6993/4774/5482 6992/4775/5483
f 5930/4776/5484 5929/4777/5485 5928/4778/5486 5927/4779/5487
f 4771/4772/5488 4774/4773/5489 4773/4774/5490 4772/4775/5491
f 8967/4772/5492 8970/4773/5493 8969/4774/5494 8968/4775/5495
f 5570/4776/5496 5569/4777/5497 5568/4778/5498 5567/4779/5499
f 9187/4772/5500 9190/4773/5501 9189/4774/5502 9188/4775/5503
f 5427/4772/5504 5430/4773/5505 5429/4774/5506 5428/4775/5507
f 5306/4776/5508 5305/4777/5509 5304/4778/5510 5303/4779/5511
f 4047/4772/5512 4050/4773/5513 4049/4774/5514 4048/4775/5515
f 4791/4772/5516 4794/4773/5517 4793/4774/5518 4792/4775/5519
f 6938/4776/5520 6937/4777/5521 6936/4778/5522 6935/4779/5523
f 4111/4772/5524 4114/4773/5525 4113/4774/5526 4112/4775/5527
f 5839/4772/5528 5842/4773/5529 5841/4774/5530 5840/4775/5531
f 6686/4776/5532 6685/4777/5533 6684/4778/5534 6683/4779/5535
f 5547/4772/5536 5550/4773/5537 5549/4774/5538 5548/4775/5539
f 4015/4772/5540 4018/4773/5541 4017/4774/5542 4016/4775/5543
f 5594/4776/5544 5593/4777/5545 5592/4778/5546 5591/4779/5547
f 9039/4772/5548 9042/4773/5549 9041/4774/5550 9040/4775/5551
f 9063/4772/5552 9066/4773/5553 9065/4774/5554 9064/4775/5555
f 7070/4776/5556 7069/4777/5557 7068/4778/5558 7067/4779/5559
f 8395/4772/5560 8398/4773/5561 8397/4774/5562 8396/4775/5563
f 7563/4772/5564 7566/4773/5565 7565/4774/5566 7564/4775/5567
f 4742/4776/5568 4741/4777/5569 4740/4778/5570 4739/4779/5571
f 6643/4772/5572 6646/4773/5573 6645/4774/5574 6644/4775/5575
f 4375/4772/5576 4378/4773/5577 4377/4774/5578 4376/4775/5579
f 8222/4776/5580 8221/4777/5581 8220/4778/5582 8219/4779/5583
f 5167/4772/5584 5170/4773/5585 5169/4774/5586 5168/4775/5587
f 5559/4772/5588 5562/4773/5589 5561/4774/5590 5560/4775/5591
f 8798/4776/5592 8797/4777/5593 8796/4778/5594 8795/4779/5595
f 8583/4772/5596 8586/4773/5597 8585/4774/5598 8584/4775/5599
f 6595/4772/5600 6598/4773/5601 6597/4774/5602 6596/4775/5603
f 4058/4776/5604 4057/4777/5605 4056/4778/5606 4055/4779/5607
f 7035/4772/5608 7038/4773/5609 7037/4774/5610 7036/4775/5611
f 6735/4772/5612 6738/4773/5613 6737/4774/5614 6736/4775/5615
f 6278/4776/5616 6277/4777/5617 6276/4778/5618 6275/4779/5619
f 8859/4772/5620 8862/4773/5621 8861/4774/5622 8860/4775/5623
f 5179/4772/5624 5182/4773/5625 5181/4774/5626 5180/4775/5627
f 5690/4776/5628 5689/4777/5629 5688/4778/5630 5687/4779/5631
f 5971/4772/5632 5974/4773/5633 5973/4774/5634 5972/4775/5635
f 4767/4772/5636 4770/4773/5637 4769/4774/5638 4768/4775/5639
f 6050/4776/5640 6049/4777/5641 6048/4778/5642 6047/4779/5643
f 5991/4772/5644 5994/4773/5645 5993/4774/5646 5992/4775/5647
f 5719/4772/5648 5722/4773/5649 5721/4774/5650 5720/4775/5651
f 5558/4776/5652 5557/4777/5653 5556/4778/5654 5555/4779/5655
f 3915/4772/5656 3918/4773/5657 3917/4774/5658 3916/4775/5659
f 8991/4772/5660 8994/4773/5661 8993/4774/5662 8992/4775/5663
f 8846/4776/5664 8845/4777/5665 8844/4778/5666 8843/4779/5667
f 7095/4772/5668 7098/4773/5669 7097/4774/5670 7096/4775/5671
f 4423/4772/5672 4426/4773/5673 4425/4774/5674 4424/4775/5675
f 8834/4776/5676 8833/4777/5677 8832/4778/5678 8831/4779/5679
f 4731/4772/5680 4734/4773/5681 4733/4774/5682 4732/4775/5683
f 7015/4772/5684 7018/4773/5685 7017/4774/5686 7016/4775/5687
f 8342/4776/5688 8341/4777/5689 8340/4778/5690 8339/4779/5691
f 8227/4772/5692 8230/4773/5693 8229/4774/5694 8228/4775/5695
f 8047/4772/5696 8050/4773/5697 8049/4774/5698 8048/4775/5699
f 7574/4776/5700 7573/4777/5701 7572/4778/5702 7571/4779/5703
f 7959/4772/5704 7962/4773/5705 7961/4774/5706 7960/4775/5707
f 5079/4772/5708 5082/4773/5709 5081/4774/5710 5080/4775/5711
f 8918/4776/5712 8917/4777/5713 8916/4778/5714 8915/4779/5715
f 8131/4772/5716 8134/4773/5717 8133/4774/5718 8132/4775/5719
f 7119/4772/5720 7122/4773/5721 7121/4774/5722 7120/4775/5723
f 4778/4776/5724 4777/4777/5725 4776/4778/5726 4775/4779/5727
f 4203/4772/5728 4206/4773/5729 4205/4774/5730 4204/4775/5731
f 4411/4772/5732 4414/4773/5733 4413/4774/5734 4412/4775/5735
f 5378/4776/5736 5377/4777/5737 5376/4778/5738 5375/4779/5739
f 8623/4772/5740 8626/4773/5741 8625/4774/5742 8624/4775/5743
f 8679/4772/5744 8682/4773/5745 8681/4774/5746 8680/4775/5747
f 7202/4776/5748 7201/4777/5749 7200/4778/5750 7199/4779/5751
f 6963/4772/5752 6966/4773/5753 6965/4774/5754 6964/4775/5755
f 4399/4772/5756 4402/4773/5757 4401/4774/5758 4400/4775/5759
f 9098/4776/5760 9097/4777/5761 9096/4778/5762 9095/4779/5763
f 5239/4772/5764 5242/4773/5765 5241/4774/5766 5240/4775/5767
f 8511/4772/5768 8514/4773/5769 8513/4774/5770 8512/4775/5771
f 5990/4776/5772 5989/4777/5773 5988/4778/5774 5987/4779/5775
f 8475/4772/5776 8478/4773/5777 8477/4774/5778 8476/4775/5779
f 6355/4772/5780 6358/4773/5781 6357/4774/5782 6356/4775/5783
f 4790/4776/5784 4789/4777/5785 4788/4778/5786 4787/4779/5787
f 3999/4772/5788 4002/4773/5789 4001/4774/5790 4000/4775/5791
f 6207/4772/5792 6210/4773/5793 6209/4774/5794 6208/4775/5795
f 7910/4776/5796 7909/4777/5797 7908/4778/5798 7907/4779/5799
f 4483/4772/5800 4486/4773/5801 4485/4774/5802 4484/4775/5803
f 8767/4772/5804 8770/4773/5805 8769/4774/5806 8768/4775/5807
f 7094/4776/5808 7093/4777/5809 7092/4778/5810 7091/4779/5811
f 5671/4772/5812 5674/4773/5813 5673/4774/5814 5672/4775/5815
f 4267/4772/5816 4270/4773/5817 4269/4774/5818 4268/4775/5819
f 7490/4776/5820 7489/4777/5821 7488/4778/5822 7487/4779/5823
f 6459/4772/5824 6462/4773/5825 6461/4774/5826 6460/4775/5827
f 8287/4772/5828 8290/4773/5829 8289/4774/5830 8288/4775/5831
f 4598/4776/5832 4597/4777/5833 4596/4778/5834 4595/4779/5835
f 7683/4772/5836 7686/4773/5837 7685/4774/5838 7684/4775/5839
f 8515/4772/5840 8518/4773/5841 8517/4774/5842 8516/4775/5843
f 7106/4776/5844 7105/4777/5845 7104/4778/5846 7103/4779/5847
f 7971/4772/5848 7974/4773/5849 7973/4774/5850 7972/4775/5851
f 6463/4772/5852 6466/4773/5853 6465/4774/5854 6464/4775/5855
f 5438/4776/5856 5437/4777/5857 5436/4778/5858 5435/4779/5859
f 5871/4772/5860 5874/4773/5861 5873/4774/5862 5872/4775/5863
f 4923/4772/5864 4926/4773/5865 4925/4774/5866 4924/4775/5867
f 4322/4776/5868 4321/4777/5869 4320/4778/5870 4319/4779/5871
f 4687/4772/5872 4690/4773/5873 4689/4774/5874 4688/4775/5875
f 7483/4772/5876 7486/4773/5877 7485/4774/5878 7484/4775/5879
f 4394/4776/5880 4393/4777/5881 4392/4778/5882 4391/4779/5883
f 7771/4772/5884 7774/4773/5885 7773/4774/5886 7772/4775/5887
f 7027/4772/5888 7030/4773/5889 7029/4774/5890 7028/4775/5891
f 7274/4776/5892 7273/4777/5893 7272/4778/5894 7271/4779/5895
f 4515/4772/5896 4518/4773/5897 4517/4774/5898 4516/4775/5899
f 4663/4772/5900 4666/4773/5901 4665/4774/5902 4664/4775/5903
f 9182/4776/5904 9181/4777/5905 9180/4778/5906 9179/4779/5907
f 6235/4772/5908 6238/4773/5909 6237/4774/5910 6236/4775/5911
f 4831/4772/5912 4834/4773/5913 4833/4774/5914 4832/4775/5915
f 5186/4776/5916 5185/4777/5917 5184/4778/5918 5183/4779/5919
f 4123/4772/5920 4126/4773/5921 4125/4774/5922 4124/4775/5923
f 5583/4772/5924 5586/4773/5925 5585/4774/5926 5584/4775/5927
f 6554/4776/5928 6553/4777/5929 6552/4778/5930 6551/4779/5931
f 6411/4772/5932 6414/4773/5933 6413/4774/5934 6412/4775/5935
f 7071/4772/5936 7074/4773/5937 7073/4774/5938 7072/4775/5939
f 7358/4776/5940 7357/4777/5941 7356/4778/5942 7355/4779/5943
f 8223/4772/5944 8226/4773/5945 8225/4774/5946 8224/4775/5947
f 4627/4772/5948 4630/4773/5949 4629/4774/5950 4628/4775/5951
f 4118/4776/5952 4117/4777/5953 4116/4778/5954 4115/4779/5955
f 6807/4772/5956 6810/4773/5957 6809/4774/5958 6808/4775/5959
f 6451/4772/5960 6454/4773/5961 6453/4774/5962 6452/4775/5963
f 7526/4776/5964 7525/4777/5965 7524/4778/5966 7523/4779/5967
f 9079/4772/5968 9082/4773/5969 9081/4774/5970 9080/4775/5971
f 6519/4772/5972 6522/4773/5973 6521/4774/5974 6520/4775/5975
f 7946/4776/5976 7945/4777/5977 7944/4778/5978 7943/4779/5979
f 3903/4772/5980 3906/4773/5981 3905/4774/5982 3904/4775/5983
f 6711/4772/5984 6714/4773/5985 6713/4774/5986 6712/4775/5987
f 6038/4776/5988 6037/4777/5989 6036/4778/5990 6035/4779/5991
f 6987/4772/5992 6990/4773/5993 6989/4774/5994 6988/4775/5995
f 8727/4772/5996 8730/4773/5997 8729/4774/5998 8728/4775/5999
f 8234/4776/6000 8233/4777/6001 8232/4778/6002 8231/4779/6003
f 8947/4772/6004 8950/4773/6005 8949/4774/6006 8948/4775/6007
f 6607/4772/6008 6610/4773/6009 6609/4774/6010 6608/4775/6011
f 9134/4776/6012 9133/4777/6013 9132/4778/6014 9131/4779/6015
f 4875/4772/6016 4878/4773/6017 4877/4774/6018 4876/4775/6019
f 8023/4772/6020 8026/4773/6021 8025/4774/6022 8024/4775/6023
f 8258/4776/6024 8257/4777/6025 8256/4778/6026 8255/4779/6027
f 8367/4772/6028 8370/4773/6029 8369/4774/6030 8368/4775/6031
f 7075/4772/6032 7078/4773/6033 7077/4774/6034 7076/4775/6035
f 7814/4776/6036 7813/4777/6037 7812/4778/6038 7811/4779/6039
f 6195/4772/6040 6198/4773/6041 6197/4774/6042 6196/4775/6043
f 5211/4772/6044 5214/4773/6045 5213/4774/6046 5212/4775/6047
f 8510/4776/6048 8509/4777/6049 8508/4778/6050 8507/4779/6051
f 6927/4772/6052 6930/4773/6053 6929/4774/6054 6928/4775/6055
f 6495/4772/6056 6498/4773/6057 6497/4774/6058 6496/4775/6059
f 5738/4776/6060 5737/4777/6061 5736/4778/6062 5735/4779/6063
f 4143/4772/6064 4146/4773/6065 4145/4774/6066 4144/4775/6067
f 7323/4772/6068 7326/4773/6069 7325/4774/6070 7324/4775/6071
f 4022/4776/6072 4021/4777/6073 4020/4778/6074 4019/4779/6075
f 5259/4772/6076 5262/4773/6077 5261/4774/6078 5260/4775/6079
f 6111/4772/6080 6114/4773/6081 6113/4774/6082 6112/4775/6083
f 8318/4776/6084 8317/4777/6085 8316/4778/6086 8315/4779/6087
f 6903/4772/6088 6906/4773/6089 6905/4774/6090 6904/4775/6091
f 8883/4772/6092 8886/4773/6093 8885/4774/6094 8884/4775/6095
f 4214/4776/6096 4213/4777/6097 4212/4778/6098 4211/4779/6099
f 6687/4772/6100 6690/4773/6101 6689/4774/6102 6688/4775/6103
f 6171/4772/6104 6174/4773/6105 6173/4774/6106 6172/4775/6107
f 7850/4776/6108 7849/4777/6109 7848/4778/6110 7847/4779/6111
f 8875/4772/6112 8878/4773/6113 8877/4774/6114 8876/4775/6115
f 6895/4772/6116 6898/4773/6117 6897/4774/6118 6896/4775/6119
f 5534/4776/6120 5533/4777/6121 5532/4778/6122 5531/4779/6123
f 6847/4772/6124 6850/4773/6125 6849/4774/6126 6848/4775/6127
f 5599/4772/6128 5602/4773/6129 5601/4774/6130 5600/4775/6131
f 7130/4776/6132 7129/4777/6133 7128/4778/6134 7127/4779/6135
f 6615/4772/6136 6618/4773/6137 6617/4774/6138 6616/4775/6139
f 6699/4772/6140 6702/4773/6141 6701/4774/6142 6700/4775/6143
f 8162/4776/6144 8161/4777/6145 8160/4778/6146 8159/4779/6147
f 4275/4772/6148 4278/4773/6149 4277/4774/6150 4276/4775/6151
f 6651/4772/6152 6654/4773/6153 6653/4774/6154 6652/4775/6155
f 5474/4776/6156 5473/4777/6157 5472/4778/6158 5471/4779/6159
f 6975/4772/6160 6978/4773/6161 6977/4774/6162 6976/4775/6163
f 7207/4772/6164 7210/4773/6165 7209/4774/6166 7208/4775/6167
f 7994/4776/6168 7993/4777/6169 7992/4778/6170 7991/4779/6171
f 5191/4772/6172 5194/4773/6173 5193/4774/6174 5192/4775/6175
f 9219/4772/6176 9222/4773/6177 9221/4774/6178 9220/4775/6179
f 6758/4776/6180 6757/4777/6181 6756/4778/6182 6755/4779/6183
f 8127/4772/6184 8130/4773/6185 8129/4774/6186 8128/4775/6187
f 6787/4772/6188 6790/4773/6189 6789/4774/6190 6788/4775/6191
f 8678/4776/6192 8677/4777/6193 8676/4778/6194 8675/4779/6195
f 8091/4772/6196 8094/4773/6197 8093/4774/6198 8092/4775/6199
f 6087/4772/6200 6090/4773/6201 6089/4774/6202 6088/4775/6203
f 4190/4776/6204 4189/4777/6205 4188/4778/6206 4187/4779/6207
f 8263/4772/6208 8266/4773/6209 8265/4774/6210 8264/4775/6211
f 4447/4772/6212 4450/4773/6213 4449/4774/6214 4448/4775/6215
f 5114/4776/6216 5113/4777/6217 5112/4778/6218 5111/4779/6219
f 6523/4772/6220 6526/4773/6221 6525/4774/6222 6524/4775/6223
f 6979/4772/6224 6982/4773/6225 6981/4774/6226 6980/4775/6227
f 6446/4776/6228 6445/4777/6229 6444/4778/6230 6443/4779/6231
f 8703/4772/6232 8706/4773/6233 8705/4774/6234 8704/4775/6235
f 4615/4772/6236 4618/4773/6237 4617/4774/6238 4616/4775/6239
f 8186/4776/6240 8185/4777/6241 8184/4778/6242 8183/4779/6243
f 8763/4772/6244 8766/4773/6245 8765/4774/6246 8764/4775/6247
f 5443/4772/6248 5446/4773/6249 5445/4774/6250 5444/4775/6251
f 7178/4776/6252 7177/4777/6253 7176/4778/6254 7175/4779/6255
f 5707/4772/6256 5710/4773/6257 5709/4774/6258 5708/4775/6259
f 8955/4772/6260 8958/4773/6261 8957/4774/6262 8956/4775/6263
f 8066/4776/6264 8065/4777/6265 8064/4778/6266 8063/4779/6267
f 8355/4772/6268 8358/4773/6269 8357/4774/6270 8356/4775/6271
f 5479/4772/6272 5482/4773/6273 5481/4774/6274 5480/4775/6275
f 9266/4776/6276 9265/4777/6277 9264/4778/6278 9263/4779/6279
f 3895/4772/6280 3898/4773/6281 3897/4774/6282 3896/4775/6283
f 8455/4772/6284 8458/4773/6285 8457/4774/6286 8456/4775/6287
f 3962/4776/6288 3961/4777/6289 3960/4778/6290 3959/4779/6291
f 5491/4772/6292 5494/4773/6293 5493/4774/6294 5492/4775/6295
f 7875/4772/6296 7878/4773/6297 7877/4774/6298 7876/4775/6299
f 7022/4776/6300 7021/4777/6301 7020/4778/6302 7019/4779/6303
f 8307/4772/6304 8310/4773/6305 8309/4774/6306 8308/4775/6307
f 7311/4772/6308 7314/4773/6309 7313/4774/6310 7312/4775/6311
f 7010/4776/6312 7009/4777/6313 7008/4778/6314 7007/4779/6315
f 5979/4772/6316 5982/4773/6317 5981/4774/6318 5980/4775/6319
f 5127/4772/6320 5130/4773/6321 5129/4774/6322 5128/4775/6323
f 4622/4776/6324 4621/4777/6325 4620/4778/6326 4619/4779/6327
f 9051/4772/6328 9054/4773/6329 9053/4774/6330 9052/4775/6331
f 7891/4772/6332 7894/4773/6333 7893/4774/6334 7892/4775/6335
f 8246/4776/6336 8245/4777/6337 8244/4778/6338 8243/4779/6339
f 4219/4772/6340 4222/4773/6341 4221/4774/6342 4220/4775/6343
f 7555/4772/6344 7558/4773/6345 7557/4774/6346 7556/4775/6347
f 3902/4776/6348 3901/4777/6349 3900/4778/6350 3899/4779/6351
f 7159/4772/6352 7162/4773/6353 7161/4774/6354 7160/4775/6355
f 8523/4772/6356 8526/4773/6357 8525/4774/6358 8524/4775/6359
f 6410/4776/6360 6409/4777/6361 6408/4778/6362 6407/4779/6363
f 5175/4772/6364 5178/4773/6365 5177/4774/6366 5176/4775/6367
f 7707/4772/6368 7710/4773/6369 7709/4774/6370 7708/4775/6371
f 7682/4776/6372 7681/4777/6373 7680/4778/6374 7679/4779/6375
f 4335/4772/6376 4338/4773/6377 4337/4774/6378 4336/4775/6379
f 8043/4772/6380 8046/4773/6381 8045/4774/6382 8044/4775/6383
f 8990/4776/6384 8989/4777/6385 8988/4778/6386 8987/4779/6387
f 3919/4772/6388 3922/4773/6389 3921/4774/6390 3920/4775/6391
f 4699/4772/6392 4702/4773/6393 4701/4774/6394 4700/4775/6395
f 6494/4776/6396 6493/4777/6397 6492/4778/6398 6491/4779/6399
f 6535/4772/6400 6538/4773/6401 6537/4774/6402 6536/4775/6403
f 8691/4772/6404 8694/4773/6405 8693/4774/6406 8692/4775/6407
f 5426/4776/6408 5425/4777/6409 5424/4778/6410 5423/4779/6411
f 7923/4772/6412 7926/4773/6413 7925/4774/6414 7924/4775/6415
f 8811/4772/6416 8814/4773/6417 8813/4774/6418 8812/4775/6419
f 5246/4776/6420 5245/4777/6421 5244/4778/6422 5243/4779/6423
f 9103/4772/6424 9106/4773/6425 9105/4774/6426 9104/4775/6427
f 6867/4772/6428 6870/4773/6429 6869/4774/6430 6868/4775/6431
f 3914/4776/6432 3913/4777/6433 3912/4778/6434 3911/4779/6435
f 5451/4772/6436 5454/4773/6437 5453/4774/6438 5452/4775/6439
f 5439/4772/6440 5442/4773/6441 5441/4774/6442 5440/4775/6443
f 4754/4776/6444 4753/4777/6445 4752/4778/6446 4751/4779/6447
f 6619/4772/6448 6622/4773/6449 6621/4774/6450 6620/4775/6451
f 6367/4772/6452 6370/4773/6453 6369/4774/6454 6368/4775/6455
f 5234/4776/6456 5233/4777/6457 5232/4778/6458 5231/4779/6459
f 8031/4772/6460 8034/4773/6461 8033/4774/6462 8032/4775/6463
f 4807/4772/6464 4810/4773/6465 4809/4774/6466 4808/4775/6467
f 4106/4776/6468 4105/4777/6469 4104/4778/6470 4103/4779/6471
f 7935/4772/6472 7938/4773/6473 7937/4774/6474 7936/4775/6475
f 4891/4772/6476 4894/4773/6477 4893/4774/6478 4892/4775/6479
f 4094/4776/6480 4093/4777/6481 4092/4778/6482 4091/4779/6483
f 4531/4772/6484 4534/4773/6485 4533/4774/6486 4532/4775/6487
f 6890/4776/6488 6889/4777/6489 6888/4778/6490 6887/4779/6491
f 9019/4772/6492 9022/4773/6493 9021/4774/6494 9020/4775/6495
f 7911/4772/6496 7914/4773/6497 7913/4774/6498 7912/4775/6499
f 9158/4776/6500 9157/4777/6501 9156/4778/6502 9155/4779/6503
f 7051/4772/6504 7054/4773/6505 7053/4774/6506 7052/4775/6507
f 5343/4772/6508 5346/4773/6509 5345/4774/6510 5344/4775/6511
f 6506/4776/6512 6505/4777/6513 6504/4778/6514 6503/4779/6515
f 7759/4772/6516 7762/4773/6517 7761/4774/6518 7760/4775/6519
f 6291/4772/6520 6294/4773/6521 6293/4774/6522 6292/4775/6523
f 8438/4776/6524 8437/4777/6525 8436/4778/6526 8435/4779/6527
f 5935/4772/6528 5938/4773/6529 5937/4774/6530 5936/4775/6531
f 8275/4772/6532 8278/4773/6533 8277/4774/6534 8276/4775/6535
f 6206/4776/6536 6205/4777/6537 6204/4778/6538 6203/4779/6539
f 6667/4772/6540 6670/4773/6541 6669/4774/6542 6668/4775/6543
f 5271/4772/6544 5274/4773/6545 5273/4774/6546 5272/4775/6547
f 4442/4776/6548 4441/4777/6549 4440/4778/6550 4439/4779/6551
f 5247/4772/6552 5250/4773/6553 5249/4774/6554 5248/4775/6555
f 9159/4772/6556 9162/4773/6557 9161/4774/6558 9160/4775/6559
f 4454/4776/6560 4453/4777/6561 4452/4778/6562 4451/4779/6563
f 8215/4772/6564 8218/4773/6565 8217/4774/6566 8216/4775/6567
f 8607/4772/6568 8610/4773/6569 8609/4774/6570 8608/4775/6571
f 6746/4776/6572 6745/4777/6573 6744/4778/6574 6743/4779/6575
f 7695/4772/6576 7698/4773/6577 7697/4774/6578 7696/4775/6579
f 6531/4772/6580 6534/4773/6581 6533/4774/6582 6532/4775/6583
f 8030/4776/6584 8029/4777/6585 8028/4778/6586 8027/4779/6587
f 6135/4772/6588 6138/4773/6589 6137/4774/6590 6136/4775/6591
f 4011/4772/6592 4014/4773/6593 4013/4774/6594 4012/4775/6595
f 4610/4776/6596 4609/4777/6597 4608/4778/6598 4607/4779/6599
f 4647/4772/6600 4650/4773/6601 4649/4774/6602 4648/4775/6603
f 8731/4772/6604 8734/4773/6605 8733/4774/6606 8732/4775/6607
f 7454/4776/6608 7453/4777/6609 7452/4778/6610 7451/4779/6611
f 6423/4772/6612 6426/4773/6613 6425/4774/6614 6424/4775/6615
f 7947/4772/6616 7950/4773/6617 7949/4774/6618 7948/4775/6619
f 4550/4776/6620 4549/4777/6621 4548/4778/6622 4547/4779/6623
f 6999/4772/6624 7002/4773/6625 7001/4774/6626 7000/4775/6627
f 7719/4772/6628 7722/4773/6629 7721/4774/6630 7720/4775/6631
f 6518/4776/6632 6517/4777/6633 6516/4778/6634 6515/4779/6635
f 5011/4772/6636 5014/4773/6637 5013/4774/6638 5012/4775/6639
f 4567/4772/6640 4570/4773/6641 4569/4774/6642 4568/4775/6643
f 6458/4776/6644 6457/4777/6645 6456/4778/6646 6455/4779/6647
f 5587/4772/6648 5590/4773/6649 5589/4774/6650 5588/4775/6651
f 8079/4772/6652 8082/4773/6653 8081/4774/6654 8080/4775/6655
f 6326/4776/6656 6325/4777/6657 6324/4778/6658 6323/4779/6659
f 7023/4772/6660 7026/4773/6661 7025/4774/6662 7024/4775/6663
f 4315/4772/6664 4318/4773/6665 4317/4774/6666 4316/4775/6667
f 5522/4776/6668 5521/4777/6669 5520/4778/6670 5519/4779/6671
f 9031/4772/6672 9034/4773/6673 9033/4774/6674 9032/4775/6675
f 6931/4772/6676 6934/4773/6677 6933/4774/6678 6932/4775/6679
f 4802/4776/6680 4801/4777/6681 4800/4778/6682 4799/4779/6683
f 5319/4772/6684 5322/4773/6685 5321/4774/6686 5320/4775/6687
f 4755/4772/6688 4758/4773/6689 4757/4774/6690 4756/4775/6691
f 4658/4776/6692 4657/4777/6693 4656/4778/6694 4655/4779/6695
f 6639/4772/6696 6642/4773/6697 6641/4774/6698 6640/4775/6699
f 7447/4772/6700 7450/4773/6701 7449/4774/6702 7448/4775/6703
f 7430/4776/6704 7429/4777/6705 7428/4778/6706 7427/4779/6707
f 7755/4772/6708 7758/4773/6709 7757/4774/6710 7756/4775/6711
f 7123/4772/6712 7126/4773/6713 7125/4774/6714 7124/4775/6715
f 4178/4776/6716 4177/4777/6717 4176/4778/6718 4175/4779/6719
f 4003/4772/6720 4006/4773/6721 4005/4774/6722 4004/4775/6723
f 7167/4772/6724 7170/4773/6725 7169/4774/6726 7168/4775/6727
f 5750/4776/6728 5749/4777/6729 5748/4778/6730 5747/4779/6731
f 8271/4772/6732 8274/4773/6733 8273/4774/6734 8272/4775/6735
f 6799/4772/6736 6802/4773/6737 6801/4774/6738 6800/4775/6739
f 5846/4776/6740 5845/4777/6741 5844/4778/6742 5843/4779/6743
f 4183/4772/6744 4186/4773/6745 4185/4774/6746 4184/4775/6747
f 6351/4772/6748 6354/4773/6749 6353/4774/6750 6352/4775/6751
f 6806/4776/6752 6805/4777/6753 6804/4778/6754 6803/4779/6755
f 4083/4772/6756 4086/4773/6757 4085/4774/6758 4084/4775/6759
f 7063/4772/6760 7066/4773/6761 7065/4774/6762 7064/4775/6763
f 6302/4776/6764 6301/4777/6765 6300/4778/6766 6299/4779/6767
f 6655/4772/6768 6658/4773/6769 6657/4774/6770 6656/4775/6771
f 7783/4772/6772 7786/4773/6773 7785/4774/6774 7784/4775/6775
f 6614/4776/6776 6613/4777/6777 6612/4778/6778 6611/4779/6779
f 5143/4772/6780 5146/4773/6781 5145/4774/6782 5144/4775/6783
f 8503/4772/6784 8506/4773/6785 8505/4774/6786 8504/4775/6787
f 7346/4776/6788 7345/4777/6789 7344/4778/6790 7343/4779/6791
f 5659/4772/6792 5662/4773/6793 5661/4774/6794 5660/4775/6795
f 8323/4772/6796 8326/4773/6797 8325/4774/6798 8324/4775/6799
f 7694/4776/6800 7693/4777/6801 7692/4778/6802 7691/4779/6803
f 4239/4772/6804 4242/4773/6805 4241/4774/6806 4240/4775/6807
f 8743/4772/6808 8746/4773/6809 8745/4774/6810 8744/4775/6811
f 5762/4776/6812 5761/4777/6813 5760/4778/6814 5759/4779/6815
f 6051/4772/6816 6054/4773/6817 6053/4774/6818 6052/4775/6819
f 8139/4772/6820 8142/4773/6821 8141/4774/6822 8140/4775/6823
f 5858/4776/6824 5857/4777/6825 5856/4778/6826 5855/4779/6827
f 5487/4772/6828 5490/4773/6829 5489/4774/6830 5488/4775/6831
f 5887/4772/6832 5890/4773/6833 5889/4774/6834 5888/4775/6835
f 8978/4776/6836 8977/4777/6837 8976/4778/6838 8975/4779/6839
f 4779/4772/6840 4782/4773/6841 4781/4774/6842 4780/4775/6843
f 4147/4772/6844 4150/4773/6845 4149/4774/6846 4148/4775/6847
f 6398/4776/6848 6397/4777/6849 6396/4778/6850 6395/4779/6851
f 7659/4772/6852 7662/4773/6853 7661/4774/6854 7660/4775/6855
f 9043/4772/6856 9046/4773/6857 9045/4774/6858 9044/4775/6859
f 9038/4776/6860 9037/4777/6861 9036/4778/6862 9035/4779/6863
f 6255/4772/6864 6258/4773/6865 6257/4774/6866 6256/4775/6867
f 6075/4772/6868 6078/4773/6869 6077/4774/6870 6076/4775/6871
f 8882/4776/6872 8881/4777/6873 8880/4778/6874 8879/4779/6875
f 6091/4772/6876 6094/4773/6877 6093/4774/6878 6092/4775/6879
f 3987/4772/6880 3990/4773/6881 3989/4774/6882 3988/4775/6883
f 8450/4776/6884 8449/4777/6885 8448/4778/6886 8447/4779/6887
f 4179/4772/6888 4182/4773/6889 4181/4774/6890 4180/4775/6891
f 8427/4772/6892 8430/4773/6893 8429/4774/6894 8428/4775/6895
f 7598/4776/6896 7597/4777/6897 7596/4778/6898 7595/4779/6899
f 7155/4772/6900 7158/4773/6901 7157/4774/6902 7156/4775/6903
f 5859/4772/6904 5862/4773/6905 5861/4774/6906 5860/4775/6907
f 4982/4776/6908 4981/4777/6909 4980/4778/6910 4979/4779/6911
f 7047/4772/6912 7050/4773/6913 7049/4774/6914 7048/4775/6915
f 6307/4772/6916 6310/4773/6917 6309/4774/6918 6308/4775/6919
f 5174/4776/6920 5173/4777/6921 5172/4778/6922 5171/4779/6923
f 3943/4772/6924 3946/4773/6925 3945/4774/6926 3944/4775/6927
f 4435/4772/6928 4438/4773/6929 4437/4774/6930 4436/4775/6931
f 7082/4776/6932 7081/4777/6933 7080/4778/6934 7079/4779/6935
f 8611/4772/6936 8614/4773/6937 8613/4774/6938 8612/4775/6939
f 8715/4772/6940 8718/4773/6941 8717/4774/6942 8716/4775/6943
f 8426/4776/6944 8425/4777/6945 8424/4778/6946 8423/4779/6947
f 6555/4772/6948 6558/4773/6949 6557/4774/6950 6556/4775/6951
f 6055/4772/6952 6058/4773/6953 6057/4774/6954 6056/4775/6955
f 8486/4776/6956 8485/4777/6957 8484/4778/6958 8483/4779/6959
f 7203/4772/6960 7206/4773/6961 7205/4774/6962 7204/4775/6963
f 5023/4772/6964 5026/4773/6965 5025/4774/6966 5024/4775/6967
f 6950/4776/6968 6949/4777/6969 6948/4778/6970 6947/4779/6971
f 8175/4772/6972 8178/4773/6973 8177/4774/6974 8176/4775/6975
f 6511/4772/6976 6514/4773/6977 6513/4774/6978 6512/4775/6979
f 9026/4776/6980 9025/4777/6981 9024/4778/6982 9023/4779/6983
f 3951/4772/6984 3954/4773/6985 3953/4774/6986 3952/4775/6987
f 5847/4772/6988 5850/4773/6989 5849/4774/6990 5848/4775/6991
f 9254/4776/6992 9253/4777/6993 9252/4778/6994 9251/4779/6995
f 8055/4772/6996 8058/4773/6997 8057/4774/6998 8056/4775/6999
f 5691/4772/7000 5694/4773/7001 5693/4774/7002 5692/4775/7003
f 7310/4776/7004 7309/4777/7005 7308/4778/7006 7307/4779/7007
f 6139/4772/7008 6142/4773/7009 6141/4774/7010 6140/4775/7011
f 7987/4772/7012 7990/4773/7013 7989/4774/7014 7988/4775/7015
f 9110/4776/7016 9109/4777/7017 9108/4778/7018 9107/4779/7019
f 8251/4772/7020 8254/4773/7021 8253/4774/7022 8252/4775/7023
f 9147/4772/7024 9150/4773/7025 9149/4774/7026 9148/4775/7027
f 5162/4776/7028 5161/4777/7029 5160/4778/7030 5159/4779/7031
f 3883/4772/7032 3886/4773/7033 3885/4774/7034 3884/4775/7035
f 8403/4772/7036 8406/4773/7037 8405/4774/7038 8404/4775/7039
f 4958/4776/7040 4957/4777/7041 4956/4778/7042 4955/4779/7043
f 7615/4772/7044 7618/4773/7045 7617/4774/7046 7616/4775/7047
f 6603/4772/7048 6606/4773/7049 6605/4774/7050 6604/4775/7051
f 4082/4776/7052 4081/4777/7053 4080/4778/7054 4079/4779/7055
f 6591/4772/7056 6594/4773/7057 6593/4774/7058 6592/4775/7059
f 6127/4772/7060 6130/4773/7061 6129/4774/7062 6128/4775/7063
f 7970/4776/7064 7969/4777/7065 7968/4778/7066 7967/4779/7067
f 7495/4772/7068 7498/4773/7069 7497/4774/7070 7496/4775/7071
f 8095/4772/7072 8098/4773/7073 8097/4774/7074 8096/4775/7075
f 8954/4776/7076 8953/4777/7077 8952/4778/7078 8951/4779/7079
f 6019/4772/7080 6022/4773/7081 6021/4774/7082 6020/4775/7083
f 4623/4772/7084 4626/4773/7085 4625/4774/7086 4624/4775/7087
f 9242/4776/7088 9241/4777/7089 9240/4778/7090 9239/4779/7091
f 6327/4772/7092 6330/4773/7093 6329/4774/7094 6328/4775/7095
f 8299/4772/7096 8302/4773/7097 8301/4774/7098 8300/4775/7099
f 9206/4776/7100 9205/4777/7101 9204/4778/7102 9203/4779/7103
f 5203/4772/7104 5206/4773/7105 5205/4774/7106 5204/4775/7107
f 8163/4772/7108 8166/4773/7109 8165/4774/7110 8164/4775/7111
f 7790/4776/7112 7789/4777/7113 7788/4778/7114 7787/4779/7115
f 4479/4772/7116 4482/4773/7117 4481/4774/7118 4480/4775/7119
f 8563/4772/7120 8566/4773/7121 8565/4774/7122 8564/4775/7123
f 8042/4776/7124 8041/4777/7125 8040/4778/7126 8039/4779/7127
f 6199/4772/7128 6202/4773/7129 6201/4774/7130 6200/4775/7131
f 8107/4772/7132 8110/4773/7133 8109/4774/7134 8108/4775/7135
f 7394/4776/7136 7393/4777/7137 7392/4778/7138 7391/4779/7139
f 7375/4772/7140 7378/4773/7141 7377/4774/7142 7376/4775/7143
f 9235/4772/7144 9238/4773/7145 9237/4774/7146 9236/4775/7147
f 4262/4776/7148 4261/4777/7149 4260/4778/7150 4259/4779/7151
f 6259/4772/7152 6262/4773/7153 6261/4774/7154 6260/4775/7155
f 4843/4772/7156 4846/4773/7157 4845/4774/7158 4844/4775/7159
f 8618/4776/7160 8617/4777/7161 8616/4778/7162 8615/4779/7163
f 8211/4772/7164 8214/4773/7165 8213/4774/7166 8212/4775/7167
f 4951/4772/7168 4954/4773/7169 4953/4774/7170 4952/4775/7171
f 9278/4776/7172 9277/4777/7173 9276/4778/7174 9275/4779/7175
f 6855/4772/7176 6858/4773/7177 6857/4774/7178 6856/4775/7179
f 6915/4772/7180 6918/4773/7181 6917/4774/7182 6916/4775/7183
f 7802/4776/7184 7801/4777/7185 7800/4778/7186 7799/4779/7187
f 6583/4772/7188 6586/4773/7189 6585/4774/7190 6584/4775/7191
f 7335/4772/7192 7338/4773/7193 7337/4774/7194 7336/4775/7195
f 8726/4776/7196 8725/4777/7197 8724/4778/7198 8723/4779/7199
f 5883/4772/7200 5886/4773/7201 5885/4774/7202 5884/4775/7203
f 7611/4772/7204 7614/4773/7205 7613/4774/7206 7612/4775/7207
f 7982/4776/7208 7981/4777/7209 7980/4778/7210 7979/4779/7211
f 8815/4772/7212 8818/4773/7213 8817/4774/7214 8816/4775/7215
f 5751/4772/7216 5754/4773/7217 5753/4774/7218 5752/4775/7219
f 6290/4776/7220 6289/4777/7221 6288/4778/7222 6287/4779/7223
f 4551/4772/7224 4554/4773/7225 4553/4774/7226 4552/4775/7227
f 4827/4772/7228 4830/4773/7229 4829/4774/7230 4828/4775/7231
f 5066/4776/7232 5065/4777/7233 5064/4778/7234 5063/4779/7235
f 5067/4772/7236 5070/4773/7237 5069/4774/7238 5068/4775/7239
f 4935/4772/7240 4938/4773/7241 4937/4774/7242 4936/4775/7243
f 4838/4776/7244 4837/4777/7245 4836/4778/7246 4835/4779/7247
f 6939/4772/7248 6942/4773/7249 6941/4774/7250 6940/4775/7251
f 5463/4772/7252 5466/4773/7253 5465/4774/7254 5464/4775/7255
f 5450/4776/7256 5449/4777/7257 5448/4778/7258 5447/4779/7259
f 9015/4772/7260 9018/4773/7261 9017/4774/7262 9016/4775/7263
f 8751/4772/7264 8754/4773/7265 8753/4774/7266 8752/4775/7267
f 9194/4776/7268 9193/4777/7269 9192/4778/7270 9191/4779/7271
f 7239/4772/7272 7242/4773/7273 7241/4774/7274 7240/4775/7275
f 7963/4772/7276 7966/4773/7277 7965/4774/7278 7964/4775/7279
f 6002/4776/7280 6001/4777/7281 6000/4778/7282 5999/4779/7283
f 7803/4772/7284 7806/4773/7285 7805/4774/7286 7804/4775/7287
f 5383/4772/7288 5386/4773/7289 5385/4774/7290 5384/4775/7291
f 6110/4776/7292 6109/4777/7293 6108/4778/7294 6107/4779/7295
f 8295/4772/7296 8298/4773/7297 8297/4774/7298 8296/4775/7299
f 4363/4772/7300 4366/4773/7301 4365/4774/7302 4364/4775/7303
f 7730/4776/7304 7729/4777/7305 7728/4778/7306 7727/4779/7307
f 6943/4772/7308 6946/4773/7309 6945/4774/7310 6944/4775/7311
f 4491/4772/7312 4494/4773/7313 4493/4774/7314 4492/4775/7315
f 6962/4776/7316 6961/4777/7317 6960/4778/7318 6959/4779/7319
f 5367/4772/7320 5370/4773/7321 5369/4774/7322 5368/4775/7323
f 8143/4772/7324 8146/4773/7325 8145/4774/7326 8144/4775/7327
f 8078/4776/7328 8077/4777/7329 8076/4778/7330 8075/4779/7331
f 8979/4772/7332 8982/4773/7333 8981/4774/7334 8980/4775/7335
f 8379/4772/7336 8382/4773/7337 8381/4774/7338 8380/4775/7339
f 7238/4776/7340 7237/4777/7341 7236/4778/7342 7235/4779/7343
f 7827/4772/7344 7830/4773/7345 7829/4774/7346 7828/4775/7347
f 7951/4772/7348 7954/4773/7349 7953/4774/7350 7952/4775/7351
f 7142/4776/7352 7141/4777/7353 7140/4778/7354 7139/4779/7355
f 6403/4772/7356 6406/4773/7357 6405/4774/7358 6404/4775/7359
f 6063/4772/7360 6066/4773/7361 6065/4774/7362 6064/4775/7363
f 7538/4776/7364 7537/4777/7365 7536/4778/7366 7535/4779/7367
f 6391/4772/7368 6394/4773/7369 6393/4774/7370 6392/4775/7371
f 7291/4772/7372 7294/4773/7373 7293/4774/7374 7292/4775/7375
f 6698/4776/7376 6697/4777/7377 6696/4778/7378 6695/4779/7379
f 7303/4772/7380 7306/4773/7381 7305/4774/7382 7304/4775/7383
f 4323/4772/7384 4326/4773/7385 4325/4774/7386 4324/4775/7387
f 8762/4776/7388 8761/4777/7389 8760/4778/7390 8759/4779/7391
f 8683/4772/7392 8686/4773/7393 8685/4774/7394 8684/4775/7395
f 7591/4772/7396 7594/4773/7397 7593/4774/7398 7592/4775/7399
f 8054/4776/7400 8053/4777/7401 8052/4778/7402 8051/4779/7403
f 7995/4772/7404 7998/4773/7405 7997/4774/7406 7996/4775/7407
f 6771/4772/7408 6774/4773/7409 6773/4774/7410 6772/4775/7411
f 8114/4776/7412 8113/4777/7413 8112/4778/7414 8111/4779/7415
f 4963/4772/7416 4966/4773/7417 4965/4774/7418 4964/4775/7419
f 3955/4772/7420 3958/4773/7421 3957/4774/7422 3956/4775/7423
f 5546/4776/7424 5545/4777/7425 5544/4778/7426 5543/4779/7427
f 3963/4772/7428 3966/4773/7429 3965/4774/7430 3964/4775/7431
f 3927/4772/7432 3930/4773/7433 3929/4774/7434 3928/4775/7435
f 4682/4776/7436 4681/4777/7437 4680/4778/7438 4679/4779/7439
f 7131/4772/7440 7134/4773/7441 7133/4774/7442 7132/4775/7443
f 5955/4772/7444 5958/4773/7445 5957/4774/7446 5956/4775/7447
f 5102/4776/7448 5101/4777/7449 5100/4778/7450 5099/4779/7451
f 5775/4772/7452 5778/4773/7453 5777/4774/7454 5776/4775/7455
f 8383/4772/7456 8386/4773/7457 8385/4774/7458 8384/4775/7459
f 9230/4776/7460 9229/4777/7461 9228/4778/7462 9227/4779/7463
f 4107/4772/7464 4110/4773/7465 4109/4774/7466 4108/4775/7467
f 8203/4772/7468 8206/4773/7469 8205/4774/7470 8204/4775/7471
f 7370/4776/7472 7369/4777/7473 7368/4778/7474 7367/4779/7475
f 4563/4772/7476 4566/4773/7477 4565/4774/7478 4564/4775/7479
f 5619/4772/7480 5622/4773/7481 5621/4774/7482 5620/4775/7483
f 6794/4776/7484 6793/4777/7485 6792/4778/7486 6791/4779/7487
f 5419/4772/7488 5422/4773/7489 5421/4774/7490 5420/4775/7491
f 5407/4772/7492 5410/4773/7493 5409/4774/7494 5408/4775/7495
f 4922/4776/7496 4921/4777/7497 4920/4778/7498 4919/4779/7499
f 6727/4772/7500 6730/4773/7501 6729/4774/7502 6728/4775/7503
f 6219/4772/7504 6222/4773/7505 6221/4774/7506 6220/4775/7507
f 8174/4776/7508 8173/4777/7509 8172/4778/7510 8171/4779/7511
f 7887/4772/7512 7890/4773/7513 7889/4774/7514 7888/4775/7515
f 6435/4772/7516 6438/4773/7517 6437/4774/7518 6436/4775/7519
f 5702/4776/7520 5701/4777/7521 5700/4778/7522 5699/4779/7523
f 6339/4772/7524 6342/4773/7525 6341/4774/7526 6340/4775/7527
f 4395/4772/7528 4398/4773/7529 4397/4774/7530 4396/4775/7531
f 9050/4776/7532 9049/4777/7533 9048/4778/7534 9047/4779/7535
f 8547/4772/7536 8550/4773/7537 8549/4774/7538 8548/4775/7539
f 8283/4772/7540 8286/4773/7541 8285/4774/7542 8284/4775/7543
f 7754/4776/7544 7753/4777/7545 7752/4778/7546 7751/4779/7547
f 8311/4772/7548 8314/4773/7549 8313/4774/7550 8312/4775/7551
f 8083/4772/7552 8086/4773/7553 8085/4774/7554 8084/4775/7555
f 8570/4776/7556 8569/4777/7557 8568/4778/7558 8567/4779/7559
f 6567/4772/7560 6570/4773/7561 6569/4774/7562 6568/4775/7563
f 3931/4772/7564 3934/4773/7565 3933/4774/7566 3932/4775/7567
f 5282/4776/7568 5281/4777/7569 5280/4778/7570 5279/4779/7571
f 8431/4772/7572 8434/4773/7573 8433/4774/7574 8432/4775/7575
f 7767/4772/7576 7770/4773/7577 7769/4774/7578 7768/4775/7579
f 3998/4776/7580 3997/4777/7581 3996/4778/7582 3995/4779/7583
f 5047/4772/7584 5050/4773/7585 5049/4774/7586 5048/4775/7587
f 6843/4772/7588 6846/4773/7589 6845/4774/7590 6844/4775/7591
f 8390/4776/7592 8389/4777/7593 8388/4778/7594 8387/4779/7595
f 9099/4772/7596 9102/4773/7597 9101/4774/7598 9100/4775/7599
f 6955/4772/7600 6958/4773/7601 6957/4774/7602 6956/4775/7603
f 8906/4776/7604 8905/4777/7605 8904/4778/7606 8903/4779/7607
f 4659/4772/7608 4662/4773/7609 4661/4774/7610 4660/4775/7611
f 6471/4772/7612 6474/4773/7613 6473/4774/7614 6472/4775/7615
f 5210/4776/7616 5209/4777/7617 5208/4778/7618 5207/4779/7619
f 5635/4772/7620 5638/4773/7621 5637/4774/7622 5636/4775/7623
f 5515/4772/7624 5518/4773/7625 5517/4774/7626 5516/4775/7627
f 7298/4776/7628 7297/4777/7629 7296/4778/7630 7295/4779/7631
f 5715/4772/7632 5718/4773/7633 5717/4774/7634 5716/4775/7635
f 9243/4772/7636 9246/4773/7637 9245/4774/7638 9244/4775/7639
f 6986/4776/7640 6985/4777/7641 6984/4778/7642 6983/4779/7643
f 7395/4772/7644 7398/4773/7645 7397/4774/7646 7396/4775/7647
f 8019/4772/7648 8022/4773/7649 8021/4774/7650 8020/4775/7651
f 8594/4776/7652 8593/4777/7653 8592/4778/7654 8591/4779/7655
f 7387/4772/7656 7390/4773/7657 7389/4774/7658 7388/4775/7659
f 8587/4772/7660 8590/4773/7661 8589/4774/7662 8588/4775/7663
f 4298/4776/7664 4297/4777/7665 4296/4778/7666 4295/4779/7667
f 8463/4772/7668 8466/4773/7669 8465/4774/7670 8464/4775/7671
f 4227/4772/7672 4230/4773/7673 4229/4774/7674 4228/4775/7675
f 6146/4776/7676 6145/4777/7677 6144/4778/7678 6143/4779/7679
f 4851/4772/7680 4854/4773/7681 4853/4774/7682 4852/4775/7683
f 5539/4772/7684 5542/4773/7685 5541/4774/7686 5540/4775/7687
f 4346/4776/7688 4345/4777/7689 4344/4778/7690 4343/4779/7691
f 4023/4772/7692 4026/4773/7693 4025/4774/7694 4024/4775/7695
f 5791/4772/7696 5794/4773/7697 5793/4774/7698 5792/4775/7699
f 9062/4776/7700 9061/4777/7701 9060/4778/7702 9059/4779/7703
f 7623/4772/7704 7626/4773/7705 7625/4774/7706 7624/4775/7707
f 6175/4772/7708 6178/4773/7709 6177/4774/7710 6176/4775/7711
f 7262/4776/7712 7261/4777/7713 7260/4778/7714 7259/4779/7715
f 8667/4772/7716 8670/4773/7717 8669/4774/7718 8668/4775/7719
f 8407/4772/7720 8410/4773/7721 8409/4774/7722 8408/4775/7723
f 5006/4776/7724 5005/4777/7725 5004/4778/7726 5003/4779/7727
f 4167/4772/7728 4170/4773/7729 4169/4774/7730 4168/4775/7731
f 6507/4772/7732 6510/4773/7733 6509/4774/7734 6508/4775/7735
f 5294/4776/7736 5293/4777/7737 5292/4778/7738 5291/4779/7739
f 4695/4772/7740 4698/4773/7741 4697/4774/7742 4696/4775/7743
f 9259/4772/7744 9262/4773/7745 9261/4774/7746 9260/4775/7747
f 5774/4776/7748 5773/4777/7749 5772/4778/7750 5771/4779/7751
f 6147/4772/7752 6150/4773/7753 6149/4774/7754 6148/4775/7755
f 8371/4772/7756 8374/4773/7757 8373/4774/7758 8372/4775/7759
f 8942/4776/7760 8941/4777/7761 8940/4778/7762 8939/4779/7763
f 7251/4772/7764 7254/4773/7765 7253/4774/7766 7252/4775/7767
f 7107/4772/7768 7110/4773/7769 7109/4774/7770 7108/4775/7771
f 6386/4776/7772 6385/4777/7773 6384/4778/7774 6383/4779/7775
f 8971/4772/7776 8974/4773/7777 8973/4774/7778 8972/4775/7779
f 6031/4772/7780 6034/4773/7781 6033/4774/7782 6032/4775/7783
f 6482/4776/7784 6481/4777/7785 6480/4778/7786 6479/4779/7787
f 6715/4772/7788 6718/4773/7789 6717/4774/7790 6716/4775/7791
f 4171/4772/7792 4174/4773/7793 4173/4774/7794 4172/4775/7795
f 4850/4776/7796 4849/4777/7797 4848/4778/7798 4847/4779/7799
f 5779/4772/7800 5782/4773/7801 5781/4774/7802 5780/4775/7803
f 6891/4772/7804 6894/4773/7805 6893/4774/7806 6892/4775/7807
f 5402/4776/7808 5401/4777/7809 5400/4778/7810 5399/4779/7811
f 7455/4772/7812 7458/4773/7813 7457/4774/7814 7456/4775/7815
f 4839/4772/7816 4842/4773/7817 4841/4774/7818 4840/4775/7819
f 7418/4776/7820 7417/4777/7821 7416/4778/7822 7415/4779/7823
f 5071/4772/7824 5074/4773/7825 5073/4774/7826 5072/4775/7827
f 4303/4772/7828 4306/4773/7829 4305/4774/7830 4304/4775/7831
f 9146/4776/7832 9145/4777/7833 9144/4778/7834 9143/4779/7835
f 8119/4772/7836 8122/4773/7837 8121/4774/7838 8120/4775/7839
f 7147/4772/7840 7150/4773/7841 7149/4774/7842 7148/4775/7843
f 9074/4776/7844 9073/4777/7845 9072/4778/7846 9071/4779/7847
f 5187/4772/7848 5190/4773/7849 5189/4774/7850 5188/4775/7851
f 7459/4772/7852 7462/4773/7853 7461/4774/7854 7460/4775/7855
f 6542/4776/7856 6541/4777/7857 6540/4778/7858 6539/4779/7859
f 7531/4772/7860 7534/4773/7861 7533/4774/7862 7532/4775/7863
f 4467/4772/7864 4470/4773/7865 4469/4774/7866 4468/4775/7867
f 6566/4776/7868 6565/4777/7869 6564/4778/7870 6563/4779/7871
f 6331/4772/7872 6334/4773/7873 6333/4774/7874 6332/4775/7875
f 5931/4772/7876 5934/4773/7877 5933/4774/7878 5932/4775/7879
f 9218/4776/7880 9217/4777/7881 9216/4778/7882 9215/4779/7883
f 7575/4772/7884 7578/4773/7885 7577/4774/7886 7576/4775/7887
f 8887/4772/7888 8890/4773/7889 8889/4774/7890 8888/4775/7891
f 8126/4776/7892 8125/4777/7893 8124/4778/7894 8123/4779/7895
f 8415/4772/7896 8418/4773/7897 8417/4774/7898 8416/4775/7899
f 7675/4772/7900 7678/4773/7901 7677/4774/7902 7676/4775/7903
f 6014/4776/7904 6013/4777/7905 6012/4778/7906 6011/4779/7907
f 4911/4772/7908 4914/4773/7909 4913/4774/7910 4912/4775/7911
f 5535/4772/7912 5538/4773/7913 5537/4774/7914 5536/4775/7915
f 4562/4776/7916 4561/4777/7917 4560/4778/7918 4559/4779/7919
f 9127/4772/7920 9130/4773/7921 9129/4774/7922 9128/4775/7923
f 4707/4772/7924 4710/4773/7925 4709/4774/7926 4708/4775/7927
f 6194/4776/7928 6193/4777/7929 6192/4778/7930 6191/4779/7931
f 8115/4772/7932 8118/4773/7933 8117/4774/7934 8116/4775/7935
f 4759/4772/7936 4762/4773/7937 4761/4774/7938 4760/4775/7939
f 7838/4776/7940 7837/4777/7941 7836/4778/7942 7835/4779/7943
f 5355/4772/7944 5358/4773/7945 5357/4774/7946 5356/4775/7947
f 7663/4772/7948 7666/4773/7949 7665/4774/7950 7664/4775/7951
f 7586/4776/7952 7585/4777/7953 7584/4778/7954 7583/4779/7955
f 7407/4772/7956 7410/4773/7957 7409/4774/7958 7408/4775/7959
f 6439/4772/7960 6442/4773/7961 6441/4774/7962 6440/4775/7963
f 4142/4776/7964 4141/4777/7965 4140/4778/7966 4139/4779/7967
f 8895/4772/7968 8898/4773/7969 8897/4774/7970 8896/4775/7971
f 8899/4772/7972 8902/4773/7973 8901/4774/7974 8900/4775/7975
f 5054/4776/7976 5053/4777/7977 5052/4778/7978 5051/4779/7979
f 4431/4772/7980 4434/4773/7981 4433/4774/7982 4432/4775/7983
f 4207/4772/7984 4210/4773/7985 4209/4774/7986 4208/4775/7987
f 6434/4776/7988 6433/4777/7989 6432/4778/7990 6431/4779/7991
f 6115/4772/7992 6118/4773/7993 6117/4774/7994 6116/4775/7995
f 7231/4772/7996 7234/4773/7997 7233/4774/7998 7232/4775/7999
f 8606/4776/8000 8605/4777/8001 8604/4778/8002 8603/4779/8003
f 4039/4772/8004 4042/4773/8005 4041/4774/8006 4040/4775/8007
f 5571/4772/8008 5574/4773/8009 5573/4774/8010 5572/4775/8011
f 4574/4776/8012 4573/4777/8013 4572/4778/8014 4571/4779/8015
f 8635/4772/8016 8638/4773/8017 8637/4774/8018 8636/4775/8019
f 7819/4772/8020 7822/4773/8021 7821/4774/8022 7820/4775/8023
f 8546/4776/8024 8545/4777/8025 8544/4778/8026 8543/4779/8027
f 6003/4772/8028 6006/4773/8029 6005/4774/8030 6004/4775/8031
f 4075/4772/8032 4078/4773/8033 4077/4774/8034 4076/4775/8035
f 4634/4776/8036 4633/4777/8037 4632/4778/8038 4631/4779/8039
f 8527/4772/8040 8530/4773/8041 8529/4774/8042 8528/4775/8043
f 7339/4772/8044 7342/4773/8045 7341/4774/8046 7340/4775/8047
f 8018/4776/8048 8017/4777/8049 8016/4778/8050 8015/4779/8051
f 5595/4772/8052 5598/4773/8053 5597/4774/8054 5596/4775/8055
f 8791/4772/8056 8794/4773/8057 8793/4774/8058 8792/4775/8059
f 4994/4776/8060 4993/4777/8061 4992/4778/8062 4991/4779/8063
f 7671/4772/8064 7674/4773/8065 7673/4774/8066 7672/4775/8067
f 9111/4772/8068 9114/4773/8069 9113/4774/8070 9112/4775/8071
f 4466/4776/8072 4465/4777/8073 4464/4778/8074 4463/4779/8075
f 6271/4772/8076 6274/4773/8077 6273/4774/8078 6272/4775/8079
f 7383/4772/8080 7386/4773/8081 7385/4774/8082 7384/4775/8083
f 7670/4776/8084 7669/4777/8085 7668/4778/8086 7667/4779/8087
f 4231/4772/8088 4234/4773/8089 4233/4774/8090 4232/4775/8091
f 7299/4772/8092 7302/4773/8093 7301/4774/8094 7300/4775/8095
f 8858/4776/8096 8857/4777/8097 8856/4778/8098 8855/4779/8099
f 7371/4772/8100 7374/4773/8101 7373/4774/8102 7372/4775/8103
f 5295/4772/8104 5298/4773/8105 5297/4774/8106 5296/4775/8107
f 8630/4776/8108 8629/4777/8109 8628/4778/8110 8627/4779/8111
f 9183/4772/8112 9186/4773/8113 9185/4774/8114 9184/4775/8115
f 4591/4772/8116 4594/4773/8117 4593/4774/8118 4592/4775/8119
f 7058/4776/8120 7057/4777/8121 7056/4778/8122 7055/4779/8123
f 8847/4772/8124 8850/4773/8125 8849/4774/8126 8848/4775/8127
f 7699/4772/8128 7702/4773/8129 7701/4774/8130 7700/4775/8131
f 6530/4776/8132 6529/4777/8133 6528/4778/8134 6527/4779/8135
f 5235/4772/8136 5238/4773/8137 5237/4774/8138 5236/4775/8139
f 5967/4772/8140 5970/4773/8141 5969/4774/8142 5968/4775/8143
f 7442/4776/8144 7441/4777/8145 7440/4778/8146 7439/4779/8147
f 5835/4772/8148 5838/4773/8149 5837/4774/8150 5836/4775/8151
f 8179/4772/8152 8182/4773/8153 8181/4774/8154 8180/4775/8155
f 5462/4776/8156 5461/4777/8157 5460/4778/8158 5459/4779/8159
f 8559/4772/8160 8562/4773/8161 8561/4774/8162 8560/4775/8163
f 4195/4772/8164 4198/4773/8165 4197/4774/8166 4196/4775/8167
f 7550/4776/8168 7549/4777/8169 7548/4778/8170 7547/4779/8171
f 6375/4772/8172 6378/4773/8173 6377/4774/8174 6376/4775/8175
f 5347/4772/8176 5350/4773/8177 5349/4774/8178 5348/4775/8179
f 6374/4776/8180 6373/4777/8181 6372/4778/8182 6371/4779/8183
f 6303/4772/8184 6306/4773/8185 6305/4774/8186 6304/4775/8187
f 6627/4772/8188 6630/4773/8189 6629/4774/8190 6628/4775/8191
f 8654/4776/8192 8653/4777/8193 8652/4778/8194 8651/4779/8195
f 7779/4772/8196 7782/4773/8197 7781/4774/8198 7780/4775/8199
f 9171/4772/8200 9174/4773/8201 9173/4774/8202 9172/4775/8203
f 7742/4776/8204 7741/4777/8205 7740/4778/8206 7739/4779/8207
f 7795/4772/8208 7798/4773/8209 7797/4774/8210 7796/4775/8211
f 5379/4772/8212 5382/4773/8213 5381/4774/8214 5380/4775/8215
f 8930/4776/8216 8929/4777/8217 8928/4778/8218 8927/4779/8219
f 6483/4772/8220 6486/4773/8221 6485/4774/8222 6484/4775/8223
f 5607/4772/8224 5610/4773/8225 5609/4774/8226 5608/4775/8227
f 6926/4776/8228 6925/4777/8229 6924/4778/8230 6923/4779/8231
f 4959/4772/8232 4962/4773/8233 4961/4774/8234 4960/4775/8235
f 4071/4772/8236 4074/4773/8237 4073/4774/8238 4072/4775/8239
f 8786/4776/8240 8785/4777/8241 8784/4778/8242 8783/4779/8243
f 7599/4772/8244 7602/4773/8245 7601/4774/8246 7600/4775/8247
f 7939/4772/8248 7942/4773/8249 7941/4774/8250 7940/4775/8251
f 4130/4776/8252 4129/4777/8253 4128/4778/8254 4127/4779/8255
f 7003/4772/8256 7006/4773/8257 7005/4774/8258 7004/4775/8259
f 6499/4772/8260 6502/4773/8261 6501/4774/8262 6500/4775/8263
f 7658/4776/8264 7657/4777/8265 7656/4778/8266 7655/4779/8267
f 5263/4772/8268 5266/4773/8269 5265/4774/8270 5264/4775/8271
f 6663/4772/8272 6666/4773/8273 6665/4774/8274 6664/4775/8275
f 5270/4776/8276 5269/4777/8277 5268/4778/8278 5267/4779/8279
f 9271/4772/8280 9274/4773/8281 9273/4774/8282 9272/4775/8283
f 9007/4772/8284 9010/4773/8285 9009/4774/8286 9008/4775/8287
f 5678/4776/8288 5677/4777/8289 5676/4778/8290 5675/4779/8291
f 7639/4772/8292 7642/4773/8293 7641/4774/8294 7640/4775/8295
f 8839/4772/8296 8842/4773/8297 8841/4774/8298 8840/4775/8299
f 4274/4776/8300 4273/4777/8301 4272/4778/8302 4271/4779/8303
f 5787/4772/8304 5790/4773/8305 5789/4774/8306 5788/4775/8307
f 6475/4772/8308 6478/4773/8309 6477/4774/8310 6476/4775/8311
f 9002/4776/8312 9001/4777/8313 9000/4778/8314 8999/4779/8315
f 4339/4772/8316 4342/4773/8317 4341/4774/8318 4340/4775/8319
f 7903/4772/8320 7906/4773/8321 7905/4774/8322 7904/4775/8323
f 4238/4776/8324 4237/4777/8325 4236/4778/8326 4235/4779/8327
f 4155/4772/8328 4158/4773/8329 4157/4774/8330 4156/4775/8331
f 5103/4772/8332 5106/4773/8333 5105/4774/8334 5104/4775/8335
f 6662/4776/8336 6661/4777/8337 6660/4778/8338 6659/4779/8339
f 5475/4772/8340 5478/4773/8341 5477/4774/8342 5476/4775/8343
f 6919/4772/8344 6922/4773/8345 6921/4774/8346 6920/4775/8347
f 8294/4776/8348 8293/4777/8349 8292/4778/8350 8291/4779/8351
f 5215/4772/8352 5218/4773/8353 5217/4774/8354 5216/4775/8355
f 5223/4772/8356 5226/4773/8357 5225/4774/8358 5224/4775/8359
f 8522/4776/8360 8521/4777/8361 8520/4778/8362 8519/4779/8363
f 3879/4772/8364 3882/4773/8365 3881/4774/8366 3880/4775/8367
f 6879/4772/8368 6882/4773/8369 6881/4774/8370 6880/4775/8371
f 7826/4776/8372 7825/4777/8373 7824/4778/8374 7823/4779/8375
f 9055/4772/8376 9058/4773/8377 9057/4774/8378 9056/4775/8379
f 5091/4772/8380 5094/4773/8381 5093/4774/8382 5092/4775/8383
f 6974/4776/8384 6973/4777/8385 6972/4778/8386 6971/4779/8387
f 5827/4772/8388 5830/4773/8389 5829/4774/8390 5828/4775/8391
f 7219/4772/8392 7222/4773/8393 7221/4774/8394 7220/4775/8395
f 9086/4776/8396 9085/4777/8397 9084/4778/8398 9083/4779/8399
f 7543/4772/8400 7546/4773/8401 7545/4774/8402 7544/4775/8403
f 5431/4772/8404 5434/4773/8405 5433/4774/8406 5432/4775/8407
f 6818/4776/8408 6817/4777/8409 6816/4778/8410 6815/4779/8411
f 6631/4772/8412 6634/4773/8413 6633/4774/8414 6632/4775/8415
f 5895/4772/8416 5898/4773/8417 5897/4774/8418 5896/4775/8419
f 8498/4776/8420 8497/4777/8421 8496/4778/8422 8495/4779/8423
f 8643/4772/8424 8646/4773/8425 8645/4774/8426 8644/4775/8427
f 6279/4772/8428 6282/4773/8429 6281/4774/8430 6280/4775/8431
f 5042/4776/8432 5041/4777/8433 5040/4778/8434 5039/4779/8435
f 7915/4772/8436 7918/4773/8437 7917/4774/8438 7916/4775/8439
f 4927/4772/8440 4930/4773/8441 4929/4774/8442 4928/4775/8443
f 7406/4776/8444 7405/4777/8445 7404/4778/8446 7403/4779/8447
f 8959/4772/8448 8962/4773/8449 8961/4774/8450 8960/4775/8451
f 8919/4772/8452 8922/4773/8453 8921/4774/8454 8920/4775/8455
f 4226/4776/8456 4225/4777/8457 4224/4778/8458 4223/4779/8459
f 5763/4772/8460 5766/4773/8461 5765/4774/8462 5764/4775/8463
f 5019/4772/8464 5022/4773/8465 5021/4774/8466 5020/4775/8467
f 8534/4776/8468 8533/4777/8469 8532/4778/8470 8531/4779/8471
f 4135/4772/8472 4138/4773/8473 4137/4774/8474 4136/4775/8475
f 5307/4772/8476 5310/4773/8477 5309/4774/8478 5308/4775/8479
f 7886/4776/8480 7885/4777/8481 7884/4778/8482 7883/4779/8483
f 5575/4772/8484 5578/4773/8485 5577/4774/8486 5576/4775/8487
f 5655/4772/8488 5658/4773/8489 5657/4774/8490 5656/4775/8491
f 9027/4772/8492 9030/4773/8493 9029/4774/8494 9028/4775/8495
f 9223/4772/8496 9226/4773/8497 9225/4774/8498 9224/4775/8499
f 5642/4776/8500 5641/4777/8501 5640/4778/8502 5639/4779/8503
f 5299/4772/8504 5302/4773/8505 5301/4774/8506 5300/4775/8507
f 7587/4772/8508 7590/4773/8509 7589/4774/8510 7588/4775/8511
f 6254/4776/8512 6253/4777/8513 6252/4778/8514 6251/4779/8515
f 6267/4772/8516 6270/4773/8517 6269/4774/8518 6268/4775/8519
f 5523/4772/8520 5526/4773/8521 5525/4774/8522 5524/4775/8523
f 7154/4776/8524 7153/4777/8525 7152/4778/8526 7151/4779/8527
f 8923/4772/8528 8926/4773/8529 8925/4774/8530 8924/4775/8531
f 5311/4772/8532 5314/4773/8533 5313/4774/8534 5312/4775/8535
f 8414/4776/8536 8413/4777/8537 8412/4778/8538 8411/4779/8539
f 5851/4772/8540 5854/4773/8541 5853/4774/8542 5852/4775/8543
f 7411/4772/8544 7414/4773/8545 7413/4774/8546 7412/4775/8547
f 5222/4776/8548 5221/4777/8549 5220/4778/8550 5219/4779/8551
f 7183/4772/8552 7186/4773/8553 7185/4774/8554 7184/4775/8555
f 4795/4772/8556 4798/4773/8557 4797/4774/8558 4796/4775/8559
f 8714/4776/8560 8713/4777/8561 8712/4778/8562 8711/4779/8563
f 4035/4772/8564 4038/4773/8565 4037/4774/8566 4036/4775/8567
f 7711/4772/8568 7714/4773/8569 7713/4774/8570 7712/4775/8571
f 7034/4776/8572 7033/4777/8573 7032/4778/8574 7031/4779/8575
f 6795/4772/8576 6798/4773/8577 6797/4774/8578 6796/4775/8579
f 8011/4772/8580 8014/4773/8581 8013/4774/8582 8012/4775/8583
f 5018/4776/8584 5017/4777/8585 5016/4778/8586 5015/4779/8587
f 6543/4772/8588 6546/4773/8589 6545/4774/8590 6544/4775/8591
f 6231/4772/8592 6234/4773/8593 6233/4774/8594 6232/4775/8595
f 8102/4776/8596 8101/4777/8597 8100/4778/8598 8099/4779/8599
f 5995/4772/8600 5998/4773/8601 5997/4774/8602 5996/4775/8603
f 7839/4772/8604 7842/4773/8605 7841/4774/8606 7840/4775/8607
f 7922/4776/8608 7921/4777/8609 7920/4778/8610 7919/4779/8611
f 5563/4772/8612 5566/4773/8613 5565/4774/8614 5564/4775/8615
f 6247/4772/8616 6250/4773/8617 6249/4774/8618 6248/4775/8619
f 4154/4776/8620 4153/4777/8621 4152/4778/8622 4151/4779/8623
f 5199/4772/8624 5202/4773/8625 5201/4774/8626 5200/4775/8627
f 7635/4772/8628 7638/4773/8629 7637/4774/8630 7636/4775/8631
f 5666/4776/8632 5665/4777/8633 5664/4778/8634 5663/4779/8635
f 9003/4772/8636 9006/4773/8637 9005/4774/8638 9004/4775/8639
f 7627/4772/8640 7630/4773/8641 7629/4774/8642 7628/4775/8643
f 4418/4776/8644 4417/4777/8645 4416/4778/8646 4415/4779/8647
f 7975/4772/8648 7978/4773/8649 7977/4774/8650 7976/4775/8651
f 8707/4772/8652 8710/4773/8653 8709/4774/8654 8708/4775/8655
f 8210/4776/8656 8209/4777/8657 8208/4778/8658 8207/4779/8659
f 9163/4772/8660 9166/4773/8661 9165/4774/8662 9164/4775/8663
f 8007/4772/8664 8010/4773/8665 8009/4774/8666 8008/4775/8667
f 5318/4776/8668 5317/4777/8669 5316/4778/8670 5315/4779/8671
f 7111/4772/8672 7114/4773/8673 7113/4774/8674 7112/4775/8675
f 5031/4772/8676 5034/4773/8677 5033/4774/8678 5032/4775/8679
f 8558/4776/8680 8557/4777/8681 8556/4778/8682 8555/4779/8683
f 6027/4772/8684 6030/4773/8685 6029/4774/8686 6028/4775/8687
f 8551/4772/8688 8554/4773/8689 8553/4774/8690 8552/4775/8691
f 8006/4776/8692 8005/4777/8693 8004/4778/8694 8003/4779/8695
f 7255/4772/8696 7258/4773/8697 7257/4774/8698 7256/4775/8699
f 5919/4772/8700 5922/4773/8701 5921/4774/8702 5920/4775/8703
f 6782/4776/8704 6781/4777/8705 6780/4778/8706 6779/4779/8707
f 7851/4772/8708 7854/4773/8709 7853/4774/8710 7852/4775/8711
f 6763/4772/8712 6766/4773/8713 6765/4774/8714 6764/4775/8715
f 5918/4776/8716 5917/4777/8717 5916/4778/8718 5915/4779/8719
f 8491/4772/8720 8494/4773/8721 8493/4774/8722 8492/4775/8723
f 6883/4772/8724 6886/4773/8725 6885/4774/8726 6884/4775/8727
f 5366/4776/8728 5365/4777/8729 5364/4778/8730 5363/4779/8731
f 8167/4772/8732 8170/4773/8733 8169/4774/8734 8168/4775/8735
f 8467/4772/8736 8470/4773/8737 8469/4774/8738 8468/4775/8739
f 7514/4776/8740 7513/4777/8741 7512/4778/8742 7511/4779/8743
f 4099/4772/8744 4102/4773/8745 4101/4774/8746 4100/4775/8747
f 5115/4772/8748 5118/4773/8749 5117/4774/8750 5116/4775/8751
f 6134/4776/8752 6133/4777/8753 6132/4778/8754 6131/4779/8755
f 5739/4772/8756 5742/4773/8757 5741/4774/8758 5740/4775/8759
f 5643/4772/8760 5646/4773/8761 5645/4774/8762 5644/4775/8763
f 7250/4776/8764 7249/4777/8765 7248/4778/8766 7247/4779/8767
f 7435/4772/8768 7438/4773/8769 7437/4774/8770 7436/4775/8771
f 5611/4772/8772 5614/4773/8773 5613/4774/8774 5612/4775/8775
f 6998/4776/8776 6997/4777/8777 6996/4778/8778 6995/4779/8779
f 4887/4772/8780 4890/4773/8781 4889/4774/8782 4888/4775/8783
f 7999/4772/8784 8002/4773/8785 8001/4774/8786 8000/4775/8787
f 6674/4776/8788 6673/4777/8789 6672/4778/8790 6671/4779/8791
f 5511/4772/8792 5514/4773/8793 5513/4774/8794 5512/4775/8795
f 6835/4772/8796 6838/4773/8797 6837/4774/8798 6836/4775/8799
f 8582/4776/8800 8581/4777/8801 8580/4778/8802 8579/4779/8803
f 8595/4772/8804 8598/4773/8805 8597/4774/8806 8596/4775/8807
f 7731/4772/8808 7734/4773/8809 7733/4774/8810 7732/4775/8811
f 8402/4776/8812 8401/4777/8813 8400/4778/8814 8399/4779/8815
f 6387/4772/8816 6390/4773/8817 6389/4774/8818 6388/4775/8819
f 3891/4772/8820 3894/4773/8821 3893/4774/8822 3892/4775/8823
f 5582/4776/8824 5581/4777/8825 5580/4778/8826 5579/4779/8827
f 7347/4772/8828 7350/4773/8829 7349/4774/8830 7348/4775/8831
f 5403/4772/8832 5406/4773/8833 5405/4774/8834 5404/4775/8835
f 8870/4776/8836 8869/4777/8837 8868/4778/8838 8867/4779/8839
f 8479/4772/8840 8482/4773/8841 8481/4774/8842 8480/4775/8843
f 5323/4772/8844 5326/4773/8845 5325/4774/8846 5324/4775/8847
f 8378/4776/8848 8377/4777/8849 8376/4778/8850 8375/4779/8851
f 8619/4772/8852 8622/4773/8853 8621/4774/8854 8620/4775/8855
f 4327/4772/8856 4330/4773/8857 4329/4774/8858 4328/4775/8859
f 7610/4776/8860 7609/4777/8861 7608/4778/8862 7607/4779/8863
f 5899/4772/8864 5902/4773/8865 5901/4774/8866 5900/4775/8867
f 8067/4772/8868 8070/4773/8869 8069/4774/8870 8068/4775/8871
f 6350/4776/8872 6349/4777/8873 6348/4778/8874 6347/4779/8875
f 4539/4772/8876 4542/4773/8877 4541/4774/8878 4540/4775/8879
f 7327/4772/8880 7330/4773/8881 7329/4774/8882 7328/4775/8883
f 5342/4776/8884 5341/4777/8885 5340/4778/8886 5339/4779/8887
f 5803/4772/8888 5806/4773/8889 5805/4774/8890 5804/4775/8891
f 7879/4772/8892 7882/4773/8893 7881/4774/8894 7880/4775/8895
f 5630/4776/8896 5629/4777/8897 5628/4778/8898 5627/4779/8899
f 6739/4772/8900 6742/4773/8901 6741/4774/8902 6740/4775/8903
f 5823/4772/8904 5826/4773/8905 5825/4774/8906 5824/4775/8907
f 7382/4776/8908 7381/4777/8909 7380/4778/8910 7379/4779/8911
f 7867/4772/8912 7870/4773/8913 7869/4774/8914 7868/4775/8915
f 5227/4772/8916 5230/4773/8917 5229/4774/8918 5228/4775/8919
f 5822/4776/8920 5821/4777/8921 5820/4778/8922 5819/4779/8923
f 6123/4772/8924 6126/4773/8925 6125/4774/8926 6124/4775/8927
f 5647/4772/8928 5650/4773/8929 5649/4774/8930 5648/4775/8931
f 7286/4776/8932 7285/4777/8933 7284/4778/8934 7283/4779/8935
f 5527/4772/8936 5530/4773/8937 5529/4774/8938 5528/4775/8939
f 8331/4772/8940 8334/4773/8941 8333/4774/8942 8332/4775/8943
f 6242/4776/8944 6241/4777/8945 6240/4778/8946 6239/4779/8947
f 8871/4772/8948 8874/4773/8949 8873/4774/8950 8872/4775/8951
f 7515/4772/8952 7518/4773/8953 7517/4774/8954 7516/4775/8955
f 8282/4776/8956 8281/4777/8957 8280/4778/8958 8279/4779/8959
f 6163/4772/8960 6166/4773/8961 6165/4774/8962 6164/4775/8963
f 6427/4772/8964 6430/4773/8965 6429/4774/8966 6428/4775/8967
f 7898/4776/8968 7897/4777/8969 7896/4778/8970 7895/4779/8971
f 5095/4772/8972 5098/4773/8973 5097/4774/8974 5096/4775/8975
f 5863/4772/8976 5866/4773/8977 5865/4774/8978 5864/4775/8979
f 5198/4776/8980 5197/4777/8981 5196/4778/8982 5195/4779/8983
f 7958/4776/8984 7957/4777/8985 7956/4778/8986 7955/4779/8987
