{
    "MoveSpeed": 0.5,
    "MoveSpeed Controller": 3.0,
    "Rotate": {
        "x": 0.21301576495170593,
        "y": 12.615578651428223,
        "z": 0.0
    },
    "RotateSpeed": 0.5,
    "RotateSpeed Controller": 0.014999999664723873,
    "Translate": {
        "x": 0.24377669394016266,
        "y": 3.982475996017456,
        "z": -25.153827667236328
    }
}