{
    "JumpHeight": 5.0,
    "Rotate": {
        "x": 0.0,
        "y": 0.0,
        "z": 0.0
    },
    "Rotate Speed": 0.25,
    "Scale": {
        "x": 1.0,
        "y": 1.0,
        "z": 1.0
    },
    "Speed": 0.009999999776482582,
    "Translation": {
        "x": 11.388566017150879,
        "y": 0.0,
        "z": 24.308395385742188
    }
}