{
    "JumpHeight": 5.0,
    "Rotate Speed": 0.25,
    "Speed": 0.25,
    "World Translation": {
        "x": 7.957880020141602,
        "y": 0.0,
        "z": 6.933592544555722e-08
    }
}