{
    "JumpHeight": 5.0,
    "Rotate": {
        "x": 0.0,
        "y": 0.0,
        "z": 0.0
    },
    "Rotate Speed": 0.25,
    "Scale": {
        "x": 1.0,
        "y": 1.0,
        "z": 1.0
    },
    "Speed": 0.07999999821186066,
    "Translation": {
        "x": 22.060836791992188,
        "y": 1.0,
        "z": 6.0
    }
}