{
    "AnchorPoint": {
        "x": 0.5,
        "y": 0.5,
        "z": 0.5
    },
    "JumpHeight": 5.0,
    "Rotate": {
        "x": 0.0,
        "y": 0.0,
        "z": 0.0
    },
    "Rotate Speed": 0.25,
    "Scale": {
        "x": 2.0,
        "y": 1.0,
        "z": 1.0
    },
    "Speed": 0.05000000074505806,
    "Translation": {
        "x": 2.0,
        "y": 0.0,
        "z": -15.970000267028809
    }
}