# Blender 5.0.0
# www.blender.org
mtllib Tree_white.mtl
o TwistedTree_2
v 0.995742 0.213553 -0.634622
v 1.276321 -0.201474 -0.253876
v 0.968646 0.216354 -0.167091
v 1.188765 -0.201474 -0.117083
v 1.054686 -0.201475 0.000000
v 1.291763 -0.201474 -0.391852
v 1.227593 -0.201474 -0.508486
v 0.478027 0.191030 -0.695019
v 0.925056 -0.201475 -0.618103
v 1.096110 -0.201474 -0.585883
v 0.748722 -0.201475 -0.614460
v 0.597461 -0.201475 -0.597461
v 0.191242 0.177120 -0.898014
v 0.424320 -0.201475 -0.635039
v 0.489008 -0.201475 -0.595858
v 0.389085 -0.201475 -0.727927
v 0.360170 -0.201475 -0.869528
v -0.214398 0.157353 -1.196006
v 0.237910 -0.201475 -1.196053
v 0.314599 -0.201475 -1.037095
v 0.129019 -0.201475 -1.309952
v 0.000000 -0.201475 -1.351317
v -0.501873 0.148627 -0.782466
v -0.237910 -0.201475 -1.196053
v -0.129019 -0.201475 -1.309953
v -0.314599 -0.201475 -1.037095
v -0.360170 -0.201475 -0.869528
v -0.707601 0.142291 -0.497366
v -0.424320 -0.201475 -0.635039
v -0.389085 -0.201475 -0.727927
v -0.489008 -0.201475 -0.595858
v -0.597461 -0.201475 -0.597461
v -1.177902 0.124198 -0.272259
v -0.925057 -0.201475 -0.618103
v -0.748722 -0.201475 -0.614460
v -1.096110 -0.201475 -0.585883
v -1.227593 -0.201475 -0.508486
v -1.001164 0.135378 0.161291
v -1.276321 -0.201475 -0.253876
v -1.291763 -0.201475 -0.391852
v -1.188765 -0.201475 -0.117083
v -1.054686 -0.201475 0.000000
v -0.698839 0.150447 0.423187
v -0.792521 -0.201475 0.157642
v -0.910450 -0.201475 0.089671
v -0.726781 -0.201475 0.220467
v -0.721213 -0.201475 0.298736
v -0.683340 0.155401 0.931173
v -0.828822 -0.201475 0.553802
v -0.764190 -0.201475 0.408468
v -0.881845 -0.201475 0.723711
v -0.894091 -0.201475 0.894091
v -0.260103 0.174392 1.048991
v -0.747585 -0.201475 1.118839
v -0.849163 -0.201475 1.034708
v -0.605266 -0.201475 1.132373
v -0.447052 -0.201475 1.079278
v 0.112992 0.187942 0.775396
v -0.173608 -0.201475 0.872788
v -0.297719 -0.201475 0.981449
v -0.077736 -0.201475 0.789262
v 0.000000 -0.201475 0.758056
v 0.554410 0.207875 0.913205
v 0.173608 -0.201475 0.872788
v 0.077735 -0.201475 0.789262
v 0.297719 -0.201475 0.981449
v 0.447052 -0.201475 1.079278
v 0.916765 0.221178 0.664424
v 0.747584 -0.201475 1.118840
v 0.605266 -0.201475 1.132373
v 0.849163 -0.201475 1.034708
v 0.894091 -0.201475 0.894091
v 0.767252 0.210715 0.178779
v 0.828822 -0.201475 0.553802
v 0.881846 -0.201475 0.723712
v 0.764190 -0.201475 0.408468
v 0.721213 -0.201475 0.298736
v 0.792521 -0.201475 0.157642
v 0.726781 -0.201475 0.220467
v 0.910450 -0.201475 0.089672
v 0.672138 0.627463 -0.755093
v 0.257802 0.584973 -0.784834
v -0.062075 0.551296 -0.883932
v -0.463326 0.509480 -0.970871
v -0.674966 0.492016 -0.617018
v -0.822101 0.480523 -0.314535
v -1.084141 0.457593 0.009768
v -0.893449 0.481021 0.360581
v -0.609182 0.512389 0.573999
v -0.420509 0.535733 0.935334
v -0.034112 0.575384 0.965431
v 0.266656 0.603231 0.726140
v 0.645901 0.641156 0.669285
v 0.888561 0.662348 0.365232
v 0.755882 0.644421 -0.020488
v 0.795810 0.644409 -0.375093
v 0.574810 1.058204 -0.527267
v 0.361644 1.026243 -0.809331
v 0.007013 0.972668 -0.807285
v -0.309397 0.924873 -0.812220
v -0.659147 0.871987 -0.753201
v -0.810221 0.848888 -0.428782
v -0.891383 0.836363 -0.119460
v -0.989560 0.821237 0.225170
v -0.778958 0.852810 0.509198
v -0.496820 0.895292 0.672230
v -0.225455 0.936098 0.893819
v 0.119524 0.988250 0.849449
v 0.365863 1.025663 0.616059
v 0.654829 1.069467 0.439611
v 0.790667 1.090264 0.115861
v 0.653413 1.069806 -0.208405
v 0.370572 1.557454 -0.589404
v 0.122806 1.517657 -0.807057
v -0.203286 1.459131 -0.780938
v -0.502933 1.404853 -0.731614
v -0.805830 1.348464 -0.604402
v -0.918653 1.322245 -0.291843
v -0.954984 1.309761 0.014247
v -0.967410 1.301020 0.346230
v -0.743204 1.336135 0.588808
v -0.460721 1.383891 0.715857
v -0.167726 1.433282 0.854828
v 0.146300 1.490856 0.767974
v 0.358236 1.533227 0.530709
v 0.583028 1.577639 0.305980
v 0.655694 1.596904 -0.016230
v 0.507055 1.576198 -0.307908
v -0.170387 1.944399 -0.760297
v -0.458801 1.879251 -0.695457
v -0.718251 1.816937 -0.579695
v -0.943564 1.756727 -0.384755
v -0.999417 1.725735 -0.087580
v -0.971350 1.712995 0.201639
v -0.885897 1.712310 0.492033
v -0.645037 1.751496 0.673649
v -0.365963 1.805903 0.744605
v -0.073818 1.865439 0.778911
v 0.188681 1.929913 0.639679
v 0.347246 1.979291 0.393987
v 0.478756 2.024004 0.131972
v 0.469147 2.041561 -0.171422
v 0.297623 2.021150 -0.416846
v 0.101324 1.993593 -0.632681
v -0.427820 2.333598 -0.672416
v -0.681088 2.278275 -0.568360
v -0.892869 2.227554 -0.403275
v -1.044608 2.184727 -0.171484
v -1.048914 2.167902 0.108310
v -0.967009 2.168975 0.369015
v -0.817245 2.184731 0.604293
v -0.567580 2.226459 0.725885
v -0.298599 2.278048 0.740795
v -0.030528 2.333049 0.692878
v 0.179989 2.384313 0.513977
v 0.287214 2.419607 0.262140
v 0.339115 2.445143 -0.007710
v 0.265913 2.446370 -0.278987
v 0.072867 2.420050 -0.477037
v -0.155789 2.383876 -0.624151
v -0.620505 2.840657 -0.601720
v -0.849042 2.796081 -0.473779
v -1.026855 2.758878 -0.285361
v -1.133301 2.732917 -0.042484
v -1.106286 2.730239 0.222576
v -0.994921 2.743485 0.459061
v -0.816965 2.769825 0.654569
v -0.566845 2.812289 0.737456
v -0.309477 2.858979 0.717142
v -0.065283 2.905308 0.626342
v 0.110315 2.942381 0.428534
v 0.184155 2.962759 0.176501
v 0.190886 2.971430 -0.086687
v 0.084485 2.959306 -0.331368
v -0.119656 2.927418 -0.496690
v -0.357791 2.887662 -0.599365
v -0.576800 3.303650 -0.564452
v -1.003039 3.234490 -0.351806
v -1.173356 3.215523 0.101065
v -0.958406 3.263087 0.532335
v -0.513164 3.344423 0.696119
v -0.079447 3.415045 0.490291
v 0.069165 3.430093 0.031399
v -0.124809 3.385980 -0.408284
v -1.127054 3.687966 -0.254201
v -1.195352 3.715024 0.190283
v -0.923884 3.796096 0.540563
v -0.487024 3.881517 0.598681
v -0.130839 3.922546 0.324888
v -0.075238 3.893095 -0.120285
v -0.336018 3.813346 -0.477737
v -0.775771 3.727841 -0.530844
v -0.950053 4.288674 -0.551975
v -1.249225 4.273484 -0.246124
v -1.257908 4.330883 0.179124
v -0.959864 4.429018 0.471948
v -0.539396 4.509408 0.467104
v -0.236676 4.525481 0.162686
v -0.236604 4.466527 -0.261810
v -0.528072 4.368852 -0.560437
v -1.123601 4.761899 -0.555864
v -1.344913 4.787542 -0.225946
v -1.277172 4.883090 0.155153
v -0.954277 4.993173 0.361491
v -0.570006 5.053313 0.276630
v -0.346615 5.028171 -0.052928
v -0.418961 4.931978 -0.432657
v -0.738881 4.821682 -0.642816
v -1.425647 5.320339 -0.256291
v -1.296381 5.437805 0.069641
v -0.964579 5.542553 0.194840
v -0.626640 5.573568 0.048764
v -0.479324 5.512390 -0.284988
v -0.610921 5.394764 -0.609716
v -0.941515 5.289633 -0.737218
v -1.279482 5.258926 -0.590008
v -1.536228 5.965487 -0.383664
v -1.374050 6.087963 -0.097090
v -1.044472 6.183074 -0.021203
v -0.741657 6.195464 -0.198486
v -0.642368 6.117594 -0.526457
v -0.805977 5.995100 -0.812059
v -1.134954 5.899641 -0.889530
v -1.437693 5.887489 -0.711516
v -1.608457 6.515156 -0.478126
v -1.409556 6.636367 -0.251806
v -1.094909 6.716274 -0.242511
v -0.849207 6.708331 -0.454572
v -0.816191 6.616994 -0.764525
v -1.015738 6.495829 -0.990207
v -1.330231 6.415684 -1.000368
v -1.575821 6.423770 -0.787943
v -1.722775 6.978127 -0.879228
v -1.699055 7.075594 -0.597073
v -1.479472 7.194224 -0.431491
v -1.192378 7.264433 -0.480024
v -1.006033 7.245260 -0.713651
v -1.029574 7.147811 -0.995912
v -1.249423 7.029224 -1.161111
v -1.536522 6.958870 -1.113024
v -1.932277 7.633724 -1.037492
v -1.653574 7.854694 -0.653180
v -1.242671 7.896048 -0.975125
v -1.521408 7.675123 -1.359259
v -2.128246 8.186374 -1.149149
v -1.820100 8.418899 -0.862661
v -1.502213 8.440969 -1.222602
v -1.810361 8.208474 -1.509002
v -2.361366 8.734501 -1.283913
v -2.045803 8.972830 -1.091009
v -1.811424 8.963746 -1.463268
v -2.126981 8.725435 -1.656131
v -2.384643 9.626628 -1.361598
v -2.198982 9.593385 -1.730156
v -2.512698 9.360583 -1.867193
v -2.698366 9.393814 -1.498659
v -2.985238 9.965112 -1.682005
v -2.678973 10.174319 -1.615629
v -2.559396 10.110812 -1.967253
v -2.865657 9.901611 -2.033619
v -2.966769 10.723958 -1.866375
v -2.904083 10.638233 -2.191056
v -3.202656 10.472850 -2.205035
v -3.265345 10.558570 -1.880358
v -3.608132 11.282084 -2.113334
v -3.321308 11.421405 -2.129255
v -3.295140 11.332610 -2.434808
v -3.581963 11.193290 -2.418884
v -3.625476 12.024400 -2.335168
v -3.650042 11.945226 -2.610355
v -3.905324 11.826165 -2.553311
v -3.880759 11.905335 -2.278125
v -4.046335 12.758832 -2.500217
v -4.108577 12.686762 -2.739434
v -4.321948 12.573849 -2.649899
v -4.259706 12.645918 -2.410681
v -4.228405 12.744672 -2.588886
v -0.952988 5.043626 -0.632617
v -0.618408 5.455576 -0.628340
v -0.689164 5.439590 -0.583873
v -0.475186 5.288037 -0.200627
v -0.384591 5.348476 -0.332318
v -0.234374 4.904280 -0.268966
v -0.320885 4.711741 -0.083056
v -0.356770 4.247044 -0.360260
v -0.305193 4.546084 -0.507926
v -0.637738 4.669432 -0.699611
v -0.755794 4.429610 -0.548040
v -0.810952 5.133468 -0.745184
v -0.680520 5.244563 -0.860450
v -0.534099 5.517405 -0.709303
v -0.298673 5.433774 -0.464695
v -0.143520 5.068577 -0.441623
v -0.215945 4.774424 -0.667116
v -0.511293 4.867613 -0.848347
v -0.467439 5.576120 -0.778234
v -0.232045 5.507659 -0.566667
v -0.070813 5.195508 -0.572755
v -0.140020 4.944171 -0.792988
v -0.412681 5.018327 -0.965100
v -0.582759 5.337551 -0.952043
v -0.439372 5.492783 -1.097147
v -0.364775 5.684067 -0.892143
v -0.129222 5.635213 -0.720898
v 0.045198 5.393769 -0.769062
v -0.014228 5.198901 -0.989453
v -0.261949 5.249315 -1.147764
v -0.251079 5.841177 -1.033684
v -0.011885 5.808706 -0.888029
v 0.185282 5.628914 -0.979047
v 0.143254 5.481595 -1.215721
v -0.095941 5.514066 -1.361376
v -0.293107 5.693858 -1.270357
v 0.085080 6.456365 -1.402501
v 0.311034 6.417902 -1.257816
v 0.512420 6.267018 -1.358544
v 0.487852 6.154597 -1.603953
v 0.261897 6.193060 -1.748637
v 0.060511 6.343945 -1.647910
v 0.366840 7.072919 -1.661525
v 0.582997 7.034485 -1.521791
v 0.789160 6.918485 -1.630270
v 0.779166 6.840918 -1.878484
v 0.563009 6.879352 -2.018220
v 0.356846 6.995353 -1.909742
v 0.556620 7.624789 -1.808167
v 0.765883 7.594523 -1.675693
v 0.974606 7.516817 -1.788179
v 0.974065 7.469373 -2.033139
v 0.764801 7.499638 -2.165613
v 0.556078 7.577345 -2.053127
v 0.665404 8.078903 -2.122107
v 0.661858 8.105413 -1.884751
v 0.865050 8.091426 -1.759969
v 1.071787 8.050928 -1.872542
v 1.075333 8.024419 -2.109898
v 0.872141 8.038405 -2.234680
v 0.703427 8.497039 -2.154638
v 0.699214 8.514431 -1.927059
v 0.894769 8.522279 -1.809546
v 1.094535 8.512733 -1.919612
v 1.098748 8.495339 -2.147191
v 0.903194 8.487491 -2.264704
v 0.694200 8.837081 -2.177707
v 0.689824 8.857072 -1.960885
v 0.875074 8.887964 -1.850618
v 1.064699 8.898867 -1.957172
v 1.069075 8.878877 -2.173995
v 0.883826 8.847983 -2.284262
v 0.661013 9.110167 -2.206485
v 0.654913 9.141747 -2.001620
v 0.828092 9.192123 -1.899272
v 1.007371 9.210921 -2.001788
v 1.013471 9.179341 -2.206653
v 0.840293 9.128964 -2.309001
v 0.613003 9.377336 -2.055564
v 0.774510 9.439792 -1.961526
v 0.945441 9.454546 -2.058444
v 0.954866 9.406845 -2.249400
v 0.793359 9.344390 -2.343438
v 0.622428 9.329636 -2.246520
v 0.578382 9.571366 -2.121727
v 0.730319 9.636489 -2.034701
v 0.894981 9.638159 -2.122921
v 0.907706 9.574707 -2.298167
v 0.755769 9.509585 -2.385193
v 0.591107 9.507915 -2.296973
v 0.574381 9.654740 -2.353353
v 0.560025 9.729510 -2.193931
v 0.704340 9.787992 -2.110472
v 0.863011 9.771704 -2.186435
v 0.877367 9.696934 -2.345857
v 0.733052 9.638452 -2.429316
v 0.560902 9.855922 -2.263460
v 0.697584 9.900371 -2.179164
v 0.848445 9.865598 -2.240766
v 0.862626 9.786376 -2.386663
v 0.725944 9.741927 -2.470959
v 0.575083 9.776700 -2.409357
v 0.578186 9.953764 -2.321988
v 0.704966 9.979890 -2.233717
v 0.845491 9.929927 -2.281716
v 0.859236 9.853842 -2.417986
v 0.732456 9.827718 -2.506257
v 0.591931 9.877679 -2.458257
v 0.604765 10.025778 -2.364267
v 0.718710 10.032957 -2.271936
v 0.847736 9.973996 -2.309829
v 0.862817 9.907856 -2.440052
v 0.748872 9.900676 -2.532383
v 0.619846 9.959638 -2.494490
v 0.632214 10.074838 -2.389836
v 0.732178 10.066142 -2.296414
v 0.851091 10.006005 -2.328653
v 0.870040 9.954563 -2.454314
v 0.770076 9.963258 -2.547737
v 0.651163 10.023396 -2.515498
v 0.680328 10.074058 -2.524112
v 0.656460 10.109186 -2.403914
v 0.744451 10.090917 -2.313501
v 0.856311 10.037519 -2.343284
v 0.880179 10.002391 -2.463480
v 0.792188 10.020659 -2.553894
v 0.792547 10.112807 -2.448686
v -1.511091 5.930837 -0.537603
v -1.453054 5.928992 -0.506510
v -1.214266 5.822920 -0.768624
v -1.316315 5.836003 -0.794553
v -1.175907 5.448246 -0.793885
v -0.968746 5.349839 -0.702163
v -1.149264 4.863328 -0.479029
v -1.330162 5.091784 -0.592515
v -1.490217 5.207302 -0.316094
v -1.323450 5.008682 -0.180699
v -1.368288 5.604517 -0.133676
v -1.523495 5.660263 -0.256179
v -1.601716 5.963451 -0.592602
v -1.437999 5.877448 -0.840189
v -1.364450 5.542488 -0.877114
v -1.515227 5.255183 -0.700584
v -1.657610 5.353463 -0.441029
v -1.666077 5.727707 -0.367297
v -1.677694 5.996690 -0.638763
v -1.535261 5.917305 -0.880041
v -1.507746 5.618412 -0.942300
v -1.660342 5.375235 -0.784500
v -1.789294 5.462025 -0.535655
v -1.776286 5.785111 -0.450476
v -1.802007 6.061475 -0.713649
v -1.687623 5.992096 -0.948394
v -1.723269 5.742371 -1.045201
v -1.885585 5.554514 -0.914185
v -1.995311 5.626037 -0.676821
v -1.946372 5.883373 -0.572492
v -2.141283 6.016408 -0.697239
v -1.954834 6.162739 -0.803546
v -1.862690 6.104586 -1.039353
v -1.956994 5.900102 -1.168852
v -2.143443 5.753772 -1.062545
v -2.235587 5.811924 -0.826739
v -2.541536 6.768668 -1.184263
v -2.454638 6.714781 -1.411045
v -2.569123 6.543681 -1.550700
v -2.770507 6.426468 -1.463573
v -2.857406 6.480355 -1.236789
v -2.742920 6.651455 -1.097134
v -3.198936 7.324176 -1.424519
v -2.990652 7.413437 -1.496803
v -2.912600 7.369740 -1.717195
v -3.042830 7.236782 -1.865304
v -3.251114 7.147521 -1.793020
v -3.329166 7.191219 -1.572628
v -3.285061 8.009042 -1.697845
v -3.217331 7.981759 -1.912805
v -3.356784 7.886527 -2.064537
v -3.563966 7.818577 -2.001311
v -3.631695 7.845859 -1.786352
v -3.492242 7.941090 -1.634620
v -3.481783 8.533800 -1.804860
v -3.423773 8.525871 -2.013060
v -3.566092 8.461364 -2.162589
v -3.766422 8.404786 -2.103920
v -3.824432 8.412715 -1.895720
v -3.682112 8.477221 -1.746190
v -3.815968 8.925358 -1.790968
v -3.625708 8.979645 -1.846937
v -3.575712 8.988395 -2.046192
v -3.715977 8.942857 -2.189477
v -3.906237 8.888570 -2.133508
v -3.956233 8.879820 -1.934254
v -3.913539 9.258809 -1.802518
v -3.734671 9.315438 -1.855850
v -3.690292 9.333076 -2.044964
v -3.824782 9.294083 -2.180747
v -4.003650 9.237454 -2.127416
v -4.048028 9.219818 -1.938301
v -3.838932 9.621991 -1.855999
v -3.796675 9.639661 -2.037497
v -3.924877 9.599344 -2.167798
v -4.095334 9.541358 -2.116600
v -4.137590 9.523688 -1.935103
v -4.009389 9.564006 -1.804802
v -4.081537 9.778126 -1.816571
v -3.920753 9.833612 -1.864780
v -3.878212 9.843122 -2.036110
v -3.996455 9.797145 -2.159233
v -4.157239 9.741658 -2.111024
v -4.199780 9.732149 -1.939693
v -3.997643 10.031514 -1.886739
v -3.952377 10.026818 -2.046890
v -4.060827 9.976129 -2.162598
v -4.214543 9.930133 -2.118156
v -4.259809 9.934829 -1.958005
v -4.151359 9.985518 -1.842296
v -4.050615 10.180240 -1.918901
v -4.002955 10.160649 -2.066461
v -4.103623 10.110795 -2.175134
v -4.251951 10.080532 -2.136247
v -4.299612 10.100123 -1.988687
v -4.198944 10.149978 -1.880014
v -4.222636 10.274761 -1.920332
v -4.080440 10.286784 -1.952189
v -4.033027 10.257144 -2.087291
v -4.127810 10.215484 -2.190536
v -4.270006 10.203462 -2.158680
v -4.317419 10.233102 -2.023578
v -4.227914 10.363189 -1.953724
v -4.094119 10.359908 -1.979244
v -4.049326 10.328799 -2.104101
v -4.138328 10.300973 -2.203437
v -4.272124 10.304255 -2.177917
v -4.316916 10.335362 -2.053060
v -4.100183 10.409823 -1.998087
v -4.058362 10.386246 -2.115014
v -4.140584 10.373447 -2.210160
v -4.264625 10.384227 -2.188379
v -4.306445 10.407806 -2.071451
v -4.224224 10.420604 -1.976306
v -4.218633 10.461471 -1.991092
v -4.104006 10.453237 -2.011256
v -4.064582 10.443198 -2.120611
v -4.139784 10.441392 -2.209802
v -4.254411 10.449625 -2.189638
v -4.293836 10.459664 -2.080282
v -4.175472 10.509260 -2.107177
v -1.020234 6.419361 -0.178960
v -1.395977 6.695415 -0.210144
v -1.331050 6.687143 -0.300992
v -1.561144 6.507513 -0.478709
v -1.616699 6.536853 -0.364089
v -1.598410 6.158030 -0.355907
v -1.492626 6.036146 -0.502645
v -1.329725 5.663561 -0.108863
v -1.431810 5.894866 -0.065826
v -1.191377 6.065351 0.053019
v -1.063044 5.866094 0.003350
v -1.150172 6.487550 -0.065203
v -1.469411 6.736285 -0.125780
v -1.680805 6.593891 -0.259190
v -1.695997 6.273315 -0.222255
v -1.543753 6.069328 0.025659
v -1.320204 6.218654 0.137611
v -1.268802 6.565233 0.033884
v -1.358288 6.630386 0.109047
v -1.527723 6.775929 -0.061641
v -1.733320 6.645108 -0.180514
v -1.772457 6.364636 -0.121850
v -1.633342 6.199127 0.103849
v -1.420027 6.334007 0.209251
v -1.618749 6.850184 0.034537
v -1.819011 6.735605 -0.064912
v -1.892904 6.510334 0.026220
v -1.775472 6.394695 0.232434
v -1.572499 6.510299 0.327332
v -1.491127 6.740445 0.222633
v -1.630781 6.886814 0.347943
v -1.723099 6.960884 0.137821
v -1.926085 6.861568 0.053597
v -2.036753 6.688182 0.179496
v -1.944435 6.614113 0.389619
v -1.741449 6.713429 0.473843
v -2.139130 7.547732 0.461043
v -2.336024 7.457688 0.382885
v -2.460656 7.318922 0.517772
v -2.388394 7.270200 0.730817
v -2.191501 7.360243 0.808975
v -2.066868 7.499010 0.674088
v -2.415768 8.058864 0.635343
v -2.611351 7.988266 0.565701
v -2.748344 7.889350 0.705468
v -2.689755 7.861031 0.914876
v -2.494173 7.931628 0.984518
v -2.357179 8.030545 0.844751
v -2.553444 8.546376 0.950798
v -2.606012 8.565711 0.749983
v -2.800806 8.523697 0.688712
v -2.943031 8.462348 0.828255
v -2.890462 8.443014 1.029070
v -2.695669 8.485028 1.090341
v -2.693881 9.001036 0.826441
v -2.883918 8.990063 0.772802
v -3.023166 8.954890 0.908758
v -2.972378 8.930691 1.098354
v -2.782342 8.941665 1.151993
v -2.643093 8.976836 1.016036
v -2.716926 9.364262 0.900351
v -2.897799 9.377164 0.854062
v -3.029776 9.351090 0.984166
v -2.980878 9.312116 1.160558
v -2.800004 9.299213 1.206847
v -2.668028 9.325285 1.076743
v -2.669253 9.579978 1.141655
v -2.714961 9.635022 0.980164
v -2.885379 9.657145 0.939345
v -3.010090 9.624225 1.060017
v -2.964383 9.569180 1.221507
v -2.793964 9.547058 1.262326
v -2.713069 9.871449 1.071150
v -2.876010 9.889558 1.030915
v -2.995671 9.845140 1.141391
v -2.952390 9.782612 1.292101
v -2.789449 9.764503 1.332336
v -2.669789 9.808923 1.221861
v -2.691466 9.970026 1.293613
v -2.731450 10.031797 1.153257
v -2.883135 10.032650 1.107379
v -2.994838 9.971734 1.201856
v -2.954854 9.909964 1.342213
v -2.803168 9.909110 1.388091
v -2.738252 10.123853 1.363366
v -2.771637 10.171425 1.226983
v -2.906981 10.147786 1.171292
v -3.008941 10.076572 1.251986
v -2.975556 10.028999 1.388370
v -2.840211 10.052640 1.444060
v -2.801308 10.242043 1.403639
v -2.821126 10.265112 1.268884
v -2.935270 10.218169 1.206825
v -3.029597 10.148158 1.279522
v -3.009779 10.125089 1.414277
v -2.895635 10.172032 1.476335
v -2.860990 10.325297 1.411338
v -2.862800 10.320786 1.283272
v -2.957592 10.259437 1.222646
v -3.050573 10.202597 1.290088
v -3.048763 10.207107 1.418155
v -2.953971 10.268456 1.478780
v -2.889968 10.350012 1.284660
v -2.973480 10.287192 1.229212
v -3.069047 10.250504 1.288511
v -3.081101 10.276639 1.403259
v -2.997589 10.339459 1.458707
v -2.902022 10.376147 1.399407
v -2.909685 10.371170 1.281526
v -2.988601 10.318530 1.228696
v -3.084229 10.301286 1.277145
v -3.100944 10.336682 1.378424
v -3.022028 10.389323 1.431253
v -2.926399 10.406568 1.382804
v -3.026915 10.400535 1.312410
v -0.853671 7.261316 -0.793531
v -1.021467 7.483044 -0.583656
v -1.156941 7.340017 -0.665282
v -1.288354 7.031704 -0.388291
v -1.111192 7.245650 -0.318648
v -0.863531 6.851907 -0.282017
v -0.962715 6.512726 -0.301940
v -0.855317 6.537374 -0.661945
v -0.740871 6.865427 -0.597108
v -1.003689 7.059966 -0.905179
v -0.892993 7.657042 -0.510126
v -0.951428 7.464765 -0.255313
v -0.727257 7.149946 -0.230785
v -0.603130 7.159155 -0.514530
v -0.714853 7.475888 -0.693279
v -0.608327 7.648413 -0.618672
v -0.794580 7.800417 -0.454440
v -0.831067 7.639501 -0.205859
v -0.616266 7.379251 -0.185247
v -0.492284 7.386217 -0.448474
v -0.446023 7.925098 -0.510134
v -0.645691 8.034929 -0.371026
v -0.652387 7.917819 -0.128181
v -0.440159 7.733253 -0.107017
v -0.317019 7.738235 -0.345681
v -0.483004 8.328012 -0.281274
v -0.464162 8.253583 -0.035783
v -0.234783 8.141603 -0.004058
v -0.111861 8.146827 -0.229942
v -0.265270 8.262033 -0.401271
v 0.185262 9.599682 -0.057415
v -0.031998 9.633431 0.049025
v -0.010815 9.572828 0.284714
v 0.219537 9.501624 0.323937
v 0.340719 9.518220 0.112490
v 0.426710 10.859825 0.210394
v 0.216167 10.867943 0.306174
v 0.238981 10.826237 0.532687
v 0.463624 10.792342 0.576900
v 0.579647 10.813102 0.377712
v 0.482799 11.791160 0.346449
v 0.282814 11.783793 0.434753
v 0.305286 11.763937 0.651425
v 0.519160 11.759030 0.697032
v 0.628869 11.775856 0.508546
v 0.467946 12.618572 0.406968
v 0.276637 12.606961 0.491028
v 0.297597 12.603220 0.699226
v 0.501859 12.612518 0.743840
v 0.607141 12.622008 0.563214
v 0.247228 13.156091 0.479028
v 0.265527 13.170177 0.674459
v 0.456990 13.187476 0.716519
v 0.557022 13.184087 0.547083
v 0.427382 13.164690 0.400305
v 0.223022 13.671944 0.434838
v 0.239208 13.696508 0.616905
v 0.418726 13.710515 0.656787
v 0.513489 13.694608 0.499368
v 0.392537 13.670770 0.362197
v 0.224876 14.037967 0.388425
v 0.239827 14.063682 0.558038
v 0.407571 14.066358 0.596872
v 0.496292 14.042291 0.451260
v 0.383380 14.024747 0.322432
v 0.244772 14.344934 0.348154
v 0.258732 14.365289 0.509401
v 0.417059 14.356828 0.547757
v 0.500949 14.331243 0.410215
v 0.394469 14.323892 0.286853
v 0.419219 14.518645 0.279067
v 0.281444 14.545726 0.335032
v 0.292605 14.551967 0.485644
v 0.437278 14.528743 0.522763
v 0.515530 14.508146 0.395091
v 0.453245 14.695297 0.289380
v 0.326250 14.721812 0.340218
v 0.331800 14.708879 0.478844
v 0.462226 14.674371 0.513682
v 0.537283 14.665975 0.396587
v 0.366505 14.842989 0.363558
v 0.363742 14.809804 0.486829
v 0.480520 14.769856 0.519564
v 0.555455 14.778352 0.416525
v 0.484990 14.823550 0.320108
v 0.510677 14.924039 0.368758
v 0.398858 14.931672 0.399481
v 0.386619 14.881029 0.503361
v 0.490873 14.842096 0.536840
v 0.567545 14.868678 0.453651
v 0.481639 14.934127 0.470772
v -2.242125 8.680097 -1.294804
v -2.368541 8.839406 -1.511960
v -2.187075 8.998643 -1.686307
v -2.089040 8.856997 -1.556639
v -1.806507 8.532125 -1.467776
v -1.999087 8.731014 -1.705625
v -2.206109 8.541669 -1.581857
v -2.013572 8.291402 -1.312830
v -2.473809 8.999591 -1.683197
v -2.280047 9.142160 -1.805594
v -2.150037 8.912946 -1.889062
v -2.357807 8.753973 -1.794368
v -2.592035 9.189160 -1.866549
v -2.385912 9.311486 -1.941221
v -2.310679 9.124942 -2.085872
v -2.521982 8.996650 -2.021420
v -2.530106 9.556078 -2.126778
v -2.508404 9.430627 -2.334456
v -2.732163 9.339659 -2.302889
v -2.753865 9.465112 -2.095211
v -3.089436 10.343354 -2.530736
v -2.872116 10.409796 -2.550299
v -2.866611 10.329005 -2.763531
v -3.083930 10.262562 -2.743967
v -3.155396 11.259621 -2.810157
v -3.160988 11.217570 -3.018643
v -3.364686 11.158648 -3.001296
v -3.359094 11.200696 -2.792809
v -3.376587 11.918283 -2.919251
v -3.386804 11.893489 -3.115031
v -3.573511 11.831214 -3.097402
v -3.563295 11.856007 -2.901623
v -3.729752 12.340412 -2.972581
v -3.558448 12.401523 -2.989348
v -3.564749 12.369858 -3.169121
v -3.736052 12.308746 -3.152353
v -3.683473 12.740051 -3.074280
v -3.680298 12.688451 -3.234015
v -3.842090 12.644937 -3.223174
v -3.845264 12.696536 -3.063439
v -3.888896 12.952643 -3.174296
v -3.735918 12.961623 -3.168585
v -3.726809 12.893664 -3.305751
v -3.879787 12.884687 -3.311462
v -3.731635 13.092386 -3.242888
v -3.721958 13.023561 -3.363298
v -3.854716 13.053895 -3.391307
v -3.864392 13.122724 -3.270897
v -3.808551 13.221126 -3.327816
v -3.705063 13.164010 -3.287300
v -3.693035 13.107289 -3.397986
v -3.796524 13.164403 -3.438502
v -3.667336 13.216646 -3.317205
v -3.654158 13.171871 -3.418068
v -3.736009 13.236038 -3.457246
v -3.749186 13.280814 -3.356382
v -3.676877 13.255036 -3.397512
v -2.641848 9.637170 -1.315072
v -2.790270 9.707616 -1.551962
v -2.602990 9.470635 -1.573308
v -2.434770 9.151271 -1.682824
v -2.753304 9.438851 -1.624771
v -2.683315 9.331954 -1.346630
v -2.339277 8.982339 -1.357942
v -2.341577 9.378774 -1.335681
v -2.879730 9.881769 -1.308152
v -2.966401 9.936379 -1.538904
v -3.006958 9.707362 -1.588430
v -2.963168 9.632811 -1.335120
v -3.168262 10.201631 -1.527279
v -3.281938 10.018153 -1.556657
v -3.266187 9.975278 -1.323859
v -3.136769 10.166093 -1.302767
v -3.447646 10.575500 -1.518287
v -3.634139 10.458054 -1.534644
v -3.650476 10.453308 -1.314300
v -3.463983 10.570755 -1.297943
v -3.876857 11.472013 -1.553388
v -4.068376 11.399536 -1.570570
v -4.087930 11.402720 -1.366034
v -3.896412 11.475199 -1.348852
v -4.129083 12.313539 -1.574698
v -4.315349 12.279252 -1.591934
v -4.332631 12.277928 -1.402547
v -4.146365 12.312215 -1.385311
v -4.241713 12.929605 -1.378516
v -4.227475 12.943301 -1.552465
v -4.401281 12.929013 -1.567817
v -4.415520 12.915317 -1.393868
v -4.292365 13.369287 -1.342968
v -4.280454 13.392676 -1.500973
v -4.439101 13.376014 -1.515399
v -4.451012 13.352625 -1.357393
v -4.353824 13.677407 -1.309548
v -4.341879 13.697853 -1.453109
v -4.481832 13.661769 -1.469893
v -4.493776 13.641320 -1.326332
v -4.437562 13.886636 -1.305049
v -4.416840 13.888158 -1.434466
v -4.531422 13.827428 -1.453527
v -4.552143 13.825906 -1.324109
v -4.526238 14.014917 -1.341821
v -4.482031 13.987834 -1.446605
v -4.568106 13.910420 -1.462911
v -4.612313 13.937504 -1.358126
v -4.521338 14.033736 -1.471390
v -4.584966 13.954503 -1.488347
v -4.660715 14.005015 -1.440133
v -4.597086 14.084247 -1.423176
v -4.607686 14.039615 -1.481051
v -2.506825 9.975944 -1.824300
v -2.555742 10.354960 -1.724259
v -2.784865 10.433111 -1.636245
v -2.749047 10.103877 -1.704307
v -2.762554 9.793680 -1.582096
v -2.783045 10.212914 -1.489318
v -2.506062 10.140022 -1.510850
v -2.419241 9.677527 -1.561424
v -2.617381 10.694049 -1.662939
v -2.837356 10.736478 -1.599301
v -2.820496 10.581124 -1.431036
v -2.574286 10.541282 -1.458338
v -2.692462 11.079211 -1.605852
v -2.902945 11.083468 -1.564345
v -2.874539 10.996047 -1.376047
v -2.654356 10.992453 -1.404224
v -2.803341 11.608890 -1.552891
v -3.002367 11.564118 -1.527132
v -2.974993 11.559651 -1.323392
v -2.775967 11.604423 -1.349151
v -3.287488 12.965102 -1.488474
v -3.263988 12.969378 -1.299927
v -3.079158 13.006637 -1.323810
v -3.102659 13.002360 -1.512357
v -3.319517 14.136439 -1.521821
v -3.490826 14.109948 -1.500117
v -3.470545 14.120685 -1.326932
v -3.299236 14.147177 -1.348636
v -3.614923 15.001032 -1.535552
v -3.596179 15.012267 -1.373695
v -3.435035 15.029950 -1.393584
v -3.453780 15.018714 -1.555442
v -3.503545 15.534341 -1.567679
v -3.650596 15.525735 -1.549932
v -3.633038 15.529429 -1.402653
v -3.485986 15.538035 -1.420400
v -3.664493 15.935025 -1.533861
v -3.648088 15.922072 -1.401848
v -3.515552 15.929118 -1.417628
v -3.531958 15.942069 -1.549641
v -3.673330 16.217588 -1.489015
v -3.658003 16.188393 -1.370727
v -3.536503 16.200914 -1.383380
v -3.551829 16.230108 -1.501668
v -3.684608 16.354307 -1.429891
v -3.670440 16.303919 -1.334776
v -3.565405 16.331358 -1.335886
v -3.579573 16.381744 -1.431001
v -3.633092 16.497469 -1.333941
v -3.711942 16.453230 -1.361901
v -3.700972 16.389820 -1.292510
v -3.622122 16.434061 -1.264550
v -3.679946 16.467491 -1.293628
v -2.869602 10.860966 -2.022709
v -2.916569 10.599902 -1.903713
v -2.722585 10.222903 -1.938810
v -2.704705 10.584643 -2.079766
v -2.926779 10.742073 -2.268102
v -2.991436 10.463454 -2.168100
v -2.895603 10.996302 -2.353809
v -2.852009 11.100079 -2.122293
v -2.682095 10.895465 -2.199152
v -2.871700 11.285954 -2.451004
v -2.840179 11.373868 -2.231036
v -2.662107 11.245219 -2.330353
v -2.861875 11.684842 -2.585746
v -2.837960 11.754573 -2.370494
v -2.654163 11.721711 -2.500519
v -2.953934 12.750106 -2.890853
v -2.931628 12.809812 -2.692332
v -2.764408 12.794040 -2.815869
v -3.046840 13.654590 -3.147039
v -3.026575 13.710104 -2.966713
v -2.873986 13.691489 -3.077977
v -3.044090 14.275632 -3.136983
v -2.905757 14.242747 -3.232566
v -3.061980 14.235152 -3.302497
v -3.008188 14.657952 -3.384447
v -2.996776 14.672769 -3.227844
v -2.870237 14.631816 -3.312609
v -2.924215 14.856887 -3.224558
v -2.809525 14.820476 -3.295854
v -2.911489 14.892173 -3.359301
v -2.821968 15.039118 -3.266955
v -2.870017 14.958652 -3.188242
v -2.756262 14.942538 -3.230428
v -2.815363 15.082886 -3.127022
v -2.837438 15.010625 -3.200395
v -2.800702 14.980661 -3.106346
v -2.826205 15.032660 -3.116457
v 0.092114 5.692860 -1.411022
v 0.307345 5.681508 -1.437724
v 0.408735 5.840731 -1.396603
v 0.282606 5.860224 -1.376591
v 0.283591 5.916486 -1.167588
v 0.429979 5.882676 -1.217376
v 0.364696 5.737506 -1.067364
v 0.131917 5.732440 -0.961579
v 0.073646 5.395405 -0.935618
v 0.314568 5.513370 -1.085574
v 0.271591 5.503151 -1.276659
v 0.016686 5.422065 -1.175856
v 0.532978 5.836665 -1.425682
v 0.565032 5.870103 -1.266883
v 0.552679 5.742027 -1.148235
v 0.522942 5.565833 -1.184090
v 0.482001 5.544962 -1.347507
v 0.482344 5.686183 -1.470443
v 0.739193 5.710743 -1.542884
v 0.730901 5.850649 -1.487301
v 0.778099 5.878917 -1.346926
v 0.833589 5.767280 -1.262133
v 0.841882 5.627374 -1.317716
v 0.794683 5.599105 -1.458091
v 1.191971 6.000140 -1.653921
v 1.231803 6.025609 -1.516894
v 1.300926 5.923074 -1.441262
v 1.330215 5.795072 -1.502653
v 1.290383 5.769604 -1.639681
v 1.221260 5.872138 -1.715315
v 1.616832 6.238383 -1.801724
v 1.650269 6.260334 -1.668422
v 1.731275 6.169360 -1.601107
v 1.778844 6.056433 -1.667095
v 1.745407 6.034481 -1.800398
v 1.664400 6.125456 -1.867713
v 1.933170 6.363970 -1.951959
v 1.865172 6.450618 -1.881817
v 1.891441 6.466928 -1.754949
v 1.985708 6.396589 -1.698223
v 2.053706 6.309943 -1.768366
v 2.027437 6.293633 -1.895234
v 2.176141 6.649623 -2.030128
v 2.099724 6.718242 -1.959044
v 2.122897 6.731304 -1.837005
v 2.222486 6.675747 -1.786050
v 2.298903 6.607129 -1.857134
v 2.275730 6.594067 -1.979173
v 2.305326 6.891005 -2.071367
v 2.224446 6.942723 -2.000592
v 2.245647 6.953464 -1.883716
v 2.347728 6.912486 -1.837611
v 2.428608 6.860768 -1.908386
v 2.407407 6.850027 -2.025263
v 2.283310 7.096177 -2.020148
v 2.302896 7.105654 -1.911403
v 2.404067 7.084457 -1.871228
v 2.485651 7.053780 -1.939796
v 2.466066 7.044302 -2.048542
v 2.364895 7.065500 -2.088717
v 2.408015 7.247695 -2.107625
v 2.328700 7.268061 -2.041300
v 2.347575 7.278176 -1.938120
v 2.445766 7.267927 -1.901266
v 2.525080 7.247561 -1.967591
v 2.506205 7.237447 -2.070771
v 2.419447 7.356737 -2.116281
v 2.343606 7.369949 -2.052605
v 2.361742 7.381687 -1.955065
v 2.455719 7.380212 -1.921198
v 2.531561 7.366999 -1.984873
v 2.513425 7.355261 -2.082413
v 2.422254 7.456021 -2.125426
v 2.350414 7.465070 -2.064731
v 2.367637 7.479158 -1.972909
v 2.456699 7.484197 -1.941780
v 2.528539 7.475148 -2.002472
v 2.511316 7.461059 -2.094296
v 2.421100 7.516803 -2.128788
v 2.355334 7.524410 -2.073210
v 2.370821 7.542791 -1.990179
v 2.452075 7.553565 -1.962725
v 2.517842 7.545957 -2.018302
v 2.502355 7.527575 -2.101335
v 2.356614 7.586339 -2.085334
v 2.370823 7.607729 -2.008355
v 2.446945 7.619952 -1.983032
v 2.508856 7.610783 -2.034683
v 2.494646 7.589391 -2.111662
v 2.418525 7.577170 -2.136987
v 2.359019 7.625275 -2.095348
v 2.372032 7.649548 -2.024606
v 2.443199 7.661659 -2.001122
v 2.501352 7.649497 -2.048378
v 2.488338 7.625226 -2.119120
v 2.417172 7.613114 -2.142606
v 2.417506 7.641870 -2.146169
v 2.365261 7.660081 -2.106340
v 2.377066 7.688057 -2.045301
v 2.441118 7.697820 -2.024093
v 2.493363 7.679608 -2.063923
v 2.481557 7.651633 -2.124961
v 2.429290 7.700835 -2.099330
v 0.034014 6.452591 -1.430408
v 0.085968 6.345197 -1.384862
v 0.008507 6.176182 -1.516717
v -0.061377 6.338198 -1.540800
v -0.186226 6.189105 -1.453409
v -0.117440 5.926171 -1.398031
v -0.249441 5.844769 -1.098745
v -0.247764 6.154621 -1.237098
v -0.107808 6.251781 -1.145622
v -0.055755 5.969194 -1.016415
v 0.156857 6.217697 -1.184830
v 0.050340 6.399870 -1.251899
v -0.012600 6.571643 -1.476658
v -0.112542 6.486416 -1.573799
v -0.242317 6.398998 -1.503032
v -0.284972 6.397215 -1.327889
v -0.167291 6.475462 -1.238214
v -0.024200 6.562110 -1.316339
v -0.109879 6.820995 -1.419619
v -0.073005 6.775171 -1.556307
v -0.176976 6.718256 -1.646273
v -0.317821 6.707166 -1.599553
v -0.354695 6.752990 -1.462865
v -0.250724 6.809905 -1.372898
v -0.195977 7.280889 -1.595622
v -0.160793 7.238348 -1.727605
v -0.261758 7.189055 -1.816170
v -0.397907 7.182304 -1.772751
v -0.433091 7.224845 -1.640767
v -0.332126 7.274138 -1.552203
v -0.267375 7.791510 -1.775066
v -0.233854 7.752664 -1.902484
v -0.331655 7.711458 -1.989690
v -0.462976 7.709096 -1.949479
v -0.496497 7.747942 -1.822061
v -0.398697 7.789149 -1.734855
v -0.268825 8.107812 -2.006985
v -0.361406 8.079209 -2.091958
v -0.485147 8.082902 -2.056117
v -0.516306 8.115198 -1.935304
v -0.423725 8.143801 -1.850331
v -0.299984 8.140107 -1.886171
v -0.288519 8.489971 -2.106673
v -0.377249 8.469712 -2.189820
v -0.495724 8.476644 -2.156465
v -0.525469 8.503834 -2.039962
v -0.436738 8.524093 -1.956815
v -0.318263 8.517161 -1.990170
v -0.288236 8.769907 -2.160341
v -0.372847 8.757574 -2.241248
v -0.485962 8.766775 -2.209991
v -0.514468 8.788308 -2.097828
v -0.429858 8.800640 -2.016922
v -0.316742 8.791439 -2.048178
v -0.285048 8.959599 -2.182565
v -0.363178 8.957646 -2.259195
v -0.468287 8.967991 -2.230462
v -0.495265 8.980289 -2.125100
v -0.417135 8.982244 -2.048470
v -0.312026 8.971899 -2.077202
v -0.301792 9.163465 -2.096389
v -0.275682 9.157513 -2.196888
v -0.349483 9.161035 -2.270087
v -0.449393 9.170509 -2.242787
v -0.475503 9.176461 -2.142289
v -0.401702 9.172940 -2.069090
v -0.270818 9.276355 -2.195386
v -0.340426 9.283948 -2.264809
v -0.435283 9.291308 -2.238918
v -0.460534 9.291072 -2.143604
v -0.390927 9.283478 -2.074181
v -0.296069 9.276118 -2.100071
v -0.292118 9.380347 -2.097007
v -0.267826 9.386336 -2.186837
v -0.333447 9.396506 -2.252303
v -0.423360 9.400689 -2.227940
v -0.447652 9.394702 -2.138110
v -0.382031 9.384530 -2.072644
v -0.272434 9.460971 -2.174552
v -0.332448 9.472289 -2.234123
v -0.414946 9.470338 -2.212473
v -0.437431 9.457068 -2.131253
v -0.377417 9.445749 -2.071682
v -0.294919 9.447701 -2.093331
v -0.277071 9.532370 -2.160408
v -0.333479 9.542890 -2.216283
v -0.410884 9.536421 -2.196759
v -0.431880 9.519430 -2.121359
v -0.375472 9.508910 -2.065484
v -0.298067 9.515379 -2.085009
v -0.285095 9.578052 -2.148085
v -0.337862 9.586835 -2.200546
v -0.409964 9.575894 -2.183359
v -0.429297 9.556170 -2.113711
v -0.376530 9.547386 -2.061250
v -0.304429 9.558327 -2.078437
v -0.315734 9.596787 -2.072951
v -0.299004 9.618859 -2.134272
v -0.345991 9.623986 -2.182161
v -0.409707 9.607042 -2.168727
v -0.426436 9.584971 -2.107407
v -0.379450 9.579844 -2.059518
v -0.369092 9.633512 -2.111205
v 0.237608 6.534193 -1.775280
v 0.314635 6.501463 -1.934955
v 0.484597 6.565748 -1.948069
v 0.447860 6.596306 -1.841659
v 0.588928 6.492032 -1.726969
v 0.612839 6.471550 -1.867468
v 0.565440 6.290834 -1.777331
v 0.504314 6.267307 -1.553855
v 0.267705 6.038598 -1.558535
v 0.385675 6.162867 -1.792117
v 0.261509 6.287322 -1.857859
v 0.137731 6.222073 -1.635484
v 0.523361 6.557552 -2.047456
v 0.642482 6.470343 -1.989308
v 0.616771 6.309705 -1.953736
v 0.470354 6.219830 -1.986104
v 0.352701 6.318986 -2.037998
v 0.380582 6.492856 -2.068146
v 0.588515 6.569962 -2.203824
v 0.704726 6.490203 -2.172152
v 0.708154 6.350235 -2.207743
v 0.595372 6.290028 -2.275009
v 0.479162 6.369787 -2.306683
v 0.475733 6.509755 -2.271090
v 0.742626 6.690137 -2.514947
v 0.857253 6.615729 -2.490170
v 0.869482 6.487583 -2.542312
v 0.767084 6.433845 -2.619235
v 0.652457 6.508253 -2.644012
v 0.640228 6.636400 -2.591870
v 0.819452 6.834265 -2.909770
v 0.912263 6.880393 -2.825861
v 1.025940 6.812871 -2.808517
v 1.046805 6.699219 -2.875081
v 0.953993 6.653091 -2.958989
v 0.840316 6.720614 -2.976335
v 0.934732 7.006761 -3.090959
v 1.015674 7.041228 -3.001993
v 1.128363 6.987236 -2.995621
v 1.160109 6.898777 -3.078214
v 1.079167 6.864311 -3.167181
v 0.966478 6.918303 -3.173553
v 1.117747 7.248342 -3.172706
v 1.229369 7.205175 -3.172731
v 1.266053 7.134183 -3.261822
v 1.191115 7.106358 -3.350888
v 1.079493 7.149522 -3.350863
v 1.042809 7.220514 -3.261771
v 1.171086 7.421559 -3.267609
v 1.280787 7.389970 -3.272846
v 1.320216 7.335505 -3.365252
v 1.249945 7.312632 -3.452420
v 1.140244 7.344222 -3.447182
v 1.100814 7.398685 -3.354779
v 1.127977 7.519346 -3.400019
v 1.192887 7.538530 -3.318105
v 1.297594 7.523863 -3.328719
v 1.337390 7.490012 -3.421248
v 1.272480 7.470829 -3.503162
v 1.167773 7.485495 -3.492548
v 1.144372 7.654724 -3.442126
v 1.206161 7.673783 -3.364578
v 1.306199 7.668866 -3.377346
v 1.344449 7.644885 -3.467659
v 1.282660 7.625823 -3.545208
v 1.182621 7.630744 -3.532440
v 1.146860 7.734603 -3.461768
v 1.205493 7.754957 -3.388891
v 1.300138 7.757753 -3.402951
v 1.336151 7.740200 -3.489887
v 1.277518 7.719848 -3.562765
v 1.182873 7.717051 -3.548707
v 1.143989 7.809439 -3.479331
v 1.199267 7.831949 -3.411268
v 1.288225 7.840012 -3.425978
v 1.321907 7.825568 -3.508755
v 1.266630 7.803057 -3.576820
v 1.177671 7.794993 -3.562109
v 1.193420 7.883498 -3.431591
v 1.274183 7.894578 -3.446230
v 1.305054 7.879530 -3.521599
v 1.255162 7.853402 -3.582326
v 1.174399 7.842319 -3.567687
v 1.143528 7.857367 -3.492318
v 1.185521 7.935897 -3.451997
v 1.261396 7.945920 -3.465715
v 1.291041 7.927863 -3.535290
v 1.244812 7.899783 -3.591146
v 1.168938 7.889760 -3.577427
v 1.139292 7.907816 -3.507853
v 1.181001 7.970161 -3.470510
v 1.252446 7.977060 -3.482284
v 1.281259 7.954710 -3.545222
v 1.238625 7.925460 -3.596384
v 1.167180 7.918561 -3.584610
v 1.138367 7.940913 -3.521672
v 1.142252 7.973034 -3.540523
v 1.179588 8.002185 -3.495543
v 1.244611 8.001686 -3.501761
v 1.272298 7.972034 -3.552959
v 1.234962 7.942885 -3.597940
v 1.169939 7.943386 -3.591721
v 1.205871 8.000439 -3.563659
v 0.760841 7.094930 -1.494071
v 0.694721 7.255164 -1.554477
v 0.640501 7.101353 -1.598128
v 0.437541 7.084036 -1.650043
v 0.521240 7.264951 -1.570267
v 0.407186 7.123182 -1.479757
v 0.283047 6.831202 -1.588660
v 0.311989 6.604939 -1.376985
v 0.459165 6.975252 -1.335743
v 0.639429 6.961591 -1.357484
v 0.532929 6.612899 -1.422840
v 0.706760 6.844087 -1.604396
v 0.816057 7.312147 -1.415186
v 0.750698 7.419499 -1.503265
v 0.597660 7.443255 -1.502051
v 0.507432 7.363407 -1.394445
v 0.567307 7.261317 -1.273048
v 0.722948 7.235769 -1.289238
v 0.848666 7.695648 -1.427196
v 0.714719 7.738721 -1.411748
v 0.652506 7.732289 -1.284768
v 0.724240 7.682787 -1.173236
v 0.858187 7.639716 -1.188684
v 0.920400 7.646145 -1.315664
v 1.147926 8.435329 -1.176547
v 1.075495 8.471560 -1.285685
v 0.944418 8.504857 -1.272258
v 0.885773 8.501922 -1.149693
v 0.958204 8.465690 -1.040556
v 1.089281 8.432394 -1.053982
v 1.267928 9.006250 -1.115559
v 1.195917 9.030434 -1.221426
v 1.068577 9.055261 -1.209325
v 1.013249 9.055902 -1.091357
v 1.085259 9.031718 -0.985490
v 1.212599 9.006892 -0.997592
v 1.363970 9.631095 -1.085819
v 1.293320 9.644855 -1.187693
v 1.170391 9.662733 -1.176391
v 1.118111 9.666853 -1.063215
v 1.188761 9.653093 -0.961341
v 1.311690 9.635214 -0.972643
v 1.334006 10.061953 -1.187613
v 1.218494 10.072331 -1.176945
v 1.170320 10.081023 -1.071265
v 1.237658 10.079333 -0.976253
v 1.353169 10.068954 -0.986921
v 1.401343 10.060264 -1.092601
v 1.365878 10.498965 -1.206485
v 1.255587 10.506096 -1.196107
v 1.209898 10.517111 -1.095540
v 1.274499 10.520995 -1.005350
v 1.384791 10.513865 -1.015728
v 1.430480 10.502850 -1.116295
v 1.436761 10.769176 -1.143365
v 1.375115 10.761580 -1.228757
v 1.270121 10.766561 -1.218689
v 1.226774 10.779134 -1.123229
v 1.288420 10.786728 -1.037836
v 1.393414 10.781749 -1.047904
v 1.378781 10.972841 -1.250982
v 1.279093 10.976443 -1.241282
v 1.237991 10.989709 -1.150841
v 1.296578 10.999371 -1.070100
v 1.396266 10.995767 -1.079800
v 1.437368 10.982503 -1.170241
v 1.379859 11.168322 -1.274003
v 1.285449 11.170989 -1.264719
v 1.246533 11.184033 -1.179151
v 1.302026 11.194411 -1.102867
v 1.396436 11.191744 -1.112151
v 1.435352 11.178699 -1.197718
v 1.428358 11.306462 -1.215287
v 1.377478 11.296843 -1.285216
v 1.290908 11.298257 -1.276559
v 1.255218 11.309295 -1.197974
v 1.306097 11.318917 -1.128044
v 1.392668 11.317500 -1.136701
v 1.375237 11.424466 -1.297422
v 1.293840 11.424782 -1.289132
v 1.260301 11.433458 -1.215009
v 1.308160 11.441819 -1.149176
v 1.389557 11.441503 -1.157466
v 1.423096 11.432826 -1.231589
v 1.371796 11.497033 -1.300305
v 1.295542 11.495831 -1.292335
v 1.264190 11.501453 -1.222585
v 1.309092 11.508279 -1.160804
v 1.385347 11.509484 -1.168774
v 1.416698 11.503860 -1.238525
v 1.367459 11.552985 -1.299622
v 1.296346 11.549749 -1.291975
v 1.267245 11.551764 -1.226592
v 1.309255 11.557016 -1.168855
v 1.380368 11.560252 -1.176502
v 1.409469 11.558236 -1.241885
v 1.361954 11.600838 -1.296325
v 1.296027 11.595046 -1.289113
v 1.269253 11.593072 -1.228195
v 1.308405 11.596886 -1.174488
v 1.374331 11.602678 -1.181700
v 1.401106 11.604653 -1.242618
v 1.329840 11.646413 -1.234446
v 0.610334 7.709705 -2.184757
v 0.647020 7.632620 -2.069715
v 0.761726 7.448000 -2.108263
v 0.681439 7.566912 -2.251441
v 0.594255 7.386183 -2.222133
v 0.663865 7.180615 -2.031515
v 0.443406 7.073619 -1.910568
v 0.432945 7.338951 -2.123966
v 0.410814 7.499271 -2.030513
v 0.456364 7.304749 -1.802944
v 0.548859 7.596977 -1.896980
v 0.495954 7.689462 -2.066383
v 0.578036 7.795128 -2.293487
v 0.627006 7.678059 -2.372981
v 0.537170 7.545692 -2.379648
v 0.397165 7.526691 -2.305945
v 0.367710 7.650470 -2.215548
v 0.456743 7.786547 -2.211437
v 0.407178 7.960626 -2.424778
v 0.536156 7.945536 -2.464045
v 0.567401 7.856570 -2.561584
v 0.469667 7.782693 -2.619855
v 0.340689 7.797784 -2.580589
v 0.309444 7.886750 -2.483048
v 0.481807 8.330403 -2.776833
v 0.510308 8.256370 -2.880146
v 0.414989 8.196279 -2.945494
v 0.291170 8.210222 -2.907530
v 0.262670 8.284256 -2.804216
v 0.357988 8.344346 -2.738868
v 0.321691 8.729049 -2.985916
v 0.440197 8.718046 -3.023752
v 0.466332 8.659711 -3.131038
v 0.373960 8.612377 -3.200489
v 0.255453 8.623379 -3.162653
v 0.229319 8.681715 -3.055367
v 0.287910 9.135552 -3.174401
v 0.401004 9.129194 -3.212637
v 0.424941 9.086175 -3.321584
v 0.335784 9.049514 -3.392292
v 0.222689 9.055873 -3.354055
v 0.198752 9.098892 -3.245110
v 0.261029 9.416088 -3.265316
v 0.365743 9.418757 -3.303896
v 0.386366 9.395187 -3.411040
v 0.302275 9.368949 -3.479603
v 0.197561 9.366281 -3.441021
v 0.176938 9.389851 -3.333878
v 0.222434 9.723570 -3.339090
v 0.321349 9.732408 -3.377268
v 0.339816 9.717877 -3.481036
v 0.259368 9.694510 -3.546624
v 0.160453 9.685673 -3.508446
v 0.141986 9.700203 -3.404678
v 0.188973 9.910363 -3.370644
v 0.282032 9.924386 -3.407871
v 0.298715 9.915042 -3.507253
v 0.222340 9.891675 -3.569408
v 0.129281 9.877652 -3.532181
v 0.112598 9.886997 -3.432798
v 0.154373 10.062289 -3.394894
v 0.241786 10.079701 -3.430716
v 0.257473 10.071653 -3.525144
v 0.185747 10.046193 -3.583749
v 0.098334 10.028782 -3.547927
v 0.082647 10.036831 -3.453500
v 0.197663 10.222180 -3.455837
v 0.213486 10.211959 -3.544824
v 0.146977 10.183267 -3.599842
v 0.064646 10.164798 -3.565871
v 0.048823 10.175020 -3.476884
v 0.115332 10.203712 -3.421867
v 0.085208 10.299732 -3.453295
v 0.161566 10.315087 -3.483109
v 0.179824 10.296811 -3.562404
v 0.121724 10.263180 -3.611887
v 0.045365 10.247826 -3.582073
v 0.027108 10.266102 -3.502778
v 0.056409 10.391682 -3.490452
v 0.129850 10.402162 -3.515873
v 0.150694 10.376772 -3.587079
v 0.098097 10.340902 -3.632867
v 0.024656 10.330422 -3.607447
v 0.003812 10.355812 -3.536239
v 0.113362 10.447390 -3.543243
v 0.136727 10.414721 -3.604790
v 0.089247 10.378014 -3.647209
v 0.018403 10.373975 -3.628082
v -0.004963 10.406644 -3.566535
v 0.042518 10.443352 -3.524116
v 0.104010 10.477908 -3.568501
v 0.128994 10.438756 -3.619016
v 0.086269 10.402726 -3.658830
v 0.018560 10.405849 -3.648131
v -0.006425 10.445002 -3.597616
v 0.036301 10.481030 -3.557802
v 0.100319 10.499615 -3.592244
v 0.125363 10.455510 -3.630959
v 0.087396 10.421439 -3.669285
v 0.024385 10.431474 -3.668897
v -0.000658 10.475577 -3.630182
v 0.037308 10.509648 -3.591856
v 0.071120 10.492835 -3.662230
v 1.147308 7.869973 -1.909415
v 1.108847 8.035528 -1.894203
v 1.019677 7.943445 -1.906513
v 0.876251 7.995394 -1.799195
v 0.991109 8.083464 -1.794219
v 0.908945 7.960632 -1.710641
v 0.714152 7.805171 -1.769705
v 0.765382 7.490933 -1.694074
v 0.971340 7.762299 -1.668247
v 1.089783 7.719143 -1.769966
v 0.911197 7.452113 -1.805896
v 1.009237 7.715703 -1.981195
v 1.260825 8.004498 -1.867338
v 1.196023 8.131385 -1.880772
v 1.098727 8.179451 -1.785009
v 1.065320 8.098836 -1.676275
v 1.139900 7.959239 -1.639934
v 1.237292 7.912854 -1.736395
v 1.435061 8.212312 -1.832236
v 1.335952 8.292159 -1.866736
v 1.261902 8.349293 -1.773782
v 1.286960 8.326581 -1.646328
v 1.386069 8.246734 -1.611828
v 1.460119 8.189600 -1.704783
v 1.669724 8.761688 -1.869512
v 1.596622 8.813377 -1.780248
v 1.625884 8.798524 -1.658154
v 1.728247 8.731983 -1.625324
v 1.801349 8.680294 -1.714589
v 1.772088 8.695148 -1.836683
v 1.914442 9.173240 -1.893330
v 1.843141 9.220327 -1.807618
v 1.875357 9.212742 -1.691203
v 1.978876 9.158069 -1.660502
v 2.050177 9.110982 -1.746214
v 2.017960 9.118567 -1.862628
v 2.092311 9.526082 -1.929028
v 2.023365 9.569289 -1.846815
v 2.057245 9.567765 -1.736230
v 2.160071 9.523030 -1.707857
v 2.229017 9.479822 -1.790070
v 2.195137 9.481347 -1.900655
v 2.221780 9.823300 -1.968537
v 2.155457 9.863041 -1.889803
v 2.189788 9.865843 -1.784965
v 2.290443 9.828902 -1.758863
v 2.356766 9.789160 -1.837597
v 2.322435 9.786359 -1.942435
v 2.429499 10.081285 -1.988447
v 2.332099 10.112500 -2.012525
v 2.268424 10.148759 -1.937215
v 2.302149 10.153800 -1.837826
v 2.399548 10.122586 -1.813748
v 2.463223 10.086328 -1.889059
v 2.491066 10.283330 -2.015879
v 2.399819 10.309074 -2.037508
v 2.339774 10.339044 -1.967130
v 2.370977 10.343268 -1.875124
v 2.462224 10.317523 -1.853496
v 2.522268 10.287555 -1.923874
v 2.551803 10.489481 -2.040306
v 2.465097 10.512896 -2.060623
v 2.407064 10.537346 -1.993442
v 2.435737 10.538383 -1.905944
v 2.522443 10.514967 -1.885628
v 2.580476 10.490516 -1.952809
v 2.583194 10.614170 -2.044673
v 2.501128 10.635620 -2.063862
v 2.444704 10.653136 -2.000045
v 2.470346 10.649203 -1.917038
v 2.552412 10.627753 -1.897849
v 2.608836 10.610237 -1.961666
v 2.527498 10.734416 -2.056880
v 2.472320 10.743465 -1.997038
v 2.494607 10.733232 -1.918896
v 2.572073 10.713948 -1.900596
v 2.627251 10.704899 -1.960438
v 2.604964 10.715133 -2.038580
v 2.618270 10.796109 -2.023537
v 2.545326 10.812558 -2.041432
v 2.491218 10.811728 -1.986815
v 2.510052 10.794448 -1.914301
v 2.582996 10.777998 -1.896406
v 2.637104 10.778829 -1.951023
v 2.555495 10.872540 -2.019960
v 2.502676 10.860839 -1.972561
v 2.518210 10.836482 -1.906691
v 2.586563 10.823829 -1.888220
v 2.639382 10.835530 -1.935619
v 2.623847 10.859885 -2.001489
v 2.558922 10.921341 -1.992978
v 2.508258 10.898551 -1.955484
v 2.520831 10.867904 -1.897219
v 2.584068 10.860049 -1.876449
v 2.634732 10.882839 -1.913943
v 2.622159 10.913485 -1.972207
v 2.605911 10.959094 -1.928134
v 2.554044 10.958693 -1.957852
v 2.510363 10.921418 -1.941236
v 2.518549 10.884545 -1.894901
v 2.570416 10.884947 -1.865183
v 2.614097 10.922221 -1.881799
v 2.551467 10.942681 -1.893015
v 0.963644 8.673195 -2.224600
v 1.138462 8.918546 -2.202811
v 1.015362 8.846126 -2.151080
v 1.027138 8.847863 -1.982027
v 1.160559 8.922629 -2.058228
v 1.162422 8.790271 -1.982355
v 0.973668 8.675406 -1.885799
v 1.035662 8.352405 -1.953354
v 1.190871 8.596725 -2.049001
v 1.167219 8.594751 -2.193621
v 1.019976 8.356359 -2.122600
v 1.123346 8.782506 -2.271744
v 1.245897 8.888175 -2.317975
v 1.231535 9.000283 -2.250403
v 1.264059 9.007579 -2.123981
v 1.308969 8.902676 -2.065079
v 1.340642 8.767708 -2.131738
v 1.307450 8.761190 -2.258144
v 1.414284 9.063296 -2.402396
v 1.363486 9.140779 -2.327023
v 1.411533 9.159543 -2.219298
v 1.510378 9.100821 -2.186947
v 1.561176 9.023338 -2.262320
v 1.513129 9.004577 -2.370044
v 1.711761 9.506644 -2.618140
v 1.659679 9.575606 -2.543277
v 1.707479 9.595914 -2.441418
v 1.807363 9.547261 -2.414421
v 1.859446 9.478299 -2.489284
v 1.811645 9.457991 -2.591143
v 1.925769 9.892555 -2.798240
v 1.873772 9.954260 -2.724556
v 1.920809 9.975687 -2.628280
v 2.019845 9.935410 -2.605689
v 2.071843 9.873706 -2.679374
v 2.024805 9.852279 -2.775649
v 2.106443 10.278152 -2.970921
v 2.055413 10.333725 -2.898980
v 2.100960 10.355147 -2.807686
v 2.197538 10.320995 -2.788334
v 2.248567 10.265423 -2.860275
v 2.203020 10.244002 -2.951569
v 2.170231 10.593639 -3.009484
v 2.211897 10.611613 -2.923991
v 2.302517 10.582071 -2.907157
v 2.351471 10.534556 -2.975814
v 2.309806 10.516582 -3.061307
v 2.219186 10.546124 -3.078142
v 2.334937 10.826301 -3.180824
v 2.287170 10.868330 -3.114556
v 2.324928 10.881157 -3.031795
v 2.410455 10.851952 -3.015301
v 2.458222 10.809920 -3.081569
v 2.420463 10.797095 -3.164330
v 2.409748 10.998614 -3.224855
v 2.362558 11.034376 -3.161126
v 2.395105 11.039675 -3.080628
v 2.474842 11.009211 -3.063859
v 2.522033 10.973449 -3.127589
v 2.489486 10.968151 -3.208087
v 2.437771 11.187794 -3.183580
v 2.463634 11.183445 -3.105721
v 2.537070 11.150834 -3.088590
v 2.584643 11.122571 -3.149318
v 2.558779 11.126920 -3.227177
v 2.485343 11.159531 -3.244308
v 2.495168 11.287256 -3.175229
v 2.508555 11.265911 -3.104590
v 2.572265 11.230151 -3.087657
v 2.622589 11.215734 -3.141362
v 2.609203 11.237079 -3.212000
v 2.545493 11.272840 -3.228934
v 2.599623 11.374636 -3.195149
v 2.546373 11.378572 -3.149444
v 2.550779 11.345765 -3.087441
v 2.608437 11.309020 -3.071144
v 2.661687 11.305085 -3.116849
v 2.657280 11.337892 -3.178851
v 2.571624 11.421436 -3.118494
v 2.567930 11.378627 -3.068890
v 2.620212 11.342318 -3.052921
v 2.676188 11.348817 -3.086555
v 2.679882 11.391627 -3.136159
v 2.627600 11.427937 -3.152128
v 2.641957 11.463879 -3.101193
v 2.585216 11.448389 -3.084941
v 2.575697 11.398416 -3.051243
v 2.622919 11.363931 -3.033795
v 2.679661 11.379419 -3.050047
v 2.689180 11.429393 -3.083745
v 2.630241 11.480540 -3.032693
v 2.598529 11.461748 -3.072458
v 2.585603 11.409120 -3.074247
v 2.604390 11.375281 -3.036271
v 2.636103 11.394074 -2.996506
v 2.649028 11.446702 -2.994717
v 2.595390 11.432779 -3.019297
v 0.874490 9.481092 -2.073832
v 0.848760 9.445829 -2.025774
v 0.691479 9.440272 -2.039581
v 0.739739 9.482655 -2.084199
v 0.683540 9.382726 -2.045067
v 0.649126 9.240639 -2.078567
v 0.742282 9.012649 -1.955395
v 0.753738 9.268203 -1.938714
v 0.886817 9.268727 -1.920047
v 0.894558 9.021447 -1.919136
v 0.954404 9.261207 -2.011840
v 0.949849 9.384480 -2.009797
v 0.954720 9.482638 -2.022340
v 0.893241 9.526541 -2.107291
v 0.773508 9.538250 -2.112559
v 0.716205 9.503022 -2.038261
v 0.775306 9.450871 -1.936088
v 0.894588 9.440730 -1.927784
v 0.920629 9.608444 -2.148848
v 0.814923 9.637467 -2.153028
v 0.766959 9.682710 -2.065357
v 0.824701 9.698928 -1.973508
v 0.930406 9.669906 -1.969328
v 0.978371 9.624662 -2.056998
v 1.008014 9.924719 -2.257185
v 0.906877 9.952065 -2.261057
v 0.860953 9.995065 -2.177191
v 0.916166 10.010717 -2.089452
v 1.017302 9.983371 -2.085580
v 1.063226 9.940372 -2.169446
v 1.070206 10.160940 -2.332993
v 0.975893 10.185911 -2.336463
v 0.932786 10.224835 -2.257995
v 0.983992 10.238788 -2.176057
v 1.078305 10.213818 -2.172588
v 1.121412 10.174893 -2.251056
v 1.134644 10.405557 -2.410824
v 1.044750 10.428642 -2.413929
v 1.003290 10.464075 -2.338769
v 1.051723 10.476422 -2.260506
v 1.141616 10.453337 -2.257402
v 1.183077 10.417903 -2.332561
v 1.176092 10.578870 -2.458815
v 1.090414 10.599404 -2.461360
v 1.050384 10.630486 -2.389247
v 1.096032 10.641035 -2.314590
v 1.181709 10.620502 -2.312044
v 1.221740 10.589419 -2.384157
v 1.198098 10.700251 -2.483199
v 1.118268 10.714703 -2.484417
v 1.080079 10.737238 -2.416468
v 1.121720 10.745322 -2.347302
v 1.201550 10.730870 -2.346085
v 1.239739 10.708336 -2.414033
v 1.254298 10.829343 -2.439481
v 1.215117 10.822217 -2.504825
v 1.139028 10.830357 -2.504896
v 1.102120 10.845623 -2.439623
v 1.141302 10.852749 -2.374279
v 1.217390 10.844607 -2.374208
v 1.252609 10.914023 -2.450764
v 1.215789 10.906816 -2.512163
v 1.143844 10.906256 -2.511116
v 1.108719 10.912905 -2.448670
v 1.145539 10.920113 -2.387271
v 1.217484 10.920671 -2.388318
v 1.234711 10.979636 -2.453718
v 1.202127 10.969561 -2.509278
v 1.139647 10.951032 -2.507523
v 1.109753 10.942577 -2.450208
v 1.142337 10.952653 -2.394649
v 1.204817 10.971183 -2.396404
v 1.207277 11.036500 -2.452301
v 1.179335 11.022635 -2.504430
v 1.128196 10.989856 -2.503697
v 1.104998 10.970938 -2.450836
v 1.132941 10.984800 -2.398707
v 1.184080 11.017580 -2.399440
v 1.170436 11.068126 -2.446945
v 1.150562 11.049970 -2.496458
v 1.117634 11.004281 -2.498560
v 1.104578 10.976748 -2.451150
v 1.124452 10.994905 -2.401637
v 1.157381 11.040593 -2.399535
v 1.101707 11.073179 -2.443277
v 1.122944 11.060309 -2.486533
v 1.136828 11.013055 -2.494412
v 1.129474 10.978673 -2.459035
v 1.108237 10.991544 -2.415779
v 1.094353 11.038797 -2.407900
v 1.093104 11.020911 -2.460703
v -2.428598 5.871431 -1.121951
v -2.432285 5.981201 -1.261050
v -2.364650 6.035703 -1.158989
v -2.186530 6.071055 -1.243523
v -2.286525 6.000890 -1.348609
v -2.129506 5.883762 -1.303059
v -1.951783 5.940871 -1.135587
v -1.891559 5.662781 -0.995470
v -2.117009 5.703799 -1.190163
v -2.267885 5.717934 -1.091062
v -2.083565 5.715620 -0.881395
v -2.328467 5.940647 -0.951629
v -2.521549 5.828229 -1.261819
v -2.505933 5.943701 -1.359470
v -2.381651 5.954193 -1.447438
v -2.270205 5.838427 -1.440382
v -2.282672 5.695003 -1.353529
v -2.408807 5.697981 -1.260782
v -2.681063 5.782240 -1.464821
v -2.636200 5.903859 -1.515221
v -2.533876 5.906620 -1.609380
v -2.476413 5.787762 -1.653139
v -2.521275 5.666143 -1.602737
v -2.623600 5.663383 -1.508578
v -3.005778 5.939930 -1.918924
v -2.907740 5.942572 -2.009554
v -2.868116 5.829422 -2.068369
v -2.926530 5.713629 -2.036555
v -3.024568 5.710988 -1.945925
v -3.064192 5.824139 -1.887110
v -3.254474 6.043888 -2.185618
v -3.161237 6.046642 -2.273319
v -3.138211 5.943460 -2.345535
v -3.208423 5.837523 -2.330051
v -3.301659 5.834769 -2.242352
v -3.324685 5.937950 -2.170135
v -3.589845 6.138130 -2.445930
v -3.510303 6.231348 -2.448225
v -3.422329 6.234754 -2.533495
v -3.413898 6.144942 -2.616468
v -3.493440 6.051724 -2.614172
v -3.581414 6.048317 -2.528903
v -3.658047 6.398608 -2.590836
v -3.578502 6.404404 -2.672903
v -3.587184 6.338124 -2.765789
v -3.675413 6.266049 -2.776608
v -3.754959 6.260253 -2.694541
v -3.746276 6.326533 -2.601655
v -3.896673 6.551291 -2.734264
v -3.806064 6.610020 -2.718834
v -3.732206 6.618333 -2.798666
v -3.748958 6.567919 -2.893929
v -3.839567 6.509189 -2.909359
v -3.913424 6.500876 -2.829526
v -3.971228 6.706417 -2.788236
v -3.880526 6.753671 -2.770769
v -3.812216 6.765017 -2.848033
v -3.834606 6.729106 -2.942765
v -3.925308 6.681852 -2.960232
v -3.993618 6.670507 -2.882967
v -3.934208 6.876000 -2.799016
v -3.871205 6.890595 -2.873282
v -3.897204 6.866953 -2.965277
v -3.986207 6.828716 -2.983006
v -4.049212 6.814121 -2.908741
v -4.023211 6.837763 -2.816746
v -3.980074 6.994459 -2.812917
v -3.922107 7.012225 -2.883767
v -3.950129 6.998157 -2.971587
v -4.036118 6.966321 -2.988559
v -4.094085 6.948555 -2.917708
v -4.066063 6.962623 -2.829889
v -4.088177 7.042417 -2.833198
v -4.008391 7.069147 -2.818043
v -3.957533 7.091017 -2.883198
v -3.986462 7.086159 -2.963506
v -4.066248 7.059429 -2.978661
v -4.117105 7.037559 -2.913506
v -4.112958 7.122873 -2.831038
v -4.038093 7.148631 -2.817076
v -3.991764 7.172596 -2.878253
v -4.020299 7.170803 -2.953390
v -4.095165 7.145045 -2.967351
v -4.141495 7.121081 -2.906175
v -4.056482 7.192509 -2.816029
v -4.014596 7.217988 -2.873239
v -4.042171 7.217288 -2.943352
v -4.111630 7.191106 -2.956254
v -4.153516 7.165625 -2.899045
v -4.125942 7.166327 -2.828932
v -4.135993 7.198477 -2.827446
v -4.072359 7.226006 -2.815536
v -4.034914 7.252432 -2.868906
v -4.061103 7.251330 -2.934191
v -4.124737 7.223800 -2.946101
v -4.162182 7.197375 -2.892730
v -4.087743 7.254347 -2.815517
v -4.054838 7.281194 -2.865269
v -4.079371 7.278677 -2.925854
v -4.136812 7.249317 -2.936687
v -4.169717 7.222471 -2.886935
v -4.145184 7.224986 -2.826350
v -4.133885 7.288229 -2.869488
v -2.602076 6.833356 -1.127371
v -2.535980 6.676331 -1.168271
v -2.623763 6.517120 -1.068267
v -2.677293 6.729348 -1.017767
v -2.566580 6.616919 -0.902833
v -2.470070 6.316218 -0.949878
v -2.176740 6.290843 -0.860892
v -2.360845 6.614886 -0.870435
v -2.304866 6.697537 -1.016122
v -2.139445 6.394908 -1.054992
v -2.346119 6.576451 -1.247311
v -2.435794 6.802363 -1.159406
v -2.669417 6.993287 -1.091120
v -2.737333 6.919917 -0.980992
v -2.649713 6.862364 -0.864089
v -2.486360 6.880837 -0.846541
v -2.425998 6.945519 -0.971035
v -2.521577 6.999889 -1.099226
v -2.660785 7.308614 -1.033711
v -2.785539 7.255736 -1.045265
v -2.852299 7.214137 -0.934335
v -2.794306 7.225416 -0.811850
v -2.669553 7.278294 -0.800295
v -2.602792 7.319893 -0.911225
v -2.986797 7.835296 -0.993315
v -3.054756 7.805679 -0.885833
v -2.998611 7.815382 -0.768353
v -2.874507 7.854704 -0.758355
v -2.806548 7.884322 -0.865837
v -2.862693 7.874617 -0.983317
v -3.124020 8.387980 -0.957242
v -3.191467 8.368361 -0.853623
v -3.136733 8.374541 -0.741209
v -3.014552 8.400336 -0.732414
v -2.947105 8.419954 -0.836034
v -3.001839 8.413776 -0.948448
v -3.081164 8.955857 -0.916960
v -3.200001 8.942502 -0.924740
v -3.265543 8.930056 -0.825189
v -3.212248 8.930964 -0.717858
v -3.093411 8.944319 -0.710079
v -3.027869 8.956766 -0.809630
v -3.210111 9.327085 -0.890808
v -3.271505 9.319295 -0.797587
v -3.221190 9.310464 -0.698035
v -3.109481 9.309422 -0.691704
v -3.048086 9.317212 -0.784926
v -3.098401 9.326043 -0.884478
v -3.094355 9.715631 -0.840063
v -3.200649 9.722393 -0.845535
v -3.259253 9.713964 -0.756831
v -3.211565 9.698771 -0.662656
v -3.105271 9.692010 -0.657185
v -3.046667 9.700439 -0.745889
v -3.079920 9.950269 -0.796382
v -3.180834 9.959394 -0.801339
v -3.236955 9.948157 -0.717579
v -3.192162 9.927800 -0.628863
v -3.091248 9.918677 -0.623906
v -3.035127 9.929914 -0.707666
v -3.163517 10.147042 -0.754771
v -3.217386 10.131833 -0.676424
v -3.175468 10.108212 -0.593019
v -3.079681 10.099802 -0.587961
v -3.025813 10.115012 -0.666309
v -3.067730 10.138633 -0.749713
v -3.152356 10.316258 -0.703131
v -3.203952 10.296943 -0.630483
v -3.164717 10.272338 -0.551945
v -3.073885 10.267047 -0.546055
v -3.022289 10.286363 -0.618703
v -3.061524 10.310969 -0.697241
v -3.150487 10.421462 -0.662479
v -3.198208 10.397704 -0.598084
v -3.162743 10.375787 -0.525626
v -3.079556 10.377626 -0.517562
v -3.031835 10.401384 -0.581957
v -3.067301 10.423303 -0.654415
v -3.077860 10.530492 -0.615364
v -3.155609 10.523801 -0.624816
v -3.200471 10.499111 -0.565179
v -3.167585 10.481112 -0.496088
v -3.089837 10.487803 -0.486636
v -3.044975 10.512494 -0.546274
v -3.090132 10.588180 -0.593735
v -3.162323 10.577672 -0.603984
v -3.204356 10.553932 -0.548337
v -3.174198 10.540700 -0.482440
v -3.102008 10.551208 -0.472191
v -3.059974 10.574947 -0.527838
v -3.168789 10.617085 -0.589287
v -3.208233 10.596004 -0.537027
v -3.180847 10.587555 -0.474498
v -3.114017 10.600186 -0.464229
v -3.074573 10.621268 -0.516488
v -3.101959 10.629718 -0.579017
v -3.112861 10.663129 -0.568495
v -3.174787 10.650370 -0.578141
v -3.211931 10.633190 -0.528990
v -3.187150 10.628770 -0.470195
v -3.125225 10.641528 -0.460549
v -3.088080 10.658709 -0.509699
v -3.159746 10.689330 -0.513091
v -3.265255 7.242836 -1.499696
v -3.427209 7.268414 -1.714999
v -3.318072 7.304396 -1.679808
v -3.216522 7.215162 -1.810314
v -3.353088 7.190885 -1.832904
v -3.253802 7.041075 -1.796265
v -3.036773 7.036142 -1.743420
v -2.999391 6.838675 -1.533417
v -3.244311 6.927543 -1.636907
v -3.313913 7.029013 -1.523751
v -3.090226 6.990575 -1.415722
v -3.411222 7.206856 -1.566869
v -3.536485 7.194355 -1.624341
v -3.525327 7.257239 -1.749832
v -3.471580 7.185863 -1.859321
v -3.425822 7.047429 -1.840954
v -3.440072 6.963977 -1.711197
v -3.491662 7.044804 -1.603456
v -3.678159 7.263242 -1.806752
v -3.650706 7.198145 -1.913872
v -3.675506 7.072432 -1.920689
v -3.727760 7.011812 -1.820387
v -3.755213 7.076907 -1.713266
v -3.730412 7.202622 -1.706450
v -4.062293 7.387775 -1.955348
v -4.045412 7.328390 -2.061764
v -4.086925 7.213370 -2.075279
v -4.145320 7.157733 -1.982379
v -4.162201 7.217119 -1.875964
v -4.120687 7.332138 -1.862448
v -4.477256 7.528084 -1.998028
v -4.415328 7.578361 -2.084676
v -4.408828 7.526450 -2.190192
v -4.464256 7.424263 -2.209059
v -4.526184 7.373986 -2.122412
v -4.532683 7.425897 -2.016896
v -4.688558 7.698205 -2.071518
v -4.625751 7.741366 -2.150795
v -4.632895 7.703007 -2.253608
v -4.702848 7.621488 -2.277140
v -4.765656 7.578327 -2.197864
v -4.758511 7.616686 -2.095052
v -4.897235 7.904488 -2.129741
v -4.836052 7.944150 -2.205034
v -4.850228 7.915188 -2.304762
v -4.925588 7.846564 -2.329197
v -4.986773 7.806902 -2.253906
v -4.972596 7.835864 -2.154177
v -5.023634 8.069337 -2.150532
v -4.965147 8.106543 -2.222191
v -4.984405 8.086136 -2.317860
v -5.062151 8.028526 -2.341871
v -5.120639 7.991321 -2.270212
v -5.101380 8.011726 -2.174543
v -5.097259 8.181321 -2.157385
v -5.043685 8.216132 -2.223739
v -5.066946 8.205194 -2.312192
v -5.143779 8.159447 -2.334292
v -5.197351 8.124637 -2.267938
v -5.174090 8.135573 -2.179485
v -5.121532 8.336085 -2.219839
v -5.145225 8.328482 -2.303320
v -5.219217 8.287437 -2.324029
v -5.269515 8.253999 -2.261258
v -5.245822 8.261603 -2.177778
v -5.171830 8.302649 -2.157068
v -5.220931 8.385226 -2.155562
v -5.173554 8.416970 -2.214701
v -5.196016 8.410133 -2.293432
v -5.265854 8.371552 -2.313022
v -5.313231 8.339808 -2.253883
v -5.290769 8.346643 -2.175153
v -5.213215 8.469085 -2.213531
v -5.230730 8.458992 -2.285568
v -5.292448 8.420970 -2.304089
v -5.336651 8.393041 -2.250574
v -5.319136 8.403131 -2.178537
v -5.257418 8.441154 -2.160016
v -5.251443 8.520213 -2.215103
v -5.263530 8.505619 -2.282482
v -5.318852 8.466705 -2.300483
v -5.362087 8.442383 -2.251106
v -5.350000 8.456977 -2.183727
v -5.294678 8.495891 -2.165726
v -5.322407 8.530675 -2.176948
v -5.279000 8.550574 -2.221373
v -5.283974 8.530335 -2.283174
v -5.332355 8.490196 -2.300550
v -5.375762 8.470296 -2.256125
v -5.370788 8.490536 -2.194324
v -5.353132 8.562000 -2.200781
v -5.307320 8.574340 -2.234441
v -5.299081 8.545270 -2.284150
v -5.336654 8.503861 -2.300200
v -5.382464 8.491523 -2.266540
v -5.390704 8.520592 -2.216830
v -5.360692 8.552780 -2.264716
v -3.302478 7.818804 -1.992324
v -3.378187 8.199517 -2.008128
v -3.311659 8.051068 -1.939175
v -3.317770 8.059584 -1.763630
v -3.368265 8.224245 -1.860170
v -3.273025 8.119363 -1.772796
v -3.258075 7.834961 -1.634778
v -3.069613 7.635869 -1.675840
v -3.140722 8.002837 -1.831239
v -3.168926 7.980393 -1.982006
v -3.111267 7.633481 -1.858787
v -3.314543 8.070168 -2.071152
v -3.427283 8.354115 -2.075333
v -3.409975 8.389603 -1.946900
v -3.299927 8.352958 -1.885925
v -3.188523 8.286056 -1.952546
v -3.213081 8.251420 -2.082070
v -3.343138 8.282015 -2.143729
v -3.410422 8.598861 -2.267725
v -3.502189 8.608085 -2.186241
v -3.482240 8.660707 -2.076793
v -3.370524 8.704104 -2.048829
v -3.278757 8.694881 -2.130312
v -3.298706 8.642261 -2.239760
v -3.559756 9.169614 -2.489199
v -3.647346 9.177357 -2.410790
v -3.627215 9.223722 -2.304371
v -3.519495 9.262347 -2.276363
v -3.431905 9.254604 -2.354772
v -3.452035 9.208238 -2.461190
v -3.686445 9.702392 -2.676836
v -3.770081 9.709311 -2.601768
v -3.749984 9.749878 -2.498674
v -3.646252 9.783526 -2.470649
v -3.562617 9.776608 -2.545717
v -3.582714 9.736040 -2.648811
v -3.792277 10.223675 -2.839808
v -3.872132 10.230372 -2.768272
v -3.852254 10.265483 -2.668718
v -3.752522 10.293896 -2.640699
v -3.672667 10.287199 -2.712234
v -3.692545 10.252088 -2.811789
v -3.921661 10.589680 -2.866437
v -3.902392 10.616863 -2.772436
v -3.808765 10.636882 -2.744510
v -3.734407 10.629715 -2.810586
v -3.753675 10.602530 -2.904588
v -3.847302 10.582513 -2.932513
v -3.890793 10.951690 -3.019543
v -3.961504 10.959376 -2.957080
v -3.942815 10.981154 -2.866874
v -3.853415 10.995245 -2.839129
v -3.782703 10.987558 -2.901592
v -3.801392 10.965781 -2.991799
v -3.969400 11.182534 -2.999282
v -3.951468 11.198586 -2.912939
v -3.866496 11.206571 -2.885544
v -3.799456 11.198503 -2.944494
v -3.817388 11.182452 -3.030838
v -3.902360 11.174468 -3.058232
v -3.964625 11.388144 -3.026921
v -3.947711 11.398011 -2.944562
v -3.867431 11.399829 -2.917759
v -3.804065 11.391783 -2.973316
v -3.820980 11.381916 -3.055677
v -3.901260 11.380097 -3.082479
v -3.889548 11.519071 -3.083372
v -3.947588 11.525886 -3.032808
v -3.932971 11.525496 -2.956925
v -3.860315 11.518291 -2.931608
v -3.802275 11.511476 -2.982172
v -3.816891 11.511865 -3.058054
v -3.927380 11.656500 -3.030037
v -3.915033 11.648713 -2.959100
v -3.847867 11.635909 -2.935226
v -3.793049 11.630890 -2.982288
v -3.805396 11.638677 -3.053225
v -3.872561 11.651482 -3.077099
v -3.908798 11.727849 -3.018267
v -3.899481 11.712451 -2.953084
v -3.838107 11.694614 -2.930994
v -3.786051 11.692177 -2.974087
v -3.795368 11.707576 -3.039270
v -3.856741 11.725411 -3.061360
v -3.839805 11.786156 -3.038714
v -3.889723 11.785356 -3.000491
v -3.884304 11.762472 -2.942177
v -3.828967 11.740388 -2.922086
v -3.779048 11.741190 -2.960310
v -3.784467 11.764073 -3.018624
v -3.868530 11.830379 -2.974406
v -3.870723 11.797585 -2.929225
v -3.824771 11.771081 -2.911688
v -3.776627 11.777372 -2.939331
v -3.774434 11.810166 -2.984512
v -3.820386 11.836671 -3.002049
v -3.816148 11.825727 -2.940696
v -3.729344 9.008009 -1.834158
v -3.986992 9.133739 -1.922956
v -3.894734 9.029851 -1.866036
v -3.925648 8.869490 -1.975768
v -4.046502 9.013663 -1.971730
v -4.015455 8.869522 -1.892165
v -3.843652 8.629741 -1.904124
v -3.704304 8.567733 -1.789229
v -3.914760 8.852104 -1.789298
v -3.838310 8.994555 -1.792165
v -3.628749 8.785975 -1.814167
v -3.876532 9.131966 -1.851950
v -4.079441 9.238877 -1.958599
v -4.151355 9.143374 -1.980222
v -4.157320 9.053138 -1.890444
v -4.087336 9.061043 -1.789165
v -4.008835 9.165611 -1.788103
v -4.005763 9.253222 -1.870030
v -4.228845 9.412995 -2.003907
v -4.315858 9.343699 -2.008209
v -4.371415 9.318272 -1.915157
v -4.339958 9.362141 -1.817803
v -4.252945 9.431437 -1.813502
v -4.197388 9.456862 -1.906553
v -4.564921 9.936130 -2.083055
v -4.655257 9.880242 -2.088943
v -4.710991 9.859767 -2.000665
v -4.676390 9.895178 -1.906498
v -4.586053 9.951064 -1.900610
v -4.530320 9.971541 -1.988888
v -4.726225 10.373004 -2.031182
v -4.764031 10.351059 -2.120082
v -4.855517 10.313716 -2.127156
v -4.909196 10.298316 -2.045329
v -4.871389 10.320262 -1.956429
v -4.779903 10.357605 -1.949355
v -4.896124 10.812196 -2.056813
v -4.934831 10.798881 -2.141692
v -5.024711 10.771451 -2.148713
v -5.075885 10.757337 -2.070853
v -5.037178 10.770651 -1.985973
v -4.947297 10.798079 -1.978953
v -5.020975 11.121343 -2.129978
v -5.107822 11.100970 -2.136498
v -5.156008 11.086379 -2.062570
v -5.117345 11.092160 -1.982122
v -5.030498 11.112534 -1.975602
v -4.982313 11.127125 -2.049530
v -5.033386 11.334638 -2.028845
v -5.070578 11.336717 -2.102272
v -5.151150 11.320793 -2.108074
v -5.194531 11.302790 -2.040449
v -5.157339 11.300711 -1.967021
v -5.076766 11.316634 -1.961219
v -5.120455 11.550380 -2.066845
v -5.195997 11.533422 -2.072834
v -5.236102 11.512043 -2.009868
v -5.200664 11.507624 -1.940914
v -5.125122 11.524583 -1.934925
v -5.085017 11.545961 -1.997891
v -5.129400 11.682182 -1.968556
v -5.162326 11.686469 -2.033587
v -5.231988 11.665765 -2.040673
v -5.268722 11.640772 -1.982729
v -5.235795 11.636485 -1.917698
v -5.166134 11.657190 -1.910611
v -5.203603 11.770087 -2.006442
v -5.261728 11.740289 -2.016932
v -5.293175 11.710574 -1.966883
v -5.266496 11.710660 -1.906345
v -5.208371 11.740460 -1.895855
v -5.176924 11.770174 -1.945904
v -5.230930 11.847509 -1.927083
v -5.250557 11.842509 -1.985307
v -5.298209 11.805774 -1.998723
v -5.326234 11.774039 -1.953915
v -5.306607 11.779039 -1.895692
v -5.258955 11.815774 -1.882276
v -5.279955 11.887662 -1.921056
v -5.288630 11.877212 -1.976609
v -5.322880 11.834303 -1.992624
v -5.348454 11.801847 -1.953086
v -5.339778 11.812299 -1.897533
v -5.305529 11.855206 -1.881518
v -5.316569 11.895474 -1.972484
v -5.321503 11.848262 -1.990046
v -5.353771 11.816232 -1.967806
v -5.381105 11.831413 -1.928005
v -5.376172 11.878627 -1.910444
v -5.343904 11.910658 -1.932683
v -5.367231 11.871160 -1.965820
v -3.892156 9.508017 -2.153999
v -3.874802 9.491802 -2.125294
v -3.765851 9.476344 -1.986935
v -3.777515 9.515951 -2.062108
v -3.692529 9.360348 -2.080961
v -3.682850 9.220565 -1.969716
v -3.709466 9.068814 -2.122858
v -3.742549 9.252294 -2.193925
v -3.899605 9.358357 -2.212852
v -3.915889 9.274827 -2.150423
v -3.907617 9.534057 -2.181484
v -3.793923 9.561116 -2.122667
v -3.706352 9.463900 -2.170946
v -3.760937 9.374790 -2.263065
v -3.898748 9.424115 -2.259219
v -3.918569 9.518108 -2.325106
v -3.932523 9.583899 -2.223218
v -3.828657 9.644832 -2.203138
v -3.750513 9.616700 -2.292615
v -3.806081 9.538381 -2.367995
v -4.019748 9.791567 -2.375166
v -3.920232 9.848744 -2.355357
v -3.844948 9.820183 -2.439510
v -3.897936 9.745352 -2.511328
v -4.005968 9.727666 -2.471562
v -4.094577 9.991125 -2.524044
v -3.998754 10.042945 -2.503265
v -3.926004 10.013125 -2.581480
v -3.976867 9.942876 -2.650598
v -4.081050 9.929278 -2.615100
v -4.117620 10.072505 -2.713540
v -4.130305 10.129798 -2.629332
v -4.039217 10.169887 -2.604228
v -3.970237 10.137369 -2.672921
v -4.018692 10.077184 -2.740479
v -4.143101 10.220942 -2.813239
v -4.155019 10.273357 -2.732271
v -4.067353 10.302780 -2.702367
v -4.001255 10.268550 -2.764853
v -4.048069 10.217969 -2.833376
v -4.141021 10.317496 -2.868476
v -4.152515 10.362848 -2.789507
v -4.069536 10.379125 -2.753809
v -4.006756 10.343834 -2.810715
v -4.050937 10.305744 -2.881583
v -4.122892 10.410877 -2.909722
v -4.135180 10.446439 -2.831898
v -4.059267 10.447131 -2.790560
v -4.000063 10.411999 -2.842835
v -4.039385 10.389592 -2.916481
v -4.106634 10.502578 -2.848283
v -4.047901 10.476641 -2.803075
v -3.993298 10.445172 -2.849921
v -4.018285 10.451662 -2.924080
v -4.088331 10.487141 -2.923068
v -4.075465 10.550269 -2.849565
v -4.032914 10.506793 -2.808639
v -3.979671 10.480317 -2.851533
v -3.989317 10.507429 -2.918969
v -4.048521 10.550662 -2.917752
v -4.053923 10.568351 -2.838475
v -4.029791 10.511205 -2.810195
v -3.975684 10.490996 -2.846415
v -3.966374 10.535655 -2.897078
v -4.014729 10.583462 -2.892171
v -3.987718 10.596823 -2.851166
v -4.041104 10.573695 -2.826758
v -4.033858 10.511439 -2.819501
v -3.975994 10.496093 -2.839424
v -3.947476 10.548862 -2.858994
v -4.034206 10.574049 -2.826429
v -4.023622 10.535549 -2.865122
v -3.983704 10.502116 -2.845625
v -3.969616 10.519954 -2.794883
v -4.000829 10.564410 -2.783019
v -4.018838 10.525132 -2.813500
v -2.091535 6.699087 0.472245
v -2.192518 6.823483 0.426750
v -2.098429 6.858065 0.415430
v -2.094352 6.898698 0.233904
v -2.206785 6.851340 0.270763
v -2.129085 6.729321 0.150431
v -1.937598 6.749076 0.071712
v -1.856132 6.464191 0.065123
v -2.064522 6.543190 0.176196
v -2.035033 6.545289 0.342189
v -1.821366 6.501759 0.273060
v -1.923355 6.734338 0.460817
v -2.229044 6.682257 0.490507
v -2.287836 6.803856 0.445367
v -2.312773 6.824221 0.307193
v -2.282882 6.712870 0.210378
v -2.239049 6.566749 0.247842
v -2.207766 6.558283 0.389892
v -2.432532 6.672828 0.537852
v -2.442801 6.791407 0.487224
v -2.483560 6.806402 0.365389
v -2.514050 6.702816 0.294185
v -2.503782 6.584238 0.344813
v -2.463023 6.569245 0.466646
v -2.752916 6.723342 0.647888
v -2.750889 6.835514 0.595051
v -2.791015 6.849936 0.478603
v -2.833169 6.752186 0.414992
v -2.835196 6.640015 0.467829
v -2.795070 6.625593 0.584278
v -3.086439 6.822667 0.773243
v -3.073533 6.927129 0.718344
v -3.113336 6.941190 0.607389
v -3.166045 6.850788 0.551334
v -3.178951 6.746326 0.606234
v -3.139148 6.732265 0.717188
v -3.297101 6.924771 0.857574
v -3.271317 7.016035 0.800194
v -3.310977 7.030077 0.697645
v -3.376420 6.952855 0.652477
v -3.402204 6.861591 0.709857
v -3.362545 6.847549 0.812405
v -3.470233 7.134999 0.892232
v -3.509829 7.149379 0.795346
v -3.581249 7.081693 0.756887
v -3.613073 6.999625 0.815313
v -3.573478 6.985245 0.912200
v -3.502057 7.052931 0.950659
v -3.627999 7.165606 1.016496
v -3.592137 7.238731 0.957624
v -3.631546 7.253664 0.866393
v -3.706818 7.195473 0.834034
v -3.742680 7.122348 0.892905
v -3.703271 7.107415 0.984136
v -3.700548 7.249701 1.056248
v -3.661938 7.310778 0.997944
v -3.700657 7.326719 0.915074
v -3.777985 7.281581 0.890509
v -3.816595 7.220504 0.948814
v -3.777877 7.204565 1.031683
v -3.767138 7.339851 1.099956
v -3.728474 7.394213 1.042861
v -3.766414 7.410785 0.965429
v -3.843019 7.372996 0.945092
v -3.881682 7.318634 1.002187
v -3.843742 7.302063 1.079619
v -3.767224 7.452372 1.072615
v -3.804154 7.469447 1.000488
v -3.878741 7.437667 0.983614
v -3.916397 7.388812 1.038869
v -3.879466 7.371735 1.110996
v -3.804879 7.403515 1.127870
v -3.827179 7.445244 1.141984
v -3.792451 7.488112 1.090565
v -3.827556 7.505637 1.026159
v -3.897388 7.480291 1.013171
v -3.932115 7.437423 1.064589
v -3.897011 7.419899 1.128995
v -3.815205 7.526445 1.110486
v -3.848990 7.544088 1.051116
v -3.914881 7.521469 1.039972
v -3.946986 7.481208 1.088196
v -3.913202 7.463565 1.147566
v -3.847311 7.486183 1.158711
v -3.859367 7.510973 1.167776
v -3.830294 7.549564 1.123196
v -3.862778 7.567246 1.068845
v -3.924334 7.546337 1.059073
v -3.953407 7.507746 1.103653
v -3.920924 7.490064 1.158004
v -3.870265 7.531390 1.173234
v -3.846449 7.568819 1.134892
v -3.877232 7.586545 1.088241
v -3.931830 7.566844 1.079932
v -3.955646 7.529417 1.118273
v -3.924863 7.511689 1.164924
v -3.911548 7.571679 1.142084
v -2.211915 7.553061 0.458194
v -2.154889 7.704395 0.550209
v -2.177328 7.739560 0.698380
v -2.188498 7.650550 0.637458
v -2.173423 7.484545 0.752020
v -2.131225 7.631773 0.802596
v -2.011274 7.512468 0.753936
v -2.047611 7.282300 0.674798
v -1.881289 7.220970 0.456777
v -1.916120 7.491603 0.591144
v -2.008428 7.579282 0.491849
v -2.016941 7.334842 0.355236
v -2.119482 7.842343 0.631326
v -2.163037 7.841380 0.756973
v -2.105761 7.763771 0.853346
v -1.984494 7.696684 0.822284
v -1.912025 7.703722 0.691026
v -1.987668 7.773222 0.596548
v -2.088649 8.063972 0.753020
v -2.147803 8.016312 0.851065
v -2.083004 7.967457 0.944862
v -1.959053 7.966263 0.940614
v -1.899900 8.013925 0.842569
v -1.964698 8.062778 0.748772
v -2.087481 8.458262 0.942786
v -2.144134 8.414229 1.037385
v -2.082106 8.372947 1.129829
v -1.963423 8.375702 1.127674
v -1.906770 8.419736 1.033075
v -1.968799 8.461017 0.940631
v -2.154271 8.785530 1.194638
v -2.095246 8.751998 1.285568
v -1.981958 8.758519 1.285241
v -1.927695 8.798573 1.193983
v -1.986720 8.832107 1.103052
v -2.100008 8.825584 1.103380
v -2.127895 9.184821 1.238919
v -2.179908 9.149104 1.326890
v -2.124121 9.123284 1.416004
v -2.016322 9.133183 1.417146
v -1.964309 9.168899 1.329174
v -2.020095 9.194717 1.240061
v -2.154692 9.423068 1.315208
v -2.203632 9.394453 1.398207
v -2.153036 9.379580 1.483772
v -2.053501 9.393323 1.486340
v -2.004562 9.421938 1.403341
v -2.055157 9.436810 1.317776
v -2.189913 9.674197 1.380288
v -2.236991 9.650605 1.459839
v -2.189935 9.642209 1.542401
v -2.095800 9.657402 1.545412
v -2.048721 9.680994 1.465861
v -2.095778 9.689391 1.383298
v -2.213315 9.821647 1.408222
v -2.258636 9.803175 1.484153
v -2.215027 9.800275 1.563212
v -2.126099 9.815846 1.566342
v -2.080778 9.834318 1.490411
v -2.124387 9.837218 1.411352
v -2.235181 9.957493 1.425738
v -2.278770 9.944091 1.497845
v -2.238387 9.945472 1.572987
v -2.154415 9.960256 1.576023
v -2.110826 9.973656 1.503916
v -2.151208 9.972276 1.428773
v -2.245629 10.044263 1.434680
v -2.286470 10.038009 1.500699
v -2.250317 10.043143 1.569489
v -2.173322 10.054531 1.572262
v -2.132480 10.060786 1.506243
v -2.168634 10.055652 1.437452
v -2.255214 10.132378 1.438659
v -2.293997 10.130340 1.500458
v -2.260253 10.136056 1.564926
v -2.187726 10.143808 1.567595
v -2.148943 10.145846 1.505795
v -2.182687 10.140130 1.441328
v -2.292939 10.183242 1.498192
v -2.261406 10.187988 1.558423
v -2.193383 10.191167 1.561116
v -2.156893 10.189600 1.503579
v -2.188425 10.184854 1.443349
v -2.256448 10.181674 1.440656
v -2.254127 10.224600 1.442354
v -2.288115 10.229053 1.495650
v -2.258836 10.231372 1.551801
v -2.195568 10.229238 1.554655
v -2.161579 10.224785 1.501359
v -2.190858 10.222466 1.445208
v -2.245315 10.264573 1.446695
v -2.275421 10.271877 1.493715
v -2.250385 10.268268 1.544021
v -2.195243 10.257351 1.547309
v -2.165138 10.250046 1.500289
v -2.190173 10.253657 1.449982
v -2.214770 10.288562 1.496241
v -2.957699 8.805868 1.139521
v -2.880572 8.797906 1.061614
v -2.967742 8.722712 0.948481
v -3.040365 8.745155 1.049354
v -3.015288 8.594514 1.006045
v -2.902676 8.521894 0.860502
v -2.795466 8.302207 0.954294
v -2.924811 8.468554 1.079216
v -2.834677 8.554880 1.155989
v -2.689256 8.444612 1.032914
v -2.743793 8.707926 1.097835
v -2.855649 8.729411 1.190393
v -2.947426 8.764081 1.267677
v -3.022516 8.832244 1.203599
v -3.103906 8.779728 1.131295
v -3.108143 8.653853 1.121672
v -3.037864 8.566183 1.194822
v -2.953356 8.628759 1.261654
v -3.077538 8.839635 1.386012
v -3.118848 8.891362 1.298803
v -3.205731 8.849912 1.246640
v -3.251305 8.756730 1.281688
v -3.209995 8.705003 1.368897
v -3.123112 8.746453 1.421060
v -3.362264 9.129703 1.655262
v -3.396954 9.174575 1.567326
v -3.482861 9.137836 1.520209
v -3.534078 9.056224 1.561028
v -3.499387 9.011352 1.648964
v -3.413480 9.048091 1.696081
v -3.532142 9.358852 1.807647
v -3.558833 9.393338 1.720512
v -3.642938 9.364741 1.680476
v -3.700352 9.301658 1.727577
v -3.673661 9.267171 1.814712
v -3.589556 9.295769 1.854748
v -3.687392 9.621023 1.949405
v -3.710087 9.649010 1.864010
v -3.792430 9.626173 1.828110
v -3.852077 9.575349 1.877605
v -3.829381 9.547362 1.963000
v -3.747038 9.570199 1.998900
v -3.771297 9.822941 2.025126
v -3.790948 9.845082 1.942284
v -3.870901 9.827788 1.909917
v -3.931204 9.788352 1.960392
v -3.911552 9.766212 2.043235
v -3.831599 9.783506 2.075602
v -3.815274 9.960611 2.060930
v -3.831710 9.975478 1.983039
v -3.906882 9.964992 1.954800
v -3.965619 9.939638 2.004454
v -3.949183 9.924772 2.082345
v -3.874011 9.935259 2.110584
v -3.851251 10.105415 2.092218
v -3.866122 10.116396 2.018111
v -3.937463 10.108733 1.991933
v -3.993932 10.090088 2.039861
v -3.979061 10.079108 2.113968
v -3.907720 10.086772 2.140146
v -3.870996 10.202392 2.105725
v -3.884534 10.210088 2.035616
v -3.951694 10.203404 2.011067
v -4.005316 10.189025 2.056628
v -3.991777 10.181329 2.126737
v -3.924617 10.188012 2.151286
v -3.899711 10.270415 2.046403
v -3.960004 10.261180 2.023742
v -4.008695 10.248553 2.065018
v -3.997094 10.245163 2.128955
v -3.936802 10.254398 2.151615
v -3.888111 10.267024 2.110339
v -3.915996 10.330962 2.054261
v -3.970948 10.317218 2.032632
v -4.015839 10.302903 2.070792
v -4.005778 10.302333 2.130582
v -3.950827 10.316077 2.152211
v -3.905936 10.330392 2.114051
v -3.924610 10.370379 2.114237
v -3.932548 10.367942 2.058603
v -3.980778 10.347672 2.037936
v -4.021070 10.329841 2.072902
v -4.013132 10.332278 2.128536
v -3.964902 10.352548 2.149204
v -3.956588 10.406833 2.111466
v -3.958714 10.399562 2.062262
v -3.991773 10.367574 2.043232
v -4.022706 10.342854 2.073405
v -4.020581 10.350125 2.122608
v -3.987522 10.382113 2.141638
v -4.006296 10.393239 2.090436
v -0.049378 8.350963 0.143308
v -0.166878 8.314132 -0.049034
v -0.331638 8.315944 -0.005581
v -0.184845 8.350397 0.196944
v -0.277465 8.206530 0.183128
v -0.474393 8.124435 -0.074825
v -0.438212 7.861621 -0.111853
v -0.229135 8.036633 0.144743
v -0.094473 8.060830 0.073803
v -0.275273 7.921657 -0.200078
v -0.141367 8.176549 -0.192917
v -0.005313 8.228940 0.063733
v 0.060308 8.399283 0.314919
v -0.055368 8.397872 0.373956
v -0.117583 8.277829 0.395032
v -0.061897 8.148653 0.368686
v 0.053366 8.159396 0.302639
v 0.114145 8.289037 0.271986
v 0.308156 8.399695 0.575305
v 0.237599 8.494809 0.577582
v 0.141470 8.495597 0.646782
v 0.115897 8.401271 0.713707
v 0.186454 8.306156 0.711430
v 0.282584 8.305367 0.642229
v 0.643852 8.724705 1.017049
v 0.567757 8.808301 1.008175
v 0.478016 8.810870 1.077439
v 0.464370 8.729840 1.155578
v 0.540464 8.646244 1.164452
v 0.630205 8.643676 1.095188
v 0.937433 9.097569 1.366222
v 0.857610 9.168962 1.349623
v 0.774242 9.174054 1.418674
v 0.770699 9.107757 1.504325
v 0.850523 9.036366 1.520925
v 0.933890 9.031272 1.451874
v 1.199178 9.524066 1.629794
v 1.117479 9.583784 1.608623
v 1.040269 9.591857 1.676906
v 1.044758 9.540213 1.766358
v 1.126457 9.480495 1.787529
v 1.203666 9.472423 1.719246
v 1.353549 9.842690 1.753640
v 1.272132 9.887762 1.730108
v 1.203435 9.900270 1.795973
v 1.216155 9.867706 1.885369
v 1.297571 9.822633 1.908901
v 1.366268 9.810125 1.843036
v 1.426061 10.222851 1.825229
v 1.362464 10.237744 1.888746
v 1.378454 10.214846 1.975468
v 1.458041 10.177054 1.998674
v 1.521638 10.162162 1.935157
v 1.505648 10.185060 1.848435
v 1.509159 10.427016 1.858092
v 1.450207 10.443551 1.918871
v 1.468060 10.427600 2.001753
v 1.544863 10.395114 2.023858
v 1.603815 10.378579 1.963079
v 1.585962 10.394531 1.880196
v 1.656131 10.588248 1.897581
v 1.582796 10.617137 1.876933
v 1.528086 10.634490 1.934763
v 1.546709 10.622953 2.013242
v 1.620043 10.594066 2.033890
v 1.674754 10.576713 1.976059
v 1.630201 10.739625 1.888000
v 1.581241 10.756784 1.941296
v 1.599577 10.748058 2.012848
v 1.666873 10.722173 2.031104
v 1.715832 10.705013 1.977807
v 1.697497 10.713740 1.906256
v 1.740577 10.836698 1.912728
v 1.677641 10.861635 1.896116
v 1.632223 10.877938 1.946418
v 1.649741 10.869304 2.013330
v 1.712677 10.844366 2.029942
v 1.758095 10.828064 1.979641
v 1.763430 10.903642 1.918028
v 1.704993 10.928109 1.903116
v 1.662984 10.943203 1.950479
v 1.679411 10.933829 2.012754
v 1.737849 10.909362 2.027666
v 1.779858 10.894267 1.980303
v 1.729215 10.983766 1.910889
v 1.690574 10.997500 1.955393
v 1.705809 10.986989 2.013010
v 1.759684 10.962744 2.026123
v 1.798325 10.949010 1.981619
v 1.783090 10.959520 1.924002
v 1.799001 11.006817 1.932380
v 1.751984 11.030869 1.922250
v 1.718553 11.042663 1.962684
v 1.732138 11.030402 2.013249
v 1.779155 11.006352 2.023380
v 1.812586 10.994559 1.982946
v 1.777294 11.042659 1.975495
v -0.058967 9.644586 -0.132652
v 0.069029 9.706203 -0.149228
v 0.055657 9.514741 -0.010242
v 0.178413 9.396049 -0.030107
v 0.172560 9.621758 -0.192367
v 0.135949 9.475663 -0.253211
v 0.127652 9.173470 -0.072054
v -0.075233 9.045779 -0.154513
v -0.015440 9.404929 -0.294069
v -0.107037 9.489736 -0.217601
v -0.166792 9.165881 -0.047909
v -0.086104 9.411469 0.056863
v 0.084861 9.892068 -0.271756
v 0.176314 9.828001 -0.324704
v 0.146058 9.726597 -0.400916
v 0.019883 9.685679 -0.433401
v -0.066844 9.749737 -0.367124
v -0.032040 9.854568 -0.281303
v 0.008812 10.191391 -0.488713
v 0.115482 10.197550 -0.453024
v 0.198705 10.156505 -0.516894
v 0.175257 10.109303 -0.616455
v 0.068588 10.103145 -0.652145
v -0.014635 10.144189 -0.588274
v 0.189497 10.956881 -0.773212
v 0.269916 10.925677 -0.837636
v 0.248659 10.890887 -0.937280
v 0.146983 10.887298 -0.972499
v 0.066565 10.918501 -0.908075
v 0.087822 10.953291 -0.808431
v 0.239913 11.604688 -0.970406
v 0.317331 11.582769 -1.034249
v 0.297906 11.559011 -1.132270
v 0.201065 11.557173 -1.166448
v 0.123647 11.579089 -1.102605
v 0.143071 11.602847 -1.004584
v 0.269639 12.145785 -1.081603
v 0.343823 12.132147 -1.143860
v 0.325864 12.117593 -1.238891
v 0.233721 12.116675 -1.271665
v 0.159537 12.130316 -1.209408
v 0.177496 12.144870 -1.114377
v 0.282862 12.589356 -1.136983
v 0.353592 12.582649 -1.196888
v 0.336783 12.575202 -1.287984
v 0.249244 12.574464 -1.319174
v 0.178514 12.581172 -1.259269
v 0.195323 12.588618 -1.168173
v 0.200657 13.004371 -1.190474
v 0.283647 13.005536 -1.160915
v 0.350759 13.004207 -1.217982
v 0.334881 13.001709 -1.304608
v 0.251891 13.000545 -1.334168
v 0.184779 13.001876 -1.277101
v 0.274701 13.276309 -1.165840
v 0.336254 13.280017 -1.218279
v 0.321595 13.281198 -1.297878
v 0.245383 13.278670 -1.325039
v 0.183830 13.274960 -1.272600
v 0.198490 13.273780 -1.193001
v 0.261337 13.548628 -1.164493
v 0.319211 13.553786 -1.213841
v 0.305372 13.555316 -1.288791
v 0.233660 13.551686 -1.314392
v 0.175787 13.546528 -1.265044
v 0.189625 13.544999 -1.190095
v 0.249605 13.701655 -1.164959
v 0.303893 13.706923 -1.211289
v 0.290941 13.707515 -1.281669
v 0.223701 13.702842 -1.305719
v 0.169413 13.697574 -1.259388
v 0.182365 13.696982 -1.189008
v 0.239084 13.818628 -1.168569
v 0.289915 13.822873 -1.211930
v 0.277932 13.821595 -1.277784
v 0.215118 13.816073 -1.300277
v 0.164287 13.811830 -1.256915
v 0.176270 13.813107 -1.191061
v 0.172092 13.900723 -1.196382
v 0.230537 13.906805 -1.175431
v 0.278055 13.909129 -1.215784
v 0.267127 13.905374 -1.277088
v 0.208683 13.899292 -1.298039
v 0.161165 13.896968 -1.257686
v 0.169356 13.973979 -1.205035
v 0.223482 13.980282 -1.185541
v 0.267840 13.980033 -1.222712
v 0.258072 13.973479 -1.279379
v 0.203946 13.967175 -1.298873
v 0.159588 13.967424 -1.261702
v 0.170115 14.037474 -1.220372
v 0.217774 14.043483 -1.202596
v 0.257723 14.038684 -1.234289
v 0.250014 14.027873 -1.283758
v 0.202355 14.021864 -1.301534
v 0.162406 14.026664 -1.269841
v 0.208879 14.057704 -1.257350
v 0.546199 11.899037 0.420772
v 0.814881 12.211852 0.641657
v 0.558990 11.985288 0.573628
v 0.490209 11.851619 0.679395
v 0.788586 12.106575 0.740483
v 0.823468 11.928539 0.675280
v 0.524884 11.566209 0.592435
v 0.544821 11.604413 0.431350
v 0.844334 11.954722 0.535536
v 0.831480 12.143470 0.515156
v 1.069526 12.372478 0.594095
v 1.031373 12.427903 0.701963
v 1.034601 12.342687 0.796360
v 1.088525 12.216933 0.746936
v 1.107845 12.236663 0.621730
v 1.424597 12.745630 0.706657
v 1.358281 12.778020 0.796730
v 1.397576 12.723456 0.891802
v 1.488178 12.657345 0.860487
v 1.504878 12.671049 0.746061
v 1.921702 13.504436 0.843700
v 1.855633 13.531272 0.928607
v 1.900366 13.489890 1.021240
v 1.994082 13.437478 0.993583
v 2.007268 13.446469 0.883857
v 2.235424 14.265580 1.013752
v 2.282792 14.235577 1.102952
v 2.376717 14.194963 1.077869
v 2.387399 14.199866 0.973167
v 2.300075 14.243513 0.933541
v 2.543950 14.864919 0.980057
v 2.481429 14.882892 1.055856
v 2.529186 14.861619 1.140967
v 2.621222 14.830493 1.117770
v 2.630346 14.832535 1.018322
v 2.722116 15.452991 1.007514
v 2.662101 15.467311 1.079043
v 2.708656 15.451800 1.159761
v 2.797444 15.427892 1.138118
v 2.805763 15.428628 1.044025
v 2.813272 15.840001 1.027251
v 2.757248 15.849166 1.092417
v 2.800188 15.837123 1.166447
v 2.882751 15.820518 1.147034
v 2.890837 15.822295 1.061006
v 2.894329 16.224123 1.051292
v 2.840931 16.229813 1.112111
v 2.880753 16.217327 1.181689
v 2.958762 16.203917 1.163871
v 2.967153 16.208118 1.083282
v 2.883417 16.438551 1.133233
v 2.919759 16.424107 1.198282
v 2.993115 16.413080 1.182219
v 3.002111 16.420710 1.107241
v 2.934313 16.436453 1.076966
v 2.914946 16.593336 1.158363
v 2.947521 16.576000 1.218699
v 3.016226 16.566885 1.204606
v 3.026113 16.578583 1.135559
v 2.963518 16.594933 1.106979
v 2.938516 16.705050 1.185417
v 2.967071 16.684393 1.240761
v 3.031176 16.676924 1.228935
v 3.042240 16.692965 1.166282
v 2.984973 16.710348 1.139386
v 2.957495 16.792633 1.215552
v 2.981786 16.768627 1.265571
v 3.041360 16.762644 1.256431
v 3.053887 16.782949 1.200762
v 3.002056 16.801487 1.175497
v 2.974039 16.860712 1.250489
v 2.991354 16.832325 1.291925
v 3.044191 16.828274 1.288119
v 3.059530 16.854155 1.244331
v 3.016173 16.874203 1.221074
v 3.019380 16.868917 1.271222
v 0.275222 13.513123 0.637015
v 0.275819 13.270679 0.566246
v 0.343828 13.172355 0.441526
v 0.281276 13.457891 0.521723
v 0.219159 13.311049 0.535365
v 0.316234 12.916501 0.463139
v 0.288589 12.878577 0.609979
v 0.196717 13.283875 0.662438
v 0.258224 13.416465 0.729771
v 0.333734 13.117282 0.685405
v 0.209732 13.678893 0.774762
v 0.259963 13.741914 0.696233
v 0.235710 13.716347 0.590705
v 0.151076 13.631082 0.600876
v 0.131771 13.607240 0.714015
v 0.228825 14.108331 0.784815
v 0.181013 14.125304 0.691716
v 0.076643 14.113004 0.705760
v 0.059951 14.088428 0.807539
v 0.154005 14.085539 0.856398
v 0.176312 14.822127 0.943211
v 0.130798 14.838893 0.854908
v 0.031442 14.829737 0.868861
v 0.015551 14.807315 0.965787
v 0.105086 14.802609 1.011738
v 0.134139 15.576642 1.104577
v 0.090958 15.592471 1.020865
v -0.003314 15.585351 1.034470
v -0.018396 15.565123 1.126591
v 0.066555 15.559741 1.169920
v 0.107276 16.070772 1.200307
v 0.067647 16.083309 1.123022
v -0.018982 16.077307 1.135678
v -0.032891 16.061062 1.220785
v 0.045140 16.057024 1.260728
v 0.020935 16.553413 1.342126
v 0.079507 16.565138 1.285016
v 0.042325 16.573954 1.211738
v -0.039225 16.567675 1.223561
v -0.052445 16.554981 1.304145
v 0.000868 16.835005 1.370762
v 0.055995 16.844378 1.316982
v 0.021435 16.848124 1.247624
v -0.055051 16.841066 1.258537
v -0.067763 16.832960 1.334641
v -0.023985 17.080688 1.377562
v 0.027922 17.087082 1.327241
v -0.003679 17.084421 1.261958
v -0.075117 17.076384 1.271933
v -0.087667 17.074076 1.343381
v -0.048358 17.237978 1.356323
v -0.000488 17.238321 1.312090
v -0.026537 17.223913 1.254108
v -0.090506 17.214661 1.262506
v -0.103992 17.223356 1.325678
v -0.028309 17.374102 1.282783
v -0.049569 17.351049 1.231255
v -0.108739 17.341534 1.238104
v -0.124048 17.358704 1.293865
v -0.074340 17.378832 1.321479
v -0.047449 17.443653 1.247972
v -0.062785 17.412254 1.204819
v -0.117412 17.403124 1.208797
v -0.135837 17.428877 1.254409
v -0.092597 17.453928 1.278621
v -0.105460 17.505529 1.212808
v -0.060248 17.488306 1.209944
v -0.061258 17.447973 1.183090
v -0.107095 17.440269 1.169356
v -0.134414 17.475842 1.187723
v -0.090493 17.482815 1.175597
v -2.647971 9.192882 -2.102755
v -2.579372 9.276149 -2.365690
v -2.570194 9.307950 -2.230999
v -2.404973 9.303633 -2.136709
v -2.436798 9.260349 -2.326194
v -2.396775 9.086317 -2.259340
v -2.329096 9.048655 -2.023005
v -2.479176 8.980289 -2.001113
v -2.526715 9.027062 -2.239626
v -2.647117 9.164429 -2.294900
v -2.594679 9.263215 -2.486188
v -2.467955 9.242278 -2.477074
v -2.442945 9.101790 -2.444417
v -2.558965 9.048793 -2.425974
v -2.655716 9.156512 -2.447506
v -2.685951 9.161135 -2.671797
v -2.627227 9.262491 -2.673740
v -2.515780 9.239239 -2.701387
v -2.505625 9.123510 -2.716532
v -2.610796 9.075239 -2.698244
v -2.711909 9.319206 -3.016889
v -2.606959 9.297696 -3.048753
v -2.599732 9.188728 -3.072546
v -2.700217 9.142891 -3.055387
v -2.769545 9.223532 -3.020988
v -2.868553 9.320619 -3.384430
v -2.811944 9.410236 -3.374912
v -2.713296 9.390678 -3.409738
v -2.708938 9.288972 -3.440779
v -2.804892 9.245672 -3.425138
v -2.935244 9.409942 -3.617253
v -2.880189 9.489881 -3.600517
v -2.790262 9.473090 -3.637021
v -2.789739 9.382776 -3.676318
v -2.879343 9.343748 -3.664101
v -3.005181 9.515918 -3.848118
v -2.951265 9.589025 -3.826988
v -2.866514 9.573627 -3.862746
v -2.868052 9.490999 -3.905978
v -2.953753 9.455333 -3.896937
v -2.988675 9.657590 -3.951919
v -2.908607 9.643022 -3.985622
v -2.911716 9.568036 -4.031735
v -2.993705 9.536262 -4.026531
v -3.041268 9.591609 -3.977203
v -3.017331 9.727631 -4.060306
v -2.941589 9.713291 -4.090945
v -2.945746 9.645844 -4.139059
v -3.024058 9.618499 -4.138155
v -3.068300 9.669046 -4.089482
v -3.076518 9.727153 -4.160440
v -3.028805 9.774377 -4.126206
v -2.959316 9.759505 -4.151280
v -2.964082 9.703090 -4.201011
v -3.036517 9.683094 -4.206672
v -3.036885 9.825309 -4.187668
v -2.971655 9.809894 -4.209069
v -2.976253 9.760572 -4.259040
v -3.044325 9.745509 -4.268523
v -3.081797 9.785518 -4.224412
v -3.037211 9.852979 -4.218438
v -2.976374 9.837308 -4.236703
v -2.980463 9.794761 -4.286234
v -3.043826 9.784135 -4.298580
v -3.078899 9.820115 -4.256680
v -3.035542 9.876362 -4.242306
v -2.979158 9.861125 -4.258269
v -2.982559 9.824854 -4.306632
v -3.041045 9.817674 -4.320558
v -3.073790 9.849507 -4.280803
v -3.032537 9.894719 -4.261823
v -2.982719 9.882060 -4.276135
v -2.985225 9.853752 -4.321293
v -3.036593 9.848918 -4.334893
v -3.065834 9.874237 -4.298138
v -3.019185 9.889894 -4.310542
v -3.521864 11.398015 -2.927687
v -3.505792 11.433400 -3.035638
v -3.392664 11.393677 -2.982318
v -3.286363 11.290675 -3.035153
v -3.450933 11.343476 -3.092546
v -3.460747 11.208030 -3.020087
v -3.281533 11.074385 -2.934823
v -3.315311 11.142821 -2.817190
v -3.494865 11.252096 -2.917237
v -3.381903 11.357536 -2.848790
v -3.633313 11.449285 -2.993202
v -3.599750 11.482333 -3.082891
v -3.575782 11.402872 -3.142468
v -3.605696 11.303165 -3.089829
v -3.637355 11.335942 -2.997175
v -3.796052 11.547817 -3.087423
v -3.739110 11.571311 -3.157326
v -3.750132 11.508926 -3.225645
v -3.813887 11.446879 -3.197966
v -3.842267 11.470915 -3.112541
v -4.044752 11.764763 -3.218234
v -3.991192 11.787362 -3.284739
v -4.007331 11.732999 -3.352462
v -4.070866 11.676803 -3.327812
v -4.093992 11.696434 -3.244854
v -4.211420 11.999612 -3.383978
v -4.231539 11.952892 -3.450240
v -4.293978 11.902059 -3.427984
v -4.312449 11.917359 -3.347968
v -4.261424 11.977651 -3.320771
v -4.377658 12.177697 -3.448105
v -4.400367 12.137694 -3.512066
v -4.460942 12.091609 -3.491724
v -4.475670 12.103130 -3.415191
v -4.424197 12.156335 -3.388234
v -4.520568 12.344372 -3.495257
v -4.544310 12.309644 -3.556234
v -4.602422 12.267682 -3.537522
v -4.614596 12.276477 -3.464979
v -4.564007 12.323874 -3.438858
v -4.650050 12.432769 -3.470983
v -4.609994 12.450739 -3.521754
v -4.632142 12.420407 -3.577382
v -4.685885 12.383694 -3.560992
v -4.696952 12.391333 -3.495234
v -4.732973 12.539798 -3.503499
v -4.693974 12.554854 -3.550018
v -4.712871 12.524869 -3.601549
v -4.763549 12.491282 -3.586878
v -4.775972 12.500509 -3.526279
v -4.777786 12.596530 -3.529318
v -4.738646 12.607532 -3.570714
v -4.752509 12.575923 -3.617355
v -4.800217 12.545386 -3.604784
v -4.815839 12.558120 -3.550375
v -4.770499 12.642846 -3.592172
v -4.777662 12.608092 -3.632291
v -4.822641 12.580676 -3.622606
v -4.843278 12.598485 -3.576502
v -4.811052 12.636907 -3.557692
v -4.792963 12.666287 -3.615966
v -4.792280 12.627856 -3.646611
v -4.834761 12.603639 -3.641556
v -4.861697 12.627104 -3.607786
v -4.835865 12.665822 -3.591972
v -4.847055 12.681005 -3.646779
v -4.805054 12.677249 -3.640201
v -4.794205 12.636559 -3.647138
v -4.829501 12.615168 -3.658004
v -4.862164 12.642636 -3.657782
v -4.824518 12.654324 -3.667461
v -3.527130 10.183547 -1.552907
v -3.399956 10.191298 -1.473427
v -3.237942 10.169847 -1.542664
v -3.419552 10.157166 -1.636584
v -3.365821 9.987729 -1.629158
v -3.134790 9.919786 -1.533776
v -3.210536 9.862984 -1.410177
v -3.431344 9.938565 -1.522061
v -3.525578 10.077621 -1.463304
v -3.360493 10.077931 -1.342678
v -3.643013 10.191274 -1.618616
v -3.567516 10.163620 -1.707896
v -3.545916 10.029142 -1.709683
v -3.604355 9.985232 -1.613931
v -3.662086 10.092576 -1.552973
v -3.825965 10.221529 -1.714184
v -3.786687 10.196252 -1.813163
v -3.808651 10.090761 -1.832337
v -3.861503 10.050839 -1.745208
v -3.872204 10.131658 -1.672185
v -4.238401 10.382974 -1.897273
v -4.207793 10.361333 -1.994512
v -4.242197 10.265964 -2.018630
v -4.294067 10.228663 -1.936297
v -4.291721 10.300979 -1.861294
v -4.614865 10.489560 -1.988449
v -4.556115 10.562905 -2.019671
v -4.533698 10.545852 -2.114605
v -4.578592 10.461965 -2.142057
v -4.628757 10.427176 -2.064087
v -4.793861 10.741517 -2.094351
v -4.778803 10.729701 -2.186261
v -4.831778 10.657854 -2.215337
v -4.879576 10.625265 -2.141397
v -4.856142 10.676972 -2.066624
v -4.993894 10.934117 -2.138416
v -4.985116 10.927769 -2.226536
v -5.043575 10.867631 -2.255668
v -5.088482 10.836814 -2.185553
v -5.057777 10.877905 -2.113087
v -5.106320 11.068600 -2.149710
v -5.104742 11.069877 -2.230914
v -5.166835 11.025018 -2.257936
v -5.206790 10.996016 -2.193432
v -5.169390 11.022950 -2.126545
v -5.211908 11.212803 -2.149486
v -5.213743 11.218241 -2.225526
v -5.275689 11.181312 -2.250304
v -5.312138 11.153049 -2.189577
v -5.272719 11.172511 -2.127268
v -5.321681 11.257896 -2.120319
v -5.264135 11.294250 -2.141674
v -5.268478 11.302862 -2.212355
v -5.328709 11.271834 -2.234684
v -5.361589 11.244043 -2.177803
v -5.302074 11.355918 -2.132448
v -5.308239 11.366681 -2.197755
v -5.365574 11.339608 -2.217713
v -5.394846 11.312112 -2.164742
v -5.355599 11.322192 -2.112046
v -5.330481 11.401357 -2.123834
v -5.338003 11.413333 -2.183859
v -5.391577 11.388520 -2.201673
v -5.417164 11.361211 -2.152658
v -5.379405 11.369144 -2.104550
v -5.354797 11.438026 -2.115526
v -5.363432 11.450444 -2.170405
v -5.412592 11.426559 -2.186321
v -5.434338 11.399378 -2.141278
v -5.398619 11.406466 -2.097524
v -5.414338 11.436234 -2.092606
v -5.379100 11.467817 -2.108551
v -5.389459 11.479875 -2.155887
v -5.431099 11.455745 -2.169198
v -5.446476 11.428773 -2.130088
v -5.423762 11.470107 -2.124531
v -3.716265 11.319760 -1.340055
v -3.812380 11.344423 -1.276392
v -3.831915 11.209294 -1.376613
v -3.880786 11.056615 -1.351710
v -3.838705 11.239381 -1.222801
v -3.717936 11.147138 -1.215868
v -3.709875 10.903286 -1.343440
v -3.623657 10.959241 -1.429179
v -3.643130 11.194247 -1.290543
v -3.737622 11.157897 -1.481174
v -3.802194 11.473029 -1.190495
v -3.817396 11.396113 -1.123941
v -3.716843 11.338340 -1.108595
v -3.649889 11.379030 -1.175835
v -3.708506 11.463639 -1.231297
v -3.705988 11.693462 -1.080906
v -3.797131 11.681785 -1.062499
v -3.804621 11.637450 -0.980276
v -3.718107 11.621728 -0.947867
v -3.657149 11.656345 -1.010060
v -3.713304 12.201852 -0.838351
v -3.799748 12.193360 -0.819673
v -3.806953 12.158508 -0.738267
v -3.724962 12.145462 -0.706632
v -3.667084 12.172250 -0.768487
v -3.712584 12.618463 -0.681315
v -3.794323 12.613330 -0.662554
v -3.801109 12.587171 -0.582998
v -3.723564 12.576137 -0.552590
v -3.668852 12.595475 -0.613354
v -3.782249 12.950818 -0.565437
v -3.788486 12.932061 -0.488698
v -3.715328 12.922310 -0.459849
v -3.663877 12.935039 -0.518757
v -3.705236 12.952657 -0.584014
v -3.763213 13.256190 -0.499861
v -3.768826 13.243131 -0.426717
v -3.700025 13.233944 -0.399621
v -3.651891 13.241326 -0.456019
v -3.690943 13.255075 -0.517971
v -3.676613 13.446095 -0.484646
v -3.741815 13.450433 -0.467689
v -3.746587 13.442138 -0.400860
v -3.684334 13.432675 -0.376515
v -3.641088 13.435120 -0.428297
v -3.719102 13.637273 -0.439618
v -3.723577 13.629512 -0.377351
v -3.665729 13.619338 -0.354822
v -3.625503 13.620811 -0.403166
v -3.658489 13.631894 -0.455572
v -3.702935 13.735223 -0.422111
v -3.707481 13.725987 -0.364665
v -3.654080 13.714890 -0.343902
v -3.616530 13.717267 -0.388516
v -3.646725 13.729833 -0.436852
v -3.637549 13.801050 -0.417877
v -3.689607 13.805402 -0.404719
v -3.694693 13.792932 -0.352558
v -3.645777 13.780874 -0.333478
v -3.610460 13.785892 -0.373847
v -3.630447 13.857035 -0.395880
v -3.678627 13.859381 -0.385021
v -3.684769 13.842335 -0.339016
v -3.640385 13.829454 -0.321442
v -3.606811 13.838540 -0.356586
v -3.669323 13.900884 -0.358469
v -3.677947 13.875978 -0.324586
v -3.640632 13.862511 -0.308182
v -3.608948 13.879093 -0.331928
v -3.626679 13.902810 -0.363007
v -3.644208 13.898900 -0.326343
v -4.351781 13.259166 -1.353927
v -4.426701 13.291940 -1.337491
v -4.467071 13.329478 -1.407457
v -4.421776 13.304759 -1.423065
v -4.413018 13.221035 -1.510216
v -4.485477 13.262498 -1.468929
v -4.479964 13.149703 -1.422758
v -4.398912 13.035346 -1.457883
v -4.336496 13.083627 -1.376008
v -4.434200 13.177331 -1.347168
v -4.500353 13.361368 -1.397543
v -4.535768 13.306983 -1.443314
v -4.547389 13.229840 -1.396051
v -4.509620 13.248590 -1.326803
v -4.480761 13.331304 -1.327632
v -4.551005 13.404195 -1.313911
v -4.547396 13.417994 -1.385308
v -4.603394 13.384456 -1.417565
v -4.641611 13.349927 -1.366103
v -4.609233 13.362126 -1.302041
v -4.645724 13.561379 -1.359931
v -4.699620 13.531362 -1.390090
v -4.736182 13.499574 -1.341427
v -4.704884 13.509947 -1.281193
v -4.648978 13.548146 -1.292629
v -4.734436 13.678916 -1.272955
v -4.731431 13.691450 -1.336224
v -4.782844 13.664384 -1.364390
v -4.817623 13.635121 -1.318528
v -4.787704 13.644103 -1.262018
v -4.805016 13.806094 -1.315361
v -4.853400 13.781069 -1.341716
v -4.886289 13.754107 -1.298668
v -4.858233 13.762469 -1.245709
v -4.808004 13.794600 -1.256025
v -4.857893 13.867499 -1.249166
v -4.854074 13.876210 -1.302843
v -4.896365 13.851668 -1.326942
v -4.926322 13.827789 -1.288160
v -4.902544 13.837574 -1.240092
v -4.907479 13.936475 -1.244947
v -4.902042 13.942088 -1.294912
v -4.938611 13.915600 -1.317685
v -4.966649 13.893616 -1.281794
v -4.947409 13.906516 -1.236840
v -4.940588 13.971654 -1.249237
v -4.931942 13.972986 -1.295093
v -4.960518 13.942597 -1.316049
v -4.986825 13.922483 -1.283145
v -4.974508 13.940442 -1.241853
v -4.971639 13.994666 -1.260010
v -4.957074 13.990972 -1.300135
v -4.974170 13.955596 -1.317223
v -4.999300 13.937424 -1.287658
v -4.997736 13.961571 -1.252299
v -5.001766 14.005018 -1.279927
v -4.977031 13.997957 -1.309329
v -4.978549 13.959781 -1.317480
v -5.004223 13.943246 -1.293114
v -5.018573 13.971206 -1.269905
v -5.019235 13.979712 -1.327406
v -4.988115 13.991211 -1.322690
v -4.974265 13.973667 -1.297723
v -4.996826 13.951327 -1.287007
v -5.024619 13.955062 -1.305353
v -4.995677 13.960698 -1.317447
v -2.843491 11.083906 -1.363108
v -3.079151 11.255581 -1.510594
v -2.886270 11.189799 -1.481538
v -2.791299 11.109137 -1.589007
v -3.033957 11.190678 -1.611863
v -3.042445 11.027107 -1.592753
v -2.788172 10.859466 -1.570198
v -2.820429 10.843859 -1.430588
v -3.069443 11.013062 -1.471792
v -3.077669 11.167980 -1.416147
v -3.266315 11.252331 -1.454408
v -3.246375 11.327760 -1.534031
v -3.228908 11.273556 -1.629395
v -3.253311 11.150489 -1.613801
v -3.276405 11.137355 -1.505651
v -3.545711 11.396760 -1.500174
v -3.500604 11.457304 -1.567455
v -3.514805 11.417828 -1.659471
v -3.568689 11.332886 -1.649059
v -3.587790 11.319865 -1.550608
v -3.960555 11.700968 -1.535918
v -3.913990 11.755830 -1.599604
v -3.934159 11.722839 -1.687574
v -3.993189 11.647590 -1.678257
v -4.009503 11.634072 -1.584529
v -4.318815 12.111181 -1.609909
v -4.343623 12.084620 -1.693447
v -4.405994 12.018796 -1.684697
v -4.419734 12.004676 -1.595751
v -4.365854 12.061772 -1.549529
v -4.553832 12.365406 -1.598482
v -4.582873 12.347404 -1.674889
v -4.647021 12.294324 -1.666334
v -4.657625 12.279521 -1.584639
v -4.600030 12.323452 -1.542704
v -4.773328 12.636130 -1.576856
v -4.803491 12.622617 -1.648415
v -4.866991 12.576715 -1.639812
v -4.876074 12.561860 -1.562935
v -4.818187 12.598580 -1.524025
v -4.883182 12.795365 -1.558009
v -4.913344 12.785181 -1.624809
v -4.975069 12.745287 -1.616188
v -4.983055 12.730815 -1.544059
v -4.926266 12.761765 -1.508102
v -5.013077 12.907416 -1.492105
v -4.972080 12.937508 -1.539071
v -5.001382 12.929545 -1.601281
v -5.060490 12.894534 -1.592762
v -5.067718 12.880857 -1.525287
v -5.063570 12.999832 -1.484888
v -5.026132 13.025493 -1.527370
v -5.053108 13.019241 -1.583030
v -5.107216 12.989720 -1.574947
v -5.113683 12.977722 -1.514292
v -5.074836 13.109948 -1.516034
v -5.099910 13.104199 -1.567496
v -5.150217 13.077346 -1.559862
v -5.156234 13.066500 -1.503681
v -5.109646 13.086648 -1.476594
v -5.103320 13.157058 -1.510093
v -5.126458 13.151671 -1.557428
v -5.172713 13.126876 -1.550308
v -5.178162 13.116939 -1.498572
v -5.135275 13.135593 -1.473718
v -5.129693 13.194978 -1.505374
v -5.150273 13.190419 -1.546516
v -5.190096 13.167826 -1.540142
v -5.194127 13.158419 -1.495061
v -5.156796 13.175200 -1.473573
v -5.173471 13.194488 -1.509391
v -2.833840 12.716807 -1.337605
v -2.889580 12.771002 -1.259538
v -3.028269 12.549521 -1.373119
v -3.098788 12.438058 -1.317253
v -2.924788 12.691091 -1.191938
v -2.852243 12.570601 -1.207490
v -3.005886 12.245540 -1.340081
v -2.940964 12.264598 -1.444120
v -2.796389 12.586133 -1.297796
v -2.992272 12.470363 -1.484443
v -2.773180 12.976827 -1.161239
v -2.789060 12.916924 -1.089051
v -2.719076 12.834416 -1.094769
v -2.669595 12.847254 -1.175730
v -2.708762 12.937947 -1.219861
v -2.526591 13.289379 -1.052070
v -2.601383 13.307706 -1.011808
v -2.598011 13.273475 -0.932011
v -2.521135 13.233995 -0.922955
v -2.476995 13.243825 -0.997156
v -2.260463 14.089052 -0.721644
v -2.255652 14.060491 -0.644523
v -2.181273 14.026505 -0.634555
v -2.140115 14.034063 -0.705517
v -2.189057 14.072719 -0.759341
v -2.015410 14.726706 -0.517531
v -2.009905 14.702550 -0.443667
v -1.938309 14.673730 -0.433036
v -1.899565 14.680074 -0.500328
v -1.947217 14.712815 -0.552549
v -1.845411 15.237404 -0.370107
v -1.839851 15.216358 -0.299928
v -1.771288 15.192407 -0.288769
v -1.734474 15.198651 -0.352051
v -1.780285 15.226459 -0.402321
v -1.655894 15.691809 -0.272134
v -1.718020 15.699344 -0.242856
v -1.712883 15.680238 -0.176658
v -1.647583 15.660895 -0.165024
v -1.612362 15.668048 -0.224031
v -1.599541 15.990283 -0.183195
v -1.657051 15.992192 -0.158548
v -1.653046 15.974313 -0.098690
v -1.593061 15.961354 -0.086344
v -1.559993 15.971223 -0.138571
v -1.613565 16.274422 -0.073315
v -1.610396 16.256628 -0.017855
v -1.554232 16.247469 -0.005043
v -1.522689 16.259604 -0.052586
v -1.559359 16.276262 -0.094780
v -1.551836 16.425833 -0.040789
v -1.602488 16.420542 -0.022491
v -1.600059 16.402504 0.028471
v -1.547907 16.396646 0.041669
v -1.518103 16.411062 -0.001136
v -1.600766 16.523865 0.018360
v -1.598872 16.505394 0.064734
v -1.550855 16.502213 0.078132
v -1.523074 16.518715 0.040040
v -1.553920 16.532099 0.003099
v -1.561371 16.613562 0.042037
v -1.604210 16.603025 0.054518
v -1.602549 16.583998 0.096198
v -1.558684 16.582775 0.109476
v -1.533234 16.601046 0.076002
v -1.573627 16.677355 0.081651
v -1.610256 16.664658 0.090678
v -1.608220 16.644640 0.125022
v -1.570333 16.644964 0.137221
v -1.548953 16.665186 0.110417
v -1.585147 16.673700 0.117526
v -3.563100 15.379951 -1.396266
v -3.688626 15.564845 -1.450057
v -3.617127 15.443065 -1.466999
v -3.599101 15.375859 -1.549084
v -3.700832 15.514062 -1.515312
v -3.713098 15.412263 -1.482092
v -3.594022 15.211698 -1.511428
v -3.575797 15.210081 -1.415793
v -3.695804 15.412676 -1.400027
v -3.670367 15.517327 -1.383262
v -3.749917 15.644780 -1.373307
v -3.747265 15.680359 -1.436669
v -3.776966 15.642421 -1.490976
v -3.807072 15.574216 -1.458500
v -3.790958 15.575023 -1.385597
v -3.834972 15.865746 -1.417349
v -3.882616 15.848918 -1.462289
v -3.934917 15.822621 -1.428438
v -3.919596 15.823199 -1.362576
v -3.857827 15.849851 -1.355723
v -4.058574 16.312510 -1.318187
v -4.036585 16.326555 -1.376382
v -4.081639 16.311001 -1.418758
v -4.131472 16.287340 -1.386753
v -4.117217 16.288275 -1.324596
v -4.188138 16.685240 -1.351622
v -4.230330 16.670286 -1.391530
v -4.277748 16.649321 -1.361390
v -4.264861 16.651318 -1.302855
v -4.209479 16.673517 -1.296818
v -4.317646 16.999870 -1.342369
v -4.356665 16.984711 -1.379871
v -4.401742 16.966532 -1.351652
v -4.390581 16.970455 -1.296709
v -4.338608 16.991060 -1.290971
v -4.399725 17.194290 -1.353428
v -4.433287 17.177048 -1.387188
v -4.475036 17.163239 -1.362094
v -4.467275 17.171944 -1.312825
v -4.420731 17.191137 -1.307470
v -4.476312 17.375536 -1.379420
v -4.505667 17.355597 -1.410192
v -4.545340 17.344780 -1.387491
v -4.540503 17.358032 -1.342689
v -4.497841 17.377043 -1.337702
v -4.539835 17.469072 -1.373755
v -4.517323 17.462339 -1.410194
v -4.541922 17.438725 -1.436972
v -4.579636 17.430857 -1.417082
v -4.578347 17.449614 -1.378012
v -4.546956 17.516367 -1.444590
v -4.566213 17.488546 -1.465537
v -4.602095 17.483423 -1.449110
v -4.605014 17.508081 -1.418011
v -4.570936 17.528440 -1.415217
v -4.567470 17.545658 -1.479948
v -4.580937 17.514353 -1.492405
v -4.615223 17.511517 -1.480874
v -4.622945 17.541069 -1.461290
v -4.593432 17.562168 -1.460717
v -4.572123 17.557989 -1.497983
v -4.577162 17.528481 -1.489464
v -4.594214 17.514845 -1.511644
v -4.599714 17.535925 -1.533871
v -4.586061 17.562590 -1.525428
v -4.574781 17.536274 -1.517921
v -2.886356 11.255501 -2.348444
v -2.716967 11.335053 -2.479251
v -2.771962 11.353786 -2.370127
v -2.695473 11.291932 -2.253772
v -2.635746 11.282871 -2.409071
v -2.649126 11.130516 -2.404247
v -2.709129 11.061163 -2.231696
v -2.827106 11.038650 -2.290208
v -2.751375 11.110745 -2.454253
v -2.801172 11.250896 -2.490016
v -2.747808 11.263164 -2.583888
v -2.681354 11.337590 -2.556728
v -2.599802 11.292207 -2.512700
v -2.607530 11.175591 -2.524023
v -2.699014 11.157629 -2.567993
v -2.636784 11.362218 -2.663027
v -2.551722 11.326344 -2.647964
v -2.549141 11.241029 -2.686227
v -2.632608 11.224174 -2.724937
v -2.686775 11.299073 -2.710599
v -2.622421 11.384942 -2.880494
v -2.575650 11.443913 -2.833602
v -2.493961 11.411319 -2.822265
v -2.490246 11.332202 -2.862150
v -2.569639 11.315900 -2.898137
v -2.524669 11.524415 -2.985474
v -2.446459 11.495164 -2.977669
v -2.441845 11.422224 -3.018800
v -2.517203 11.406396 -3.052025
v -2.568391 11.469554 -3.031429
v -2.488767 11.592620 -3.102104
v -2.414174 11.566712 -3.097545
v -2.408927 11.499827 -3.139439
v -2.480277 11.484399 -3.169889
v -2.529621 11.541747 -3.146814
v -2.499080 11.611128 -3.246859
v -2.460913 11.658205 -3.203748
v -2.390087 11.635570 -3.202086
v -2.384481 11.574505 -3.244171
v -2.451842 11.559399 -3.271842
v -2.445885 11.699357 -3.266291
v -2.380980 11.681355 -3.268263
v -2.375324 11.628310 -3.309433
v -2.436733 11.613529 -3.332905
v -2.480343 11.657437 -3.306243
v -2.466066 11.703767 -3.363337
v -2.433892 11.742739 -3.326070
v -2.373088 11.727577 -3.330017
v -2.367682 11.679236 -3.369723
v -2.425146 11.664521 -3.390316
v -2.458937 11.728410 -3.391672
v -2.428931 11.764931 -3.357626
v -2.372324 11.752395 -3.363270
v -2.367346 11.708126 -3.400804
v -2.420876 11.693303 -3.418357
v -2.454023 11.745830 -3.411344
v -2.426113 11.780476 -3.381143
v -2.373790 11.770369 -3.388317
v -2.369362 11.729476 -3.422952
v -2.418949 11.714311 -3.437183
v -2.450520 11.758859 -3.426293
v -2.424713 11.792236 -3.400687
v -2.376770 11.784387 -3.409380
v -2.372947 11.746160 -3.440359
v -2.418526 11.730383 -3.450811
v -2.424224 11.800022 -3.419728
v -2.383198 11.795232 -3.431121
v -2.380157 11.759846 -3.455089
v -2.419305 11.742766 -3.458509
v -2.446540 11.767596 -3.436655
v -2.413694 11.782993 -3.455221
v 0.405151 7.646347 -1.741833
v 2.057933 8.632803 -0.881158
v 2.673249 7.409597 -0.560711
v 1.050287 6.324473 -1.405849
v 1.095161 6.965810 -2.257822
v 2.715753 7.995100 -1.364366
v 2.068056 7.996283 -0.116159
v 0.399335 6.966488 -0.919068
v 2.130613 6.319253 -0.843421
v 2.172226 7.478407 -2.316596
v 0.987861 8.636830 -1.438558
v 0.946248 7.477676 0.034618
v 1.055625 7.412376 -2.456471
v -0.016569 8.574598 -3.693505
v -1.055254 8.566081 -2.853396
v -0.054082 7.397967 -1.549374
v 0.749899 8.006607 -1.655613
v -0.305189 9.135397 -2.938205
v -0.789723 8.050146 -3.548271
v 0.234339 6.837373 -2.304901
v -1.015613 7.976304 -1.827690
v 0.414903 9.013810 -2.051405
v 0.938962 7.996842 -3.416683
v -0.491553 6.959338 -3.192966
v 0.638097 8.606720 -1.953018
v 1.970076 9.664580 -1.234247
v 2.651699 8.677061 -0.961771
v 1.359856 7.539244 -1.665863
v 1.308957 8.096227 -2.413773
v 2.602985 9.182981 -1.668886
v 2.069423 9.120132 -0.561903
v 0.726970 8.020842 -1.231188
v 2.306597 7.667159 -1.191707
v 2.178617 8.667159 -2.486026
v 1.029260 9.535878 -1.701201
v 1.157240 8.535876 -0.406882
v 1.340833 8.537205 -2.387222
v 0.764830 9.474953 -3.734287
v -0.337823 9.340358 -3.399621
v 0.162745 8.384109 -2.015645
v 0.776680 8.991305 -1.843154
v 0.230869 9.906375 -3.225376
v 0.153421 8.943449 -3.867819
v 0.694965 7.955712 -2.528917
v -0.576935 8.799156 -2.554959
v 0.531537 9.841219 -2.275297
v 1.496766 9.062622 -3.199923
v 0.388294 8.020558 -3.479585
v 0.738396 9.479632 -1.866415
v 2.092861 10.311993 -1.837560
v 2.647025 9.450997 -2.090446
v 1.335658 8.557590 -2.137730
v 0.983714 9.131288 -2.571087
v 2.316684 9.978467 -2.502510
v 2.441108 9.757840 -1.478692
v 1.104225 8.886216 -1.472946
v 2.241935 8.625380 -2.223099
v 1.604315 9.646541 -2.949875
v 1.186055 10.241860 -1.746469
v 1.823676 9.220700 -1.019692
v 1.102096 9.411204 -2.488354
v 0.560624 10.515249 -3.313663
v -0.315206 10.444512 -2.869917
v 0.163557 9.332884 -2.010375
v 0.779265 9.731744 -1.868901
v 0.257981 10.813457 -2.726133
v -0.036774 10.170161 -3.410444
v 0.468115 9.030487 -2.594765
v -0.466022 9.857129 -2.246003
v 0.634644 10.536787 -2.024072
v 1.186273 9.988713 -3.081413
v 0.085608 9.309055 -3.303345
v 0.459292 10.014276 -2.185731
v 1.259373 11.060168 -2.063182
v 1.962955 10.537694 -1.996343
v 1.212683 9.451667 -2.114259
v 0.903643 9.739492 -2.630636
v 1.676913 10.798667 -2.483149
v 1.578819 10.778274 -1.609974
v 0.793484 9.710896 -1.694538
v 1.900171 9.763433 -2.024217
v 1.332542 10.279672 -2.909983
v 0.573380 10.748477 -2.150259
v 1.141009 10.232238 -1.264493
v 0.960206 9.870894 -2.627816
v 0.659942 10.911662 -3.193805
v -0.047812 10.930947 -2.803249
v 0.198838 9.899060 -2.212879
v 0.756467 10.121362 -2.085302
v 0.469631 11.140863 -2.678083
v 0.127274 10.720081 -3.277713
v 0.391045 9.662769 -2.724684
v -0.239055 10.427658 -2.340014
v 0.752235 10.801618 -2.140393
v 1.099266 10.377272 -3.068752
v 0.107976 10.003312 -3.268374
v 0.548429 10.239163 -2.272231
v 1.124596 11.098361 -2.498747
v 1.658623 10.698514 -2.720830
v 1.121384 9.810150 -2.510515
v 0.697162 10.023046 -2.754458
v 1.263184 10.891779 -2.952991
v 1.531121 10.888570 -2.302927
v 0.981069 10.014036 -2.055584
v 1.627787 10.078252 -2.713267
v 0.873156 10.460549 -3.117351
v 0.619397 10.829992 -2.293930
v 1.374029 10.447696 -1.889846
v 0.809072 6.386116 -1.779884
v 2.313745 7.404531 -0.701771
v 2.434795 6.336728 0.205246
v 0.931307 5.235095 -0.812079
v 1.415803 5.472238 -1.733063
v 2.884879 6.541506 -0.658451
v 1.909351 7.130709 0.165392
v 0.358919 6.097244 -0.856250
v 1.733960 5.311480 0.099970
v 2.549824 5.769889 -1.524789
v 1.512013 7.329369 -1.605930
v 0.696149 6.870961 0.018829
v 1.654127 5.553695 -1.741043
v 1.509261 6.113554 -3.678760
v 0.292992 6.619402 -3.456207
v 0.348051 6.101927 -1.521742
v 1.283570 6.488862 -1.465173
v 1.160291 6.992646 -3.407295
v 0.614044 5.810637 -3.705953
v 0.697633 5.219695 -1.781997
v -0.216041 6.584371 -2.400505
v 1.446719 7.216919 -2.311301
v 2.079009 5.622680 -2.792400
v 0.416249 4.990133 -2.881603
v 1.578064 6.652748 -1.846376
v 3.214694 7.038008 -1.059129
v 3.240483 5.929497 -0.525658
v 1.611632 5.464880 -1.271278
v 1.919242 5.788751 -2.091444
v 3.526083 6.220254 -1.295226
v 2.954005 6.681830 -0.308451
v 1.289767 6.279972 -1.040082
v 2.441194 5.209469 -0.657401
v 2.957911 5.819841 -2.089913
v 2.379085 7.296302 -1.669603
v 1.862368 6.685931 -0.237089
v 2.374186 6.059874 -1.759687
v 2.771887 6.250431 -3.452678
v 1.674944 6.537014 -3.698740
v 1.198306 6.367819 -2.027791
v 1.908026 6.835581 -1.797891
v 2.330288 6.981447 -3.481596
v 2.081215 5.864479 -3.672136
v 1.638079 5.636020 -1.991748
v 0.951750 6.577642 -2.975965
v 2.221076 7.360655 -2.565455
v 3.017853 6.036249 -2.502950
v 1.748527 5.253235 -2.913459
v 2.176202 7.181479 -2.036360
v 3.625843 7.611103 -1.527357
v 3.774406 6.655509 -1.106488
v 2.348108 6.160129 -1.580523
v 2.498005 6.471751 -2.302474
v 3.919703 6.938473 -1.781740
v 3.504056 7.274329 -0.872455
v 2.044520 6.829682 -1.329471
v 3.132432 5.989273 -1.154084
v 3.376485 6.571153 -2.410821
v 2.833214 7.785195 -1.954212
v 2.589161 7.203314 -0.697475
v 2.793443 6.760183 -1.985234
v 3.196405 7.384863 -3.276365
v 2.282019 7.723423 -3.411520
v 1.816557 7.129415 -2.142765
v 2.421802 7.408324 -1.804997
v 2.844136 7.993969 -3.101412
v 2.606106 7.163047 -3.572476
v 2.167161 6.517960 -2.312799
v 1.648345 7.577331 -2.840996
v 2.730767 8.035605 -2.257044
v 3.367642 6.931867 -2.571373
v 2.285221 6.473593 -3.155325
v 2.297302 7.674520 -2.216187
v 3.363116 8.411216 -1.941027
v 3.672663 7.791286 -1.400341
v 2.630631 7.010248 -1.635785
v 2.706966 7.128683 -2.287812
v 3.746581 7.894124 -2.009330
v 3.319876 8.267012 -1.337502
v 2.244155 7.525188 -1.568214
v 3.289353 7.127673 -1.277570
v 3.401087 7.361501 -2.420429
v 2.702625 8.294457 -2.297834
v 2.590890 8.060630 -1.154975
v 2.792618 7.315338 -2.053339
v 3.235258 8.042322 -2.921866
v 2.508536 8.377717 -3.036789
v 2.011506 7.673033 -2.174026
v 2.485744 7.810220 -1.809444
v 2.944366 8.507058 -2.689223
v 2.776158 7.950160 -3.250820
v 2.301009 7.206163 -2.404116
v 1.937124 8.172991 -2.657686
v 2.783881 8.386446 -2.025396
v 3.308090 7.541553 -2.442184
v 2.461334 7.328100 -3.074476
v 2.245304 7.947865 -2.162343
v 3.136876 8.513856 -2.225216
v 3.518249 7.965714 -2.005034
v 2.652655 7.358540 -1.925971
v 2.503422 7.530601 -2.408589
v 3.377215 8.118110 -2.457257
v 3.297137 8.329802 -1.791556
v 2.409147 7.752185 -1.693662
v 3.254787 7.419713 -1.866288
v 2.975943 7.740382 -2.701945
v 2.535808 8.453395 -2.281472
v 2.814652 8.132727 -1.445816
v -0.425220 7.469261 -1.321983
v 1.487577 8.389760 -1.280718
v 2.110152 7.159605 -1.557576
v 0.251924 6.154036 -1.618796
v -0.128391 6.937649 -2.235641
v 1.761034 7.884917 -2.142828
v 1.858572 7.624060 -0.764434
v -0.028103 6.655557 -0.756855
v 1.460257 6.115434 -1.709221
v 0.775760 7.518370 -2.747899
v 0.273442 8.428548 -1.187493
v 0.957938 7.025612 -0.148816
v -0.065395 7.175262 -2.263325
v -1.664503 8.255120 -2.848185
v -2.276853 8.016928 -1.684993
v -0.728939 6.924248 -1.017859
v -0.104048 7.655650 -1.338292
v -1.690679 8.701203 -1.971486
v -2.252771 7.606532 -2.491554
v -0.692474 6.471053 -1.890532
v -1.779427 7.365604 -0.840284
v -0.673851 8.623411 -1.447298
v -0.612662 7.806344 -3.028910
v -1.718238 6.548538 -2.421896
v -0.410869 8.107748 -1.515641
v 1.127674 8.934307 -2.136421
v 1.510467 7.885919 -2.654495
v 0.000292 6.983185 -2.071699
v -0.518187 7.697203 -2.377549
v 1.019508 8.543089 -2.946775
v 1.609979 8.245840 -1.908971
v 0.101537 7.370491 -1.258578
v 0.928119 6.970482 -2.590914
v 0.016641 8.242623 -3.083366
v 0.202419 8.945132 -1.612444
v 1.113897 7.672989 -1.119993
v -0.186945 8.032381 -2.458337
v -1.499107 9.076550 -2.969347
v -2.077996 8.857900 -1.988002
v -0.816443 7.804599 -1.408934
v -0.224013 8.414483 -1.637904
v -1.529857 9.433596 -2.193588
v -2.049705 8.529419 -2.701700
v -0.781473 7.444127 -2.182926
v -1.705884 8.237014 -1.267060
v -0.663319 9.290231 -1.710468
v -0.603949 8.640904 -3.113203
v -1.646513 7.587686 -2.669795
v -0.614766 8.925848 -1.831101
v 0.532402 9.973121 -2.191592
v 1.122677 9.203871 -2.606552
v 0.027227 8.108718 -2.279029
v -0.529019 8.598350 -2.581754
v 0.605416 9.656693 -2.897310
v 1.055504 9.494984 -1.957292
v -0.053667 8.417679 -1.570866
v 0.840420 8.320687 -2.625258
v -0.143637 9.195390 -3.119283
v -0.285335 9.759175 -1.838814
v 0.698722 8.884473 -1.344789
v -0.073493 8.946768 -2.485687
v -0.948738 9.871607 -3.259159
v -1.720527 9.630185 -2.697868
v -0.909847 8.696795 -1.891146
v -0.380866 9.221636 -1.837105
v -1.235977 10.127904 -2.644735
v -1.456268 9.394391 -3.263139
v -0.619873 8.437485 -2.503016
v -1.657285 9.060234 -2.049574
v -0.714083 9.970889 -1.988497
v -0.192879 9.505574 -3.099568
v -1.136081 8.594920 -3.160645
v -0.534076 9.535124 -1.909019
v 0.230017 10.524386 -2.353222
v 0.706651 9.960683 -2.830227
v -0.019506 8.934599 -2.422654
v -0.568734 9.291314 -2.549526
v 0.193037 10.288616 -2.955002
v 0.740672 10.177591 -2.276589
v 0.013191 9.164609 -1.818402
v 0.557162 9.200751 -2.836916
v -0.408222 9.837303 -3.026979
v -0.346814 10.256650 -1.934430
v 0.618569 9.620098 -1.744367
v -0.196208 9.431835 -2.520855
v -0.746859 10.484275 -2.816707
v -1.196216 10.448619 -2.145419
v -0.683818 9.404317 -1.803829
v -0.133520 9.644977 -1.929919
v -0.685258 10.680520 -2.257766
v -1.252889 10.268075 -2.659644
v -0.742957 9.203240 -2.361316
v -1.139812 9.914398 -1.680368
v -0.176501 10.328130 -1.931779
v -0.285992 9.968946 -2.942396
v -1.249303 9.555213 -2.690985
v -0.646357 9.740562 -1.977776
v -0.252038 10.699435 -2.194078
v 0.343526 10.417354 -2.439266
v -0.007371 9.437934 -2.240879
v -0.472616 9.566421 -2.468551
v -0.086284 10.539870 -2.658066
v 0.191033 10.564153 -2.012397
v -0.171278 9.602220 -1.777883
v 0.429743 9.800405 -2.449742
v -0.394675 10.039732 -2.826521
v -0.691383 10.337111 -1.988408
v 0.133034 10.097783 -1.611630
v 0.384425 7.090561 -2.523382
v 2.089828 8.230872 -1.977326
v 2.648614 7.120593 -1.319624
v 0.991857 5.904779 -1.815295
v 1.052691 6.270127 -2.816297
v 2.709562 7.449456 -2.256968
v 2.078459 7.839493 -1.062351
v 0.361417 6.678772 -1.538960
v 2.070092 6.026034 -1.272818
v 2.139345 6.705833 -3.018868
v 1.003745 8.110841 -2.516891
v 0.934493 7.431041 -0.770840
v 1.102870 6.323493 -2.957129
v 0.041327 7.135057 -4.470901
v -0.930897 7.486793 -3.624858
v 0.052518 6.706507 -2.060164
v 0.894492 7.169578 -2.383831
v -0.149406 7.928702 -3.921336
v -0.755423 6.756639 -4.130459
v 0.249101 5.908313 -2.601012
v -0.872112 7.252642 -2.474283
v 0.618942 8.023660 -3.070215
v 0.971031 6.581687 -4.054894
v -0.520023 5.810670 -3.458966
v 0.768803 7.301463 -2.875320
v 2.544511 7.846619 -2.906808
v 2.916929 6.720931 -2.577904
v 1.176894 6.096486 -2.522631
v 1.022065 6.504527 -3.348294
v 2.779320 7.093440 -3.352912
v 2.700904 7.413856 -2.167487
v 0.937968 6.848313 -2.076431
v 2.214343 5.912680 -2.404912
v 1.930706 6.669792 -3.832489
v 1.501928 8.031974 -3.024867
v 1.785565 7.274863 -1.597291
v 1.420211 6.674549 -3.340034
v 0.745841 7.266941 -4.849581
v -0.234333 7.570364 -4.308146
v 0.361998 7.006023 -2.774602
v 1.120206 7.425336 -2.931619
v 0.465771 7.972558 -4.457287
v 0.023332 6.921196 -4.669055
v 0.645021 6.297732 -3.159899
v -0.369930 7.423598 -3.308373
v 0.976506 8.124107 -3.607059
v 1.486052 6.844494 -4.311172
v 0.139615 6.143987 -4.012486
v 0.930844 7.629999 -3.439589
v 2.251131 8.513520 -3.514919
v 2.815791 7.748049 -3.059313
v 1.539647 6.810770 -2.950999
v 1.361793 6.983407 -3.712152
v 2.662549 7.906923 -3.772351
v 2.437286 8.306119 -2.822475
v 1.133091 7.420761 -2.693862
v 2.426122 6.939141 -2.806195
v 2.098423 7.279099 -4.130798
v 1.363084 8.383724 -3.665380
v 1.690783 8.043764 -2.340776
v 1.480600 7.213027 -3.741489
v 1.064445 8.173282 -4.792333
v 0.402114 8.579997 -4.188269
v 0.769776 7.649901 -3.093935
v 1.490334 7.789651 -3.233456
v 1.072618 8.719662 -4.315766
v 0.394596 8.077328 -4.626709
v 0.760592 7.105915 -3.573212
v 0.294339 8.294893 -3.372327
v 1.559135 8.514422 -3.645731
v 1.542552 7.529605 -4.513206
v 0.277756 7.310077 -4.239802
v 0.984945 8.023993 -3.590861
v 1.967008 8.876838 -3.853027
v 2.558182 8.323895 -3.510621
v 1.623683 7.434750 -3.224746
v 1.375078 7.516600 -3.838333
v 2.332842 8.396167 -4.085865
v 2.221615 8.766113 -3.296409
v 1.255633 7.913422 -2.991282
v 2.353562 7.636606 -3.216774
v 1.897834 7.806229 -4.282994
v 1.233503 8.674450 -3.860920
v 1.689232 8.504826 -2.794700
v 1.595941 7.727911 -3.611693
v 1.543911 8.332692 -4.674026
v 0.759476 8.490651 -4.557697
v 0.754037 7.902938 -3.496757
v 1.270201 8.196631 -3.341957
v 1.236670 8.773413 -4.416948
v 1.042139 8.085189 -4.794209
v 1.061339 7.460750 -3.751225
v 0.411457 8.268435 -3.978499
v 1.334728 8.763083 -3.723072
v 1.890919 7.964736 -4.187448
v 0.967649 7.470088 -4.442875
v 1.040217 8.268643 -3.465039
v 1.759879 8.812790 -4.028040
v 2.131796 8.225993 -4.136345
v 1.445232 7.643785 -3.585974
v 1.047351 7.879551 -3.852247
v 1.762205 8.442235 -4.389846
v 2.129656 8.566904 -3.803484
v 1.438501 8.010853 -3.220684
v 1.955358 7.678321 -3.910038
v 1.255500 8.111836 -4.358555
v 1.246280 8.778666 -3.699648
v 1.946138 8.345150 -3.251130
v 0.518101 8.413527 -1.248421
v 1.984825 9.259883 0.038539
v 2.622663 8.012736 0.162324
v 1.214603 7.082848 -1.104833
v 1.320797 7.895047 -1.789112
v 2.736683 8.767448 -0.476340
v 1.930954 8.465775 0.636012
v 0.457343 7.571978 -0.594746
v 2.203725 7.000714 -0.413007
v 2.352685 8.455307 -1.586713
v 0.986856 9.343783 -0.658953
v 0.837897 7.889190 0.514753
v 1.585914 8.346420 -1.187668
v 1.779699 9.025248 -3.070340
v 0.545655 8.616349 -3.378011
v 0.261514 7.906640 -1.514843
v 0.635400 8.773877 -1.145758
v 0.883756 9.430764 -3.036943
v 1.369923 8.243274 -3.408736
v 1.158226 7.503378 -1.554380
v -0.144157 8.080955 -2.579180
v 0.560743 9.585435 -1.936923
v 2.183710 8.854689 -2.006423
v 1.478809 7.350207 -2.648679
v 0.787096 9.314035 -1.355426
v 1.248258 10.529212 -0.035663
v 1.803101 9.645236 0.616091
v 1.382041 8.364450 -0.657411
v 1.677801 8.956129 -1.316675
v 2.086447 10.185805 -0.005067
v 1.031968 9.961169 0.587943
v 0.541754 8.702096 -0.693968
v 1.837075 8.615249 0.273841
v 2.310181 9.666185 -0.893782
v 0.788533 10.275798 -0.961644
v 0.315428 9.224860 0.205980
v 1.757349 9.454543 -1.153878
v 1.591593 10.538260 -2.513709
v 0.463721 10.284802 -2.611793
v 0.547342 9.181687 -1.257957
v 0.992288 9.792817 -0.806404
v 0.869463 10.860538 -2.189835
v 1.128081 9.988307 -2.909756
v 1.269098 8.862559 -1.585762
v 0.005895 9.620833 -1.975613
v 0.825630 10.680523 -1.202369
v 2.132260 10.101916 -1.794610
v 1.312524 9.042227 -2.567854
v 0.956705 10.489727 -1.166295
v 1.673967 11.536128 -0.216260
v 2.337718 10.798337 0.140756
v 1.665614 9.693133 -0.787638
v 1.695195 10.209266 -1.398803
v 2.373425 11.275805 -0.431866
v 1.694216 11.037835 0.339113
v 0.968924 9.957719 -0.568291
v 2.295359 9.915874 -0.168178
v 2.311587 10.838395 -1.229415
v 1.048753 11.314763 -0.834626
v 1.032525 10.392241 0.226611
v 1.804985 10.687962 -1.125837
v 1.725656 11.809731 -2.097696
v 0.770773 11.626232 -2.251054
v 0.780176 10.496892 -1.295287
v 1.147435 10.932180 -0.811711
v 1.105683 12.032445 -1.794805
v 1.341149 11.421336 -2.529715
v 1.400506 10.266498 -1.591632
v 0.353786 10.984112 -1.847691
v 1.032175 11.731239 -1.008499
v 2.155003 11.316405 -1.546851
v 1.476614 10.569278 -2.386042
v 1.018203 11.377013 -1.244419
v 1.636483 12.408456 -0.675961
v 2.280088 11.880733 -0.393549
v 1.714506 10.820878 -0.936021
v 1.622054 11.170455 -1.496593
v 2.203743 12.209371 -0.916117
v 1.758209 12.063891 -0.172605
v 1.144835 11.015742 -0.698120
v 2.282625 11.121748 -0.538721
v 2.091393 11.748657 -1.510164
v 1.062397 12.105311 -1.077439
v 1.253629 11.478403 -0.105996
v 1.705011 11.413099 -1.061583
v 1.915422 12.397584 -1.749797
v 1.239793 12.264675 -2.173687
v 0.980714 11.273049 -1.518121
v 1.101805 11.591405 -1.007602
v 1.346508 12.566433 -1.699310
v 1.763193 12.109334 -2.220135
v 1.549776 11.104836 -1.569046
v 0.811302 11.710861 -2.033015
v 1.054590 12.263503 -1.139849
v 2.084834 11.959564 -1.232414
v 1.841546 11.406922 -2.125580
v 1.042630 11.746374 -1.288623
v 1.491812 12.679143 -1.059883
v 2.081957 12.359111 -0.850859
v 1.676788 11.405154 -1.063854
v 1.508346 11.591620 -1.534655
v 1.931545 12.533973 -1.291790
v 1.677403 12.492665 -0.637505
v 1.237433 11.551148 -0.831748
v 2.140607 11.740876 -0.865543
v 1.822301 12.078231 -1.680268
v 1.027158 12.342895 -1.260022
v 1.345464 12.005540 -0.445298
v 0.406380 8.612540 -2.369247
v 2.464960 9.055982 -2.649691
v 2.743696 7.703862 -2.917299
v 0.717630 7.164717 -2.657990
v 0.434754 7.989836 -3.273086
v 2.493913 8.469022 -3.502639
v 2.717060 8.243866 -2.132587
v 0.690863 7.752171 -1.805312
v 1.855092 6.838832 -2.908532
v 1.365388 8.322046 -3.945780
v 1.319643 9.386103 -2.402633
v 1.809347 7.902890 -1.365385
v 0.843011 8.154347 -3.252035
v -0.468869 8.929977 -4.578912
v -1.460555 8.818832 -3.690697
v -0.231880 8.041704 -2.310545
v 0.438153 8.774129 -2.517245
v -0.847674 9.512763 -3.882391
v -1.112055 8.282668 -4.331494
v 0.150061 7.457007 -3.003742
v -1.286168 8.384059 -2.612408
v -0.092106 9.642669 -3.016093
v 0.595593 8.586508 -4.274837
v -0.598470 7.327899 -3.871152
v 0.065978 9.072195 -2.971217
v 1.563164 10.151227 -2.827362
v 2.300846 9.169481 -2.749595
v 0.853791 8.016092 -2.888177
v 0.535635 8.523540 -3.604740
v 2.015130 9.640334 -3.424134
v 1.885037 9.639504 -2.200564
v 0.410719 8.533692 -2.290514
v 1.900868 8.155007 -2.788049
v 1.324361 9.078629 -4.015323
v 0.518915 10.013034 -2.933754
v 1.095423 9.089410 -1.706480
v 0.770027 8.923903 -3.575451
v -0.189444 9.608377 -4.874991
v -1.161949 9.450101 -4.262503
v -0.280827 8.759588 -2.928839
v 0.297090 9.421600 -2.984592
v -0.634519 10.077079 -4.316014
v -0.752480 9.018895 -4.776761
v 0.165339 8.290061 -3.486252
v -1.151695 9.037802 -3.327972
v -0.115848 10.179017 -3.460122
v 0.689624 9.330712 -4.472253
v -0.346224 8.189497 -4.340104
v 0.067324 9.868648 -3.234059
v 1.319672 10.773260 -3.585901
v 1.908696 9.923427 -3.793738
v 0.692856 8.951977 -3.455248
v 0.219401 9.415412 -3.904536
v 1.465010 10.347085 -4.218947
v 1.774985 10.315507 -3.211336
v 0.549387 9.379558 -2.822723
v 1.560704 9.058714 -3.715992
v 0.719422 9.894499 -4.471797
v 0.456844 10.666343 -3.326002
v 1.298128 9.830558 -2.570198
v 0.427837 9.749348 -3.903698
v -0.385923 10.845757 -4.478217
v -0.932243 10.900366 -3.661184
v -0.156827 9.805938 -3.025963
v 0.474180 10.141223 -3.244171
v -0.346817 11.221745 -3.859497
v -0.968221 10.554455 -4.230406
v -0.200547 9.436244 -3.648158
v -0.783153 10.376739 -2.979373
v 0.320273 10.950983 -3.398115
v 0.242837 10.279415 -4.523127
v -0.860589 9.705170 -4.104384
v -0.139422 10.441236 -3.398473
v 0.672823 11.454993 -3.678320
v 1.344870 10.901387 -3.798106
v 0.587602 9.855054 -3.529091
v 0.119681 10.101683 -3.935561
v 0.916949 11.134206 -4.184870
v 1.120274 11.196511 -3.332079
v 0.343166 10.175387 -3.022404
v 1.262646 10.135543 -3.717729
v 0.429684 10.588863 -4.406179
v -0.009218 11.173419 -3.490238
v 0.823744 10.720099 -2.801788
v 0.328909 10.270701 -3.864590
v -0.149483 11.230046 -4.437103
v -0.721804 11.308725 -3.871346
v -0.283138 10.350966 -3.254998
v 0.281758 10.582500 -3.317669
v -0.196408 11.529261 -3.924277
v -0.678633 11.033448 -4.343146
v -0.238656 10.056818 -3.770961
v -0.754338 10.863210 -3.309843
v 0.239730 11.256833 -3.448549
v 0.321509 10.721748 -4.380938
v -0.672560 10.328126 -4.242231
v -0.093585 10.688064 -3.415700
v 0.361799 11.495077 -3.924762
v 0.764207 11.054479 -4.296681
v 0.336667 10.212567 -3.813060
v -0.145874 10.425307 -3.894863
v 0.312209 11.246696 -4.376500
v 0.809830 11.282990 -3.881082
v 0.385996 10.460452 -3.361021
v 0.729462 10.437716 -4.219290
v -0.117050 10.822710 -4.338036
v -0.028336 11.270356 -3.519106
v 0.818175 10.885361 -3.400359
v 1.098181 8.949342 -1.943214
v 2.094603 10.148134 -0.516904
v 2.672964 9.015454 0.083152
v 1.713871 7.727950 -1.306372
v 2.025206 8.380108 -2.091830
v 2.970747 9.613127 -0.654815
v 1.866912 9.507661 0.210029
v 0.839319 8.264963 -1.166168
v 2.448592 7.866704 -0.347028
v 2.948497 9.039720 -1.721708
v 1.363309 10.009200 -1.470905
v 0.863404 8.836185 -0.096225
v 2.136378 8.615954 -2.129500
v 1.369880 9.832106 -3.544480
v 0.155653 9.745545 -2.994132
v 0.830056 8.529043 -1.546016
v 1.614815 9.155453 -1.405022
v 0.876632 10.343040 -2.863358
v 0.609441 9.275487 -3.620765
v 1.322097 8.020083 -2.229485
v -0.043026 9.102038 -2.026668
v 1.359059 10.181237 -1.820926
v 2.249323 9.260642 -3.058979
v 0.847238 8.181443 -3.264722
v 1.588524 9.546765 -1.958710
v 2.505536 10.669436 -0.794907
v 3.023727 9.702927 -0.236885
v 2.149958 8.516755 -1.353095
v 2.397019 9.043157 -2.083882
v 3.269041 10.195319 -0.911948
v 2.321303 10.139113 -0.129208
v 1.387228 8.991857 -1.235008
v 2.816985 8.684302 -0.550293
v 3.214361 9.638826 -1.824114
v 1.836847 10.502927 -1.606333
v 1.439471 9.548403 -0.332511
v 2.619174 9.390075 -1.823862
v 2.690328 10.234597 -3.350987
v 1.547580 10.104485 -3.503159
v 1.392996 9.249667 -1.985647
v 1.884886 9.873848 -1.606440
v 1.997338 10.688862 -3.142092
v 2.185131 9.686563 -3.695343
v 2.085720 8.793277 -2.190762
v 0.964039 9.618568 -2.814061
v 1.864731 10.689008 -2.153963
v 3.118688 9.862790 -2.525142
v 2.217995 8.792352 -3.185241
v 1.999932 10.269540 -2.032015
v 2.856997 11.327763 -1.221033
v 3.384137 10.561392 -0.723880
v 2.561640 9.442252 -1.502323
v 2.687244 9.842309 -2.184209
v 3.510949 10.931890 -1.359330
v 2.782501 10.925595 -0.596646
v 1.913232 9.845300 -1.358744
v 3.206160 9.658643 -0.896673
v 3.395360 10.386357 -2.085019
v 2.218836 11.112393 -1.827730
v 2.029636 10.384677 -0.639384
v 2.847636 10.160248 -2.096575
v 2.701309 11.310917 -3.026691
v 1.736418 11.362734 -2.838830
v 1.811758 10.222218 -1.900182
v 2.412890 10.534713 -1.585243
v 2.290989 11.665687 -2.545560
v 2.113913 11.036345 -3.281471
v 2.221895 9.868948 -2.382571
v 1.349155 10.816434 -2.285234
v 2.426794 11.351663 -1.760947
v 3.168876 10.715737 -2.637056
v 2.091237 10.180510 -3.161342
v 2.265521 10.937762 -1.932495
v 3.275175 11.744568 -1.661021
v 3.835193 11.068113 -1.625500
v 2.861543 10.207942 -1.895702
v 2.660667 10.610533 -2.388209
v 3.650363 11.437873 -2.090283
v 3.490020 11.350274 -1.230579
v 2.488764 10.516649 -1.465783
v 3.595335 10.336190 -1.745481
v 3.222118 11.059567 -2.588524
v 2.545172 11.616603 -1.810872
v 2.918389 10.893226 -0.967829
v 2.953573 10.709760 -1.965846
v 3.149562 11.652843 -2.703593
v 2.359022 11.730596 -2.854665
v 2.103636 10.785919 -2.122224
v 2.477057 11.026013 -1.698486
v 2.701604 11.957881 -2.456598
v 2.771143 11.449960 -3.081899
v 2.553179 10.487567 -2.374451
v 1.878601 11.289094 -2.550108
v 2.559506 11.699343 -1.821813
v 3.372499 11.155944 -2.275808
v 2.691593 10.745696 -3.004103
v 2.296207 11.142030 -1.960291
v 2.973154 11.952472 -1.875396
v 3.507211 11.511241 -1.755057
v 2.869659 10.669187 -1.831131
v 2.662304 10.880725 -2.275036
v 3.316593 11.703542 -2.172556
v 3.191248 11.740257 -1.481670
v 2.524283 10.915701 -1.534201
v 3.425622 10.895921 -1.738705
v 3.041381 11.278674 -2.503403
v 2.416655 11.725499 -1.965845
v 2.800896 11.342746 -1.201147
v 0.424757 9.897099 -2.169418
v 1.978954 10.970554 -1.213367
v 2.770328 9.810789 -1.134584
v 1.272405 8.651732 -2.085804
v 1.173958 9.422975 -2.817021
v 2.681361 10.520079 -1.827027
v 2.124114 10.225227 -0.570018
v 0.565611 9.099021 -1.474857
v 2.372652 8.717595 -1.572194
v 2.157444 10.093040 -2.828161
v 0.878248 10.902892 -1.722081
v 1.093455 9.527448 -0.466115
v 1.181887 9.786405 -2.909878
v -0.180048 11.029490 -3.724885
v -1.043418 10.763678 -2.740681
v 0.250365 9.506094 -1.857178
v 0.976756 10.203465 -1.976103
v -0.367907 11.417630 -2.840390
v -0.870588 10.406589 -3.554416
v 0.443885 9.112641 -2.738098
v -0.782091 10.018938 -1.866972
v 0.507435 11.221265 -2.120698
v 0.854889 10.511714 -3.717149
v -0.434637 9.309387 -3.463423
v 0.546297 10.789080 -2.458181
v 1.895045 11.869831 -1.815974
v 2.684096 10.926541 -1.775356
v 1.379075 9.765351 -2.421320
v 1.167534 10.396127 -3.076730
v 2.488711 11.505483 -2.395832
v 2.137923 11.261743 -1.241887
v 0.793002 10.136063 -1.837783
v 2.377359 9.920595 -2.084604
v 1.976685 11.050370 -3.204744
v 0.908619 11.715466 -2.151880
v 1.309292 10.585691 -1.031740
v 1.396828 10.815613 -2.992554
v 0.517987 11.849906 -4.078817
v -0.483772 11.626035 -3.538152
v 0.330845 10.564532 -2.400913
v 0.949632 11.182022 -2.295241
v 0.092168 12.200385 -3.426076
v -0.092018 11.303594 -4.138674
v 0.752728 10.218862 -3.058755
v -0.519526 10.991727 -2.723653
v 0.589933 12.059066 -2.572981
v 1.358367 11.427549 -3.757679
v 0.248909 10.360209 -3.908351
v 0.808099 11.840920 -2.553628
v 2.113022 12.739413 -2.571691
v 2.700634 11.928920 -2.903617
v 1.431746 10.966429 -2.909751
v 1.017650 11.536587 -3.289533
v 2.319211 12.458413 -3.265968
v 2.510941 12.187438 -2.264881
v 1.234056 11.253536 -2.215500
v 2.322907 11.085807 -3.056294
v 1.588003 12.105332 -3.687179
v 1.225567 12.621771 -2.430411
v 1.960471 11.602244 -1.799526
v 1.493984 11.950372 -3.107420
v 0.905996 13.010802 -3.952614
v 0.015812 12.873532 -3.555475
v 0.542456 11.796304 -2.675782
v 1.119501 12.237414 -2.500742
v 0.548881 13.288876 -3.386173
v 0.344358 12.617703 -4.076600
v 0.895742 11.525508 -3.248121
v -0.113077 12.270743 -2.933559
v 0.917390 13.036075 -2.659597
v 1.558624 12.542630 -3.693029
v 0.528157 11.777298 -3.966991
v 0.888450 12.689179 -2.674197
v 1.821517 13.623827 -2.810461
v 2.387159 13.031177 -3.128718
v 1.500763 12.058948 -3.016418
v 1.047011 12.457141 -3.300225
v 1.967505 13.401182 -3.400554
v 2.252849 13.236010 -2.585832
v 1.351178 12.277853 -2.425827
v 2.196234 12.285834 -3.212677
v 1.390317 12.996587 -3.680242
v 1.122210 13.395635 -2.611520
v 1.928128 12.684884 -2.143955
v 1.407860 12.616723 -3.162128
v 1.065762 13.684762 -3.621956
v 0.395502 13.690862 -3.169699
v 0.691803 12.613019 -2.672336
v 1.260866 12.825473 -2.584736
v 0.926343 13.884082 -3.078305
v 0.523768 13.507487 -3.669857
v 0.830476 12.416086 -3.217045
v 0.245340 13.151755 -2.718618
v 1.253401 13.512649 -2.592448
v 1.506162 13.150464 -3.575954
v 0.498101 12.789569 -3.702124
v 0.795081 13.010169 -2.766747
v 1.341980 13.900854 -2.955357
v 1.877431 13.528693 -3.218365
v 1.372645 12.616082 -3.049985
v 0.934543 12.830597 -3.266423
v 1.471193 13.727445 -3.425945
v 1.758556 13.688231 -2.785423
v 1.241078 12.785490 -2.578593
v 1.863191 12.910529 -3.250051
v 1.085716 13.295467 -3.605382
v 0.849110 13.604783 -2.752595
v 1.626585 13.219845 -2.397264
v 1.127814 9.717091 -2.460517
v 2.275978 10.938030 -1.175981
v 2.960479 9.821607 -0.663546
v 1.855281 8.511458 -1.918593
v 2.039015 9.170788 -2.737563
v 3.142940 10.430867 -1.429048
v 2.162874 10.288196 -0.430725
v 0.995658 9.026838 -1.657229
v 2.710508 8.667090 -1.069296
v 2.990245 9.855396 -2.492424
v 1.429892 10.783606 -2.024083
v 1.150156 9.595301 -0.600955
v 2.227477 9.406919 -2.753662
v 1.491978 10.345859 -4.350589
v 0.253499 10.205123 -3.898539
v 0.901358 9.252384 -2.262506
v 1.599692 9.968480 -2.151839
v 0.901531 10.873098 -3.778611
v 0.796710 9.720062 -4.424758
v 1.493608 8.722610 -2.830263
v 0.025815 9.664675 -2.882920
v 1.287530 10.890985 -2.711012
v 2.361488 9.929489 -3.734462
v 1.099773 8.703180 -3.906371
v 1.660114 10.365222 -2.618637
v 3.137741 11.209582 -2.006953
v 3.733315 10.166717 -1.903978
v 2.287616 9.239362 -2.512978
v 2.202302 9.849462 -3.189329
v 3.658851 10.728814 -2.541318
v 3.253894 10.609022 -1.412363
v 1.776119 9.725928 -1.974589
v 3.270958 9.236469 -2.166659
v 3.095505 10.335223 -3.326339
v 2.163461 11.212337 -2.354296
v 2.338914 10.113582 -1.194615
v 2.598991 10.184000 -3.091078
v 2.117077 11.227329 -4.338587
v 1.054230 11.204735 -3.970529
v 1.457660 10.162111 -2.698900
v 2.126712 10.664058 -2.527154
v 1.674165 11.674031 -3.799208
v 1.461709 10.793770 -4.466758
v 1.903205 9.709226 -3.230903
v 0.782776 10.674935 -3.178554
v 1.984539 11.527583 -2.897929
v 2.790918 10.708126 -3.861380
v 1.589155 9.855477 -4.142005
v 2.031390 11.117503 -3.102286
v 3.128558 12.096121 -2.733626
v 3.743035 11.338628 -2.493697
v 2.694875 10.308629 -2.843524
v 2.562176 10.689932 -3.490221
v 3.622373 11.686337 -3.101881
v 3.288725 11.715630 -2.154903
v 2.194134 10.712001 -2.477548
v 3.494638 10.492993 -2.558131
v 3.229384 11.179127 -3.677302
v 2.324303 11.910573 -3.014360
v 2.589557 11.224442 -1.895189
v 2.886137 10.978559 -3.278806
v 2.765097 11.945608 -4.273311
v 1.851264 11.987997 -4.142600
v 1.905587 11.024985 -3.139462
v 2.448283 11.370788 -2.860459
v 2.352506 12.310532 -3.873426
v 2.230848 11.652267 -4.510494
v 2.318656 10.654957 -3.534130
v 1.472713 11.526598 -3.588128
v 2.448749 12.109799 -3.113365
v 3.196504 11.439828 -3.827627
v 2.220468 10.856624 -4.302391
v 2.309603 11.563100 -3.287630
v 2.994353 12.548787 -3.145700
v 3.558860 12.124051 -2.762744
v 2.913302 11.104444 -2.877133
v 2.820600 11.244372 -3.463481
v 3.476214 12.247784 -3.311636
v 3.115547 12.400974 -2.610082
v 2.431230 11.405130 -2.711235
v 3.485884 11.425393 -2.649512
v 3.296238 11.685211 -3.671512
v 2.423093 12.228763 -3.371304
v 2.612739 11.968944 -2.349304
v 2.981300 11.338918 -3.128683
v 3.109565 12.216467 -3.752742
v 2.400431 12.357596 -3.736967
v 2.219073 11.482427 -3.106087
v 2.640851 11.636252 -2.790266
v 2.789287 12.502143 -3.437183
v 2.695087 12.094775 -4.027281
v 2.540251 11.201920 -3.425348
v 1.993715 11.980157 -3.411688
v 2.751870 12.235476 -2.873304
v 3.332637 11.724001 -3.448586
v 2.574482 11.468681 -3.986969
v 0.662924 10.283975 -1.779843
v 2.609595 10.981344 -1.369877
v 3.176399 9.758518 -1.771082
v 1.252602 8.964911 -2.214345
v 1.024502 9.870777 -2.730642
v 2.956919 10.593902 -2.265497
v 2.856861 10.114965 -0.947111
v 0.911491 9.354719 -1.317365
v 2.461128 8.814703 -2.172006
v 2.036962 10.425281 -3.033248
v 1.412694 11.128342 -1.411024
v 1.836859 9.517764 -0.549782
v 1.523107 9.982846 -2.356027
v 0.786137 10.809536 -4.040604
v -0.445063 10.393620 -3.730956
v 0.199369 9.539929 -2.030407
v 0.718837 10.387123 -1.829089
v 0.031937 11.185458 -3.532530
v 0.248801 10.047771 -4.198383
v 0.958114 9.158536 -2.527518
v -0.668642 9.782371 -2.750318
v 0.286853 11.248128 -2.416510
v 1.658326 10.560142 -3.321262
v 0.702831 9.094383 -3.655070
v 0.694292 10.574490 -2.030370
v 2.252599 11.469603 -1.573180
v 2.919489 10.453446 -1.764839
v 1.411593 9.485314 -2.235493
v 1.152944 10.195164 -2.784494
v 2.678548 11.107682 -2.286626
v 2.527616 10.786414 -1.108469
v 0.978903 9.843169 -1.524055
v 2.462946 9.520257 -2.081870
v 1.980552 10.783643 -3.010737
v 1.199654 11.432849 -1.722183
v 1.682048 10.169463 -0.793315
v 1.460988 10.310385 -2.647622
v 0.561338 11.479378 -3.568918
v -0.394510 11.291173 -2.938925
v 0.443743 10.097201 -1.962665
v 1.116819 10.659747 -1.886058
v 0.232454 11.814645 -2.855013
v -0.091937 10.982729 -3.595718
v 0.768430 9.767615 -2.681121
v -0.397923 10.606699 -2.166852
v 0.803402 11.576234 -2.068705
v 1.394618 10.974953 -3.365524
v 0.193292 10.005418 -3.463672
v 0.836273 10.934549 -2.193305
v 2.130206 11.846359 -2.019824
v 2.758338 11.025125 -2.228112
v 1.516393 10.057975 -2.415908
v 1.169849 10.614779 -2.874893
v 2.442899 11.543216 -2.663113
v 2.470660 11.304017 -1.636285
v 1.201699 10.359645 -1.772901
v 2.416517 10.180402 -2.413935
v 1.792405 11.175996 -3.186471
v 1.225359 11.724003 -2.022134
v 1.849471 10.728409 -1.249598
v 1.629081 10.752730 -2.488367
v 1.368937 11.695978 -3.596624
v 0.403718 11.505349 -3.564931
v 0.594810 10.542720 -2.447951
v 1.028849 11.048483 -2.110292
v 0.802946 11.973836 -3.238629
v 0.924429 11.249720 -3.894286
v 1.161067 10.263707 -2.804626
v 0.070649 10.936991 -2.992579
v 0.864324 11.807031 -2.413125
v 1.889628 11.300868 -3.057488
v 1.095954 10.430829 -3.636941
v 0.840169 11.146892 -2.487366
v 1.589940 12.215190 -2.234148
v 2.279044 11.702712 -2.047135
v 1.585778 10.606350 -2.284598
v 1.360779 10.883114 -2.848310
v 2.079988 11.964677 -2.575015
v 1.828201 11.933183 -1.733537
v 1.094638 10.855198 -1.944085
v 2.237199 10.931088 -2.083855
v 1.817446 11.432960 -3.056078
v 0.931997 11.888833 -2.438464
v 1.351750 11.386960 -1.466240
v 1.530884 10.950968 -2.648990
v 1.290386 11.987966 -3.237364
v 0.538543 12.005267 -2.940289
v 0.724804 10.966735 -2.328627
v 1.260847 11.191216 -2.131375
v 1.034815 12.218530 -2.751313
v 0.773668 11.793149 -3.387456
v 0.979555 10.740087 -2.816944
v 0.299221 11.492166 -2.500600
v 1.254248 11.877051 -2.181013
v 1.715743 11.465129 -3.064015
v 0.760716 11.080242 -3.383602
v 0.815006 11.220093 -2.414342
v 1.370298 12.120975 -2.481172
v 1.974557 11.762992 -2.514370
v 1.464645 10.838260 -2.450143
v 1.120396 11.010739 -2.819657
v 1.660360 11.926782 -2.863760
v 1.707700 11.941648 -2.162389
v 1.176541 11.035764 -2.067772
v 1.985861 11.141527 -2.498617
v 1.368232 11.459444 -3.128194
v 0.846881 11.817264 -2.436051
v 1.464510 11.499347 -1.806474
v -2.971555 7.854362 -1.660400
v -2.947515 8.167302 -3.765319
v -2.870947 6.780908 -3.987989
v -2.889197 6.370256 -1.919405
v -3.704332 7.050514 -1.809909
v -3.638877 7.407695 -3.899101
v -2.234893 7.479743 -3.864909
v -2.197898 7.128603 -1.778358
v -2.846316 5.966684 -3.058280
v -4.242432 7.202460 -2.859945
v -2.990942 8.577069 -2.615329
v -1.594826 7.341294 -2.813663
v -3.898824 7.507842 -1.970969
v -5.011338 8.722329 -0.801867
v -3.964658 8.934381 0.000765
v -2.784555 7.744675 -1.101027
v -3.128933 8.210545 -1.933183
v -4.277251 9.377017 -0.774006
v -4.640018 8.332069 -0.024867
v -3.510868 7.081748 -1.136673
v -2.919037 8.436421 -0.189054
v -3.558656 9.216139 -1.657308
v -4.877736 8.020629 -1.717550
v -4.238117 7.240912 -0.249295
v -3.522678 8.868241 -1.785132
v -3.302264 9.714679 -3.415188
v -3.124604 8.638663 -3.984994
v -3.332888 7.710426 -2.390395
v -4.092839 8.222627 -2.210634
v -3.839327 9.108966 -3.822741
v -2.630506 9.195920 -3.610045
v -2.795001 8.319497 -1.988980
v -3.151917 7.695133 -3.437155
v -4.458797 8.628874 -3.102734
v -3.485553 9.729613 -2.372793
v -2.178674 8.795873 -2.707215
v -4.023497 8.732059 -2.449641
v -5.587030 9.294894 -1.924496
v -5.284477 9.189534 -0.809454
v -3.690333 8.615948 -1.255941
v -3.634307 9.274658 -1.837593
v -5.225833 9.808923 -1.345239
v -5.616779 8.716626 -1.342371
v -4.057493 8.104062 -1.833345
v -4.348730 8.855491 -0.538698
v -4.270878 9.986620 -1.590983
v -4.931253 9.058471 -2.637530
v -5.009105 7.927341 -1.585246
v -3.726130 9.791222 -1.920306
v -4.008088 10.498664 -3.314374
v -4.183277 9.565771 -3.774137
v -3.914160 8.790355 -2.413669
v -4.388483 9.317357 -2.042081
v -4.631543 10.047978 -3.422455
v -3.609698 9.980401 -3.674703
v -3.289299 9.237396 -2.298786
v -4.124297 8.766058 -3.301774
v -4.923605 9.712149 -2.635777
v -3.792534 10.521506 -2.428046
v -2.993227 9.575416 -3.094043
v -4.321118 9.622501 -2.316995
v -5.368972 10.531394 -1.805125
v -4.942719 10.563097 -0.918392
v -3.857876 9.651464 -1.368300
v -3.789071 10.067054 -1.985350
v -4.865766 10.949677 -1.492822
v -5.405670 10.178275 -1.205710
v -4.359807 9.232076 -1.681172
v -4.210844 10.119014 -0.749172
v -4.111887 10.823453 -1.852179
v -5.019488 10.063431 -2.418995
v -5.118446 9.358993 -1.315988
v -4.075985 10.356780 -1.769810
v -4.186604 11.340022 -2.659095
v -4.085453 10.768107 -3.318757
v -3.968591 9.753104 -2.486242
v -4.501102 9.979582 -2.154377
v -4.587097 10.979259 -3.017633
v -3.717000 11.100009 -2.988901
v -3.567539 10.108952 -2.123443
v -3.982368 10.012902 -3.196226
v -4.897064 10.429410 -2.593615
v -4.171654 11.078620 -1.941238
v -3.256958 10.662112 -2.543850
v -4.356544 10.192383 -2.371590
v -5.228058 11.020205 -2.184905
v -5.059752 11.050606 -1.394608
v -4.173665 10.222911 -1.524082
v -3.966239 10.533400 -2.011127
v -4.865405 11.347109 -1.843821
v -5.393394 10.749856 -1.708405
v -4.541878 9.901196 -1.864141
v -4.536903 10.648640 -1.110510
v -4.196683 11.182018 -1.983498
v -4.862655 10.599120 -2.599179
v -5.202876 10.065742 -1.726192
v -4.067344 10.658578 -1.884817
v -4.420887 11.448718 -2.500121
v -4.574090 10.993848 -3.013935
v -4.233728 10.175129 -2.439528
v -4.510026 10.365529 -2.024553
v -4.836510 11.167665 -2.628521
v -4.191717 11.252417 -2.895808
v -3.816103 10.451592 -2.307701
v -4.471433 10.386066 -2.955752
v -4.934402 10.733869 -2.218461
v -4.179568 11.236986 -1.981813
v -3.716600 10.889186 -2.719104
v -2.868816 6.439333 -1.802251
v -2.547666 6.203756 -3.887378
v -1.913068 4.967093 -3.674119
v -2.186589 5.111607 -1.582828
v -3.201559 5.394148 -1.753678
v -2.861977 5.217996 -3.838748
v -1.623902 5.873991 -3.718858
v -1.872680 6.097630 -1.628651
v -1.769557 4.492798 -2.537076
v -3.536391 5.041085 -2.842512
v -2.967634 6.825639 -2.929113
v -1.200799 6.277351 -2.623677
v -3.054005 5.405097 -2.312808
v -4.979918 5.382936 -1.745646
v -4.701220 6.080177 -0.640700
v -2.746276 6.153463 -1.129702
v -3.007369 6.419082 -2.072778
v -4.948483 6.339191 -1.515733
v -4.730139 5.200421 -0.852220
v -2.790272 5.196874 -1.356145
v -3.592217 6.429385 -0.399433
v -4.062851 6.845585 -2.066204
v -4.138978 5.114047 -2.477082
v -3.668345 4.697846 -0.810311
v -3.338461 6.463408 -2.332624
v -3.239970 6.191491 -4.167627
v -2.711903 5.093468 -3.995754
v -2.771519 5.284166 -2.156947
v -3.659379 5.563215 -2.234551
v -3.543183 5.343638 -4.064506
v -2.432948 5.873490 -4.090625
v -2.468766 6.133403 -2.249470
v -2.506032 4.704120 -3.005213
v -4.050650 5.239841 -3.142334
v -3.502349 6.776403 -3.315503
v -1.957732 6.240682 -3.178382
v -3.543991 5.668121 -2.810153
v -5.257938 5.877056 -2.572248
v -5.076939 6.527483 -1.628775
v -3.340930 6.365005 -1.798955
v -3.426415 6.552761 -2.654991
v -5.148451 6.711779 -2.425686
v -5.177667 5.759539 -1.763610
v -3.451851 5.530440 -1.945333
v -4.126440 6.734385 -1.294461
v -4.279188 7.019992 -2.807045
v -4.476171 5.508848 -3.072486
v -4.323423 5.223242 -1.559902
v -4.002393 6.744649 -2.597365
v -3.998907 7.341508 -4.065811
v -3.249652 6.663065 -4.366965
v -3.198420 6.014040 -2.914119
v -3.998415 5.986008 -2.917577
v -3.995145 6.625835 -4.367956
v -3.253114 7.321486 -4.088993
v -3.202172 6.729739 -2.612033
v -2.890544 6.037395 -3.772955
v -4.296671 6.024454 -3.759772
v -4.303433 7.318900 -3.210317
v -2.897307 7.331841 -3.223501
v -4.004420 6.308207 -3.189529
v -5.408622 6.760785 -3.193666
v -5.262310 7.316556 -2.394476
v -3.833365 6.900165 -2.331753
v -3.779707 7.032576 -3.065094
v -5.201704 7.445721 -3.076370
v -5.452674 6.686413 -2.502388
v -4.045358 6.216799 -2.449146
v -4.478225 7.354425 -2.006799
v -4.392365 7.550254 -3.301761
v -4.769845 6.311283 -3.514153
v -4.855705 6.115453 -2.219188
v -4.176117 7.288901 -2.758602
v -4.412850 7.771402 -3.972903
v -3.946640 7.122010 -4.338158
v -3.677484 6.595262 -3.157933
v -4.320527 6.660263 -2.992812
v -4.549259 7.178758 -4.194843
v -3.821145 7.667243 -4.133974
v -3.541249 7.188317 -2.936980
v -3.608005 6.571804 -3.909558
v -4.731944 6.719270 -3.612401
v -4.486141 7.794410 -3.216244
v -3.362202 7.646945 -3.513402
v -4.043421 6.925364 -3.260022
v -5.186722 7.239707 -3.519657
v -5.309381 7.502484 -2.764857
v -4.167275 7.205228 -2.448245
v -3.967233 7.476264 -2.961241
v -5.119596 7.760697 -3.238971
v -5.371135 7.023173 -3.023087
v -4.239150 6.685511 -2.730114
v -4.789464 7.470357 -2.270391
v -4.441918 7.919356 -3.186885
v -4.568301 6.977564 -3.696203
v -4.915846 6.528565 -2.779708
v -4.235754 7.493863 -2.688433
v -4.651576 7.976662 -3.529440
v -4.330126 7.530248 -3.967354
v -3.887722 7.011217 -3.152153
v -4.363948 7.008829 -2.911325
v -4.772623 7.519235 -3.739985
v -4.218763 7.951079 -3.773652
v -3.766783 7.468795 -2.941880
v -3.964581 7.071970 -3.753980
v -4.793898 7.090417 -3.317174
v -4.573107 7.916535 -2.932878
v -3.743792 7.898087 -3.369683
v -2.684401 7.988419 -0.658978
v -2.573771 8.995978 -2.527442
v -2.574278 7.767337 -3.211529
v -2.684164 6.677745 -1.406356
v -3.459451 7.335202 -1.080988
v -3.305583 8.373684 -2.914842
v -1.901011 8.339851 -2.855121
v -1.952983 7.293987 -1.008233
v -2.627135 6.683801 -2.616373
v -3.951224 7.870891 -2.022049
v -2.627219 8.990360 -1.308314
v -1.303130 7.803269 -1.902638
v -3.509732 7.654601 -1.103872
v -4.214979 8.716941 0.447390
v -3.034311 8.652983 1.069206
v -2.239923 7.581606 -0.443007
v -2.647605 8.241650 -1.095887
v -3.401896 9.271113 0.455442
v -3.782347 8.143145 1.061798
v -3.053251 7.027787 -0.450541
v -2.112495 8.087173 0.588335
v -2.870456 9.215958 -0.562398
v -4.341524 8.211698 -0.578546
v -3.583564 7.082913 0.572187
v -2.846628 8.748889 -0.642138
v -3.105055 9.695443 -2.224709
v -3.354825 8.651021 -2.825414
v -3.117009 7.637571 -1.301505
v -3.644701 8.249254 -0.832920
v -3.856422 9.218147 -2.395174
v -2.663566 9.090133 -2.668586
v -2.364110 8.108924 -1.121522
v -3.345617 7.687717 -2.334116
v -4.233377 8.787789 -1.501429
v -2.871585 9.645396 -1.182563
v -1.983825 8.545324 -2.015251
v -3.686375 8.712418 -0.929182
v -3.989764 9.919168 0.291224
v -2.903202 9.834607 0.688953
v -2.518778 8.615315 -0.508839
v -2.900359 9.119299 -1.121827
v -3.249990 10.309241 0.115710
v -3.583794 9.475738 0.850425
v -3.260302 8.231463 -0.327099
v -2.227093 9.185351 0.262095
v -2.937405 10.053020 -0.803467
v -4.278724 9.354611 -0.478036
v -3.568412 8.486943 0.587527
v -2.965104 9.747838 -0.525833
v -3.174390 10.821600 -1.676475
v -3.476193 10.070467 -2.352551
v -3.288706 8.940756 -1.249985
v -3.684873 9.405064 -0.732045
v -3.852997 10.495959 -1.868689
v -2.851875 10.370057 -2.175715
v -2.609677 9.264129 -1.055445
v -3.515025 9.173148 -2.102135
v -4.174969 10.003392 -1.178716
v -2.945773 10.588628 -0.826423
v -2.285829 9.758385 -1.749842
v -3.542082 9.864843 -1.024212
v -4.168644 10.868289 -0.135314
v -3.500941 10.696581 0.567309
v -2.823138 9.676641 -0.273777
v -2.852514 10.154506 -0.847348
v -3.517598 11.140749 0.030865
v -4.099904 10.445916 0.414425
v -3.473673 9.403376 -0.440630
v -2.866020 10.109062 0.458939
v -2.950074 10.931574 -0.560405
v -4.126789 10.435540 -0.863626
v -4.042735 9.613029 0.155718
v -2.956190 10.478852 -0.337852
v -3.080476 11.591922 -1.045190
v -3.309012 11.132107 -1.758504
v -3.201561 9.987023 -1.104096
v -3.549126 10.257582 -0.603106
v -3.639406 11.379009 -1.292900
v -2.794797 11.327987 -1.530611
v -2.642188 10.195770 -0.853857
v -3.355232 10.357852 -1.748706
v -3.936247 10.841150 -0.853088
v -2.923794 11.220213 -0.400830
v -2.342779 10.736917 -1.296449
v -3.416885 10.482545 -0.840073
v -3.865735 11.468149 -0.271345
v -3.349635 11.360753 0.341785
v -2.867249 10.376107 -0.177339
v -2.834499 10.686060 -0.706016
v -3.313200 11.653495 -0.148574
v -3.857968 11.190234 0.228837
v -3.416670 10.184113 -0.303808
v -2.883941 10.824568 0.355469
v -2.854469 11.357321 -0.581363
v -3.851129 11.014209 -0.807838
v -3.880602 10.481456 0.128995
v -2.934793 10.793790 -0.305351
v -3.237247 11.741201 -0.682094
v -3.604142 11.430506 -1.195163
v -3.330894 10.468493 -0.858881
v -3.451785 10.617731 -0.360975
v -3.724017 11.571950 -0.733379
v -3.156314 11.586217 -1.147981
v -2.843166 10.634587 -0.806405
v -3.630064 10.815188 -1.253997
v -3.817388 11.088132 -0.376890
v -2.935453 11.391927 -0.283072
v -2.748129 11.118984 -1.160179
v -3.929896 7.817814 -1.643522
v -3.660760 8.679429 -3.568598
v -3.101602 7.480022 -4.044312
v -3.328036 6.537904 -2.168909
v -4.325697 6.914833 -2.126692
v -4.035941 7.821148 -4.010725
v -2.756436 8.269641 -3.637555
v -2.954639 7.389775 -1.713088
v -2.963617 6.485688 -3.325625
v -4.698372 7.189208 -3.219327
v -4.021546 8.734499 -2.401038
v -2.286792 8.030978 -2.507335
v -4.460920 6.969066 -2.218546
v -5.830944 7.894198 -1.081788
v -4.884672 8.365743 -0.265125
v -3.437343 7.469594 -1.348923
v -3.874272 7.831014 -2.189507
v -5.278714 8.708146 -1.053415
v -5.392725 7.616910 -0.291227
v -3.990784 6.656435 -1.376318
v -3.738474 8.125062 -0.444937
v -4.532109 8.715137 -1.926422
v -5.530768 7.241092 -1.978548
v -4.737134 6.651017 -0.497063
v -4.333247 7.989687 -2.032049
v -4.714162 8.172275 -3.831727
v -4.506719 6.975418 -4.028062
v -4.108689 6.704427 -2.233491
v -4.872096 7.194587 -2.011815
v -5.222515 7.422181 -3.812707
v -4.039035 7.665503 -4.045559
v -3.600341 7.454522 -2.252581
v -4.213832 6.308156 -3.216537
v -5.527621 7.208538 -2.822942
v -4.606707 8.565956 -2.854214
v -3.292918 7.665574 -3.247808
v -4.962375 7.276156 -2.435061
v -6.275332 8.087235 -1.624545
v -5.547659 8.557088 -0.852736
v -4.175052 7.776346 -1.610845
v -4.479065 8.041129 -2.393676
v -5.822807 8.810952 -1.583485
v -5.963983 7.891270 -0.890511
v -4.631005 7.054675 -1.649887
v -4.535728 8.374160 -0.890676
v -5.093520 8.801136 -2.268854
v -5.915913 7.492991 -2.341285
v -5.358120 7.066016 -0.963106
v -4.922200 8.316943 -2.084456
v -5.366088 8.793546 -3.538530
v -5.137259 7.844079 -3.936672
v -4.679383 7.301260 -2.520257
v -5.341812 7.618162 -2.201581
v -5.760244 8.132409 -3.643580
v -4.774636 8.452328 -3.840028
v -4.283524 7.960487 -2.409760
v -4.807747 7.155183 -3.408007
v -5.950866 7.746651 -2.841455
v -5.235602 8.941471 -2.645653
v -4.092484 8.350005 -3.212205
v -5.228944 7.896120 -2.676343
v -6.611479 8.268244 -2.310958
v -6.345005 8.448376 -1.380617
v -4.933507 8.086874 -1.680459
v -4.972256 8.511441 -2.294008
v -6.371911 8.849417 -1.949633
v -6.565408 7.913696 -1.713036
v -5.175666 7.506382 -2.041152
v -5.518126 8.346517 -1.117345
v -5.596078 9.061309 -2.215365
v -6.030640 8.009506 -2.869217
v -5.952688 7.294715 -1.771196
v -5.304365 8.621642 -1.980650
v -5.753367 9.385507 -2.969471
v -5.461063 8.809408 -3.565409
v -4.993471 8.008185 -2.625825
v -5.570735 8.074748 -2.298214
v -6.003548 8.867671 -3.266706
v -5.230897 9.285818 -3.291952
v -4.742177 8.524124 -2.326237
v -5.099194 8.156191 -3.360475
v -6.100842 8.301009 -2.769701
v -5.647217 9.237114 -2.230054
v -4.645567 9.092298 -2.820829
v -5.401270 8.279894 -2.587486
v -6.492329 8.798182 -2.447078
v -6.314402 9.006287 -1.686252
v -5.207100 8.501676 -1.771546
v -5.137017 8.782984 -2.312469
v -6.239532 9.271134 -2.187978
v -6.546975 8.571172 -1.924623
v -5.456397 8.027061 -2.030997
v -5.683918 8.845426 -1.390132
v -5.568640 9.312356 -2.355035
v -6.018029 8.452339 -2.824899
v -6.133308 7.985408 -1.859995
v -5.328131 8.812521 -2.024357
v -5.951378 9.347821 -2.700833
v -5.936017 8.809715 -3.153149
v -5.317815 8.240611 -2.516212
v -5.637988 8.367229 -2.108470
v -6.240654 8.925039 -2.776962
v -5.669881 9.198672 -3.083110
v -5.025497 8.660699 -2.436861
v -5.622244 8.290770 -3.036644
v -6.169108 8.535069 -2.315421
v -5.643156 9.298356 -2.175167
v -5.096292 9.054057 -2.896391
v -3.357103 9.355777 -1.972325
v -2.775534 10.077313 -3.872693
v -2.693017 8.770343 -4.385096
v -3.270783 7.950660 -2.515130
v -4.059172 8.668159 -2.461991
v -3.434108 9.433512 -4.346700
v -2.087129 9.362638 -3.949010
v -2.608455 8.599356 -2.053182
v -2.951073 7.778586 -3.671659
v -4.299162 9.077171 -3.562345
v -3.101442 10.249824 -2.722124
v -1.753353 8.951238 -2.831438
v -3.829471 8.957948 -2.857522
v -5.527404 9.669208 -2.045652
v -5.013773 9.576579 -0.815885
v -3.277906 8.858406 -1.538298
v -3.281769 9.592958 -2.237248
v -5.019345 10.271832 -1.456590
v -5.481188 9.022164 -1.357822
v -3.794605 8.259339 -2.123462
v -3.914732 9.178678 -0.634248
v -3.956007 10.441090 -1.890215
v -4.888575 9.355507 -2.950721
v -4.847299 8.093094 -1.694755
v -3.439389 10.045628 -2.357114
v -3.388867 10.577394 -4.134105
v -3.586583 9.421945 -4.508130
v -3.651397 8.807308 -2.762720
v -4.218603 9.519175 -2.553645
v -4.124157 10.078821 -4.313539
v -2.910115 9.880631 -4.343050
v -2.916290 9.303962 -2.577313
v -3.704805 8.604210 -3.803903
v -4.663005 9.880435 -3.423443
v -3.332227 10.780346 -3.090523
v -2.374028 9.504121 -3.470982
v -3.842097 9.921275 -3.180650
v -5.436832 10.582606 -2.884815
v -5.319058 10.408124 -1.743919
v -3.723367 9.737253 -1.955318
v -3.526701 10.411040 -2.487006
v -5.137713 11.043986 -2.230686
v -5.594248 9.983655 -2.345719
v -4.020910 9.275212 -2.609699
v -4.470901 9.996997 -1.345625
v -4.143523 11.157869 -2.314138
v -4.685416 10.322858 -3.498166
v -5.012794 9.161984 -2.529654
v -3.888103 10.930493 -2.505565
v -3.458286 11.981634 -3.619579
v -3.169834 11.203984 -4.271052
v -3.577449 10.099149 -3.207600
v -4.266942 10.487639 -3.087329
v -3.815196 11.565054 -4.169643
v -2.841477 11.587238 -3.764993
v -3.220055 10.516934 -2.658766
v -3.247398 10.307913 -4.027624
v -4.439236 11.015483 -3.790139
v -3.791860 11.772851 -2.797752
v -2.600022 11.065280 -3.035237
v -4.125862 10.901511 -3.338387
v -5.093592 11.956002 -2.948614
v -4.718065 11.994111 -2.039483
v -3.723830 10.943374 -2.362645
v -3.565905 11.303183 -2.998096
v -4.569659 12.339557 -2.625981
v -5.200084 11.641242 -2.336305
v -4.252091 10.564438 -2.683675
v -4.052258 11.486289 -1.800068
v -3.806782 12.103227 -2.932226
v -4.761899 11.416053 -3.513772
v -5.007374 10.799114 -2.381615
v -3.882966 11.712482 -2.713473
v -3.774404 12.647777 -3.651195
v -3.669989 12.032901 -4.270469
v -3.770126 11.060077 -3.384940
v -4.305206 11.363320 -3.126624
v -4.172820 12.317604 -4.040225
v -3.303445 12.336658 -3.912561
v -3.371787 11.389475 -2.995175
v -3.674989 11.277303 -4.102543
v -4.593987 11.831193 -3.631445
v -3.872696 12.429513 -2.927853
v -2.953698 11.875622 -3.398952
v -4.019321 11.549261 -3.378309
v -4.732186 12.534205 -3.281064
v -4.534820 12.616763 -2.501287
v -3.809766 11.640879 -2.541446
v -3.568455 11.858104 -3.062238
v -4.303469 12.820938 -2.983228
v -4.929239 12.352966 -2.775296
v -4.235112 11.349519 -2.839626
v -4.087759 12.166677 -2.175952
v -3.684171 12.530477 -3.107143
v -4.455618 12.005084 -3.646758
v -4.859206 11.641286 -2.715567
v -3.767170 12.017167 -2.696250
v -3.911012 12.834116 -3.356437
v -3.989562 12.398771 -3.902962
v -3.851772 11.551754 -3.283908
v -4.192748 11.762463 -2.931582
v -4.313064 12.597348 -3.581193
v -3.619674 12.616598 -3.696186
v -3.450284 11.792041 -3.061896
v -3.956999 11.781083 -3.832906
v -4.535877 12.168613 -3.205510
v -3.809348 12.604966 -2.804692
v -3.230470 12.217435 -3.432087
v -4.231162 10.040271 -1.660992
v -3.931490 10.938172 -3.554412
v -3.846541 9.677538 -4.171759
v -4.140368 8.686643 -2.321208
v -4.951458 9.350788 -2.120642
v -4.611528 10.286061 -3.984738
v -3.220906 10.277479 -3.775859
v -3.460844 9.337097 -1.887575
v -3.954031 8.623605 -3.520565
v -5.344345 9.823010 -3.141000
v -4.114262 11.000504 -2.356132
v -2.723948 9.801099 -2.735695
v -5.054750 9.573833 -2.207197
v -5.860725 10.798407 -0.829863
v -4.708930 10.847115 -0.154794
v -3.818355 9.625229 -1.483893
v -4.209067 10.183774 -2.234549
v -5.065712 11.377867 -0.851155
v -5.440341 10.314010 -0.135206
v -4.616168 9.049815 -1.458088
v -3.751814 10.257622 -0.523742
v -4.482931 11.212389 -1.837794
v -5.926523 10.169896 -1.792059
v -5.195407 9.215128 -0.478008
v -4.608212 10.612125 -1.785313
v -4.639512 11.438562 -3.437973
v -4.668483 10.353971 -4.018382
v -4.639173 9.443395 -2.398509
v -5.303116 10.017962 -2.080327
v -5.295260 10.884007 -3.727605
v -4.065194 10.864162 -3.751920
v -3.983603 10.003924 -2.120194
v -4.669677 9.413810 -3.459603
v -5.802105 10.456299 -2.891739
v -4.615287 11.468185 -2.382629
v -3.482859 10.425698 -2.950494
v -5.184698 10.345486 -2.505717
v -6.514655 11.074265 -1.628709
v -5.925061 10.998870 -0.632389
v -4.558969 10.268316 -1.432446
v -4.611459 10.885542 -2.058253
v -5.975520 11.584635 -1.205523
v -6.421065 10.529331 -1.021720
v -5.099761 9.758830 -1.854581
v -4.982131 10.602831 -0.592353
v -5.108255 11.663647 -1.711093
v -6.088259 10.741960 -2.474574
v -5.962136 9.681146 -1.355834
v -4.914716 11.364087 -1.834263
v -5.178735 12.212165 -3.160541
v -5.295809 11.324965 -3.718689
v -5.042877 10.420678 -2.445860
v -5.551705 10.882474 -2.035214
v -5.778036 11.752349 -3.341932
v -4.744452 11.747995 -3.551809
v -4.441944 10.875031 -2.256283
v -5.220717 10.485606 -3.333627
v -6.083169 11.320755 -2.601345
v -4.996581 12.147362 -2.264327
v -4.134129 11.312213 -2.996609
v -5.348844 11.206989 -2.474891
v -6.464094 12.010663 -1.903486
v -6.066987 11.949441 -1.004848
v -4.931934 11.147847 -1.506313
v -4.853313 11.632307 -2.069623
v -5.995323 12.410971 -1.521753
v -6.498257 11.581159 -1.356042
v -5.399416 10.746604 -1.888643
v -5.325963 11.523896 -0.859250
v -5.215534 12.356383 -1.867923
v -6.066555 11.633483 -2.557725
v -6.176984 10.800994 -1.549051
v -5.037142 11.932511 -1.773602
v -5.450112 12.778811 -2.704238
v -5.663455 12.114017 -3.238097
v -5.266171 11.219486 -2.346640
v -5.602034 11.557704 -1.879952
v -5.981438 12.421854 -2.801026
v -5.174635 12.442419 -3.149051
v -4.733254 11.573079 -2.246310
v -5.558248 11.373421 -3.030768
v -6.119063 11.983560 -2.202214
v -5.154809 12.624547 -2.021563
v -4.593992 12.014407 -2.850117
v -5.463939 11.685147 -2.290145
v -6.226386 12.564858 -1.954779
v -5.856486 12.647248 -1.240491
v -5.058782 11.764178 -1.527093
v -4.980787 12.029777 -2.074831
v -5.774142 12.894014 -1.750201
v -6.272550 12.344423 -1.428703
v -5.514585 11.439057 -1.730218
v -5.289356 12.239150 -1.066708
v -5.176391 12.688882 -2.040017
v -5.997106 12.095372 -2.409510
v -6.110069 11.645640 -1.436201
v -5.259727 12.073337 -1.654846
v -5.632363 12.908600 -2.192037
v -5.740558 12.510923 -2.761714
v -5.376969 11.649308 -2.267677
v -5.678429 11.773648 -1.845235
v -6.028368 12.628207 -2.373088
v -5.376232 12.768885 -2.595147
v -4.981968 11.932033 -2.088065
v -5.607977 11.904138 -2.765903
v -6.118486 12.141062 -2.016136
v -5.403373 12.652654 -1.690883
v -4.892863 12.415730 -2.440650
v -3.920318 10.229187 -1.952867
v -3.085913 11.332172 -3.549593
v -2.789458 10.153974 -4.257757
v -3.606742 8.958859 -2.704117
v -4.455808 9.605165 -2.680421
v -3.587708 10.748149 -4.242413
v -2.327806 10.691276 -3.620364
v -3.101563 9.547559 -2.017744
v -3.069934 9.030219 -3.791945
v -4.534625 10.198338 -3.715802
v -3.622421 11.260870 -2.468998
v -2.157730 10.092752 -2.545140
v -4.410690 9.686284 -2.797530
v -5.641373 10.752794 -1.626454
v -4.766980 10.722646 -0.616874
v -3.464446 9.647130 -1.721624
v -3.615454 10.288341 -2.492441
v -4.899761 11.328042 -1.330859
v -5.449262 10.193418 -0.888821
v -4.214670 9.079151 -2.009443
v -3.722021 10.170476 -0.725385
v -4.029675 11.269755 -2.092783
v -5.382853 10.237444 -2.618225
v -5.075198 9.138165 -1.250828
v -3.861401 10.442365 -2.282279
v -3.714547 11.129242 -3.991820
v -3.803655 10.005773 -4.485708
v -3.957848 9.232920 -2.802701
v -4.586401 9.886764 -2.579994
v -4.398023 10.607438 -4.278190
v -3.174858 10.485830 -4.222248
v -3.273886 9.757072 -2.521838
v -3.921356 9.118655 -3.859735
v -4.989933 10.295523 -3.453816
v -3.752232 11.242393 -2.940809
v -2.683655 10.065524 -3.346727
v -4.371055 9.978668 -3.053519
v -5.633681 10.948801 -2.317763
v -5.070795 10.943524 -1.303323
v -3.776841 9.980374 -1.959760
v -3.753377 10.512418 -2.661000
v -5.050513 11.451982 -1.947689
v -5.607308 10.480599 -1.643791
v -4.359556 9.476837 -2.330061
v -4.176916 10.462517 -1.184016
v -4.171330 11.374762 -2.433253
v -5.229711 10.465961 -3.101630
v -5.235296 9.553715 -1.852394
v -4.105592 10.620756 -2.416526
v -3.870242 11.580760 -3.652096
v -3.686150 10.761807 -4.290680
v -3.909903 9.734202 -3.091968
v -4.572061 10.137677 -2.893106
v -4.309707 11.127588 -4.104867
v -3.281842 11.178725 -3.874130
v -3.469838 10.189937 -2.642364
v -3.716232 9.881216 -3.972372
v -4.857281 10.612087 -3.596384
v -4.061371 11.434112 -2.778864
v -2.920322 10.703239 -3.154852
v -4.185624 10.307216 -3.282411
v -5.440323 11.076137 -3.122554
v -5.374482 11.022485 -2.141851
v -4.110866 10.247138 -2.230624
v -3.864105 10.740184 -2.734822
v -5.134462 11.483021 -2.606215
v -5.655874 10.648150 -2.616883
v -4.414186 9.838677 -2.747217
v -4.714286 10.609424 -1.750944
v -4.292009 11.451596 -2.664771
v -4.840597 10.711912 -3.599956
v -5.262874 9.869739 -2.686130
v -4.125772 10.769963 -2.569639
v -4.077140 11.713494 -3.491725
v -3.871825 11.127170 -4.113450
v -3.905719 10.135535 -3.231690
v -4.484126 10.376545 -3.002881
v -4.415096 11.344935 -3.902874
v -3.560906 11.466245 -3.735193
v -3.567650 10.506684 -2.822970
v -3.797856 10.368852 -3.946976
v -4.796580 10.811627 -3.522965
v -4.184720 11.480977 -2.780747
v -3.185996 11.038199 -3.204758
v -4.228066 10.426912 -3.217608
v -4.953559 11.406383 -3.109458
v -4.642211 11.567589 -2.380831
v -3.901043 10.609229 -2.435008
v -3.746703 10.775798 -3.005164
v -4.494903 11.729493 -2.909571
v -5.064176 11.270328 -2.564727
v -4.355159 10.280091 -2.635428
v -4.138468 11.163022 -2.086170
v -3.890195 11.437136 -3.098876
v -4.715746 10.845968 -3.461279
v -4.964019 10.571854 -2.448573
v -3.933839 10.803781 -2.576782
v -4.197362 11.556627 -3.280495
v -4.291762 11.069272 -3.778448
v -4.037457 10.287686 -3.117171
v -4.360179 10.505852 -2.752410
v -4.597828 11.270455 -3.441595
v -3.923334 11.332551 -3.630236
v -3.635250 10.568751 -2.951484
v -4.206185 10.467216 -3.670651
v -4.751615 10.863837 -3.019421
v -4.024696 11.376055 -2.722559
v -3.479267 10.979431 -3.373789
v -2.362781 8.461363 0.646980
v -4.156878 9.108539 -0.250833
v -4.583211 7.783742 -0.452539
v -2.803020 7.033270 0.439180
v -2.933456 7.731348 1.235960
v -4.705824 8.423952 0.299512
v -4.078181 8.413562 -0.958857
v -2.264647 7.721963 -0.116462
v -3.876893 6.816128 -0.092001
v -4.076901 8.078963 1.279444
v -3.094451 9.322607 0.277567
v -2.894444 8.059773 -1.093878
v -3.205402 8.146050 1.147416
v -2.734156 8.917775 2.936139
v -1.443594 8.873784 2.635307
v -1.817563 8.104504 0.837767
v -2.533170 8.800351 0.709639
v -2.102033 9.531361 2.514590
v -2.025147 8.309287 3.023132
v -2.451745 7.487239 1.250764
v -1.060061 8.470944 1.609670
v -2.351242 9.661170 1.405891
v -3.497735 8.546512 2.159813
v -2.206554 7.356285 2.363593
v -2.644745 9.364787 0.840064
v -4.156682 10.135118 0.208267
v -4.700692 9.063567 0.114917
v -3.220371 8.210759 0.743295
v -3.168834 8.832467 1.412456
v -4.654790 9.634910 0.746709
v -4.242432 9.523759 -0.380450
v -2.725947 8.712949 0.203303
v -4.199389 8.159604 0.389022
v -4.081928 9.278272 1.536926
v -3.183212 10.185341 0.560997
v -3.300673 9.066672 -0.586907
v -3.324873 9.241153 1.280445
v -2.945537 10.225808 2.603541
v -1.846685 10.162220 2.370943
v -2.146784 9.170392 1.027426
v -2.766437 9.706616 0.787489
v -2.417171 10.669325 2.144449
v -2.332781 9.754185 2.793308
v -2.673609 8.731275 1.492479
v -1.510596 9.637689 1.592041
v -2.626437 10.559677 1.198556
v -3.580718 9.763009 2.037999
v -2.464877 8.841022 2.431484
v -2.564935 10.095592 1.155760
v -3.512800 11.165835 0.677858
v -4.175853 10.477257 0.369367
v -3.269564 9.348830 0.828208
v -3.169391 9.720725 1.486141
v -4.083259 10.812415 0.989402
v -3.651031 10.802402 0.082747
v -2.699322 9.702479 0.516528
v -4.016353 9.605273 0.460664
v -3.807215 10.273964 1.602064
v -2.771288 10.909825 1.039731
v -2.980425 10.241134 -0.101669
v -3.222300 9.949526 1.448864
v -2.989140 10.976078 2.364501
v -2.086206 10.962908 2.168262
v -2.252503 9.940474 1.242801
v -2.797845 10.292188 0.976640
v -2.590062 11.292586 1.912982
v -2.453358 10.671720 2.583659
v -2.652932 9.617208 1.688295
v -1.768922 10.448736 1.624670
v -2.749420 11.044977 1.176014
v -3.473852 10.461938 1.984366
v -2.493355 9.865696 2.433022
v -2.653815 10.464787 1.365876
v -3.341907 11.449399 1.253422
v -3.967159 11.009298 1.006243
v -3.320376 9.986199 1.101345
v -3.131594 10.173939 1.650065
v -3.792195 11.174335 1.521581
v -3.552894 11.262357 0.759537
v -2.869641 10.260585 0.833242
v -3.920557 10.300988 0.942627
v -3.562167 10.641160 1.893308
v -2.745239 11.136347 1.408154
v -3.103630 10.796175 0.457472
v -3.301840 10.268608 1.433322
v -3.368004 11.164582 2.052498
v -2.648099 11.233652 2.050490
v -2.529738 10.345760 1.433257
v -2.927244 10.535191 1.105525
v -3.014149 11.411376 1.740015
v -2.973645 11.006601 2.337974
v -2.883131 10.094268 1.742499
v -2.270712 10.821447 1.743576
v -2.987707 11.138692 1.182221
v -3.627639 10.685664 1.743556
v -2.910645 10.368419 2.304910
v -2.688041 7.386075 0.515377
v -4.529078 7.243154 -0.519812
v -4.252735 5.916704 -0.896243
v -2.389432 5.963001 0.112725
v -2.875018 6.398621 0.957489
v -4.715660 6.311049 -0.108412
v -4.081079 6.774241 -1.274729
v -2.213038 6.894562 -0.304361
v -3.196400 5.351572 -0.553002
v -4.048771 6.165813 0.905110
v -3.726521 7.852284 0.151728
v -2.874149 7.038044 -1.306384
v -3.269473 6.448208 0.426239
v -3.611058 6.232847 2.388258
v -2.370986 6.629309 2.687861
v -1.935477 6.875681 0.729892
v -2.814934 7.367479 0.616733
v -3.184568 7.098691 2.579817
v -2.763355 5.832732 2.511630
v -2.364287 6.008444 0.550180
v -1.600425 6.931157 1.835286
v -3.168589 7.749790 1.626621
v -3.943200 6.180890 1.292898
v -2.375036 5.362256 1.501563
v -3.080506 7.370834 0.767664
v -4.724357 7.482611 -0.083402
v -4.554344 6.381346 -0.605282
v -2.900246 6.189445 0.206661
v -3.286144 6.464593 1.011374
v -4.912423 6.627150 0.149501
v -4.381324 7.168370 -0.819553
v -2.706247 7.044389 -0.023254
v -3.653950 5.798959 -0.433410
v -4.317333 6.327187 0.971062
v -3.967807 7.874947 0.554036
v -3.304425 7.346721 -0.850437
v -3.664374 6.528767 0.725292
v -4.046364 6.903151 2.380662
v -3.062176 7.504423 2.506371
v -2.604686 7.170686 0.845306
v -3.420289 7.391687 0.597700
v -3.817040 7.718044 2.264102
v -3.273155 6.754721 2.613606
v -2.834955 6.356612 0.965675
v -2.393698 7.603517 1.727778
v -3.837920 7.947850 1.293643
v -4.253512 6.473135 1.506516
v -2.809290 6.128802 1.940651
v -3.490492 7.437749 1.160283
v -4.825698 8.090299 0.591155
v -4.850609 7.392139 -0.198982
v -3.522058 6.691106 0.310564
v -3.825041 6.693215 1.051501
v -5.135780 7.385124 0.490783
v -4.565334 8.040900 -0.106639
v -3.206446 7.393496 0.413188
v -4.199623 6.735505 -0.295660
v -4.712676 6.774826 1.013066
v -4.144035 8.047647 1.197745
v -3.630982 8.008327 -0.110981
v -4.016938 6.848817 1.016325
v -4.487239 7.539289 2.235759
v -3.726974 8.163857 2.205696
v -3.198217 7.514831 0.976619
v -3.888377 7.533191 0.691063
v -4.365895 8.184857 1.928793
v -3.838610 7.569933 2.488106
v -3.319501 6.869196 1.283471
v -3.123199 8.115207 1.576966
v -4.340763 8.111019 1.086893
v -4.559561 6.941268 1.640485
v -3.341997 6.945457 2.130558
v -3.756860 7.752631 1.189067
v -5.021553 8.100537 0.980101
v -5.167181 7.358159 0.532733
v -3.921466 6.958578 0.707802
v -3.970157 7.121315 1.352891
v -5.223211 7.505077 1.134550
v -4.981655 7.905981 0.390641
v -3.720242 7.554158 0.553252
v -4.609516 6.830956 0.424288
v -4.688789 7.149636 1.549208
v -4.329453 8.229209 1.268697
v -4.250180 7.910529 0.143777
v -4.142388 7.170276 1.120570
v -4.700096 7.802829 2.003209
v -4.097647 8.342009 2.015961
v -3.498710 7.751660 1.138390
v -4.022874 7.713264 0.821497
v -4.586213 8.313873 1.719331
v -4.202418 7.871849 2.277128
v -3.611460 7.239407 1.420534
v -3.533042 8.285886 1.584167
v -4.460710 8.191953 1.042909
v -4.665931 7.265869 1.555358
v -3.738264 7.359802 2.096617
v -3.775777 7.851635 1.262658
v -4.765952 8.210596 1.345689
v -5.020844 7.635986 1.030670
v -4.044432 7.233248 0.924231
v -3.946270 7.358597 1.433592
v -4.933444 7.748036 1.507564
v -4.866750 8.061543 0.881746
v -3.883590 7.698378 0.762973
v -4.642678 7.177589 0.838944
v -4.465106 7.423713 1.725959
v -4.170813 8.264491 1.433750
v -4.348385 8.018369 0.546735
v -1.913380 8.715436 0.662273
v -3.938826 9.290989 0.556096
v -4.368376 7.975261 0.804856
v -2.355451 7.297971 0.930237
v -2.139413 8.129840 1.563092
v -4.160288 8.741065 1.405461
v -4.164630 8.481191 0.023441
v -2.142212 7.850420 0.080408
v -3.546822 7.048877 0.978661
v -3.151915 8.538777 2.046302
v -2.758550 9.536582 0.508360
v -3.153457 8.046680 -0.559282
v -2.620369 8.346218 1.274519
v -1.791455 8.909753 3.018857
v -0.571110 8.606554 2.567691
v -1.311301 8.020735 0.789869
v -1.870668 8.866185 0.769013
v -1.086092 9.398897 2.537739
v -1.220044 8.156541 3.010319
v -2.018566 7.530199 1.266761
v -0.399934 8.178092 1.481041
v -1.422248 9.636676 1.465189
v -2.702318 8.748869 2.328938
v -1.680004 7.290286 2.344790
v -1.728117 9.131721 1.049555
v -3.209011 10.175401 0.702519
v -3.944301 9.189269 0.671825
v -2.503154 8.063386 1.019953
v -2.236563 8.643037 1.701952
v -3.697752 9.721074 1.315825
v -3.494659 9.607250 0.107584
v -2.023488 8.524409 0.404484
v -3.544207 8.182103 0.835927
v -3.054061 9.227812 2.001214
v -2.178818 10.057260 0.888736
v -2.668963 9.011552 -0.276552
v -2.481202 8.947267 1.624399
v -1.542665 9.875978 2.770109
v -0.580739 9.721438 2.140208
v -1.448323 8.782326 0.949598
v -2.076882 9.398984 0.951374
v -1.166013 10.297179 2.129054
v -0.927260 9.333933 2.729979
v -1.829756 8.356178 1.584527
v -0.586472 9.182462 1.269335
v -1.714910 10.240020 1.301237
v -2.403622 9.470407 2.452841
v -1.275184 8.412852 2.420939
v -1.781352 9.755924 1.306158
v -2.949878 10.815032 1.203010
v -3.682960 10.057207 1.228623
v -2.556023 8.931567 1.334730
v -2.196368 9.367287 1.901818
v -3.347306 10.453959 1.764413
v -3.317326 10.389394 0.712132
v -2.164498 9.298206 0.772788
v -3.441241 9.151926 1.294434
v -2.789614 9.938046 2.261352
v -2.074616 10.595855 1.244692
v -2.726242 9.809734 0.277773
v -2.452039 9.649123 1.836667
v -1.747161 10.732478 2.548796
v -1.002099 10.710877 1.905829
v -1.659148 9.615585 1.139778
v -2.299917 9.998656 1.169303
v -1.599215 11.069290 1.923991
v -1.138210 10.401010 2.480649
v -1.802659 9.285836 1.769366
v -1.002369 10.150083 1.232815
v -2.135608 10.806664 1.318385
v -2.398599 10.204665 2.454644
v -1.265360 9.548083 2.369073
v -1.952372 10.281409 1.340374
v -2.872831 11.204230 1.561733
v -3.458497 10.595138 1.803550
v -2.578231 9.625284 1.599285
v -2.123155 9.980852 1.933158
v -3.039353 10.926322 2.122208
v -3.305296 10.850813 1.287914
v -2.417115 9.908830 1.040054
v -3.273518 9.837001 1.810075
v -2.469833 10.481647 2.368474
v -2.177338 10.994042 1.355960
v -2.981023 10.349397 0.797561
v -2.519741 10.084888 1.769191
v -2.168370 11.099877 2.348774
v -1.491581 11.133636 1.907594
v -1.792187 10.125447 1.298375
v -2.356633 10.353885 1.221832
v -2.015442 11.350740 1.830699
v -1.632274 10.902842 2.384224
v -1.946062 9.871675 1.814751
v -1.342128 10.645947 1.409404
v -2.342257 11.033982 1.302073
v -2.620126 10.576688 2.238033
v -1.619997 10.188651 2.345364
v -1.995139 10.466436 1.319123
v -2.551862 11.309481 1.645738
v -3.022988 10.890893 1.957520
v -2.503443 10.021777 1.655301
v -2.049527 10.248859 1.820197
v -2.600686 11.100298 2.116991
v -2.978070 11.083341 1.523967
v -2.452133 10.227038 1.182590
v -2.973247 10.273760 1.944170
v -2.171959 10.682345 2.208558
v -2.080565 11.056257 1.353724
v -2.881853 10.647673 1.089336
v -2.899688 9.437819 1.550768
v -4.199114 10.608773 0.352174
v -4.710687 9.455718 -0.269351
v -3.451387 8.203334 0.881355
v -3.731377 8.750440 1.753974
v -4.987118 9.963499 0.540728
v -3.985723 10.049370 -0.442821
v -2.666774 8.851804 0.689651
v -4.308541 8.319243 0.033635
v -4.763886 9.319310 1.552891
v -3.343512 10.493099 1.205940
v -2.888167 9.493030 -0.313316
v -3.778666 8.855876 1.910308
v -2.930209 10.093801 3.258195
v -1.846331 10.222573 2.487904
v -2.611617 9.000310 1.090784
v -3.485706 9.510431 1.152888
v -2.657634 10.705544 2.537260
v -2.097100 9.659769 3.151164
v -2.887993 8.382804 1.805331
v -1.747268 9.670174 1.453669
v -3.299387 10.532081 1.598188
v -3.797478 9.417616 2.895383
v -2.245360 8.555708 2.750864
v -3.349619 9.774846 1.644794
v -5.040418 10.347755 1.159443
v -5.433116 9.188267 1.035263
v -3.764791 8.528546 1.513388
v -3.749151 9.126587 2.230529
v -5.428101 9.740113 1.708894
v -5.076448 9.747297 0.529768
v -3.387874 9.140113 0.960807
v -4.768241 8.342259 1.224145
v -4.728228 9.428197 2.453285
v -4.042180 10.533895 1.454077
v -4.082193 9.447958 0.224937
v -4.191483 9.285331 1.909535
v -4.010031 9.966823 3.511160
v -2.857670 10.007976 3.383378
v -2.954637 9.331628 1.777365
v -3.603055 9.900132 1.599281
v -3.455824 10.542541 3.208453
v -3.367541 9.478314 3.661869
v -3.509758 8.751626 2.070058
v -2.395684 9.687127 2.529663
v -3.565131 10.652856 2.225397
v -4.569676 9.604502 2.758931
v -3.400229 8.638773 3.063196
v -3.604426 10.167584 1.966819
v -5.012873 10.871959 1.724042
v -5.468978 9.935321 1.559600
v -4.102390 9.167137 1.788960
v -3.982246 9.612330 2.443299
v -5.359590 10.343042 2.175185
v -5.149998 10.421925 1.144549
v -3.745956 9.690961 1.339451
v -4.991762 9.140569 1.598335
v -4.757370 9.948245 2.725390
v -4.117091 10.899079 1.910839
v -4.351482 10.091403 0.783785
v -4.307517 9.761562 2.226342
v -4.142416 10.752848 3.319266
v -3.226473 10.952902 3.019239
v -3.324391 9.979156 1.907640
v -3.993309 10.266124 1.739124
v -3.846822 11.222781 2.852900
v -3.498420 10.520563 3.448296
v -3.620812 9.503155 2.367279
v -2.868339 10.556647 2.336910
v -4.060307 11.030640 2.059071
v -4.596789 10.169723 2.891934
v -3.404821 9.695730 3.169773
v -3.702268 10.512619 2.089957
v -4.787950 11.264501 2.075829
v -5.300206 10.561530 1.949730
v -4.246782 9.754696 1.954711
v -4.025724 10.068017 2.500565
v -5.096134 10.847265 2.463168
v -5.016677 10.945388 1.593379
v -3.941635 10.174130 1.567344
v -4.998962 9.844488 1.896642
v -4.594270 10.417184 2.835542
v -4.039508 11.174722 2.134355
v -4.444200 10.602027 1.195454
v -4.328295 10.141887 2.186038
v -4.427478 11.007963 3.030086
v -3.651119 11.214681 2.938676
v -3.494425 10.357347 2.081704
v -4.014729 10.547314 1.817433
v -4.131587 11.390139 2.682077
v -3.923338 10.863078 3.258845
v -3.790242 9.974869 2.429445
v -3.226523 10.876611 2.469883
v -4.156086 11.187081 2.020581
v -4.691055 10.491006 2.646392
v -3.761492 10.180536 3.095693
v -3.753968 10.650853 2.048620
v -4.538416 11.317573 2.273296
v -4.999457 10.789615 2.328848
v -4.240819 10.077445 2.105959
v -3.922411 10.323919 2.456190
v -4.700615 11.012057 2.658747
v -4.850235 11.070689 1.974233
v -4.081910 10.385871 1.721458
v -4.822838 10.195856 2.241470
v -4.254026 10.644547 2.836477
v -3.962646 11.199578 2.139381
v -4.531458 10.750886 1.544374
v -2.623036 10.570701 1.081075
v -3.903296 11.610204 -0.257155
v -4.599204 10.423800 -0.549879
v -3.376470 9.303585 0.759844
v -3.502245 10.063060 1.499142
v -4.731844 11.130524 0.138185
v -3.836939 10.865108 -0.913591
v -2.547028 9.782491 0.365441
v -4.297106 9.341717 -0.024930
v -4.477233 10.704136 1.250602
v -2.978543 11.573421 0.533744
v -2.798416 10.211000 -0.741789
v -3.705823 10.271080 1.088398
v -3.608673 10.923059 2.982961
v -2.332240 10.541960 3.083982
v -2.336671 9.858092 1.185078
v -2.784332 10.722354 0.900890
v -2.739386 11.348102 2.804202
v -3.131983 10.150922 3.248440
v -3.206002 9.432360 1.361972
v -1.767596 10.027688 2.178668
v -2.600441 11.521289 1.680301
v -4.174210 10.749425 1.997035
v -3.341365 9.255824 2.495402
v -2.803495 10.896676 1.265200
v -3.797364 12.044347 0.191802
v -4.462871 11.099053 -0.229589
v -3.524020 9.890214 0.806098
v -3.621025 10.468847 1.532707
v -4.561865 11.632609 0.451482
v -3.759530 11.477853 -0.468495
v -2.752766 10.293824 0.553733
v -4.289501 10.081995 0.095473
v -4.415827 11.115947 1.363001
v -3.022995 11.850566 0.902567
v -2.896671 10.816614 -0.364961
v -3.723859 10.674773 1.493759
v -3.043118 11.909963 2.524276
v -2.007134 11.796314 2.014590
v -2.612807 10.551981 0.946140
v -3.312988 11.061002 0.784887
v -2.658492 12.268566 1.850707
v -2.360991 11.466398 2.634274
v -3.000421 10.187616 1.614887
v -1.848904 11.123466 1.257967
v -3.102920 11.993083 1.004934
v -3.804070 11.334480 2.216315
v -2.550054 10.464862 2.469348
v -3.038467 11.393648 1.174168
v -4.240031 12.295165 0.674521
v -4.888528 11.464136 0.639812
v -3.725964 10.495480 1.140466
v -3.545914 11.028363 1.710034
v -4.727037 11.957081 1.176536
v -4.440482 11.775174 0.177958
v -3.247240 10.840086 0.634932
v -4.591774 10.607543 0.878672
v -4.252794 11.564343 1.851893
v -3.381436 12.184417 0.938779
v -3.720416 11.227616 -0.034441
v -3.885141 11.210371 1.343055
v -3.686531 12.264515 2.376554
v -2.709670 12.178166 2.291259
v -2.835409 11.127722 1.261293
v -3.344947 11.550307 0.914894
v -3.178086 12.577903 1.965478
v -3.177439 11.889850 2.669450
v -3.345026 10.807027 1.665219
v -2.341286 11.619081 1.745571
v -3.264172 12.341505 1.154778
v -4.185924 11.765847 1.890741
v -3.263037 11.043424 2.481535
v -3.110298 11.766234 1.291719
v -3.944628 12.741757 0.966884
v -4.583624 12.163601 0.793982
v -3.796225 11.146330 1.106092
v -3.610981 11.472524 1.657704
v -4.419420 12.467664 1.311178
v -4.146814 12.415769 0.477232
v -3.323882 11.423414 0.760822
v -4.472153 11.398128 0.875350
v -4.124220 11.989097 1.825604
v -3.268938 12.490371 1.200699
v -3.616872 11.899400 0.250445
v -3.806413 11.545104 1.336532
v -3.752906 12.569125 1.995599
v -2.949317 12.600385 1.911401
v -2.944181 11.580400 1.247327
v -3.411151 11.804525 0.918163
v -3.379980 12.815120 1.601729
v -3.292409 12.374069 2.273762
v -3.317070 11.335661 1.642014
v -2.591460 12.104678 1.541433
v -3.431748 12.487773 0.985103
v -4.106746 12.044848 1.699628
v -3.266457 11.661755 2.255958
v -3.042457 11.856201 1.210438
v -3.669687 12.707604 1.222848
v -4.244183 12.304971 1.270013
v -3.657106 11.421741 1.261020
v -3.334514 11.643471 1.623742
v -3.947430 12.510062 1.612791
v -3.988659 12.486711 0.911265
v -3.381580 11.622432 0.871112
v -4.204087 11.683167 1.287357
v -3.623816 12.085129 1.904296
v -3.124045 12.446980 1.198465
v -3.704317 12.045017 0.581526
v 0.160698 10.728699 -0.093173
v -0.872803 11.900925 1.352062
v -0.997313 10.780248 2.192366
v 0.016789 9.538385 0.822733
v 0.760391 10.296976 0.718906
v -0.300055 11.485429 2.108502
v -1.524241 11.162505 1.496441
v -0.548960 9.945670 0.056620
v -0.552673 9.671555 1.883857
v 0.727137 11.022973 1.657201
v -0.302122 11.766285 0.277445
v -1.581932 10.414868 0.504101
v 0.915597 11.024495 0.785216
v 2.024410 12.095607 -0.491952
v 1.237079 11.762387 -1.518498
v 0.059165 10.655837 -0.303407
v 0.053160 11.425330 0.356864
v 1.216593 12.479291 -0.902431
v 1.980270 11.409397 -1.140857
v 0.872785 10.277690 0.100698
v 0.292529 11.057042 -1.363355
v 0.324284 12.388906 -0.180996
v 1.791600 11.699130 0.556592
v 1.759845 10.367266 -0.625767
v 0.322977 12.301644 0.199777
v -0.461978 13.410363 1.472869
v -0.483751 12.486573 2.285387
v 0.292435 11.320902 1.083014
v 0.922359 11.979123 0.877771
v 0.108240 13.099195 2.104888
v -1.008352 12.772847 1.703929
v -0.273020 11.625165 0.443398
v -0.109275 11.500443 2.046199
v 0.967872 12.673457 1.651948
v -0.059113 13.229171 0.499504
v -1.136260 12.056157 0.893756
v 0.850420 12.630153 0.928720
v 1.709796 13.789363 -0.066467
v 1.098165 13.467484 -0.998271
v 0.199747 12.292251 -0.077186
v 0.075882 12.902089 0.545801
v 0.973426 14.038321 -0.421442
v 1.775626 13.238442 -0.671693
v 0.930443 12.035707 0.284059
v 0.383185 12.739768 -0.952398
v 0.202467 13.795959 0.163226
v 1.528514 13.335992 0.813492
v 1.709233 12.279803 -0.302132
v 0.292334 13.629712 0.212032
v -0.315505 14.769183 1.134323
v -0.377499 14.104794 1.951088
v 0.227019 12.914662 1.086636
v 0.794794 13.416503 0.828606
v 0.160865 14.563451 1.712459
v -0.815760 14.294066 1.419203
v -0.246999 13.115804 0.504963
v -0.106101 13.215805 1.881862
v 0.869735 14.102719 1.393333
v 0.011926 14.466348 0.340017
v -0.963910 13.579432 0.828547
v 0.674623 13.897736 0.830373
v 1.299546 15.041876 0.122524
v 0.847909 14.798162 -0.717487
v 0.190629 13.637391 -0.071527
v 0.002630 14.076457 0.502998
v 0.668403 15.215461 -0.189306
v 1.428560 14.638461 -0.430603
v 0.824584 13.468789 0.237317
v 0.315997 14.108656 -0.763188
v 0.022290 14.877344 0.259311
v 1.170678 14.573606 0.817522
v 1.464386 13.804917 -0.204978
v 0.104432 14.589050 0.225844
v 0.132543 15.597733 1.087020
v 0.537424 15.096327 1.684628
v 0.538902 14.055404 0.870584
v 0.758620 14.452368 0.381566
v 0.749690 15.468104 1.233371
v -0.030351 15.215587 1.549985
v -0.078256 14.184350 0.723676
v 0.717421 14.355617 1.542172
v 1.071056 15.061810 0.676424
v -0.046094 15.296907 0.411867
v -0.399730 14.590714 1.277615
v 0.537449 14.654275 0.747421
v 1.111707 15.690015 0.438292
v 1.010985 15.522305 -0.346278
v 0.435162 14.484771 -0.097240
v 0.095464 14.785403 0.316121
v 0.691377 15.807654 0.033071
v 1.397689 15.414079 0.026526
v 0.852128 14.361064 0.309647
v 0.681615 14.933415 -0.568326
v 0.106694 15.455437 0.179544
v 0.864205 15.236398 0.914766
v 1.439126 14.714379 0.166896
v 0.259494 15.004442 0.195624
v 0.356317 15.937640 0.679657
v 0.694197 15.642709 1.221169
v 0.621465 14.682002 0.773654
v 0.784766 14.896388 0.313039
v 0.852073 15.838069 0.791598
v 0.238101 15.734317 1.118182
v 0.125925 14.783937 0.662886
v 0.807833 15.029248 1.237160
v 1.068616 15.410457 0.421332
v 0.171342 15.592257 0.219463
v -0.089441 15.211049 1.035291
v 0.148944 9.134717 0.661580
v -0.198804 9.267349 2.752876
v -0.205942 7.865635 2.865488
v 0.139330 7.631810 0.794299
v 0.910211 8.367513 0.854866
v 0.518883 8.543769 2.937914
v -0.866214 8.531329 2.695253
v -0.578846 8.355587 0.611954
v -0.033841 7.130858 1.880424
v 1.281645 8.462756 1.986075
v -0.019274 9.773403 1.661370
v -1.334760 8.441505 1.555719
v 0.722058 8.432357 1.447548
v 2.496397 9.149180 0.840270
v 2.021376 9.373989 -0.387956
v 0.204422 8.670394 0.132301
v 0.251881 9.233941 0.973893
v 2.052805 9.905374 0.393423
v 2.429480 8.678290 0.023144
v 0.647985 7.914182 0.579146
v 0.900924 9.120316 -0.673332
v 1.003424 10.069161 0.830673
v 1.803142 8.698997 1.640578
v 1.700642 7.750151 0.136573
v 0.769152 9.509019 1.134796
v 0.309052 10.061972 2.837825
v 0.002336 8.915901 3.164167
v 0.442427 8.276328 1.476296
v 1.238921 8.762394 1.515349
v 0.749168 9.361592 3.208221
v -0.402570 9.560249 2.823403
v -0.000752 8.980691 1.117284
v 0.091184 8.084666 2.459158
v 1.465743 8.978532 2.516052
v 0.664693 10.252014 1.861679
v -0.709866 9.358150 1.804784
v 1.077429 9.084804 2.053978
v 2.731109 9.633366 1.869278
v 2.572568 9.797306 0.731760
v 0.916009 9.263585 0.832757
v 0.805539 9.778308 1.538600
v 2.478208 10.288743 1.382708
v 2.805238 9.194359 1.179405
v 1.172508 8.609336 1.318962
v 1.672529 9.604868 0.281545
v 1.499770 10.477578 1.546988
v 1.969443 9.295032 2.426650
v 2.142202 8.422320 1.161207
v 1.428310 10.200803 1.567781
v 1.099184 11.126010 2.809869
v 0.592471 10.340051 3.297590
v 0.886718 9.351233 2.082957
v 1.647773 9.599383 2.085679
v 1.304984 10.562401 3.303312
v 0.403135 10.858571 2.843623
v 0.679677 9.918610 1.594374
v 0.515844 9.493502 2.904035
v 1.842403 9.959702 2.883281
v 1.468619 10.983750 1.994943
v 0.142059 10.517550 2.015697
v 1.453317 10.095776 2.392584
v 2.823839 10.641006 2.488059
v 2.903774 10.690522 1.508186
v 1.530352 10.145505 1.340421
v 1.288597 10.624856 1.860014
v 2.678496 11.144097 1.986575
v 3.037489 10.227677 1.969551
v 1.685749 9.646373 1.842845
v 2.244411 10.439843 0.988669
v 1.834531 11.258705 1.928943
v 2.112061 10.353676 2.838091
v 2.521940 9.534814 1.897817
v 1.534868 11.002646 1.801868
v 1.747108 11.584189 2.967086
v 1.791206 10.807623 3.376322
v 1.580815 10.165328 2.233169
v 2.036448 10.555661 1.941566
v 2.221832 11.167010 3.107418
v 1.354460 11.191428 3.247216
v 1.107626 10.587012 2.101378
v 1.706970 10.138350 2.980020
v 2.483833 10.849515 2.466196
v 1.626634 11.611047 2.224186
v 0.849772 10.899880 2.738010
v 1.779467 10.688522 2.336781
v 2.697702 11.494561 2.400411
v 2.589363 11.694594 1.624478
v 1.671704 10.910500 1.505060
v 1.436170 11.121284 2.031117
v 2.370389 11.899833 2.111721
v 2.890491 11.321744 1.890072
v 1.995569 10.502234 1.793422
v 2.085498 11.393123 1.223307
v 1.690641 11.743788 2.163239
v 2.280122 11.007543 2.685549
v 2.674979 10.656878 1.745616
v 1.738113 11.276530 1.737050
v 2.026487 11.943078 2.501132
v 2.024902 11.428136 2.979896
v 1.733723 10.717635 2.243731
v 2.108856 10.915148 1.919601
v 2.378100 11.606558 2.678172
v 1.701419 11.737733 2.817020
v 1.383966 11.058560 2.071513
v 1.878373 10.840892 2.821861
v 2.519294 11.206172 2.243333
v 1.884852 11.820227 1.928179
v 1.243930 11.454947 2.506707
v -0.229625 10.737988 -0.837630
v -0.319091 11.859561 0.949995
v 0.211056 10.788077 1.690533
v 0.339769 9.581945 -0.052906
v 0.781293 10.408530 -0.563784
v 0.634511 11.549743 1.209872
v -0.666257 11.073112 1.451446
v -0.613927 9.892755 -0.311252
v 0.510191 9.706923 1.145789
v 1.236106 11.173491 0.230454
v -0.490026 11.733489 -0.241232
v -1.215941 10.266920 0.674103
v 0.768821 10.782483 -0.602317
v 0.864902 11.781724 -2.351015
v -0.317472 11.284601 -2.724626
v -0.499229 10.253386 -1.010472
v -0.223805 11.087308 -0.503690
v -0.072057 12.065263 -2.251077
v 0.544530 11.023745 -2.816569
v 0.437211 9.965815 -1.103516
v -0.929751 10.550420 -2.037445
v -0.396551 11.999209 -1.148878
v 1.298890 11.480906 -1.321171
v 0.765690 10.032116 -2.209738
v -0.195591 11.704175 -0.892162
v 0.904981 12.653054 0.261694
v 1.702293 11.717063 0.309225
v 0.662406 10.702249 -0.838442
v 0.580038 11.446210 -1.396946
v 1.637763 12.410647 -0.213378
v 1.028133 11.940075 0.746291
v -0.069319 10.945613 -0.362231
v 1.535522 10.796502 -0.244505
v 1.354571 12.118997 -1.198397
v 0.030639 12.560105 -0.335687
v 0.211589 11.237613 0.618204
v 0.755075 11.896559 -1.292042
v 0.107167 13.080238 -2.388496
v -0.979554 12.738391 -2.169096
v -0.404724 11.517753 -1.045523
v 0.122027 12.124709 -0.685674
v -0.491912 13.299031 -1.819758
v -0.428401 12.537102 -2.692335
v 0.192491 11.302514 -1.617569
v -1.174852 11.971803 -1.506498
v -0.216770 13.025530 -0.902715
v 0.867725 12.629330 -1.932138
v -0.090357 11.575603 -2.535921
v -0.097270 12.818469 -1.098889
v 0.960197 13.823069 -0.453929
v 1.722783 13.099645 -0.540429
v 0.729076 12.050384 -1.186586
v 0.458780 12.624574 -1.674475
v 1.483430 13.638803 -0.997775
v 1.241409 13.269169 -0.040091
v 0.204500 12.233302 -0.643580
v 1.564421 12.258780 -0.901338
v 1.065306 13.281123 -1.727917
v 0.118119 13.614640 -0.743469
v 0.617233 12.592297 0.083109
v 0.715215 13.074134 -1.419084
v 0.216072 14.246827 -2.168934
v -0.717062 14.010449 -1.963073
v -0.283473 12.814311 -1.194209
v 0.224822 13.241302 -0.851405
v -0.245814 14.402580 -1.632172
v -0.292127 13.867157 -2.456895
v 0.179161 12.656604 -1.729755
v -0.915366 13.306231 -1.488794
v 0.004386 14.043242 -0.911278
v 0.843037 13.754798 -1.878809
v -0.076715 13.017787 -2.456325
v -0.114174 13.788731 -1.244411
v 0.516327 14.851953 -0.761640
v 1.248062 14.380293 -0.640916
v 0.673932 13.288005 -1.112519
v 0.440020 13.647313 -1.623573
v 1.036917 14.714581 -1.121098
v 0.769120 14.506671 -0.310215
v 0.151108 13.421418 -0.754818
v 1.285333 13.628182 -0.821536
v 0.846119 14.265703 -1.701279
v -0.098783 14.509896 -1.052575
v 0.340431 13.872376 -0.172833
v 0.626415 13.854571 -1.191052
v 0.548231 14.892375 -1.813818
v -0.221688 14.742976 -2.010608
v -0.199203 13.685511 -1.397013
v 0.066224 13.978669 -0.927707
v 0.019559 15.013124 -1.567552
v 0.264690 14.631886 -2.237173
v 0.329278 13.568437 -1.645453
v -0.552902 14.144816 -1.789684
v -0.058459 14.652044 -0.976914
v 0.898387 14.436601 -1.424552
v 0.403944 13.929374 -2.237323
v -0.094244 14.130445 -1.403496
v 0.180378 15.119889 -1.149022
v 0.751109 14.889241 -0.809241
v 0.517588 13.880942 -1.039463
v 0.427084 14.030684 -1.543628
v 0.671210 15.021969 -1.282125
v 0.299544 14.979325 -0.686785
v 0.025769 13.975055 -0.907263
v 0.887171 14.284173 -0.771620
v 0.700924 14.547402 -1.651919
v -0.189594 14.716870 -1.412834
v -0.003347 14.453639 -0.532536
v 1.139842 13.296483 0.530237
v 0.815316 14.132237 2.457562
v 1.135369 12.903564 3.062094
v 1.480872 11.984561 1.192805
v 2.060958 12.834353 0.909010
v 1.686552 13.690289 2.801815
v 0.333833 13.310157 2.745382
v 0.611895 12.420535 0.835472
v 1.444379 11.905335 2.403744
v 2.419472 13.418148 1.878192
v 0.845340 14.210237 1.237631
v -0.129754 12.697423 1.763181
v 2.157914 13.148017 1.267483
v 3.157696 14.222674 -0.107184
v 2.235318 13.943894 -1.032507
v 1.167179 12.847842 0.276108
v 1.271438 13.597383 0.950965
v 2.317004 14.641899 -0.400033
v 3.008755 13.558206 -0.763086
v 2.003477 12.423911 0.574709
v 1.296245 13.271932 -0.793132
v 1.518321 14.561387 0.415515
v 3.030962 13.792716 0.957645
v 2.808886 12.503261 -0.251002
v 1.884262 14.208580 0.657680
v 1.656105 15.184379 2.227342
v 1.831129 14.168721 2.899543
v 2.069798 13.128657 1.394049
v 2.646480 13.781366 1.057009
v 2.376543 14.775435 2.594980
v 1.168325 14.544948 2.561315
v 1.350724 13.531688 1.017323
v 2.024748 13.205955 2.450021
v 3.000823 14.372266 1.834685
v 1.697992 15.106845 1.160397
v 0.721916 13.940536 1.775733
v 2.616851 14.333224 1.513397
v 3.886810 15.178933 0.673222
v 3.422716 14.918012 -0.357552
v 2.110497 14.047721 0.412719
v 2.008218 14.723577 0.967800
v 3.321391 15.552989 0.153020
v 3.942902 14.573878 0.121035
v 2.684680 13.679463 0.927433
v 2.554949 14.366237 -0.427686
v 2.408086 15.536368 0.573332
v 3.442445 14.866397 1.508242
v 3.589308 13.696265 0.507224
v 2.413578 15.486579 0.843348
v 2.619609 16.386274 2.143125
v 2.948161 15.547107 2.691045
v 2.767467 14.592744 1.440269
v 3.144166 15.135305 0.988033
v 3.308481 16.053173 2.277266
v 2.314398 15.853559 2.567635
v 2.078233 14.924136 1.303773
v 3.003645 14.701898 2.309585
v 3.629794 15.675044 1.510548
v 2.382672 16.277418 1.266897
v 1.756524 15.304275 2.065934
v 3.208853 15.631636 1.345670
v 3.686172 16.817589 0.587505
v 2.904920 16.769753 -0.009442
v 2.373120 15.586226 0.701509
v 2.502726 15.935052 1.349371
v 3.018300 17.099764 0.593530
v 3.519362 16.510153 -0.014984
v 3.039278 15.299986 0.698018
v 2.295516 16.159048 0.080316
v 2.558113 16.756292 1.219173
v 3.765232 16.241074 1.211028
v 3.502636 15.643832 0.072171
v 2.893305 16.563681 0.775287
v 2.865245 17.647989 1.545805
v 2.838989 17.146799 2.267326
v 2.864857 16.037098 1.557037
v 3.363555 16.293474 1.195699
v 3.309018 17.387440 1.938583
v 2.430718 17.386501 1.905971
v 2.421225 16.292009 1.160421
v 2.839874 16.375303 2.232516
v 3.692899 16.840582 1.577418
v 2.889716 17.306938 0.862790
v 2.036690 16.841661 1.517887
v 3.245316 16.551588 1.465471
v 3.789263 17.563726 1.075460
v 3.323136 17.587820 0.415182
v 2.740989 16.569885 0.759803
v 2.684927 16.805437 1.323732
v 3.264561 17.810352 0.939135
v 3.805861 17.360922 0.540601
v 3.269658 16.330406 0.893520
v 2.821535 17.086573 0.296290
v 2.752184 17.490303 1.293558
v 3.706892 17.052633 1.537134
v 3.776243 16.648903 0.539866
v 2.892329 17.017944 0.953445
v 3.130821 17.906063 1.472639
v 3.332407 17.542818 2.039912
v 3.107286 16.622992 1.559179
v 3.364687 16.797319 1.125416
v 3.577859 17.703466 1.637960
v 2.921131 17.729206 1.887817
v 2.661665 16.831129 1.396943
v 3.309964 16.918941 2.049554
v 3.739285 17.237974 1.279616
v 2.931798 17.611578 0.984164
v 2.502478 17.292543 1.754103
v -0.066219 14.531640 0.337544
v -1.083089 15.455958 1.953207
v -0.790854 14.368087 2.795029
v 0.244507 13.367087 1.245123
v 0.754488 14.277558 1.021189
v -0.309918 15.217248 2.599817
v -1.502172 14.587703 2.200149
v -0.529745 13.606788 0.600176
v -0.142659 13.387641 2.392513
v 0.710253 15.002789 1.968895
v -0.692300 15.437642 0.802979
v -1.545213 13.822495 1.226596
v 0.260642 14.638832 1.432704
v 1.868253 15.624911 0.774634
v 1.762463 15.050714 -0.415782
v 0.147938 14.023334 0.155142
v -0.223369 14.872216 0.547877
v 1.403339 15.839854 -0.056885
v 2.190183 14.852967 0.349216
v 0.604553 13.803161 0.989885
v 0.914503 14.282367 -0.658387
v 0.278055 15.757715 0.078895
v 1.105449 15.359681 1.589623
v 1.741897 13.884332 0.852341
v 0.143883 15.476706 0.535286
v -1.042809 16.611467 1.331460
v -1.285162 15.785210 2.174932
v -0.128315 14.602159 1.448279
v 0.490457 15.273143 1.386235
v -0.708103 16.411795 2.129170
v -1.593092 15.968909 1.441039
v -0.455271 14.794197 0.645497
v -0.820877 14.835170 2.185720
v 0.252080 16.021851 2.032599
v -0.345886 16.375513 0.583372
v -1.418843 15.188830 0.736492
v 0.027867 15.854819 1.637792
v 1.343009 16.900419 1.388217
v 1.518408 16.464684 0.365968
v 0.222465 15.392494 0.539926
v -0.253868 16.040468 0.826823
v 1.072858 17.072035 0.623880
v 1.766946 16.306795 1.069158
v 0.488253 15.217348 1.304991
v 0.951209 15.737883 0.001361
v 0.127411 16.866903 0.546020
v 0.611708 16.552420 1.930415
v 1.435506 15.423396 1.385757
v 0.163519 16.706398 0.860310
v -0.685621 17.853441 1.349255
v -1.077985 17.284527 2.078180
v -0.252649 16.089329 1.639717
v 0.356318 16.546564 1.603497
v -0.502608 17.701035 2.049731
v -1.246357 17.424738 1.433742
v -0.434535 16.240118 0.938598
v -0.840784 16.432737 2.181556
v 0.223598 17.239103 2.078864
v -0.104183 17.510033 0.808889
v -1.168565 16.703665 0.911580
v -0.057225 16.950476 1.755439
v 0.797469 18.032162 1.621984
v 1.006520 17.795082 0.753616
v 0.158631 16.685257 0.824787
v -0.333734 17.098349 1.105631
v 0.540638 18.176838 1.008457
v 1.242804 17.661978 1.318061
v 0.419490 16.545755 1.437813
v 0.672581 17.130924 0.402753
v -0.180413 17.847729 0.928835
v 0.288315 17.590748 2.038982
v 1.141309 16.873941 1.512900
v 0.081321 17.451607 0.962215
v -0.373624 18.513294 1.335063
v -0.719825 18.155983 1.966093
v -0.292656 17.074400 1.641319
v 0.253399 17.331469 1.553472
v -0.208230 18.392550 1.890395
v -0.871988 18.267067 1.455188
v -0.454994 17.187737 1.083529
v -0.662370 17.460947 2.082628
v 0.290246 17.915112 1.897658
v -0.005126 18.123911 0.889138
v -0.957743 17.669748 1.074108
v -0.101095 17.472176 1.605488
v 0.306259 18.482677 1.522840
v 0.388905 18.403116 0.808783
v -0.009926 17.393053 0.838988
v -0.422131 17.574995 1.152495
v 0.002695 18.577923 1.095589
v 0.668183 18.315489 1.201854
v 0.292937 17.296051 1.266341
v 0.226373 17.864859 0.508778
v -0.481416 18.181211 1.082190
v 0.067898 18.008303 1.855625
v 0.775687 17.691954 1.282213
v -2.761281 10.922999 -2.537152
v -2.156450 11.291075 -4.529480
v -2.295345 9.931392 -4.860389
v -2.912503 9.462694 -2.885118
v -3.579161 10.295665 -2.915323
v -2.925482 10.700967 -4.894506
v -1.587837 10.474291 -4.524565
v -2.140918 10.054519 -2.528353
v -2.668968 9.093361 -4.015393
v -3.798621 10.589361 -4.053920
v -2.403113 11.659863 -3.404151
v -1.273462 10.163863 -3.365624
v -3.493062 10.641421 -3.267822
v -4.975955 11.725007 -2.456350
v -4.389770 11.692253 -1.256334
v -2.857574 10.601565 -1.983668
v -2.799443 11.239986 -2.769258
v -4.327928 12.294252 -1.982751
v -4.985954 11.168548 -1.692044
v -3.511931 10.036880 -2.454011
v -3.358889 11.131168 -1.089811
v -3.293873 12.225325 -2.493889
v -4.474907 11.200616 -3.347102
v -4.539922 10.106460 -1.943023
v -3.170167 11.861311 -2.734196
v -2.627969 12.587556 -4.345509
v -2.651450 11.483342 -4.887919
v -3.198122 10.672713 -3.308085
v -3.834237 11.348175 -3.201800
v -3.252357 12.106397 -4.792778
v -2.077013 11.926007 -4.476432
v -2.571640 11.156806 -2.866949
v -2.937728 10.586029 -4.335209
v -4.022085 11.799449 -4.126826
v -2.889423 12.673800 -3.324190
v -1.805065 11.460382 -3.532573
v -3.722588 11.721419 -3.472462
v -5.005733 12.764882 -2.886765
v -4.602454 12.678079 -1.802427
v -3.300464 11.636817 -2.304535
v -3.133845 12.190494 -2.968640
v -4.445359 13.203404 -2.413575
v -5.117999 12.274638 -2.237761
v -3.855881 11.194293 -2.779838
v -3.777495 12.121957 -1.574009
v -3.515591 13.073020 -2.765521
v -4.525483 12.275578 -3.624020
v -4.787387 11.324516 -2.432508
v -3.589979 12.675796 -2.774998
v -3.152246 13.672540 -3.935671
v -2.996600 12.865747 -4.596901
v -3.421504 11.813686 -3.488358
v -4.057250 12.269156 -3.317575
v -3.592571 13.290051 -4.448809
v -2.591500 13.217636 -4.124813
v -2.980683 12.197309 -2.976493
v -3.141610 11.983625 -4.335259
v -4.234413 12.807317 -4.011457
v -3.435948 13.502921 -3.086189
v -2.343145 12.679231 -3.409990
v -3.982274 12.549390 -3.514789
v -4.907029 13.634080 -3.090493
v -4.532848 13.619588 -2.180125
v -3.586512 12.540466 -2.535632
v -3.408779 12.915212 -3.157064
v -4.366970 13.980298 -2.752586
v -5.029703 13.301070 -2.491000
v -4.127544 12.195352 -2.873108
v -3.894052 13.075606 -1.956783
v -3.614227 13.720677 -3.065041
v -4.595626 13.098308 -3.675091
v -4.875451 12.453237 -2.566834
v -3.737952 13.231060 -2.970001
v -3.651659 14.144385 -3.924081
v -3.642696 13.524229 -4.546816
v -3.728436 12.565259 -3.637721
v -4.217387 12.905607 -3.337580
v -4.103435 13.842492 -4.276008
v -3.227063 13.801971 -4.223043
v -3.276139 12.872293 -3.290948
v -3.684590 12.767510 -4.364634
v -4.519595 13.387164 -3.824188
v -3.700819 13.943340 -3.196843
v -2.865813 13.323684 -3.737288
v -3.877371 13.043952 -3.691137
v -4.667243 13.966071 -3.672921
v -4.661045 13.985805 -2.864594
v -3.865901 13.059565 -2.823801
v -3.531063 13.340625 -3.254535
v -4.345986 14.252273 -3.261092
v -4.956601 13.722499 -3.243477
v -4.192607 12.779687 -3.235690
v -4.255740 13.528802 -2.485318
v -3.687625 14.011673 -3.264056
v -4.276608 13.502210 -4.009640
v -4.844723 13.019340 -3.230903
v -3.869755 13.367787 -3.088791
v -3.828155 14.298827 -3.594132
v -3.500149 14.004010 -4.141744
v -3.517795 13.053378 -3.677332
v -4.031867 13.130103 -3.556335
v -3.980942 14.078192 -4.037073
v -3.359584 14.206992 -3.734238
v -3.364860 13.277610 -3.236252
v -3.365728 13.396636 -4.151423
v -4.260991 13.547910 -3.917917
v -3.984128 13.954587 -3.119880
v -3.088864 13.803311 -3.353385
v -2.688147 9.895565 -2.772246
v -1.434642 9.995919 -4.484178
v -1.081149 8.643142 -4.333947
v -2.301774 8.444963 -2.620891
v -3.088890 8.942706 -3.142316
v -1.811074 9.097167 -4.835495
v -0.734830 9.469994 -4.010734
v -1.923714 9.343886 -2.271768
v -1.536711 7.946756 -3.414099
v -2.894680 8.869555 -4.319626
v -2.208698 10.496973 -3.689901
v -0.850729 9.574175 -2.784373
v -2.489135 9.007287 -3.485074
v -4.430541 8.903065 -4.034904
v -4.817359 9.182327 -2.787064
v -2.920101 9.305982 -2.151082
v -2.705128 9.881083 -2.958026
v -4.627148 9.727821 -3.535507
v -4.636482 8.423553 -3.246510
v -2.716333 8.481645 -2.648297
v -4.044586 9.366779 -1.920785
v -3.658850 10.333875 -3.366046
v -3.296587 8.841276 -4.268130
v -3.682323 7.874179 -2.822870
v -3.013171 9.815436 -3.206554
v -1.939716 10.419240 -4.596631
v -1.217583 9.428321 -4.493410
v -2.233871 8.754951 -3.101851
v -3.001078 8.939667 -3.601312
v -1.935199 9.588901 -4.959865
v -1.221738 10.192235 -4.159235
v -2.245279 9.581151 -2.729438
v -1.400803 8.657386 -3.754860
v -2.754185 9.022884 -4.607158
v -2.772212 10.520056 -3.936491
v -1.418830 10.154558 -3.084192
v -2.590795 9.132617 -3.932662
v -4.183051 9.090983 -4.648178
v -4.674260 9.386651 -3.639589
v -3.115377 9.449961 -2.849377
v -2.804063 9.915051 -3.529180
v -4.393157 9.828809 -4.271748
v -4.480962 8.707852 -3.985904
v -2.914181 8.711816 -3.230020
v -4.108856 9.552339 -2.797008
v -3.557671 10.330614 -4.014916
v -3.190286 8.994521 -4.702447
v -3.741471 8.216247 -3.484540
v -2.949551 9.986315 -3.787474
v -2.367629 9.985403 -5.262882
v -2.111339 8.964971 -5.189428
v -2.676477 8.891358 -3.703820
v -3.334165 9.276307 -3.948873
v -2.727512 9.315754 -5.422727
v -1.780246 9.581047 -5.042372
v -2.313634 9.561175 -3.551557
v -2.283462 8.475086 -4.411448
v -3.418643 9.187016 -4.838123
v -2.763190 10.399447 -4.558972
v -1.628008 9.687517 -4.132297
v -2.759941 9.355437 -4.343824
v -4.008358 9.551583 -5.114183
v -4.479127 9.876256 -4.312962
v -3.260624 9.703119 -3.481335
v -2.866082 10.042953 -4.017105
v -4.108623 10.200201 -4.806037
v -4.386884 9.279529 -4.596456
v -3.160491 9.054519 -3.789561
v -4.078120 9.932975 -3.540776
v -3.377093 10.495672 -4.497115
v -3.194369 9.321362 -5.054121
v -3.895395 8.758663 -4.097783
v -3.201440 10.093516 -4.094625
v -2.835001 10.458784 -5.309870
v -2.359301 9.726911 -5.412555
v -2.692721 9.306424 -4.199150
v -3.327963 9.461766 -4.330798
v -2.952010 9.865394 -5.540719
v -2.251653 10.272830 -5.200174
v -2.573360 9.902415 -3.976346
v -2.318262 9.189404 -4.847569
v -3.426878 9.495498 -5.072435
v -3.211681 10.573401 -4.666108
v -2.103065 10.267306 -4.441240
v -2.858264 9.571252 -4.537314
v -3.729364 9.952799 -5.302465
v -4.124973 10.311158 -4.695098
v -3.286535 9.957388 -3.889139
v -2.849796 10.146230 -4.276748
v -3.719988 10.494632 -5.055380
v -4.133599 9.812673 -4.922416
v -3.294524 9.414957 -4.134955
v -3.881605 10.293157 -4.024992
v -3.115437 10.596858 -4.720048
v -3.131369 9.615588 -5.166371
v -3.897537 9.311887 -4.471314
v -3.170341 10.184752 -4.194417
v -3.110238 10.509836 -5.199647
v -2.797896 9.910111 -5.392407
v -2.835319 9.540712 -4.399563
v -3.345332 9.695102 -4.370466
v -3.275112 10.049299 -5.369773
v -2.646212 10.333805 -5.235890
v -2.670232 10.002646 -4.233479
v -2.679490 9.458590 -4.979740
v -3.566978 9.755279 -4.922770
v -3.268206 10.591012 -4.620794
v -2.380718 10.294324 -4.677764
v -2.810312 11.109426 -1.982642
v -2.384180 11.822824 -3.933163
v -2.603809 10.545309 -4.478372
v -3.045122 9.740218 -2.571348
v -3.681712 10.576468 -2.385267
v -3.205768 11.320863 -4.315143
v -1.847948 11.007112 -4.126950
v -2.223047 10.243009 -2.191514
v -2.922942 9.578244 -3.766265
v -3.997491 11.076003 -3.423221
v -2.509279 11.986320 -2.736083
v -1.434730 10.488563 -3.079127
v -3.534217 10.778415 -2.697519
v -4.797433 11.770229 -1.502026
v -4.030390 11.537216 -0.433348
v -2.698284 10.518366 -1.562585
v -2.734374 11.269609 -2.242617
v -4.046308 12.236277 -1.069722
v -4.721424 11.108454 -0.831067
v -3.452852 10.054976 -1.991737
v -3.019071 10.920480 -0.524537
v -3.119992 12.214562 -1.744374
v -4.478870 11.370279 -2.527623
v -4.377948 10.076195 -1.307786
v -2.946430 11.604625 -2.000501
v -3.061748 12.357841 -3.685930
v -3.463634 11.297702 -4.164090
v -3.377217 10.464073 -2.506923
v -3.809127 11.203796 -2.134832
v -3.875614 11.979746 -3.812769
v -2.714877 11.645550 -4.047398
v -2.563353 10.842213 -2.380196
v -3.597842 10.409329 -3.546839
v -4.313788 11.727693 -2.882775
v -2.840375 12.410954 -2.650722
v -2.124428 11.092592 -3.314786
v -3.535014 11.538313 -2.705578
v -4.868486 12.388896 -1.959358
v -4.505145 12.074704 -0.903315
v -3.147463 11.202712 -1.571304
v -2.980487 11.897454 -2.085899
v -4.337900 12.722909 -1.378718
v -4.993286 11.767412 -1.437503
v -3.670602 10.863897 -2.155906
v -3.669528 11.498773 -0.768737
v -3.398616 12.698697 -1.706607
v -4.348692 12.087346 -2.763216
v -4.619604 10.887422 -1.825346
v -3.263923 12.267379 -1.851715
v -3.102550 13.330586 -3.028504
v -3.234942 12.573333 -3.750584
v -3.404805 11.462583 -2.634626
v -3.910822 11.948503 -2.249112
v -3.713565 13.024940 -3.398282
v -2.672808 12.854526 -3.410388
v -2.794523 11.763412 -2.259722
v -3.376955 11.686948 -3.514413
v -4.234117 12.556611 -2.816923
v -3.128821 13.104857 -2.142179
v -2.271659 12.235195 -2.839669
v -3.814826 12.261774 -2.514339
v -4.338188 13.413884 -1.753329
v -3.643856 13.311208 -1.063147
v -3.065282 12.142015 -1.779970
v -3.101536 12.530870 -2.416898
v -3.669051 13.675710 -1.656307
v -4.259461 13.070325 -1.152407
v -3.738197 11.888150 -1.871895
v -3.042102 12.676943 -1.118980
v -3.142724 13.350021 -2.241250
v -4.358549 12.885604 -2.410775
v -4.257927 12.212523 -1.288505
v -3.321177 12.813716 -1.886679
v -3.303108 13.861807 -2.704366
v -3.433032 13.336517 -3.396946
v -3.460413 12.259295 -2.636656
v -3.872620 12.579522 -2.221283
v -3.823476 13.633624 -3.014599
v -2.954294 13.546447 -3.111532
v -2.940186 12.480231 -2.320992
v -3.502309 12.570777 -3.325693
v -4.199374 13.143012 -2.577405
v -3.257553 13.547639 -2.009482
v -2.560487 12.975405 -2.757770
v -3.522853 12.748566 -2.614057
v -4.212295 13.715478 -2.331612
v -4.083460 13.592612 -1.542862
v -3.387812 12.621245 -1.766589
v -3.093969 12.947263 -2.195556
v -3.803215 13.896636 -1.938475
v -4.459815 13.425947 -1.904547
v -3.792420 12.433796 -2.161401
v -3.682094 13.054135 -1.305430
v -3.185028 13.614465 -2.080870
v -3.919766 13.278376 -2.794701
v -4.416832 12.718049 -2.019261
v -3.408563 12.998153 -1.854616
v -3.440116 13.971069 -2.282110
v -3.407748 13.699300 -2.929781
v -3.374097 12.714181 -2.552672
v -3.778415 12.834081 -2.225644
v -3.788994 13.815692 -2.631913
v -3.086780 13.842248 -2.607961
v -3.025179 12.868968 -2.202646
v -3.377586 13.088260 -3.026814
v -4.069864 13.309890 -2.434754
v -3.438416 13.594633 -1.803012
v -2.746139 13.373002 -2.395072
v -3.629054 12.191954 -2.974306
v -3.130220 12.692381 -4.972641
v -3.224543 11.344995 -5.364029
v -3.729572 10.747069 -3.396965
v -4.433661 11.548016 -3.353039
v -3.888414 12.085814 -5.333332
v -2.527004 11.903036 -5.032193
v -2.970509 11.354560 -3.039670
v -3.520631 10.450155 -4.553195
v -4.716849 11.891101 -4.461830
v -3.342728 12.990854 -3.815339
v -2.146509 11.549907 -3.906703
v -4.135155 11.608885 -3.837683
v -5.899452 12.297937 -3.181663
v -5.503480 12.207067 -1.908999
v -3.696537 11.506021 -2.476978
v -3.651262 12.246133 -3.168568
v -5.447865 12.901030 -2.548714
v -5.918940 11.652223 -2.491313
v -4.153039 10.904842 -3.108219
v -4.419626 11.814080 -1.628298
v -4.360733 13.081792 -2.878211
v -5.181611 11.991410 -4.022795
v -5.240505 10.723700 -2.772881
v -4.275678 12.267651 -2.979991
v -3.531595 13.456695 -4.202945
v -3.016453 12.526103 -4.821553
v -3.717002 11.279202 -3.653599
v -4.544086 11.708729 -3.713826
v -3.785707 12.927826 -4.893704
v -2.782670 13.012662 -4.186054
v -3.463787 11.806487 -2.961301
v -3.139734 11.495053 -4.512523
v -4.578290 12.280547 -4.584646
v -4.116494 13.240823 -3.337145
v -2.677939 12.455328 -3.265023
v -4.368270 11.913022 -3.943300
v -5.945422 12.559144 -3.590832
v -5.752537 12.494971 -2.448626
v -4.148490 11.838918 -2.720351
v -4.013003 12.467796 -3.321610
v -5.616660 13.085134 -3.003056
v -6.054996 12.011062 -2.989379
v -4.483647 11.315548 -3.306850
v -4.859955 12.136850 -2.077249
v -4.637923 13.213841 -3.165188
v -5.239051 12.264154 -4.227995
v -5.461083 11.187165 -3.140056
v -4.578221 12.553817 -3.142647
v -4.273084 13.610845 -4.285835
v -3.888628 12.855682 -4.913757
v -4.166460 11.740927 -3.813585
v -4.897632 12.049964 -3.710270
v -4.574730 13.134315 -4.820087
v -3.611113 13.294089 -4.422246
v -3.865128 12.216258 -3.278092
v -3.855880 11.963449 -4.641807
v -5.125711 12.529054 -4.429315
v -4.580473 13.388661 -3.459096
v -3.310641 12.823058 -3.671588
v -4.777012 12.234670 -3.955544
v -5.916118 13.121533 -3.631979
v -5.598540 13.233571 -2.707001
v -4.431210 12.350992 -2.964411
v -4.305479 12.725493 -3.598558
v -5.475241 13.587617 -3.294185
v -6.004147 12.804773 -3.017772
v -4.876054 11.887953 -3.301190
v -4.871037 12.840851 -2.426014
v -4.674468 13.475340 -3.558020
v -5.477129 12.635154 -4.168325
v -5.673699 12.000665 -3.036320
v -4.816823 12.816973 -3.244654
v -4.853658 13.755065 -4.182111
v -4.593374 13.175483 -4.789409
v -4.537808 12.199472 -3.900458
v -5.136547 12.390283 -3.676633
v -5.154967 13.346334 -4.583665
v -4.316169 13.551515 -4.419980
v -4.236182 12.602012 -3.492931
v -4.448415 12.435879 -4.616969
v -5.484581 12.787873 -4.197744
v -4.938663 13.518394 -3.461810
v -3.902498 13.166401 -3.881035
v -4.948836 12.476334 -3.944114
v -5.784575 13.352796 -3.860148
v -5.530385 13.553678 -3.119301
v -4.670594 12.686178 -3.149636
v -4.517890 12.875651 -3.713040
v -5.379736 13.731276 -3.642027
v -5.902838 13.205474 -3.319973
v -5.077147 12.309462 -3.367630
v -4.986003 13.207366 -2.805079
v -4.737676 13.519065 -3.806841
v -5.471259 12.834704 -4.201628
v -5.719586 12.523004 -3.199866
v -4.939115 12.842969 -3.338242
v -5.160900 13.662301 -3.973010
v -4.928634 13.308319 -4.534378
v -4.690288 12.464534 -3.941550
v -5.167602 12.505996 -3.706501
v -5.376739 13.345448 -4.321202
v -4.730062 13.599826 -4.214042
v -4.474733 12.782432 -3.594136
v -4.707404 12.729606 -4.486346
v -5.535370 12.820916 -4.056186
v -5.145185 13.396409 -3.427324
v -4.317218 13.305099 -3.857485
v -3.408819 13.339654 -2.911821
v -2.698415 14.021389 -4.793673
v -2.906651 12.750036 -5.357438
v -3.628304 11.979548 -3.526947
v -4.243274 12.846185 -3.427247
v -3.487766 13.553709 -5.274381
v -2.180448 13.180303 -4.915186
v -2.841084 12.445086 -3.040696
v -3.357315 11.805009 -4.694872
v -4.396550 13.352691 -4.494144
v -2.969647 14.197299 -3.618817
v -1.930412 12.649619 -3.819544
v -4.079018 12.981456 -3.747380
v -5.169558 14.239011 -2.614755
v -4.375228 14.020375 -1.563108
v -3.228104 12.748416 -2.617724
v -3.211685 13.424109 -3.373555
v -4.347860 14.652669 -2.265507
v -5.131190 13.639808 -1.884415
v -4.046342 12.330816 -2.970389
v -3.452703 13.287978 -1.622718
v -3.464401 14.450554 -2.972210
v -4.946646 13.695834 -3.609543
v -4.934948 12.533262 -2.260051
v -3.804778 13.706103 -2.950340
v -2.815165 14.858712 -4.016983
v -2.459232 13.923532 -4.733084
v -3.419780 12.706515 -3.722027
v -4.147180 13.291730 -3.746586
v -3.143877 14.460899 -4.762045
v -2.156817 14.289521 -4.047627
v -3.096760 13.097434 -2.970851
v -2.777734 12.903587 -4.544804
v -4.042078 13.949090 -4.545191
v -3.454584 14.660058 -3.188351
v -2.190239 13.614557 -3.187964
v -4.042927 13.531163 -3.867696
v -5.040360 14.736051 -3.081994
v -4.470867 14.587016 -2.082282
v -3.435364 13.375382 -2.792522
v -3.312769 13.905986 -3.484469
v -4.352292 15.090550 -2.719886
v -5.103889 14.260875 -2.415421
v -4.124191 13.021779 -3.154057
v -3.700952 13.916600 -1.996029
v -3.524390 14.833548 -3.229256
v -4.772632 14.195042 -3.882720
v -4.949195 13.278092 -2.649493
v -3.854572 14.243922 -3.062264
v -3.188306 15.373799 -3.966801
v -2.866874 14.648431 -4.661697
v -3.505717 13.472686 -3.813258
v -4.173288 13.908912 -3.743642
v -3.493514 15.049775 -4.603473
v -2.586082 14.946532 -4.075959
v -3.205041 13.788733 -3.170449
v -3.040047 13.743984 -4.546090
v -4.199275 14.524074 -4.387393
v -3.652561 15.100444 -3.227034
v -2.493333 14.320355 -3.385730
v -3.856423 14.581422 -2.300009
v -3.500041 15.239252 -3.378389
v -4.520677 14.729018 -4.026938
v -4.877059 14.071191 -2.948559
v -3.883864 14.233834 -4.448896
v -4.499936 14.960555 -3.766534
v -3.503731 15.380174 -3.314005
v -2.887659 14.653453 -3.996367
v -3.688955 14.528415 -3.715396
v -4.479684 15.461003 -3.734140
v -4.650467 15.348071 -2.951899
v -3.878527 14.414821 -2.876464
v -3.457770 14.750352 -3.171464
v -4.261404 15.670112 -3.220966
v -4.851285 15.155690 -3.424019
v -4.096626 14.205445 -3.389607
v -4.339602 14.833550 -2.569684
v -3.614366 15.415469 -3.115350
v -4.012743 15.040744 -4.044450
v -4.737979 14.458825 -3.498784
v -3.701801 14.746384 -2.887758
v -3.744278 15.642331 -3.456139
v -3.810757 15.274483 -4.051663
v -3.773345 14.356597 -3.529674
v -4.124787 14.552693 -3.179202
v -4.143214 15.457196 -3.729626
v -3.443736 15.444806 -3.800056
v -3.374302 14.539323 -3.254726
v -3.821291 14.654962 -4.054641
v -4.417914 15.009557 -3.424397
v -3.695671 15.342607 -2.928067
v -3.099047 14.988014 -3.558312
v -3.630886 11.837192 -1.375806
v -4.353037 12.587173 -3.212213
v -4.756213 11.302584 -3.618189
v -4.058759 10.453689 -1.799221
v -4.548187 11.242689 -1.272795
v -5.217997 12.025840 -3.114067
v -3.960450 11.819008 -3.708483
v -3.193380 11.014542 -1.896401
v -4.584623 10.305497 -2.889720
v -5.396641 11.718916 -1.963173
v -3.827198 12.730910 -2.131493
v -3.015180 11.317492 -3.058040
v -4.664200 11.604912 -1.641327
v -5.311594 12.467237 0.057147
v -4.127787 12.269813 0.643956
v -3.393801 11.392771 -1.012387
v -3.778864 12.151024 -1.564556
v -4.478392 12.984982 0.134525
v -4.894333 11.793488 0.572768
v -4.229023 10.877570 -1.084812
v -3.235248 11.744571 0.072652
v -3.957834 13.052327 -0.897134
v -5.469384 12.119248 -1.029137
v -4.746797 10.811491 -0.059351
v -3.918422 12.683890 -1.501263
v -4.881659 13.366126 -2.935975
v -5.411971 12.272809 -3.129569
v -4.492011 11.514344 -1.715870
v -4.718155 12.252145 -1.189852
v -5.637851 12.960105 -2.644864
v -4.716274 12.646347 -3.397391
v -3.737546 11.921650 -2.009655
v -5.187208 11.411831 -2.505781
v -5.548890 12.733020 -1.602848
v -4.185925 13.472425 -2.138804
v -3.824243 12.151236 -3.041737
v -4.823063 12.599515 -1.638110
v -5.281419 13.626723 -0.309747
v -4.261104 13.461092 0.217018
v -3.724366 12.413621 -1.083394
v -4.015187 13.008359 -1.663970
v -4.522986 14.020167 -0.324279
v -4.958862 13.099126 0.230386
v -4.486513 12.027920 -1.058997
v -3.535370 12.860572 -0.207649
v -4.088785 13.890012 -1.220960
v -5.466625 13.187993 -1.181651
v -4.913208 12.158553 -0.168340
v -4.116641 13.460617 -1.210607
v -4.391205 14.559680 -2.318855
v -4.743837 13.829429 -2.993204
v -4.493718 12.671718 -1.928901
v -4.850952 13.126304 -1.375253
v -5.084356 14.246011 -2.475852
v -4.106138 14.118005 -2.848766
v -3.800971 12.987106 -1.773575
v -4.774772 12.924582 -2.759059
v -5.365753 13.738761 -1.776516
v -4.111217 14.307428 -1.493159
v -3.520236 13.493250 -2.475701
v -4.846720 13.423196 -1.500773
v -5.027097 14.566403 -0.574557
v -4.102490 14.478045 -0.248541
v -3.854570 13.327826 -1.151490
v -4.166490 13.712948 -1.710586
v -4.386473 14.845713 -0.767685
v -4.691864 14.221078 -0.070864
v -4.496296 13.054477 -0.953553
v -3.568098 13.862937 -0.559754
v -4.151113 14.530845 -1.527559
v -5.312571 14.034972 -1.170100
v -4.729556 13.367064 -0.202295
v -4.151880 14.019462 -1.283096
v -4.746611 14.973744 -1.981679
v -5.290284 14.389144 -2.349287
v -4.735229 13.392266 -1.677509
v -4.769795 13.765773 -1.125882
v -5.326673 14.729592 -1.829982
v -4.756628 14.613765 -2.488848
v -4.152290 13.631597 -1.825823
v -5.253039 13.632779 -2.179021
v -5.280540 14.297582 -1.214361
v -4.226122 14.732192 -1.483815
v -4.198621 14.067389 -2.448475
v -4.863083 13.875222 -1.513972
v -5.164296 14.898263 -0.936417
v -4.466364 14.900587 -0.528118
v -4.111511 13.869054 -1.080674
v -4.286578 14.111094 -1.616781
v -4.621807 15.125160 -1.030993
v -4.965453 14.691841 -0.441109
v -4.655384 13.646532 -0.983684
v -3.977276 14.382902 -0.624623
v -4.313267 14.795403 -1.562335
v -5.296621 14.388885 -1.388818
v -4.960630 13.976385 -0.451105
v -4.353909 14.190825 -1.212695
v -4.752102 15.098730 -1.584850
v -5.152126 14.748897 -2.045264
v -4.783116 13.815436 -1.706634
v -4.861271 13.981294 -1.205456
v -5.228762 14.896390 -1.576229
v -4.713599 14.935051 -2.053195
v -4.304473 14.013108 -1.713464
v -5.144778 14.129951 -2.082688
v -5.254783 14.426789 -1.200255
v -4.388033 14.783864 -1.212321
v -4.278028 14.487023 -2.094754
v -3.839039 10.871737 -1.697774
v -4.447163 11.112220 -3.718895
v -4.327089 9.729285 -3.943862
v -3.713790 9.389622 -1.950923
v -4.514451 10.010116 -1.614604
v -5.084926 10.299636 -3.642424
v -3.740346 10.476861 -4.014217
v -3.076607 10.202471 -2.029386
v -3.970593 8.949393 -3.048029
v -5.346733 10.083959 -2.469568
v -4.193995 11.555693 -2.613833
v -2.817856 10.421127 -3.192294
v -4.568516 10.008149 -2.168636
v -5.833585 10.662418 -0.749533
v -4.815460 11.012634 0.041350
v -3.473954 10.382836 -1.322452
v -3.998084 10.871810 -2.039603
v -5.300429 11.479650 -0.622437
v -5.305964 10.260781 -0.075577
v -4.012098 9.568061 -1.444181
v -3.691259 10.853763 -0.293768
v -4.644397 11.671973 -1.556664
v -5.616957 10.196282 -1.778724
v -4.663819 9.378074 -0.515828
v -4.393319 10.994627 -1.944687
v -5.093857 11.164748 -3.643620
v -4.963280 9.959542 -3.854511
v -4.247283 9.699780 -2.156678
v -4.941611 10.217741 -1.807661
v -5.612156 10.432124 -3.516925
v -4.486445 10.633556 -3.971071
v -3.730027 10.432691 -2.285948
v -4.544779 9.292489 -3.096726
v -5.736178 10.240969 -2.486318
v -4.796543 11.566728 -2.712354
v -3.605144 10.618248 -3.322762
v -5.068195 10.249331 -2.306677
v -6.175321 11.147199 -1.300756
v -5.298982 11.619535 -0.705033
v -4.124187 10.753242 -1.670814
v -4.561330 10.994708 -2.396043
v -5.704257 11.855878 -1.378860
v -5.732361 10.967549 -0.633177
v -4.602361 10.050056 -1.586507
v -4.319104 11.395049 -0.929487
v -5.117849 11.786470 -2.195035
v -5.981395 10.511968 -2.044204
v -5.182650 10.120545 -0.778656
v -4.987263 11.240793 -1.938581
v -5.540780 11.866758 -3.281272
v -5.324171 10.984383 -3.816864
v -4.749799 10.288177 -2.501278
v -5.396082 10.545699 -2.105310
v -5.927536 11.212268 -3.441144
v -4.968354 11.586514 -3.669781
v -4.364121 10.943926 -2.343988
v -4.938247 10.242103 -3.394636
v -6.051947 10.727180 -2.686183
v -5.351837 11.911928 -2.396789
v -4.238135 11.426854 -3.105242
v -5.377569 10.791570 -2.567081
v -6.619970 11.319856 -1.938597
v -6.117486 11.579341 -1.132887
v -4.849524 11.074558 -1.697287
v -5.008291 11.425324 -2.337566
v -6.268131 11.916306 -1.723731
v -6.441178 11.030606 -1.330564
v -5.197900 10.476675 -1.913811
v -5.265410 11.443140 -1.058792
v -5.566322 12.029532 -2.193803
v -6.200798 10.948837 -2.583920
v -5.899887 10.362446 -1.448910
v -5.221536 11.649263 -2.074756
v -6.053955 12.067760 -3.017752
v -6.139471 11.248695 -3.324826
v -5.315737 10.771747 -2.406906
v -5.646842 11.125729 -1.948582
v -6.450121 11.571171 -2.893069
v -5.774999 11.705556 -3.439534
v -4.914505 11.265648 -2.525938
v -5.766527 10.649638 -3.006583
v -6.323289 11.295641 -2.202852
v -5.598147 12.190326 -2.419635
v -5.041384 11.544323 -3.223366
v -5.513216 11.222878 -2.526293
v -6.576484 11.744382 -2.221587
v -6.296334 11.909399 -1.481244
v -5.221362 11.404125 -1.729664
v -5.210843 11.709838 -2.261709
v -6.289560 12.202974 -1.972411
v -6.560304 11.487492 -1.710486
v -5.506620 10.944729 -1.979272
v -5.637498 11.731359 -1.278894
v -5.637705 12.246181 -2.226158
v -6.156734 11.415864 -2.677307
v -6.156526 10.901043 -1.730043
v -5.431612 11.653453 -1.833967
v -6.053666 12.325472 -2.375305
v -5.977648 11.940736 -2.958900
v -5.355635 11.246773 -2.464798
v -5.704375 11.234628 -2.061031
v -6.309609 11.928848 -2.588386
v -5.742180 12.305629 -2.762866
v -5.098310 11.641891 -2.250588
v -5.634965 11.425855 -2.969744
v -6.235307 11.426443 -2.249680
v -5.772668 12.145153 -1.864549
v -5.172325 12.144564 -2.584613
v -3.443438 12.251431 -1.151126
v -4.919985 12.907393 -2.510075
v -5.541237 11.645871 -2.497904
v -4.100564 10.893438 -1.129245
v -4.228730 11.778592 -0.546784
v -5.660039 12.460900 -1.939245
v -4.860388 12.056644 -3.023067
v -3.359724 11.339513 -1.699378
v -5.095424 10.707133 -1.809280
v -5.276380 12.283803 -0.810789
v -3.929873 13.088712 -1.837754
v -3.748916 11.512042 -2.836245
v -4.391635 11.937545 -0.723088
v -3.748262 13.124469 0.757529
v -2.471456 12.873515 0.455022
v -3.026833 11.658131 -1.060319
v -3.686008 12.368299 -1.359087
v -3.080525 13.534902 0.162597
v -3.085774 12.495915 1.002359
v -3.692518 11.251760 -0.460320
v -2.182603 12.150661 -0.441315
v -3.377362 13.375015 -0.937648
v -4.584406 12.635434 0.143511
v -3.389647 11.411078 0.639844
v -3.436429 12.755750 -0.880526
v -4.921502 13.551524 -1.666653
v -5.565017 12.509152 -1.550910
v -4.136209 11.642643 -0.761380
v -4.012451 12.384233 -0.207380
v -5.462375 13.199592 -1.030239
v -5.067414 12.832932 -2.136411
v -3.592793 11.993130 -1.396424
v -5.137218 11.617823 -1.105991
v -4.893767 12.941159 -0.167292
v -3.913982 13.577828 -1.318950
v -4.157433 12.254493 -2.257648
v -4.323546 12.654599 -0.699474
v -4.272069 13.517152 0.825154
v -3.179517 13.172093 1.007426
v -3.151229 12.289409 -0.495242
v -3.505042 12.987920 -0.898053
v -3.499854 13.832805 0.640013
v -3.889954 12.881694 1.177756
v -3.923403 11.974956 -0.307903
v -2.683257 12.580384 0.334886
v -3.345718 13.795022 -0.356936
v -4.743449 13.229039 -0.012224
v -4.080988 12.014401 0.679599
v -3.416906 13.354447 -0.654277
v -4.651572 14.272712 -1.033628
v -5.326002 13.476805 -0.878568
v -4.134630 12.495925 -0.486038
v -3.840851 13.067811 -0.009143
v -5.055783 14.005616 -0.426364
v -4.954128 13.722532 -1.437251
v -3.734682 12.766335 -1.094655
v -5.027098 12.631104 -0.611738
v -4.490617 13.651145 0.194015
v -3.763674 14.138349 -0.906767
v -4.300154 13.118308 -1.712520
v -4.210820 13.332198 -0.387835
v -3.927642 14.363006 0.634073
v -2.962452 14.173726 0.594409
v -3.176556 13.123731 -0.435711
v -3.621834 13.596767 -0.804714
v -3.371171 14.615983 0.244132
v -3.474406 13.940988 0.953155
v -3.732204 12.874137 -0.042429
v -2.641347 13.562795 0.059016
v -3.453120 14.381326 -0.568423
v -4.459596 13.926890 0.140904
v -3.647823 13.108356 0.768344
v -3.374845 13.880246 -0.546743
v -4.283387 14.835373 -0.655710
v -4.930634 14.272845 -0.463078
v -4.067710 13.274980 -0.339802
v -3.678509 13.669563 0.031440
v -4.574893 14.642114 -0.110945
v -4.662447 14.450644 -0.964261
v -3.781235 13.473737 -0.885257
v -4.782027 13.521855 -0.313265
v -4.087666 14.231011 0.309831
v -3.568965 14.590671 -0.677531
v -4.263327 13.881516 -1.300626
v -4.071495 13.803954 -0.447587
v -4.050870 14.756343 0.309381
v -3.276460 14.617758 0.496213
v -3.240586 13.653346 -0.248699
v -3.515578 13.989022 -0.682685
v -3.526453 14.936414 0.091936
v -3.758924 14.452093 0.696263
v -3.765036 13.478753 -0.026908
v -2.915040 14.071950 0.201818
v -3.425991 14.657789 -0.545224
v -4.375347 14.341464 -0.143961
v -3.864396 13.755626 0.603080
v -3.347881 14.060139 -0.467336
v -3.906871 14.954643 -0.398763
v -4.481244 14.603061 -0.196603
v -3.961991 13.679326 -0.250634
v -3.555720 13.900884 0.015171
v -4.106409 14.810196 0.056803
v -4.297669 14.735952 -0.615723
v -3.765917 13.829568 -0.705829
v -4.473240 13.981544 -0.132346
v -3.751687 14.383520 0.311139
v -3.396019 14.654264 -0.512938
v -4.117572 14.252286 -0.956423
v -4.229608 14.013844 -1.373060
v -5.341474 14.656840 -3.062888
v -5.968506 13.401628 -3.156741
v -4.907025 12.670003 -1.480936
v -5.146502 13.571379 -0.961941
v -6.202771 14.237117 -2.669340
v -5.176112 13.787772 -3.518805
v -4.042030 13.087422 -1.868784
v -5.716081 12.482219 -2.364401
v -6.090494 14.087831 -1.471405
v -4.527078 14.844940 -2.177188
v -4.152665 13.239328 -3.070184
v -5.250288 13.590474 -1.600894
v -5.775682 14.473420 0.110613
v -4.620667 14.145108 0.672876
v -4.010474 13.237432 -0.999288
v -4.318589 14.035872 -1.528691
v -4.899708 14.898270 0.187693
v -5.426564 13.754245 0.601962
v -4.889436 12.817245 -1.067404
v -3.801247 13.546283 0.078605
v -4.392035 14.932101 -0.846482
v -5.983251 14.171685 -0.969418
v -5.392461 12.785867 -0.044332
v -4.432961 14.070613 -1.082873
v -4.911938 15.083688 -2.504789
v -5.383008 14.127950 -3.068294
v -4.935755 13.039212 -1.679444
v -5.279776 13.660522 -1.102750
v -5.713309 14.702441 -2.531114
v -4.645746 14.478696 -3.044076
v -4.136873 13.426090 -1.660692
v -5.368952 13.156480 -2.619259
v -5.932207 14.270515 -1.607048
v -4.484590 14.967534 -1.568643
v -3.921336 13.853499 -2.580854
v -5.342937 13.714192 -1.380825
v -5.413655 14.888164 -0.172199
v -4.317289 14.773191 0.052268
v -4.165551 13.579438 -1.151641
v -4.605130 14.082179 -1.683713
v -4.718255 15.242476 -0.450630
v -4.957057 14.447221 0.308425
v -4.861595 13.232282 -0.865897
v -3.752303 14.120568 -0.456766
v -4.561771 14.988512 -1.374059
v -5.821259 14.354350 -0.862665
v -5.011791 13.486406 0.054629
v -4.609517 14.195173 -1.040863
v -5.141260 15.213978 -2.019574
v -5.584558 14.496290 -2.564880
v -5.082767 13.420371 -1.621520
v -5.312976 13.848552 -1.034254
v -5.806442 14.890080 -2.016203
v -4.972589 14.794276 -2.567980
v -4.419126 13.747372 -1.627755
v -5.529953 13.637809 -2.333165
v -5.899604 14.407678 -1.301495
v -4.697143 14.997324 -1.310663
v -4.327491 14.227456 -2.342332
v -5.290265 13.930311 -1.568909
v -5.866311 14.859612 -0.719094
v -5.182015 14.764735 -0.105327
v -4.549850 13.818856 -0.918975
v -4.648919 14.244838 -1.467306
v -5.264207 15.160924 -0.619142
v -5.735951 14.487527 -0.197283
v -5.154893 13.522134 -1.014826
v -4.558042 14.246037 -0.242399
v -4.764480 14.979720 -1.210522
v -5.856473 14.437490 -1.388595
v -5.650035 13.703805 -0.420473
v -4.706393 14.247893 -1.123662
v -5.325752 15.137480 -1.648071
v -5.823153 14.615754 -2.003201
v -5.233817 13.678679 -1.499359
v -5.247326 13.972463 -0.965047
v -5.839521 14.882823 -1.501376
v -5.350485 14.850038 -2.138160
v -4.723504 13.938521 -1.648995
v -5.747855 13.910473 -1.906364
v -5.745631 14.441878 -0.976009
v -4.818615 14.907402 -1.244125
v -4.820838 14.375997 -2.174480
v -5.352045 13.912807 -1.417439
v -5.667200 14.874063 -1.019168
v -5.008095 14.996743 -0.747934
v -4.643573 14.040706 -1.127949
v -4.880191 14.156280 -1.609569
v -5.221613 15.102501 -1.200922
v -5.418035 14.786578 -0.580721
v -5.088718 13.811012 -0.946694
v -4.533350 14.572387 -0.816661
v -4.971540 14.760173 -1.654855
v -5.777022 14.343477 -1.327122
v -5.338831 14.155690 -0.488928
v -2.639517 13.103545 -1.309164
v -3.079236 14.150216 -3.107580
v -3.910581 13.100554 -3.537243
v -3.534906 11.986222 -1.784877
v -3.707223 12.868100 -1.208872
v -4.084949 13.924043 -3.006255
v -2.985325 13.308635 -3.630462
v -2.527637 12.208342 -1.879492
v -4.090131 12.083761 -2.855495
v -4.340442 13.646864 -1.850672
v -2.518500 14.052665 -2.028070
v -2.268189 12.489560 -3.032893
v -3.818407 13.387681 -1.442687
v -3.715124 14.418899 0.271138
v -2.548606 13.850026 0.587910
v -2.567435 12.767465 -1.118829
v -2.815804 13.610297 -1.624851
v -2.769063 14.631886 0.104171
v -3.418982 13.654075 0.741520
v -3.513286 12.557449 -0.946976
v -2.038471 13.051950 -0.128930
v -2.524915 14.520964 -1.011093
v -4.237463 14.135348 -0.708899
v -3.751019 12.666334 0.173263
v -2.936641 14.350434 -1.323209
v -3.429060 15.411300 -2.764869
v -4.208720 14.545938 -3.161514
v -3.774776 13.425689 -1.753641
v -3.864871 14.152575 -1.174239
v -4.302180 15.218713 -2.616559
v -3.405449 14.723117 -3.297959
v -2.899087 13.612348 -1.894179
v -4.335655 13.604554 -2.637549
v -4.446547 14.888880 -1.622733
v -2.862600 15.229627 -1.880892
v -2.751709 13.945300 -2.895708
v -3.970819 14.660902 -1.529546
v -3.949925 15.773067 -0.175264
v -2.948603 15.323606 0.200630
v -2.896527 14.185332 -1.118289
v -3.094561 14.841863 -1.670656
v -3.123232 15.939498 -0.313496
v -3.709160 15.170485 0.327804
v -3.723184 14.014615 -0.985166
v -2.481120 14.558386 -0.288996
v -2.872737 15.702624 -1.253448
v -4.369186 15.396871 -1.008566
v -3.977570 14.252631 -0.044114
v -3.163917 15.513108 -1.346681
v -3.560818 16.596533 -2.429712
v -4.268441 15.945155 -2.862538
v -3.920269 14.805772 -1.802866
v -3.963150 15.357201 -1.224180
v -4.314981 16.449926 -2.314645
v -3.574611 16.080032 -2.968399
v -3.166275 14.952852 -1.918433
v -4.407839 15.083407 -2.524826
v -4.442126 16.056404 -1.510117
v -3.075939 16.318808 -1.715571
v -3.041652 15.345814 -2.730281
v -4.021918 15.685145 -1.584472
v -4.006166 16.825012 -0.645427
v -3.141449 16.538902 -0.272068
v -3.094056 15.369292 -1.191073
v -3.284880 15.824231 -1.752159
v -3.310842 16.956987 -0.802963
v -3.781148 16.417488 -0.127135
v -3.789375 15.238079 -1.032877
v -2.733122 15.824513 -0.565672
v -3.105121 16.613983 -1.545981
v -4.363745 16.371273 -1.263830
v -3.991746 15.581805 -0.283521
v -3.242399 16.234972 -1.398873
v -3.703852 17.279839 -2.077456
v -4.391918 16.810085 -2.357406
v -3.983839 15.738655 -1.704105
v -3.878064 16.120211 -1.167243
v -4.302257 17.168484 -1.856988
v -3.841386 16.912529 -2.560237
v -3.384155 15.846923 -1.922625
v -4.492303 16.069788 -2.155734
v -4.275377 16.747492 -1.224634
v -3.191197 16.946789 -1.622280
v -3.408123 16.269083 -2.553381
v -3.916029 16.321791 -1.661550
v -4.155833 17.352907 -1.070417
v -3.617413 17.175013 -0.493980
v -3.336033 16.121605 -1.048217
v -3.298878 16.426500 -1.579538
v -3.574595 17.455641 -0.990863
v -4.152152 17.080496 -0.567169
v -3.918250 16.022825 -1.125587
v -3.236309 16.565989 -0.516200
v -3.201208 17.094595 -1.455188
v -4.254241 16.912146 -1.597260
v -4.289342 16.383543 -0.658273
v -3.322891 16.555243 -1.259959
v -3.672443 17.504694 -1.559159
v -4.293402 17.237371 -1.752373
v -3.986628 16.261110 -1.465017
v -3.801865 16.464495 -1.007530
v -4.126401 17.425194 -1.322892
v -3.875760 17.310511 -1.969738
v -3.534766 16.346725 -1.703158
v -4.415415 16.627388 -1.692592
v -4.067190 16.990240 -0.901402
v -3.247881 17.141333 -1.331296
v -3.596107 16.778482 -2.122486
v -3.255637 12.018704 -1.362380
v -3.713822 12.905961 -3.218712
v -4.036849 11.658814 -3.782465
v -3.597846 10.671532 -1.949281
v -4.169180 11.414452 -1.438563
v -4.577865 12.340487 -3.299653
v -3.241929 12.179049 -3.707998
v -2.736013 11.241584 -1.877410
v -3.960115 10.606665 -3.110406
v -4.918111 11.941008 -2.206312
v -3.356194 12.969159 -2.068714
v -2.398198 11.634816 -2.972808
v -4.221152 11.566813 -1.993300
v -5.401608 12.073999 -0.434538
v -4.401307 11.842601 0.420200
v -3.157405 11.322612 -1.064164
v -3.458594 12.143911 -1.576867
v -4.673979 12.614917 -0.052125
v -5.070725 11.344959 0.068380
v -3.876798 10.778178 -1.457026
v -3.343237 11.480106 0.060595
v -3.908823 12.894109 -0.863281
v -5.216231 11.910755 -1.567938
v -4.650645 10.496751 -0.644063
v -3.895482 12.287712 -1.338849
v -4.372253 13.248072 -2.859970
v -4.496660 12.203410 -3.498138
v -4.032976 11.175189 -2.036190
v -4.620273 11.682813 -1.516971
v -5.052742 12.670579 -3.017651
v -3.870612 12.734704 -3.353071
v -3.349211 11.745850 -1.868150
v -4.319420 11.233025 -3.055451
v -5.314552 12.153163 -2.130951
v -4.078844 13.190495 -1.833276
v -3.083713 12.270357 -2.757776
v -4.818161 11.910911 -1.845470
v -5.547776 12.805781 -0.544140
v -4.532201 12.890447 0.010294
v -3.721750 11.993821 -1.262024
v -4.131272 12.501339 -1.853694
v -4.901365 13.364670 -0.549149
v -5.126898 12.376267 0.014902
v -4.369757 11.436815 -1.254265
v -3.672804 12.477176 -0.381442
v -4.425319 13.338143 -1.423206
v -5.594626 12.325486 -1.415473
v -4.842111 11.464518 -0.373710
v -4.514869 12.768077 -1.325653
v -5.096190 13.712424 -2.463587
v -5.221682 12.890996 -3.113103
v -4.649740 11.887116 -2.022945
v -5.121714 12.232194 -1.476179
v -5.670222 13.209476 -2.608594
v -4.693573 13.353707 -2.979697
v -4.077245 12.392663 -1.880939
v -4.992111 12.024348 -2.853598
v -5.793035 12.660193 -1.888322
v -4.756607 13.575162 -1.631069
v -3.955683 12.939319 -2.596345
v -5.274380 12.503382 -1.796654
v -5.953488 13.434974 -0.854397
v -5.108850 13.577016 -0.369216
v -4.374162 12.663776 -1.268132
v -4.694495 13.004895 -1.850563
v -5.401783 13.901971 -0.911370
v -5.616419 13.147380 -0.316800
v -4.921224 12.190650 -1.217275
v -4.373159 13.186139 -0.598938
v -4.962635 13.757655 -1.622920
v -5.955849 12.905024 -1.527038
v -5.366373 12.333506 -0.503056
v -4.846434 13.242281 -1.352280
v -5.612851 14.034555 -2.092549
v -5.888321 13.347014 -2.565708
v -5.146656 12.509583 -1.864389
v -5.369514 12.800435 -1.306954
v -6.101822 13.612906 -2.045490
v -5.438468 13.734932 -2.609002
v -4.653184 12.926417 -1.907149
v -5.640154 12.627379 -2.426992
v -6.004616 13.159237 -1.448431
v -5.113991 13.916657 -1.528385
v -4.749529 13.384799 -2.506946
v -5.376997 12.953609 -1.817881
v -6.132048 13.713658 -1.244338
v -5.606527 13.810177 -0.637433
v -4.809692 13.053769 -1.169205
v -4.900203 13.349975 -1.699028
v -5.684479 14.089784 -1.130608
v -6.018290 13.464142 -0.742065
v -5.259497 12.679838 -1.281330
v -4.973248 13.473777 -0.635112
v -5.156055 13.974656 -1.572156
v -5.968646 13.296149 -1.776309
v -5.785838 12.795274 -0.839264
v -4.974371 13.425813 -1.323288
v -5.657103 14.147265 -1.683275
v -5.991041 13.663592 -2.069189
v -5.329429 12.903333 -1.735669
v -5.393997 13.082499 -1.237144
v -6.052877 13.823274 -1.601964
v -5.626928 13.961667 -2.143995
v -4.933555 13.227215 -1.816936
v -5.807561 13.068131 -2.074213
v -5.898307 13.398051 -1.201389
v -5.180529 13.983060 -1.347889
v -5.089782 13.653141 -2.220713
v -2.199542 13.667595 -1.362477
v -3.867944 14.775749 -2.025210
v -4.757802 13.810624 -1.521009
v -3.141177 12.622981 -0.816088
v -2.706325 13.505412 -0.402083
v -4.347949 14.624055 -1.119967
v -4.316198 13.950184 -2.353833
v -2.663080 12.775983 -1.722120
v -4.341961 12.784083 -0.944252
v -3.546523 14.338865 -0.261943
v -2.677242 14.613187 -1.900452
v -3.472680 13.058408 -2.582762
v -2.486987 13.795774 -0.284041
v -0.853062 14.912137 -0.666891
v -0.688413 14.306235 -1.846084
v -2.304728 13.149619 -1.550433
v -2.815248 13.975316 -1.257675
v -1.170102 15.076373 -1.583835
v -0.396735 14.155139 -1.002496
v -1.995047 12.980240 -0.631911
v -1.418641 13.461144 -2.219491
v -2.303487 14.900609 -1.655720
v -1.739524 14.596354 0.006273
v -0.854679 13.156890 -0.557499
v -2.029057 14.551797 -1.108355
v -3.422662 15.671092 -0.591325
v -3.837359 14.820627 0.195303
v -2.485031 13.648461 -0.260432
v -1.870996 14.347850 -0.182950
v -3.272264 15.477605 0.281239
v -3.975725 14.998635 -0.607456
v -2.634146 13.840863 -1.133456
v -3.345684 13.862702 0.316145
v -2.279577 15.106324 0.408138
v -2.552877 15.457423 -1.171001
v -3.618984 14.213801 -1.262993
v -1.909519 14.734373 0.009881
v -0.730954 15.886355 -0.588488
v -0.863153 15.484361 -1.668711
v -2.043301 14.311036 -1.152999
v -2.444006 14.944301 -0.690648
v -1.243217 16.076471 -1.245505
v -0.391871 15.309451 -1.064256
v -1.539069 14.112988 -0.492123
v -1.505979 14.722577 -1.889017
v -2.185861 15.822883 -1.040546
v -1.268376 15.469022 0.153529
v -0.588493 14.368717 -0.694941
v -1.728147 15.562416 -0.748857
v -2.580456 16.667978 0.008644
v -2.819323 15.989486 0.779974
v -1.984019 14.833924 0.078380
v -1.383631 15.351924 -0.031160
v -2.258245 16.473120 0.688134
v -3.115756 16.168755 0.154844
v -2.309034 15.032500 -0.598692
v -2.504713 15.110240 0.770435
v -1.469163 16.034399 0.544386
v -2.056958 16.393137 -0.681720
v -3.092508 15.468980 -0.455671
v -1.712458 15.797662 0.267182
v -0.684681 16.846964 0.117588
v -0.514800 16.585514 -0.816101
v -1.538890 15.508140 -0.733571
v -2.003811 15.998630 -0.415031
v -0.958203 17.037924 -0.526176
v -0.263159 16.409832 -0.223839
v -1.264029 15.318545 -0.089974
v -0.952479 15.927497 -1.189976
v -1.758617 16.775867 -0.595792
v -1.264456 16.429174 0.569652
v -0.458317 15.580804 -0.024532
v -1.573073 16.458971 -0.435635
v -1.980881 17.495676 0.277728
v -2.073120 16.991667 0.991828
v -1.671462 15.916730 0.329562
v -1.164905 16.274883 0.084369
v -1.595124 17.320185 0.767103
v -2.428017 17.153118 0.541603
v -2.056526 16.090399 -0.161007
v -1.914374 16.230925 0.977299
v -1.043443 16.867006 0.518858
v -1.740407 17.181183 -0.369297
v -2.611339 16.545103 0.089143
v -1.473435 16.464241 0.412562
v -0.936656 17.534599 0.225573
v -1.040109 17.474785 -0.574140
v -1.589829 16.389376 -0.443881
v -1.929220 16.628820 0.007917
v -1.363511 17.696074 -0.157103
v -0.647402 17.326227 -0.222078
v -1.159843 16.234110 -0.062140
v -1.364151 16.901222 -0.864436
v -1.937509 17.314743 -0.050427
v -1.161815 17.028381 0.641416
v -0.588456 16.614864 -0.172594
v -1.411476 16.778454 -0.210103
v -1.631419 17.748375 0.145706
v -1.964383 17.487104 0.707183
v -1.767603 16.492928 0.390528
v -1.261171 16.633181 0.297516
v -1.490496 17.615404 0.625997
v -2.094032 17.609438 0.265315
v -1.909400 16.629972 -0.088358
v -2.012628 16.871416 0.797697
v -1.130316 17.126310 0.609392
v -1.386427 17.371742 -0.258406
v -2.268739 17.116850 -0.070101
v -3.381992 16.300751 -1.244878
v -3.791852 17.304205 -3.052339
v -4.616456 16.255171 -3.496288
v -4.262877 15.164775 -1.703176
v -4.448749 16.058687 -1.150408
v -4.799703 17.079805 -2.970095
v -3.689234 16.461617 -3.571953
v -3.256504 15.393135 -1.792299
v -4.805718 15.239058 -2.791693
v -5.078699 16.820459 -1.822017
v -3.255174 17.229065 -1.975037
v -2.982193 15.647664 -2.944714
v -4.482198 16.228041 -1.689214
v -4.929440 17.169096 0.041043
v -3.907542 16.566164 0.654982
v -3.389393 15.588384 -1.017574
v -3.476855 16.457512 -1.532431
v -3.979582 17.382734 0.183884
v -4.781411 16.369614 0.523568
v -4.337830 15.371901 -1.165482
v -3.199082 15.813941 0.093473
v -3.403547 17.331488 -0.816519
v -5.121919 16.942638 -1.078885
v -4.917454 15.425093 -0.168894
v -3.657515 16.726370 -1.180889
v -4.109697 17.774443 -2.645854
v -4.841969 16.887266 -3.082598
v -4.444954 15.778944 -1.655461
v -4.584952 16.498421 -1.076721
v -4.984869 17.559969 -2.548381
v -4.036811 17.084581 -3.172273
v -3.570013 15.993987 -1.753732
v -4.968099 15.942502 -2.561801
v -5.169194 17.221266 -1.553851
v -3.586028 17.612165 -1.733923
v -3.384933 16.333403 -2.741873
v -4.638401 16.716599 -1.651048
v -5.076803 17.708427 -0.280855
v -4.213673 17.260965 0.352188
v -3.712268 16.236437 -0.971987
v -3.768821 16.929125 -1.512671
v -4.258760 17.913866 -0.143631
v -4.966272 17.071962 0.225942
v -4.532627 16.035936 -1.102532
v -3.578508 16.551435 -0.032631
v -3.723105 17.762518 -0.984043
v -5.207391 17.398008 -1.222458
v -5.062794 16.186924 -0.271047
v -3.984530 17.223425 -1.072847
v -4.282099 18.344143 -2.169945
v -4.865287 17.663158 -2.725387
v -4.612998 16.503948 -1.679376
v -4.781863 17.018332 -1.089729
v -5.033156 18.145958 -2.181446
v -4.174314 17.845488 -2.714805
v -3.860797 16.697432 -1.663450
v -4.996475 16.787868 -2.450803
v -5.253633 17.702234 -1.413817
v -3.893432 18.058388 -1.390545
v -3.636274 17.144022 -2.427531
v -4.751946 17.249672 -1.680334
v -5.275324 18.251596 -0.725873
v -4.660734 17.938414 -0.023601
v -4.090182 16.909252 -0.930909
v -4.037392 17.431023 -1.463047
v -4.601317 18.422865 -0.520704
v -5.280819 17.780846 -0.212357
v -4.764291 16.738167 -1.135897
v -4.102626 17.283377 -0.165835
v -4.044234 18.189198 -1.113849
v -5.263515 17.877666 -1.486616
v -5.321907 16.971846 -0.538601
v -4.165846 17.656744 -1.278097
v -4.754842 18.654840 -1.919792
v -5.417953 18.130386 -2.160018
v -4.878143 17.095522 -1.536740
v -4.773558 17.488104 -1.007651
v -5.325260 18.490591 -1.661451
v -4.893168 18.281496 -2.397691
v -4.304831 17.254616 -1.791878
v -5.441479 17.381895 -1.957426
v -5.225496 18.076738 -1.038823
v -4.188884 18.366875 -1.502015
v -4.404868 17.672029 -2.420619
v -4.974733 17.512098 -1.505004
v -5.006215 18.602289 -0.968878
v -4.231417 18.537085 -0.746936
v -4.143199 17.437443 -1.269155
v -4.421040 17.665970 -1.766370
v -4.483874 18.747728 -1.215308
v -4.711971 18.403280 -0.520221
v -4.665552 17.292282 -1.022583
v -3.843338 17.957125 -0.909363
v -4.359064 18.348871 -1.771287
v -5.304525 18.084141 -1.325897
v -4.788800 17.692396 -0.463974
v -4.453230 17.670389 -1.167856
v -4.599535 18.660051 -1.516551
v -4.839162 18.421577 -2.133068
v -4.710458 17.415340 -1.829592
v -4.947170 17.537413 -1.367140
v -5.064828 18.529766 -1.702963
v -4.411093 18.541439 -1.961570
v -4.244478 17.540791 -1.641589
v -4.879580 17.814236 -2.255404
v -5.270534 18.031786 -1.431552
v -4.427278 18.260759 -1.091854
v -4.036324 18.043209 -1.915705
v -3.049507 12.846919 -2.276820
v -1.255163 13.942266 -2.486391
v -0.626541 12.858377 -3.124789
v -2.384203 11.678163 -2.960791
v -2.949385 12.510488 -3.317146
v -1.158093 13.626534 -3.468110
v -0.715846 13.148849 -2.221608
v -2.478658 11.995549 -1.979351
v -1.228585 11.784898 -3.325725
v -2.229230 13.262910 -3.900008
v -2.404270 13.834872 -2.122977
v -1.403624 12.356858 -1.548695
v -2.900788 12.867372 -3.403269
v -4.564193 13.975471 -3.169263
v -4.714015 13.532813 -1.917731
v -3.061898 12.392711 -2.060427
v -2.576904 13.186222 -2.464447
v -4.252668 14.272208 -2.284292
v -5.000618 13.259816 -2.731905
v -3.367449 12.091907 -2.946107
v -3.957961 12.766250 -1.435186
v -3.116330 14.141343 -2.192563
v -3.670789 13.597743 -3.795660
v -4.512420 12.222651 -3.038282
v -3.187512 13.696349 -2.602870
v -1.767964 14.868876 -2.788666
v -1.090642 14.006989 -3.347624
v -2.465105 12.767923 -3.202077
v -3.060254 13.416919 -3.513186
v -1.643530 14.609021 -3.647977
v -1.205122 14.246055 -2.557058
v -2.585159 13.031537 -2.343288
v -1.480064 13.003701 -3.523533
v -2.531008 14.159343 -4.025184
v -2.750855 14.634372 -2.470301
v -1.699911 13.478728 -1.968650
v -3.015989 13.825416 -3.620271
v -4.302540 14.981606 -3.391704
v -4.418973 14.668266 -2.280750
v -3.137121 13.485857 -2.428874
v -2.650735 14.096084 -2.836808
v -3.953784 15.233077 -2.653219
v -4.739829 14.436913 -2.960156
v -3.481700 13.230511 -3.167990
v -3.833937 13.937867 -1.861573
v -2.991032 14.991200 -2.618420
v -3.611768 14.526251 -3.956824
v -4.454673 13.472919 -3.199977
v -3.169240 14.522449 -2.861733
v -2.133145 15.618932 -3.332064
v -1.633387 14.927735 -3.952428
v -2.643958 13.768847 -3.522535
v -3.251599 14.275834 -3.643068
v -2.205548 15.392060 -4.071511
v -1.566777 15.136456 -3.272137
v -2.566261 14.001504 -2.785425
v -1.920855 14.035428 -4.012679
v -2.983925 14.939519 -4.185988
v -2.849018 15.354414 -2.849128
v -1.785948 14.450325 -2.675820
v -2.859354 14.543996 -3.725757
v -3.868083 15.616592 -3.878811
v -4.268899 15.396815 -3.007010
v -3.286226 14.304762 -2.789807
v -2.741958 14.771024 -3.000936
v -3.760448 15.834142 -3.195585
v -4.367924 15.196670 -3.635579
v -3.396977 14.090589 -3.473601
v -3.953214 14.752217 -2.511048
v -3.003405 15.561323 -2.918311
v -3.202061 15.171643 -4.155783
v -4.151870 14.362540 -3.748520
v -3.197746 15.006471 -3.070044
v -2.515646 16.127548 -3.251945
v -1.861841 15.685639 -3.638890
v -2.495204 14.534164 -3.485491
v -3.049782 14.825200 -3.715134
v -2.378449 15.952434 -3.859897
v -1.988063 15.846745 -3.079575
v -2.634793 14.705174 -2.876915
v -1.887300 14.916139 -3.732520
v -2.871075 15.433623 -4.103579
v -3.123019 15.744451 -3.002126
v -2.139244 15.226966 -2.631067
v -2.820199 14.938619 -3.671161
v -3.363354 16.022985 -3.696188
v -3.568981 15.964717 -2.916352
v -3.036451 14.867296 -2.834025
v -2.546175 15.095234 -3.124400
v -3.108618 16.178360 -3.180738
v -3.803339 15.821773 -3.390566
v -3.294964 14.719546 -3.349838
v -3.390480 15.386241 -2.527777
v -2.543703 15.781562 -3.065401
v -3.009382 15.509481 -3.998925
v -3.856159 15.114162 -3.461300
v -2.922038 15.181916 -2.859324
v -2.596815 16.109106 -3.260971
v -2.368908 15.789401 -3.844263
v -2.676025 14.843276 -3.486946
v -3.143342 15.059374 -3.346540
v -2.806628 15.990449 -3.719359
v -2.175880 15.898564 -3.422546
v -2.467248 14.958883 -3.027309
v -2.420707 15.176973 -3.923800
v -3.231143 15.562415 -3.652628
v -2.852478 15.773857 -2.821479
v -2.042042 15.388420 -3.092651
v -2.651718 12.000058 -2.464798
v -0.725455 12.429906 -3.230935
v -0.528743 11.078944 -3.568184
v -2.442225 10.550224 -2.826088
v -2.848437 11.384973 -3.352750
v -0.919693 11.847484 -4.065162
v -0.350044 11.614772 -2.800695
v -2.256641 11.130495 -1.988398
v -1.392820 10.215674 -3.344914
v -2.106489 11.710978 -4.222615
v -1.770857 12.761309 -2.706116
v -1.057189 11.266006 -1.828414
v -2.242316 11.322267 -3.345283
v -3.754880 12.152759 -4.371004
v -4.541764 12.137548 -3.291511
v -3.079369 11.301943 -2.181919
v -2.428609 11.981920 -2.559086
v -3.938452 12.779433 -3.634894
v -4.372877 11.561011 -3.968731
v -2.903621 10.679627 -2.923614
v -4.155054 11.712853 -2.254131
v -3.005164 12.876802 -2.958273
v -2.682784 11.747916 -4.297872
v -3.832675 10.583966 -3.593731
v -2.646916 12.016326 -2.761906
v -0.986304 12.514211 -3.432214
v -0.682746 11.335325 -3.611468
v -2.311613 10.754591 -2.958099
v -2.737167 11.394563 -3.488691
v -1.070798 11.927836 -4.118108
v -0.605012 11.874787 -2.980445
v -2.226471 11.341161 -2.272453
v -1.362042 10.525604 -3.366377
v -2.099375 11.683246 -4.265184
v -1.943049 12.745768 -3.024923
v -1.205717 11.588128 -2.126116
v -2.185110 11.360513 -3.477054
v -3.299603 12.243229 -4.486202
v -4.028954 12.395444 -3.596911
v -2.962653 11.519809 -2.518174
v -2.287952 11.989599 -2.833503
v -3.398041 12.837847 -3.880421
v -3.938391 11.848396 -4.154230
v -2.865633 10.926331 -3.125297
v -3.818407 12.023728 -2.661346
v -2.626035 12.816884 -3.246128
v -2.448422 11.740977 -4.343258
v -3.640793 10.947822 -3.758476
v -2.554179 12.068066 -3.026352
v -1.268838 12.537324 -3.835558
v -0.993690 11.534732 -4.012943
v -2.256982 10.993155 -3.218011
v -2.709512 11.517804 -3.618948
v -1.422831 12.015274 -4.389855
v -0.852016 12.015016 -3.502989
v -2.110442 11.512270 -2.658958
v -1.496905 10.821525 -3.694428
v -2.291662 11.768142 -4.365108
v -2.026298 12.707887 -3.353181
v -1.231542 11.761270 -2.682501
v -2.123395 11.479062 -3.610478
v -2.845601 12.326228 -4.596144
v -3.525568 12.552900 -3.921418
v -2.857047 11.727250 -2.892416
v -2.207155 12.038357 -3.090033
v -2.919660 12.847883 -4.098044
v -3.457434 12.072978 -4.379670
v -2.778028 11.199613 -3.383401
v -3.496775 12.242223 -3.114627
v -2.346923 12.756978 -3.482758
v -2.205586 11.803889 -4.373992
v -3.355438 11.289136 -4.005861
v -2.656804 12.074126 -3.299419
v -1.726628 12.787115 -3.927527
v -1.202659 12.082772 -3.970341
v -2.086348 11.325030 -3.351056
v -2.557906 11.569974 -3.754328
v -1.639646 12.306430 -4.352345
v -1.282682 12.525004 -3.579508
v -2.179647 11.800647 -2.921896
v -1.408031 11.397826 -3.681232
v -2.244821 11.850856 -4.365216
v -2.409739 12.715030 -3.591076
v -1.572948 12.262000 -2.907093
v -2.130497 11.584037 -3.661852
v -2.506316 12.366899 -4.523505
v -3.095926 12.633222 -4.038475
v -2.766325 11.876748 -3.149318
v -2.182995 12.046800 -3.235639
v -2.553960 12.799396 -4.116815
v -3.052094 12.235324 -4.412630
v -2.716799 11.440177 -3.551406
v -3.192432 12.374496 -3.383312
v -2.164912 12.650939 -3.556897
v -2.076678 11.863743 -4.288257
v -3.104198 11.587299 -4.114672
v -2.644035 12.051246 -3.355994
v -2.099628 12.680694 -4.010673
v -1.640569 12.165282 -4.144830
v -2.151635 11.498106 -3.499830
v -2.609807 11.649047 -3.728066
v -2.069818 12.298221 -4.358589
v -1.667994 12.517158 -3.824747
v -2.183926 11.877539 -3.148819
v -1.689893 11.605472 -3.882211
v -2.499568 11.887409 -4.261473
v -2.558422 12.573774 -3.625593
v -1.748746 12.291835 -3.246331
v -2.824560 13.463507 -1.820199
v -2.074102 14.494622 -3.505340
v -2.545432 13.493942 -4.373684
v -3.333826 12.384975 -2.744243
v -3.762672 13.284441 -2.361835
v -2.954079 14.332634 -4.027146
v -1.735854 13.642972 -3.893621
v -2.448813 12.553906 -2.233266
v -3.153827 12.494132 -3.940018
v -3.858607 14.086968 -3.245917
v -2.259092 14.389230 -2.315430
v -1.554312 12.796395 -3.009532
v -3.650506 13.596573 -2.551177
v -4.595467 14.547137 -1.051173
v -3.879174 13.877673 -0.143722
v -2.881508 12.877942 -1.578194
v -2.744113 13.758821 -2.061195
v -3.735527 14.695224 -0.596367
v -4.670318 13.741432 -0.562143
v -3.736595 12.724879 -2.040440
v -3.068143 13.080821 -0.453860
v -2.866291 14.615430 -1.335379
v -4.413298 14.337503 -2.173452
v -4.615151 12.802894 -1.291933
v -2.936433 14.190115 -1.709876
v -3.192706 15.299574 -3.165952
v -3.941916 14.481891 -3.698987
v -3.739064 13.306708 -2.274035
v -3.881422 14.018636 -1.686597
v -4.085736 15.145400 -3.153634
v -3.120328 14.623732 -3.710319
v -2.847564 13.468482 -2.295996
v -4.174645 13.529113 -3.217583
v -4.378463 14.791834 -2.190142
v -2.763828 15.080617 -2.224751
v -2.560009 13.817896 -3.252192
v -3.981766 14.414147 -1.656505
v -3.284548 15.599324 -0.564878
v -2.225974 15.157760 -0.739226
v -2.839666 13.951757 -1.833151
v -3.307120 14.578505 -2.238162
v -2.651345 15.748520 -1.118974
v -2.808521 15.020499 -0.229458
v -3.476124 13.796704 -1.284418
v -2.064443 14.363999 -1.358968
v -2.918619 15.458980 -2.040304
v -4.068109 15.183072 -1.042626
v -3.213934 14.088092 -0.361290
v -3.152058 15.181419 -1.383300
v -3.540994 16.367172 -2.359281
v -4.259342 15.766545 -2.844653
v -3.920791 14.530437 -1.898826
v -3.953052 15.026558 -1.271438
v -4.296099 16.219267 -2.252337
v -3.564646 15.902617 -2.943041
v -3.165136 14.676535 -2.004355
v -4.407584 14.879972 -2.588123
v -4.422826 15.754287 -1.486818
v -3.054568 16.017515 -1.676858
v -3.039327 15.143202 -2.778163
v -4.043076 15.413341 -1.285278
v -3.439517 16.589231 -0.597189
v -2.541220 16.314898 -0.891802
v -3.073432 15.130973 -1.594331
v -3.602266 15.563546 -1.896682
v -3.026374 16.725348 -1.177272
v -2.921311 16.189672 -0.358125
v -3.489291 14.989272 -1.017534
v -2.409856 15.606173 -1.370151
v -3.360291 16.360798 -1.870017
v -4.110627 16.109369 -0.822911
v -3.160192 15.354745 -0.323046
v -3.263602 16.046453 -1.267471
v -3.824960 17.141264 -1.759486
v -4.556964 16.697714 -1.959253
v -4.049994 15.572647 -1.482705
v -3.849635 15.904569 -0.939863
v -4.379355 17.010565 -1.451823
v -4.046919 16.817955 -2.242304
v -3.497133 15.706500 -1.791770
v -4.627439 15.938897 -1.807505
v -4.248107 16.533297 -0.871513
v -3.247206 16.775364 -1.430876
v -3.626538 16.180964 -2.366868
v -4.060362 16.074577 -1.113029
v -3.719009 17.171286 -0.701889
v -2.970089 17.059988 -0.985707
v -3.255736 15.958949 -1.416103
v -3.766263 16.199120 -1.657602
v -3.442568 17.285288 -1.216967
v -3.224415 16.955103 -0.511836
v -3.533187 15.841456 -0.902355
v -2.781155 16.461769 -1.325041
v -3.693281 16.876764 -1.722728
v -4.194917 16.666180 -0.791940
v -3.282791 16.251184 -0.394253
v -3.421196 16.361898 -1.122773
v -3.760652 17.348166 -1.321661
v -4.368015 17.099573 -1.574040
v -4.074576 16.100500 -1.394574
v -3.912879 16.246723 -0.907471
v -4.223089 17.235140 -1.117707
v -3.942573 17.203558 -1.761677
v -3.610724 16.209154 -1.597689
v -4.490011 16.492889 -1.597042
v -4.180951 16.754267 -0.751425
v -3.342171 16.953703 -1.119631
v -3.651231 16.692326 -1.965248
v -3.246047 15.108310 -2.834878
v -1.455458 16.215076 -2.989002
v -0.814136 15.163507 -3.667559
v -2.570704 13.971839 -3.562054
v -3.141080 14.813332 -3.887237
v -1.344012 15.944793 -3.982686
v -0.916667 15.412166 -2.753370
v -2.669728 14.250121 -2.569262
v -1.417829 14.095901 -3.918774
v -2.417641 15.594505 -4.438554
v -2.602555 16.094616 -2.640969
v -1.602743 14.596011 -2.121189
v -2.854372 14.884680 -3.898135
v -4.572602 15.925628 -3.825048
v -4.855879 15.429696 -2.617354
v -3.155075 14.350593 -2.602445
v -2.654938 15.174885 -2.916319
v -4.382591 16.198246 -2.898846
v -5.030689 15.178887 -3.469460
v -3.343219 14.076813 -3.528686
v -4.131541 14.669096 -2.074967
v -3.259014 16.101189 -2.675499
v -3.599307 15.605423 -4.352181
v -4.471833 14.173327 -3.751648
v -2.941562 15.289314 -2.884490
v -1.714644 16.170784 -3.943579
v -1.665725 15.230596 -4.735856
v -2.900357 14.272172 -3.725099
v -3.429723 15.039823 -3.673417
v -2.167110 15.941409 -4.694635
v -1.249456 15.441625 -4.044884
v -2.439827 14.507541 -2.980828
v -2.269348 14.329201 -4.579012
v -3.171675 15.693513 -4.452127
v -2.343513 16.115507 -3.100198
v -1.441186 14.751196 -3.227083
v -2.744475 15.095870 -3.866991
v -4.140809 16.128725 -4.094226
v -4.615817 15.732574 -3.112702
v -3.260855 14.675940 -2.815131
v -2.720609 15.347058 -2.997037
v -4.112019 16.360943 -3.272354
v -4.642303 15.518934 -3.868825
v -3.283370 14.438968 -3.635843
v -4.152545 15.030858 -2.531852
v -3.201900 16.196049 -2.894368
v -3.246254 15.769809 -4.380695
v -4.196899 14.604617 -4.018179
v -3.041599 15.451872 -2.998515
v -2.061546 16.439089 -3.773852
v -1.846897 15.695458 -4.490304
v -2.806500 14.659059 -3.770959
v -3.366745 15.228672 -3.721390
v -2.366109 16.230703 -4.457454
v -1.566699 15.887174 -3.861389
v -2.499758 14.869626 -3.089002
v -2.234697 14.849492 -4.447168
v -3.198656 15.866359 -4.327580
v -2.640264 16.250801 -3.095535
v -1.676305 15.233937 -3.215123
v -2.844233 15.263999 -3.903180
v -3.803050 16.397362 -3.896348
v -4.076586 16.185482 -2.974786
v -3.140108 15.039548 -2.914477
v -2.606803 15.475701 -3.203539
v -3.580182 16.598412 -3.236333
v -4.281625 16.000513 -3.582000
v -3.364099 14.839829 -3.574516
v -3.728318 15.519500 -2.536964
v -2.805218 16.278330 -3.079838
v -3.211499 15.917781 -4.274656
v -4.134599 15.158949 -3.731782
v -3.055840 15.560788 -3.085062
v -2.425154 16.554825 -3.691123
v -2.178542 16.023937 -4.346726
v -2.791026 14.991563 -3.788689
v -3.326153 15.377028 -3.688433
v -2.678578 16.384027 -4.261824
v -1.945392 16.181074 -3.821682
v -2.536014 15.164922 -3.219471
v -2.377372 15.272130 -4.357832
v -3.302748 15.961394 -4.153182
v -2.841244 16.275019 -3.122676
v -1.915868 15.585755 -3.327327
v -2.754359 15.383825 -3.806378
v -3.378044 16.415503 -4.003251
v -3.795706 16.309134 -3.319097
v -3.206103 15.275847 -3.073634
v -2.676561 15.557178 -3.204330
v -3.305107 16.579792 -3.435438
v -3.862808 16.157988 -3.841484
v -3.279498 15.112309 -3.641603
v -3.684875 15.747497 -2.894124
v -2.760554 16.237503 -3.154652
v -2.894110 15.942662 -4.183041
v -3.818431 15.452656 -3.922511
v -2.962779 15.366847 -3.791735
v -3.287839 16.374443 -3.803148
v -3.319487 16.390390 -3.100918
v -2.996494 15.383372 -3.038276
v -2.610386 15.492747 -3.390063
v -2.957214 16.498755 -3.424395
v -3.623662 16.276028 -3.449371
v -3.328940 15.264596 -3.417212
v -3.168839 15.891162 -2.758877
v -2.509607 16.082819 -3.397299
v -3.111522 15.868215 -4.083262
v -3.770755 15.676555 -3.444841
vn -0.0605 0.9607 -0.2708
vn 0.0785 0.9732 -0.2163
vn -0.1010 0.3086 -0.9458
vn -0.1011 0.3086 -0.9458
vn 0.5438 0.4058 0.7346
vn 0.6827 0.4303 0.5905
vn 0.8578 0.5101 0.0627
vn 0.7974 0.5765 0.1782
vn 0.7002 0.1813 -0.6906
vn 0.4404 0.0863 -0.8937
vn 0.8487 0.4922 -0.1934
vn -0.8355 -0.0918 0.5418
vn -0.9742 -0.1338 0.1816
vn -0.9939 -0.1088 -0.0156
vn -0.9412 -0.0417 0.3352
vn 0.3515 -0.0249 -0.9358
vn 0.0661 -0.1406 -0.9879
vn -0.0610 -0.2582 -0.9642
vn 0.3959 0.1394 -0.9077
vn -0.0639 -0.2427 -0.9680
vn 0.7764 0.0620 -0.6272
vn 0.6115 0.4013 -0.6819
vn 0.2563 -0.2300 -0.9388
vn 0.8987 0.3521 -0.2616
vn 0.8980 0.3846 -0.2136
vn 0.3996 0.4975 0.7699
vn 0.4050 0.4516 0.7950
vn -0.1010 0.3085 -0.9458
vn 0.8597 0.3978 -0.3205
vn 0.5998 0.5976 -0.5320
vn -0.0185 0.3878 -0.9216
vn -0.7023 -0.0293 -0.7113
vn 0.4084 0.6073 -0.6815
vn -0.8418 -0.0573 -0.5368
vn -0.8340 -0.1788 -0.5219
vn -0.5278 0.1404 -0.8377
vn -0.9093 -0.2380 -0.3415
vn -0.9221 -0.3187 -0.2194
vn -0.5953 -0.3864 0.7045
vn -0.8879 0.2746 -0.3692
vn -0.8715 0.3394 -0.3539
vn -0.6005 -0.3650 0.7115
vn -0.9058 -0.3327 -0.2623
vn -0.2657 0.1056 -0.9583
vn -0.5902 0.3901 -0.7068
vn -0.6966 -0.2354 -0.6777
vn 0.0602 0.2968 -0.9530
vn -0.2684 -0.9140 0.3041
vn 0.1504 -0.6227 -0.7679
vn 0.2029 -0.4405 -0.8745
vn -0.3667 -0.8841 0.2895
vn 0.0629 0.3150 -0.9470
vn -0.1647 0.5569 -0.8141
vn -0.6203 0.5204 -0.5869
vn -0.9578 0.2873 -0.0039
vn -0.2794 0.6287 -0.7257
vn -0.9044 0.1614 0.3951
vn -0.6751 -0.1713 0.7175
vn -0.9087 0.3806 -0.1712
vn -0.7541 -0.1145 0.6467
vn -0.5718 -0.2786 0.7716
vn -0.7191 0.0299 -0.6943
vn 0.1661 -0.4924 -0.8544
vn 0.0265 -0.6215 -0.7830
vn -0.7222 0.0745 -0.6876
vn -0.4892 -0.3054 0.8170
vn -0.8975 -0.1645 0.4092
vn -0.9785 0.1313 0.1593
vn -0.5955 -0.3417 0.7271
vn -0.9824 0.1147 -0.1477
vn -0.1088 -0.3563 -0.9280
vn 0.4260 -0.2633 -0.8656
vn 0.6006 -0.0339 -0.7989
vn 0.6220 -0.4624 -0.6320
vn -0.9067 0.1842 -0.3794
vn -0.8730 0.4346 -0.2216
vn -0.8610 0.4976 0.1051
vn -0.3880 0.3216 0.8637
vn -0.8230 0.5469 -0.1534
vn -0.2580 0.3954 0.8815
vn 0.4037 -0.0424 0.9139
vn -0.7265 0.4802 0.4915
vn 0.1179 0.1106 0.9868
vn 0.4312 -0.1427 0.8909
vn -0.4544 -0.3793 0.8060
vn -0.4244 -0.2711 0.8639
vn 0.5927 -0.1995 0.7803
vn 0.5072 -0.2187 0.8336
vn -0.0146 0.2816 0.9594
vn 0.6224 -0.2491 0.7420
vn -0.0017 -0.0440 0.9990
vn 0.1258 0.1003 -0.9870
vn 0.3792 0.9240 -0.0492
vn 0.2970 0.9414 0.1599
vn 0.1363 0.1730 -0.9755
vn -0.5204 0.0774 0.8504
vn -0.5454 0.3150 0.7767
vn -0.3934 0.4323 0.8114
vn 0.2018 0.4449 0.8726
vn -0.5379 0.4555 0.7094
vn 0.4405 0.8964 -0.0488
vn -0.0989 0.3084 -0.9461
vn -0.1044 0.4593 0.8821
vn 0.4209 0.5206 0.7429
vn 0.9929 0.0110 0.1183
vn 0.9919 -0.0235 -0.1245
vn 0.7944 0.3234 0.5142
vn -0.1919 0.0481 0.9802
vn 0.0694 0.0525 0.9962
vn -0.0924 0.0036 0.9957
vn -0.2570 -0.0196 0.9662
vn 0.9770 -0.1066 -0.1848
vn 0.9221 -0.1745 -0.3453
vn 0.9774 -0.1519 -0.1469
vn 0.9490 0.0954 0.3005
vn 0.9008 -0.2165 -0.3764
vn -0.0985 -0.8219 0.5611
vn -0.8099 -0.4532 -0.3725
vn -0.8221 -0.2680 -0.5023
vn -0.1314 -0.7345 0.6658
vn 0.9037 -0.0457 0.4258
vn 0.6429 0.2280 0.7312
vn 0.4676 0.4146 0.7807
vn 0.8386 0.4185 -0.3489
vn 0.9739 0.2269 -0.0039
vn -0.8325 -0.0579 -0.5510
vn -0.1008 0.1689 -0.9805
vn 0.2243 0.3454 -0.9113
vn -0.7670 -0.0006 -0.6417
vn -0.8756 -0.0954 -0.4735
vn -0.3357 0.5741 -0.7468
vn -0.0036 0.8334 -0.5526
vn -0.9340 0.2529 -0.2523
vn -0.7919 -0.0989 -0.6026
vn -0.8619 0.2371 -0.4482
vn -0.9740 0.1362 0.1811
vn 0.4729 -0.3419 0.8121
vn -0.6379 0.4586 0.6186
vn -0.6686 0.4723 0.5744
vn 0.3103 -0.2337 0.9215
vn -0.2914 0.4102 -0.8642
vn -0.3004 0.3670 -0.8804
vn 0.4227 0.0589 0.9043
vn 0.5149 0.0979 0.8516
vn 0.0062 0.1209 0.9926
vn -0.1956 0.2555 0.9468
vn -0.4734 0.7742 0.4202
vn -0.8743 0.2601 0.4099
vn -0.8777 0.2617 0.4015
vn 0.9425 0.1946 -0.2716
vn 0.7690 0.2882 0.5706
vn 0.5363 0.3906 0.7482
vn 0.9753 0.1259 -0.1817
vn 0.6968 0.1955 0.6901
vn 0.8146 0.1918 0.5474
vn 0.5739 0.1575 0.8036
vn 0.3922 0.1824 0.9016
vn -0.9387 -0.1150 -0.3251
vn 0.3370 0.2771 0.8998
vn 0.2679 -0.5754 -0.7727
vn 0.2929 -0.5382 -0.7903
vn 0.9939 0.0623 0.0914
vn 0.9948 0.1012 -0.0091
vn -0.6169 0.0274 0.7866
vn -0.8250 0.1374 0.5482
vn -0.0548 0.0769 -0.9955
vn 0.1501 0.1430 -0.9783
vn -0.5334 -0.0723 0.8428
vn -0.9374 -0.0195 0.3477
vn -0.6280 -0.0776 0.7743
vn 0.7399 0.2849 -0.6093
vn 0.9362 0.2291 -0.2664
vn -0.4437 0.0344 0.8955
vn -0.4242 -0.0361 0.9048
vn 0.3710 0.1185 -0.9211
vn 0.2584 0.1133 -0.9594
vn -0.4819 -0.4109 -0.7739
vn 0.4749 0.1618 -0.8650
vn 0.4788 -0.0548 -0.8762
vn -0.4161 -0.3198 -0.8512
vn 0.7282 -0.6621 -0.1771
vn 0.6876 -0.7208 -0.0877
vn -0.1503 0.3709 0.9164
vn -0.9331 0.3137 0.1756
vn -0.9254 0.2647 0.2712
vn -0.2231 0.1965 0.9548
vn 0.8061 -0.2808 -0.5210
vn 0.8148 0.5321 0.2302
vn 0.7848 0.5908 0.1871
vn 0.7784 -0.2544 -0.5739
vn -0.1333 0.8743 0.4667
vn 0.0041 0.9012 0.4333
vn -0.1011 0.3085 -0.9458
vn 0.9344 0.1505 0.3230
vn 0.0984 0.9944 0.0382
vn -0.0779 0.9753 -0.2067
vn 0.9266 0.2082 0.3132
vn -0.6363 -0.7697 0.0515
vn 0.1213 0.0029 -0.9926
vn 0.0608 0.1887 -0.9802
vn -0.6742 -0.7117 0.1975
vn 0.5882 -0.3189 0.7432
vn 0.6813 -0.3586 0.6382
vn -0.1267 -0.1742 0.9765
vn -0.0967 -0.1141 0.9887
vn 0.9710 0.2308 -0.0630
vn 0.7070 0.5305 -0.4676
vn -0.2210 0.0895 0.9712
vn 0.3630 -0.3893 0.8466
vn -0.4448 0.3183 0.8372
vn -0.4532 0.3134 0.8345
vn 0.3312 -0.3924 0.8581
vn 0.7415 -0.3011 -0.5995
vn 0.9627 0.0010 0.2707
vn 0.9703 0.0875 0.2256
vn 0.8300 -0.0589 -0.5546
vn -0.9032 -0.0355 -0.4278
vn -0.3222 0.1541 -0.9341
vn 0.6664 0.2164 0.7135
vn -0.3555 -0.2614 0.8974
vn -0.4049 -0.2535 0.8785
vn 0.6787 0.2454 0.6923
vn 0.2814 -0.5701 -0.7719
vn 0.7216 0.4401 -0.5345
vn 0.8751 -0.4141 0.2504
vn 0.9131 -0.3987 0.0854
vn 0.4677 0.2483 -0.8483
vn -0.4051 -0.1486 -0.9021
vn -0.4771 0.1981 -0.8562
vn -0.0015 0.6329 -0.7742
vn 0.3765 0.2674 -0.8870
vn -0.5715 -0.8199 0.0328
vn -0.5862 -0.8101 0.0136
vn -0.9893 -0.1132 -0.0916
vn -0.9657 -0.0600 -0.2526
vn 0.9715 0.1487 0.1847
vn 0.8730 0.1433 -0.4663
vn 0.8106 0.4898 -0.3210
vn 0.8054 0.4468 -0.3894
vn -0.1012 0.3086 -0.9458
vn 0.3532 -0.4486 -0.8210
vn 0.7451 0.6309 0.2162
vn 0.4904 0.8629 -0.1221
vn 0.5228 -0.3996 -0.7530
vn 0.3605 0.8711 -0.3334
vn 0.4170 0.7254 -0.5476
vn -0.1010 0.3087 -0.9458
vn -0.1011 0.3087 -0.9458
vn 0.9253 0.1359 -0.3542
vn 0.6171 -0.3297 0.7145
vn 0.4029 -0.3538 0.8441
vn 0.9156 0.2206 -0.3363
vn -0.6632 0.7484 0.0025
vn -0.7051 0.6867 0.1768
vn 0.6715 0.6966 0.2526
vn 0.7798 -0.2145 -0.5882
vn -0.3126 -0.8741 -0.3719
vn 0.7587 -0.6404 0.1191
vn 0.8643 -0.4668 0.1873
vn -0.2842 -0.8253 -0.4879
vn 0.3557 0.4059 -0.8418
vn 0.0306 0.8444 -0.5349
vn -0.5714 0.2632 -0.7773
vn -0.3675 0.1027 -0.9243
vn 0.0837 -0.9203 0.3821
vn -0.7688 -0.0895 0.6332
vn -0.8070 0.1172 0.5788
vn 0.1530 -0.8967 0.4155
vn 0.9201 0.3555 0.1645
vn 0.9557 0.2812 -0.0868
vn 0.9489 0.2489 0.1938
vn 0.8586 0.3117 0.4070
vn 0.0192 -0.5514 -0.8340
vn 0.0067 -0.5188 -0.8549
vn -0.4815 -0.7391 0.4710
vn -0.4448 -0.8100 0.3821
vn 0.5858 0.1602 0.7945
vn 0.7240 0.2902 0.6258
vn 0.3009 0.4310 -0.8507
vn 0.3143 0.4362 -0.8432
vn -0.6053 0.5942 0.5297
vn -0.5918 -0.0663 0.8033
vn -0.7530 -0.0446 0.6565
vn 0.3188 -0.9189 0.2322
vn 0.4231 0.0918 0.9014
vn 0.3895 0.2982 0.8714
vn 0.4266 -0.8926 0.1460
vn -0.6079 -0.0179 -0.7938
vn -0.2107 0.0723 -0.9749
vn -0.0419 0.1729 -0.9840
vn -0.4584 0.0898 -0.8842
vn 0.4248 0.7867 -0.4479
vn 0.1532 0.8881 -0.4334
vn 0.4517 0.7284 -0.5152
vn 0.6022 0.7199 -0.3451
vn -0.9709 -0.0924 0.2211
vn -0.3877 0.9186 0.0767
vn -0.1680 0.7959 0.5816
vn -0.7813 -0.1295 -0.6106
vn 0.1430 0.1504 -0.9782
vn 0.5811 0.2164 -0.7845
vn 0.7262 0.3066 -0.6153
vn 0.3295 0.3006 -0.8950
vn 0.2446 0.1446 0.9588
vn 0.3212 0.3179 0.8921
vn -0.1442 -0.1257 0.9815
vn -0.0930 -0.1049 0.9901
vn 0.6552 -0.2562 -0.7107
vn 0.1860 0.3376 0.9227
vn 0.4209 0.6648 0.6172
vn 0.7994 -0.4071 -0.4419
vn 0.1769 0.5936 0.7851
vn -0.2374 -0.9080 0.3453
vn 0.4910 0.7493 0.4443
vn 0.0043 0.4499 0.8931
vn 0.1757 -0.1860 -0.9667
vn 0.8676 0.1374 -0.4778
vn 0.9356 0.1750 -0.3068
vn 0.3531 -0.1267 -0.9270
vn -0.4205 0.0785 0.9039
vn -0.8061 -0.0530 0.5894
vn -0.8145 -0.0739 -0.5754
vn -0.4332 0.0069 -0.9013
vn -0.4012 0.0886 -0.9117
vn -0.6417 -0.0270 -0.7664
vn -0.3564 -0.0443 -0.9333
vn -0.3614 -0.0895 -0.9281
vn -0.1459 0.7472 -0.6483
vn -0.2820 0.7400 -0.6106
vn 0.2237 0.3847 0.8956
vn 0.3874 0.4242 0.8185
vn -0.2067 0.3159 0.9260
vn -0.3823 0.2713 0.8833
vn -0.1296 0.6141 0.7785
vn -0.7354 0.6649 -0.1311
vn -0.6597 0.7319 -0.1705
vn -0.0459 0.6366 0.7698
vn 0.9286 0.3594 0.0926
vn 0.8842 0.3753 0.2782
vn -0.7657 -0.1429 0.6271
vn -0.7247 -0.1675 0.6684
vn -0.7779 0.6004 0.1853
vn -0.7101 0.6450 0.2824
vn 0.8806 -0.0750 0.4678
vn 0.9344 0.1521 0.3222
vn -0.1378 -0.1150 0.9838
vn -0.2660 -0.2854 0.9208
vn -0.9153 0.2814 0.2881
vn -0.9215 0.2373 0.3073
vn -0.7430 0.3366 -0.5785
vn -0.7057 0.4469 -0.5498
vn 0.7946 0.4056 -0.4518
vn 0.1622 -0.6514 -0.7412
vn 0.0857 -0.6581 -0.7481
vn 0.3885 0.1846 -0.9027
vn 0.2984 0.1888 -0.9356
vn 0.8876 0.3202 -0.3312
vn 0.9577 0.2564 0.1305
vn 0.7928 0.2640 0.5494
vn 0.3121 0.2343 0.9207
vn 0.3070 0.1857 0.9334
vn 0.5793 0.2003 0.7901
vn 0.0871 0.1103 -0.9901
vn -0.9015 -0.0055 -0.4328
vn -0.2450 -0.2878 -0.9258
vn -0.4128 -0.3220 -0.8520
vn -0.9929 -0.0771 -0.0910
vn -0.9228 -0.0355 0.3836
vn -0.9301 -0.0271 0.3663
vn -0.5802 0.0313 0.8139
vn -0.2047 0.2693 0.9411
vn -0.8146 0.0400 0.5786
vn -0.8954 -0.0360 0.4439
vn -0.0796 0.0582 0.9951
vn 0.9982 -0.0559 0.0203
vn 0.9993 -0.0332 -0.0164
vn 0.8838 0.2920 0.3657
vn 0.9530 0.1432 -0.2671
vn 0.9494 0.1772 -0.2593
vn 0.8973 0.2742 -0.3459
vn -0.8161 0.5730 -0.0754
vn 0.7239 0.2230 -0.6528
vn 0.3700 0.2008 -0.9071
vn 0.5409 0.1569 -0.8264
vn -0.1012 0.3082 -0.9459
vn -0.5833 -0.1946 0.7886
vn -0.5852 -0.2083 0.7837
vn -0.2311 0.8968 -0.3772
vn 0.2413 0.6848 -0.6876
vn 0.9730 0.1046 -0.2058
vn 0.9357 0.1831 -0.3016
vn 0.5068 0.6547 0.5609
vn 0.5609 0.6425 0.5221
vn -0.8628 -0.2160 -0.4571
vn -0.8526 -0.2018 -0.4820
vn -0.2430 -0.9696 0.0293
vn -0.4078 -0.9120 -0.0454
vn 0.6682 -0.3086 -0.6769
vn 0.7807 -0.2008 -0.5918
vn 0.7783 0.6089 0.1531
vn -0.3708 -0.3224 0.8710
vn -0.2525 -0.5611 0.7883
vn 0.6352 0.7383 0.2268
vn 0.6854 0.0695 0.7249
vn 0.6406 0.0361 0.7670
vn 0.0111 0.9827 0.1849
vn -0.3775 -0.7528 -0.5392
vn -0.4491 -0.7080 -0.5450
vn 0.1238 0.0835 -0.9888
vn 0.1408 0.0803 -0.9868
vn 0.3662 0.4456 -0.8169
vn 0.1019 0.9947 -0.0138
vn -0.2745 0.8772 -0.3939
vn 0.1216 0.4466 -0.8864
vn 0.6942 0.2694 -0.6674
vn 0.6481 0.7610 0.0303
vn 0.7209 0.3557 0.5948
vn 0.9783 -0.1813 0.1002
vn 0.8191 -0.1419 0.5558
vn -0.0010 -0.2827 0.9592
vn 0.1722 -0.6417 0.7473
vn 0.9456 -0.3028 0.1187
vn 0.7333 0.6780 0.0502
vn 0.5294 -0.1495 0.8351
vn 0.4238 -0.1767 0.8884
vn 0.7175 0.6509 0.2478
vn 0.7459 0.1344 -0.6524
vn 0.9342 0.2870 0.2121
vn 0.8970 0.2618 0.3562
vn 0.8413 0.1604 -0.5163
vn 0.9915 0.1033 -0.0796
vn -0.1935 -0.3783 0.9052
vn -0.9769 0.0029 0.2137
vn -0.9787 0.0607 0.1963
vn -0.1894 -0.3163 0.9295
vn 0.9603 0.2661 0.0835
vn 0.4679 0.0896 -0.8792
vn 0.9796 0.1577 -0.1246
vn 0.6776 -0.6934 -0.2450
vn 0.6813 -0.6994 -0.2160
vn 0.9130 0.3526 -0.2051
vn 0.9022 0.3595 -0.2385
vn -0.6531 -0.2046 0.7291
vn -0.6501 -0.2391 0.7212
vn 0.4444 0.3126 -0.8395
vn 0.0403 0.9844 0.1713
vn -0.0470 0.9902 0.1313
vn 0.4152 0.3261 -0.8493
vn -0.4539 -0.7465 0.4866
vn -0.7425 -0.6514 0.1563
vn -0.8113 -0.5721 0.1204
vn -0.5161 -0.1766 -0.8381
vn -0.5176 -0.1737 -0.8378
vn 0.3785 0.4293 0.8200
vn -0.2209 -0.0987 0.9703
vn 0.5510 -0.4542 0.7001
vn 0.5653 -0.4569 0.6868
vn -0.4081 -0.0146 0.9128
vn -0.2931 -0.0600 0.9542
vn 0.4928 -0.2896 0.8205
vn 0.5194 -0.3116 0.7957
vn 0.4891 -0.4591 0.7417
vn 0.5233 -0.4570 0.7193
vn -0.0429 -0.2091 0.9769
vn 0.0830 -0.2916 0.9529
vn -0.8137 0.5780 0.0612
vn -0.0215 0.5302 0.8476
vn -0.5205 -0.3534 -0.7773
vn 0.6154 -0.4165 -0.6692
vn 0.6523 -0.3914 -0.6491
vn -0.5503 -0.3244 -0.7693
vn -0.1659 -0.5338 -0.8292
vn 0.4925 0.5192 -0.6985
vn 0.5123 0.5243 -0.6802
vn -0.3102 -0.4256 -0.8501
vn 0.3484 0.1138 -0.9304
vn 0.3584 0.7102 -0.6059
vn 0.7402 0.6700 -0.0565
vn 0.9600 0.0935 -0.2640
vn 0.6643 0.7473 0.0141
vn 0.0418 0.9428 -0.3306
vn -0.5633 -0.2464 0.7887
vn -0.8506 -0.5182 -0.0890
vn -0.8062 -0.5916 0.0031
vn -0.3157 -0.3071 0.8978
vn -0.4613 -0.8848 0.0664
vn -0.8005 0.5924 0.0908
vn -0.8658 0.4992 -0.0335
vn -0.7052 -0.3371 0.6237
vn 0.3904 0.3321 -0.8587
vn 0.4321 0.2159 -0.8756
vn 0.8627 0.4569 0.2168
vn 0.4646 -0.7021 -0.5396
vn 0.9123 -0.2112 0.3510
vn 0.9453 -0.0946 0.3122
vn 0.6091 -0.5268 -0.5928
vn -0.8628 0.4981 0.0866
vn -0.6779 0.0094 0.7351
vn -0.2875 -0.0313 0.9573
vn -0.8281 -0.5363 0.1632
vn -0.7677 -0.6087 0.2005
vn -0.3714 0.6950 -0.6156
vn -0.1880 0.7274 0.6599
vn -0.4314 0.6621 -0.6128
vn -0.2673 -0.5950 0.7580
vn -0.9260 -0.3562 -0.1247
vn -0.9776 -0.2049 -0.0472
vn -0.3144 -0.5210 0.7935
vn -0.9727 -0.2201 -0.0733
vn -0.9379 -0.2261 -0.2631
vn -0.8453 -0.4095 -0.3433
vn -0.7413 -0.5821 -0.3341
vn 0.8380 -0.1679 -0.5192
vn 0.8313 -0.1672 -0.5302
vn 0.1891 -0.2162 -0.9579
vn 0.7464 0.1634 -0.6451
vn -0.0621 -0.3066 -0.9498
vn 0.8607 0.0944 -0.5002
vn 0.8499 0.1793 -0.4955
vn -0.0856 -0.2394 -0.9671
vn -0.5932 -0.3419 0.7288
vn -0.9026 0.1994 -0.3816
vn -0.6790 -0.1753 -0.7129
vn 0.2460 -0.0493 -0.9680
vn 0.3745 0.0254 -0.9269
vn -0.5613 -0.1516 -0.8136
vn -0.7005 0.2651 -0.6626
vn 0.0579 0.9618 -0.2674
vn 0.0950 0.9954 -0.0077
vn -0.7416 0.2674 -0.6152
vn 0.9189 0.3722 -0.1305
vn 0.8867 0.4453 -0.1243
vn -0.9573 -0.2884 -0.0184
vn -0.8238 -0.0613 0.5636
vn 0.4914 -0.0948 -0.8657
vn 0.9633 0.2043 -0.1741
vn 0.9614 0.2747 0.0143
vn 0.6156 0.0287 -0.7875
vn 0.5034 0.5133 0.6951
vn 0.1069 0.4003 0.9101
vn 0.5935 0.0103 0.8047
vn 0.9259 0.3645 0.0991
vn 0.8324 0.2642 -0.4872
vn -0.9978 -0.0539 0.0382
vn -0.3537 -0.4499 0.8200
vn -0.5721 -0.3094 -0.7596
vn -0.1432 -0.3013 -0.9427
vn 0.2841 0.1801 -0.9417
vn 0.2983 0.2058 -0.9320
vn -0.7050 0.4880 -0.5146
vn -0.8415 0.3296 -0.4280
vn -0.3138 0.8674 -0.3862
vn -0.4179 0.8211 -0.3888
vn -0.8495 0.3808 -0.3651
vn 0.6701 0.2373 0.7033
vn 0.6281 0.3059 0.7155
vn -0.2161 0.0419 0.9755
vn -0.2094 0.1675 0.9634
vn 0.2453 0.9602 0.1340
vn 0.1568 0.9229 0.3516
vn -0.4502 -0.5340 0.7156
vn -0.4196 -0.5426 0.7277
vn -0.8816 -0.3487 -0.3182
vn -0.8022 0.3805 -0.4601
vn -0.2510 0.4851 -0.8377
vn -0.2554 -0.1760 -0.9507
vn -0.0597 0.3799 0.9231
vn -0.0551 0.3678 0.9283
vn -0.8077 0.0547 0.5870
vn -0.7922 0.0885 0.6039
vn -0.3312 -0.3608 0.8718
vn -0.4126 0.2417 0.8783
vn -0.8394 0.3733 0.3951
vn -0.9383 -0.2366 0.2522
vn 0.1187 -0.9712 -0.2065
vn 0.7091 -0.1888 -0.6794
vn 0.7168 -0.1424 -0.6826
vn 0.2094 -0.9751 -0.0735
vn 0.7632 0.5307 0.3686
vn 0.7590 0.5363 0.3691
vn -0.5686 0.6856 0.4546
vn 0.1163 -0.1035 -0.9878
vn 0.1304 -0.0214 -0.9912
vn 0.8752 0.0396 -0.4822
vn 0.8678 0.0304 -0.4960
vn 0.6199 -0.1726 -0.7654
vn 0.5960 -0.1555 -0.7878
vn 0.9692 0.2396 -0.0577
vn 0.9788 0.2023 -0.0324
vn 0.1416 -0.1489 -0.9787
vn 0.9793 0.1823 -0.0878
vn 0.9819 0.1663 -0.0908
vn 0.1106 -0.0360 -0.9932
vn 0.2372 -0.0399 -0.9706
vn 0.1332 -0.1894 -0.9728
vn 0.0126 0.5814 -0.8135
vn 0.8994 0.1447 0.4124
vn 0.9435 0.0698 0.3238
vn 0.0132 0.3799 -0.9249
vn -0.9735 0.0661 0.2187
vn -0.9664 -0.1109 0.2320
vn -0.7573 -0.1266 -0.6407
vn -0.7576 0.0013 -0.6527
vn 0.4560 0.4478 0.7691
vn 0.9354 0.1902 0.2982
vn -0.1398 -0.0476 0.9890
vn -0.8512 -0.5013 -0.1556
vn -0.8897 -0.4381 -0.1286
vn -0.5416 0.0155 -0.8405
vn -0.5772 0.0667 -0.8139
vn 0.1502 0.6007 -0.7852
vn 0.8562 0.5159 0.0296
vn 0.8320 0.5522 0.0537
vn 0.1368 0.6265 -0.7673
vn 0.8505 0.5250 0.0316
vn 0.8031 0.5914 0.0720
vn -0.1011 0.3084 -0.9459
vn -0.0563 -0.2516 -0.9662
vn 0.0041 -0.1445 -0.9895
vn 0.7816 -0.2912 -0.5517
vn 0.7583 -0.3193 -0.5684
vn -0.0557 -0.6515 0.7566
vn 0.8188 0.4006 0.4112
vn -0.4305 0.8982 0.0885
vn -0.6224 0.6772 -0.3924
vn -0.9806 0.0912 -0.1734
vn -0.5297 0.4534 0.7168
vn -0.8425 -0.5324 0.0819
vn -0.7880 -0.6025 0.1266
vn -0.8043 0.5921 0.0492
vn -0.3533 0.2876 -0.8902
vn -0.7220 0.6896 0.0567
vn 0.2595 0.4759 -0.8403
vn 0.2356 0.5197 -0.8212
vn -0.1009 0.3086 -0.9458
vn -0.3834 0.6600 0.6461
vn 0.1691 0.9841 -0.0537
vn -0.2756 0.8605 0.4285
vn -0.2326 0.6644 -0.7103
vn 0.0749 0.9492 -0.3055
vn -0.9325 0.3306 -0.1453
vn -0.5512 0.5315 -0.6432
vn -0.1940 -0.0404 -0.9802
vn 0.7775 -0.6271 0.0479
vn 0.7937 -0.6063 0.0492
vn -0.0614 -0.0250 -0.9978
vn -0.1285 -0.1250 -0.9838
vn -0.6118 0.4643 -0.6404
vn -0.1949 0.8157 -0.5446
vn 0.4822 0.4418 -0.7565
vn -0.4903 0.0083 -0.8715
vn -0.0940 0.9953 -0.0218
vn 0.2692 0.8829 0.3847
vn 0.0655 0.7393 -0.6702
vn 0.9506 0.1916 0.2443
vn 0.3285 0.6476 0.6876
vn -0.1412 0.2113 0.9672
vn 0.4158 -0.2851 0.8636
vn 0.5890 0.3521 0.7274
vn 0.4758 0.2573 0.8411
vn 0.7445 0.2259 -0.6283
vn 0.2764 0.4612 0.8431
vn -0.8750 -0.0140 0.4839
vn -0.9979 0.0357 0.0541
vn -0.9810 0.0015 -0.1939
vn -0.1911 0.4003 0.8962
vn -0.8241 -0.4982 -0.2696
vn -0.7478 -0.6322 -0.2027
vn -0.2108 0.5347 0.8183
vn 0.6908 0.4399 0.5738
vn 0.8671 0.3713 0.3322
vn -0.7470 0.3914 -0.5373
vn -0.2711 -0.3405 -0.9003
vn 0.2188 -0.2674 0.9384
vn 0.3208 -0.2203 0.9212
vn 0.5534 0.6839 -0.4755
vn 0.4360 0.6650 -0.6064
vn 0.8994 0.0630 0.4325
vn 0.7988 0.5759 0.1740
vn 0.2611 0.8725 0.4130
vn 0.2252 0.4492 0.8646
vn -0.2803 0.1956 0.9398
vn -0.7267 -0.5169 -0.4524
vn -0.6219 -0.5347 -0.5721
vn -0.4144 0.1496 0.8977
vn -0.6911 0.6282 0.3574
vn -0.1789 0.9771 0.1148
vn -0.3364 0.7956 -0.5038
vn -0.8210 0.3994 -0.4080
vn -0.6589 -0.6247 -0.4191
vn -0.6122 -0.6677 -0.4236
vn 0.3618 -0.3942 -0.8449
vn 0.2270 -0.2715 -0.9353
vn -0.8692 0.2545 0.4239
vn -0.9025 -0.3333 -0.2727
vn -0.9062 -0.3852 -0.1744
vn -0.4243 -0.0667 0.9031
vn -0.8963 0.4049 -0.1809
vn -0.8336 0.5309 -0.1524
vn -0.9788 -0.1889 -0.0788
vn -0.9975 -0.0426 -0.0563
vn -0.5466 0.1496 -0.8239
vn -0.5406 0.0546 -0.8395
vn -0.6989 0.5835 0.4136
vn -0.6611 0.7417 -0.1130
vn -0.8406 0.2277 -0.4915
vn -0.8392 -0.0490 0.5416
vn -0.5282 0.2297 0.8175
vn -0.9910 0.0096 -0.1334
vn -0.9888 0.0595 -0.1371
vn -0.5227 0.2400 0.8181
vn -0.5103 0.1747 0.8421
vn -0.9828 -0.1699 -0.0729
vn -0.9743 -0.2178 -0.0577
vn -0.5105 0.1763 0.8416
vn -0.3586 -0.9096 -0.2100
vn -0.3885 -0.0874 -0.9173
vn -0.2466 -0.9355 -0.2530
vn 0.7831 0.4744 -0.4021
vn -0.5694 -0.7244 0.3887
vn -0.4914 -0.7634 0.4192
vn 0.8238 0.3313 -0.4601
vn 0.8381 0.3004 -0.4555
vn 0.3082 -0.3231 0.8948
vn 0.3489 -0.2174 0.9116
vn 0.9850 -0.1661 0.0465
vn -0.2894 -0.1757 0.9409
vn -0.2791 -0.1989 0.9394
vn 0.4791 0.8107 0.3365
vn 0.2484 0.4498 0.8579
vn 0.5703 -0.2471 0.7833
vn 0.8888 0.3617 -0.2813
vn 0.5811 -0.1351 0.8026
vn 0.5379 -0.2482 0.8056
vn -0.5294 -0.0554 0.8466
vn -0.4728 0.0734 0.8781
vn 0.9878 0.0250 -0.1537
vn 0.9875 -0.0157 -0.1570
vn 0.6999 -0.1422 0.6999
vn 0.7034 -0.0681 0.7075
vn 0.9661 0.2521 -0.0552
vn 0.3591 0.4892 0.7948
vn 0.3685 0.3735 0.8513
vn 0.9824 0.1861 -0.0178
vn 0.3606 0.2463 0.8996
vn 0.2013 0.8839 0.4222
vn -0.9411 0.1558 0.3000
vn -0.9453 0.1296 0.2992
vn -0.7945 0.0969 -0.5995
vn -0.7837 0.1686 -0.5979
vn -0.2045 0.4160 0.8861
vn -0.2246 0.5589 0.7982
vn 0.6161 -0.6527 -0.4408
vn 0.5988 -0.6335 -0.4900
vn 0.9267 0.3372 -0.1659
vn 0.9193 0.3457 -0.1879
vn -0.0393 0.0655 0.9971
vn -0.0347 0.1264 0.9914
vn 0.5989 -0.0590 -0.7986
vn 0.5909 -0.0351 -0.8060
vn -0.5232 0.1762 -0.8338
vn 0.4339 0.6450 -0.6290
vn 0.3738 0.7293 -0.5730
vn -0.5422 0.1997 -0.8162
vn -0.0744 -0.1871 0.9795
vn -0.9726 0.1693 0.1596
vn -0.9703 0.1740 0.1679
vn -0.0513 -0.1232 0.9910
vn 0.4863 0.2088 0.8485
vn 0.4700 0.2432 0.8485
vn -0.1012 0.3087 -0.9458
vn -0.9908 0.0315 -0.1319
vn -0.9901 0.0421 -0.1339
vn -0.5078 -0.1923 -0.8397
vn -0.5558 -0.1175 -0.8229
vn 0.3694 0.4212 -0.8283
vn 0.3947 0.3860 -0.8338
vn -0.0461 -0.6390 -0.7678
vn -0.1590 -0.5689 -0.8069
vn 0.4664 0.3027 -0.8311
vn 0.4713 0.2994 -0.8296
vn 0.8328 0.5528 0.0304
vn 0.8412 0.5399 0.0303
vn 0.3781 -0.0994 0.9204
vn 0.9920 -0.1219 0.0324
vn 0.0073 -0.1421 0.9898
vn 0.0019 -0.1911 0.9816
vn 0.2851 0.3392 -0.8965
vn 0.2821 0.3714 -0.8846
vn -0.4638 0.2266 0.8565
vn -0.4379 0.2515 0.8632
vn -0.8476 0.5185 0.1130
vn -0.8896 0.4477 0.0900
vn -0.2659 -0.4820 -0.8349
vn -0.3780 -0.3645 -0.8511
vn 0.4305 0.3379 -0.8370
vn 0.4572 0.3105 -0.8334
vn 0.8793 -0.0720 -0.4708
vn 0.8806 -0.0881 -0.4655
vn 0.7314 0.6694 0.1305
vn 0.7871 0.6099 0.0920
vn -0.1012 0.3085 -0.9458
vn 0.9480 -0.3176 0.0214
vn 0.9528 -0.3035 0.0126
vn 0.5573 -0.1850 0.8094
vn 0.5404 -0.1906 0.8196
vn -0.9915 -0.0193 -0.1283
vn -0.9911 -0.0340 -0.1283
vn -0.4770 0.0183 -0.8787
vn -0.4765 0.0167 -0.8790
vn 0.5286 0.4932 -0.6909
vn 0.5082 0.5511 -0.6618
vn 0.9017 0.4291 0.0530
vn 0.9615 0.2740 -0.0220
vn 0.3713 0.1484 0.9166
vn -0.7905 -0.4640 0.3997
vn -0.8013 -0.4542 0.3894
vn -0.4869 0.0646 -0.8711
vn -0.4910 0.0585 -0.8692
vn -0.8118 -0.1810 -0.5552
vn -0.7785 -0.1400 -0.6118
vn -0.0594 -0.6914 -0.7201
vn -0.1424 -0.8001 -0.5827
vn 0.5882 -0.3726 -0.7177
vn 0.5937 -0.2888 -0.7510
vn 0.9976 -0.0609 0.0338
vn 0.9967 -0.0731 0.0359
vn 0.9351 0.1557 0.3183
vn -0.1101 0.8545 0.5076
vn -0.0989 0.8771 0.4700
vn 0.9308 0.1432 0.3364
vn -0.6938 -0.4445 -0.5665
vn 0.5656 -0.4860 -0.6663
vn 0.5622 -0.5258 -0.6383
vn -0.6931 -0.5520 -0.4636
vn -0.9057 0.0773 -0.4167
vn 0.9550 0.2941 -0.0387
vn 0.9732 0.2220 -0.0596
vn 0.7413 0.1476 0.6548
vn 0.7426 0.1337 0.6563
vn -0.2016 -0.2416 0.9492
vn -0.9685 -0.1660 0.1854
vn -0.9700 -0.1473 0.1936
vn -0.1948 -0.2747 0.9416
vn -0.2996 -0.5285 0.7943
vn -0.2774 -0.5735 0.7708
vn 0.9171 0.3758 -0.1331
vn 0.4461 0.3008 0.8429
vn 0.4011 0.4002 0.8240
vn 0.9052 0.4019 -0.1382
vn 0.8876 -0.4499 -0.0983
vn 0.5968 0.0923 0.7970
vn 0.5818 0.0661 0.8106
vn 0.8615 -0.5027 -0.0714
vn -0.6571 -0.0168 -0.7536
vn 0.3363 0.3998 -0.8527
vn 0.3729 0.3345 -0.8655
vn -0.6394 -0.0408 -0.7678
vn 0.5344 -0.0562 0.8434
vn 0.4708 -0.1802 0.8636
vn -0.3693 0.1853 0.9106
vn -0.3033 0.3046 0.9029
vn 0.1065 -0.1652 -0.9805
vn 0.7666 0.6054 -0.2143
vn 0.7462 0.6275 -0.2223
vn 0.1375 -0.2020 -0.9697
vn 0.2911 0.2962 -0.9097
vn 0.9363 0.2242 -0.2703
vn 0.9367 0.2226 -0.2703
vn 0.5260 -0.1864 0.8298
vn -0.4901 0.2026 0.8478
vn -0.4991 0.1976 0.8437
vn 0.5225 -0.1744 0.8346
vn 0.9959 -0.0785 0.0451
vn 0.9883 -0.1515 0.0177
vn 0.1674 0.1508 0.9743
vn -0.9259 -0.3270 0.1894
vn -0.6801 0.2448 -0.6910
vn -0.6591 0.1983 -0.7255
vn -0.9106 -0.3845 0.1519
vn 0.5389 0.4240 -0.7279
vn 0.5627 0.3453 -0.7511
vn -0.9766 -0.0026 0.2151
vn 0.5116 0.3676 0.7766
vn -0.2908 -0.0238 0.9565
vn -0.1226 -0.0199 0.9923
vn -0.9332 0.1930 0.3033
vn -0.1321 -0.0686 0.9889
vn 0.2414 -0.1023 -0.9650
vn 0.7750 0.5221 0.3561
vn 0.7089 0.5504 0.4411
vn 0.3651 -0.0937 -0.9262
vn -0.5038 0.0882 0.8593
vn -0.5333 -0.0203 0.8457
vn -0.9762 0.2014 0.0806
vn -0.9633 0.2527 0.0902
vn 0.5780 0.2769 -0.7676
vn 0.5784 0.2639 -0.7719
vn -0.7057 -0.4646 0.5350
vn -0.6984 -0.4270 0.5744
vn -0.5108 -0.8297 -0.2250
vn -0.5800 -0.8093 -0.0926
vn -0.1925 -0.0585 -0.9796
vn -0.1934 -0.0584 -0.9794
vn 0.6815 -0.0046 -0.7318
vn 0.6819 -0.0994 -0.7247
vn 0.3747 -0.1268 0.9184
vn 0.4355 -0.2468 0.8657
vn 0.0318 0.8614 0.5069
vn 0.1563 0.7601 0.6307
vn -0.1999 0.6344 -0.7468
vn 0.3530 0.6759 -0.6470
vn 0.6075 0.0337 -0.7936
vn -0.4617 -0.0643 -0.8847
vn 0.8611 0.5057 -0.0519
vn 0.4576 -0.0527 0.8876
vn 0.5006 -0.1190 0.8575
vn 0.8013 0.5982 -0.0092
vn -0.7559 -0.0902 -0.6484
vn -0.7654 -0.1154 -0.6332
vn 0.5373 0.5087 -0.6728
vn 0.0445 -0.8726 -0.4864
vn 0.1963 0.9075 0.3714
vn -0.1447 0.2680 0.9525
vn -0.8656 -0.3876 -0.3170
vn -0.4962 -0.2877 -0.8191
vn 0.2817 0.4276 -0.8590
vn -0.6300 -0.1415 -0.7636
vn 0.9061 -0.4204 0.0465
vn 0.8844 -0.4652 0.0381
vn 0.2349 -0.8491 -0.4731
vn 0.8433 -0.5197 -0.1371
vn 0.8909 -0.4011 -0.2132
vn 0.8251 0.0765 0.5598
vn 0.8276 0.0734 0.5566
vn 0.5939 0.7791 -0.2007
vn 0.2419 0.9493 0.2007
vn -0.6886 0.4898 0.5347
vn -0.6811 0.4855 0.5480
vn 0.4742 -0.1553 -0.8666
vn 0.5571 -0.0356 -0.8297
vn 0.9187 -0.3905 -0.0595
vn 0.9208 -0.3786 -0.0936
vn -0.7843 -0.6120 0.1018
vn -0.7655 -0.6417 0.0480
vn -0.5087 0.7976 -0.3242
vn -0.6418 0.7153 -0.2764
vn -0.8181 0.0494 0.5729
vn -0.7113 -0.0538 0.7008
vn 0.0148 -0.6409 -0.7675
vn 0.0475 -0.6980 -0.7145
vn 0.3715 0.3152 0.8733
vn 0.4364 0.3958 0.8080
vn -0.3160 0.6141 0.7233
vn -0.2453 0.9453 0.2148
vn -0.0955 0.9225 0.3741
vn -0.3222 0.0656 -0.9444
vn -0.1242 0.9455 -0.3011
vn 0.0297 0.9850 0.1701
vn 0.4750 0.8262 0.3028
vn 0.8189 0.4449 -0.3627
vn 0.7812 0.6237 -0.0271
vn 0.2773 0.5667 -0.7758
vn 0.6407 0.5765 -0.5071
vn -0.9640 -0.1964 0.1790
vn -0.9081 -0.4149 -0.0576
vn -0.5429 0.5345 -0.6477
vn -0.6331 0.2405 -0.7358
vn -0.2446 0.1208 -0.9621
vn 0.7684 -0.6393 0.0296
vn 0.5067 0.0158 0.8620
vn 0.4847 0.0392 0.8738
vn 0.7800 -0.6216 0.0728
vn 0.0066 0.3476 -0.9376
vn -0.2871 0.4144 -0.8636
vn 0.6796 -0.3290 0.6557
vn 0.6684 -0.3774 0.6410
vn -0.6548 -0.6154 0.4388
vn -0.6837 -0.5594 0.4687
vn -0.5751 0.1041 -0.8114
vn -0.4469 -0.8581 -0.2530
vn -0.5030 -0.8009 -0.3249
vn 0.2155 -0.2809 -0.9353
vn 0.2516 -0.3021 -0.9195
vn -0.3738 0.7581 0.5344
vn 0.2263 0.3301 0.9164
vn -0.7474 0.0225 0.6640
vn -0.8954 -0.3519 -0.2726
vn -0.6545 -0.1590 0.7391
vn 0.1845 0.7958 0.5768
vn -0.1663 0.8746 -0.4555
vn -0.0478 0.8665 -0.4969
vn 0.2724 0.7732 0.5727
vn -0.0394 0.0853 -0.9956
vn 0.1976 0.4869 -0.8508
vn 0.1751 -0.1882 -0.9664
vn 0.6537 -0.3467 0.6727
vn 0.6881 -0.3063 0.6578
vn -0.1816 -0.4051 0.8961
vn -0.4811 0.4682 0.7411
vn -0.8425 0.1603 0.5143
vn -0.8753 0.3411 0.3427
vn -0.5955 -0.0793 0.7994
vn -0.6185 0.4644 0.6339
vn -0.8486 -0.5151 -0.1206
vn -0.8798 -0.4527 -0.1449
vn -0.5143 0.3006 0.8032
vn 0.7241 0.3895 0.5691
vn -0.6163 -0.0216 0.7872
vn -0.4273 -0.4844 -0.7634
vn -0.3038 -0.4018 -0.8639
vn -0.7267 -0.0662 0.6837
vn -0.9855 0.0950 -0.1409
vn -0.1992 -0.1028 -0.9745
vn -0.9669 0.2033 -0.1540
vn -0.5553 -0.1003 0.8256
vn -0.7518 0.0720 0.6554
vn -0.5761 -0.6625 -0.4788
vn -0.7806 -0.4461 -0.4378
vn 0.9020 -0.2435 0.3566
vn 0.3962 0.3256 0.8585
vn 0.4615 0.4370 0.7720
vn -0.2298 -0.4616 -0.8568
vn -0.3240 -0.3560 -0.8765
vn 0.3753 0.2262 -0.8989
vn 0.3997 0.1963 -0.8954
vn -0.7023 0.7115 -0.0220
vn -0.7138 0.3262 -0.6198
vn -0.2855 0.0465 0.9572
vn 0.0639 0.3557 0.9324
vn -0.9202 0.0808 0.3830
vn -0.9055 -0.0440 0.4221
vn 0.0666 0.3086 0.9488
vn -0.8377 -0.0650 0.5423
vn -0.8543 -0.0390 0.5183
vn -0.8756 -0.3313 -0.3515
vn -0.8946 -0.2828 -0.3460
vn 0.4791 -0.2519 0.8409
vn 0.4812 -0.2003 0.8534
vn -0.5892 -0.1253 0.7982
vn -0.5923 -0.1957 0.7816
vn 0.9948 0.0133 0.1014
vn 0.9092 0.3146 0.2727
vn 0.9195 0.2558 0.2986
vn 0.2299 0.5404 0.8094
vn 0.2211 0.5191 0.8256
vn -0.2111 -0.6730 0.7089
vn 0.0505 -0.9505 -0.3065
vn -0.1024 0.3076 -0.9460
vn -0.8040 0.5708 -0.1665
vn 0.1967 -0.1634 -0.9668
vn -0.4217 0.3457 -0.8383
vn -0.4426 0.2497 -0.8612
vn -0.9480 0.1076 0.2995
vn -0.8004 0.0452 -0.5978
vn -0.4927 0.1204 -0.8618
vn -0.5031 0.1473 -0.8516
vn 0.5724 -0.4440 -0.6894
vn 0.5798 -0.3553 -0.7332
vn 0.9751 0.2077 0.0778
vn 0.9803 0.1794 0.0829
vn -0.9899 0.0147 -0.1412
vn 0.4189 -0.4014 0.8145
vn 0.3761 -0.4805 0.7922
vn 0.3368 -0.3960 -0.8543
vn 0.8827 0.2512 0.3972
vn 0.8685 0.3678 0.3324
vn 0.2959 -0.2554 -0.9205
vn -0.0873 0.8966 0.4341
vn 0.9258 0.1320 0.3541
vn 0.0503 -0.7054 -0.7070
vn -0.0653 -0.5146 -0.8550
vn 0.1212 0.1506 0.9811
vn -0.8616 -0.2022 0.4655
vn -0.8597 -0.2101 0.4656
vn 0.0867 0.2502 0.9643
vn 0.4781 0.3960 -0.7840
vn 0.5206 0.2768 -0.8077
vn 0.9642 0.2416 -0.1096
vn 0.9178 0.3880 -0.0838
vn -0.0549 -0.1086 0.9926
vn -0.0514 -0.0766 0.9957
vn -0.8385 -0.5308 0.1232
vn -0.5221 -0.1658 -0.8366
vn 0.6596 0.7315 0.1726
vn -0.9895 0.0522 -0.1351
vn -0.9896 0.0481 -0.1355
vn -0.4844 -0.2128 -0.8486
vn -0.4922 -0.2916 -0.8202
vn 0.9911 0.1315 -0.0201
vn 0.3932 0.2919 0.8719
vn 0.3868 0.3348 0.8592
vn 0.9848 0.1707 -0.0318
vn -0.6053 0.2284 -0.7625
vn -0.6023 0.1984 -0.7732
vn -0.9741 -0.0869 0.2089
vn -0.6076 0.2601 -0.7504
vn -0.6096 0.2904 -0.7376
vn -0.9718 -0.0219 0.2348
vn -0.9357 0.3007 0.1844
vn -0.9524 0.2449 0.1816
vn 0.0752 -0.2689 -0.9602
vn 0.9375 -0.1566 -0.3107
vn 0.9261 -0.2515 -0.2812
vn 0.0745 -0.3210 -0.9442
vn 0.5593 0.4837 -0.6732
vn 0.5502 0.4977 -0.6705
vn -0.9161 0.3960 0.0624
vn -0.4032 0.2380 -0.8836
vn -0.3921 0.2551 -0.8839
vn -0.9252 0.3753 0.0564
vn -0.1345 -0.7218 0.6789
vn -0.2000 -0.6703 0.7147
vn -0.6952 -0.7172 -0.0480
vn -0.5783 -0.8082 -0.1113
vn -0.4784 -0.1121 0.8710
vn -0.4880 -0.0774 0.8694
vn -0.9272 -0.1168 -0.3560
vn -0.8967 -0.2668 -0.3531
vn 0.7433 0.1035 0.6610
vn 0.7430 0.0808 0.6644
vn -0.5090 -0.4758 0.7173
vn -0.6251 -0.5561 -0.5478
vn -0.5340 -0.6430 -0.5491
vn -0.4763 -0.5112 0.7154
vn 0.6744 0.7383 0.0043
vn 0.7610 0.6483 0.0241
vn -0.8953 0.4117 -0.1702
vn -0.9107 0.3694 -0.1850
vn 0.6064 -0.1380 -0.7831
vn 0.6074 -0.0847 -0.7899
vn 0.9994 0.0276 0.0231
vn 0.9978 -0.0567 0.0349
vn -0.0377 0.3366 0.9409
vn -0.0346 0.3139 0.9488
vn -0.8290 0.1207 0.5461
vn -0.8262 0.0896 0.5562
vn -0.1833 -0.3802 0.9066
vn -0.9714 -0.1100 0.2105
vn -0.9717 -0.0716 0.2250
vn 0.7809 0.2837 -0.5565
vn 0.8035 0.2733 0.5289
vn 0.8009 0.2816 0.5284
vn 0.7881 0.2627 -0.5567
vn 0.0184 0.0501 -0.9986
vn 0.0331 0.0088 -0.9994
vn 0.7808 0.2831 -0.5570
vn 0.7717 0.3077 -0.5566
vn 0.9487 -0.3129 0.0460
vn 0.9378 -0.3436 0.0500
vn -0.6607 -0.0826 0.7461
vn -0.8607 -0.0303 -0.5081
vn -0.8648 0.0236 -0.5016
vn -0.6566 -0.1188 0.7448
vn 0.3254 0.1137 -0.9387
vn 0.3142 0.1682 -0.9343
vn 0.0868 0.2321 0.9688
vn -0.8787 -0.1523 0.4524
vn -0.8556 -0.2230 0.4671
vn 0.1162 0.1500 0.9818
vn 0.5855 0.8104 -0.0231
vn -0.1018 0.3079 -0.9460
vn -0.1833 0.5637 0.8054
vn -0.8062 0.0772 -0.5866
vn -0.8818 -0.1483 -0.4477
vn -0.2021 0.4797 0.8538
vn -0.0464 -0.1219 -0.9915
vn -0.0365 -0.1514 -0.9878
vn 0.7493 0.1583 -0.6430
vn 0.7523 0.1453 -0.6426
vn 0.3951 0.0108 0.9186
vn -0.5202 0.0437 0.8529
vn -0.5106 0.0910 0.8550
vn 0.1968 0.0750 -0.9776
vn 0.0792 0.6889 -0.7205
vn 0.6806 0.1698 -0.7127
vn 0.8169 0.5140 0.2617
vn 0.8596 0.4063 0.3100
vn -0.5389 0.3211 -0.7787
vn 0.5416 0.3993 -0.7398
vn -0.5427 0.3713 -0.7534
vn 0.5895 -0.0937 -0.8023
vn 0.5918 -0.0494 -0.8046
vn 0.9998 -0.0132 0.0127
vn 0.9996 0.0281 0.0037
vn -0.4764 -0.2440 0.8447
vn -0.4830 -0.2409 0.8418
vn 0.9792 -0.2026 0.0076
vn 0.5502 -0.1510 0.8212
vn 0.5677 -0.1031 0.8167
vn 0.7512 0.6561 0.0722
vn 0.1161 0.2668 0.9567
vn 0.2575 0.0588 0.9645
vn 0.8204 0.5648 0.0889
vn 0.7931 0.3818 0.4746
vn -0.1893 0.3331 0.9237
vn -0.1843 0.3208 0.9290
vn 0.7915 0.3788 0.4797
vn 0.0425 -0.4612 -0.8863
vn -0.0146 -0.6070 -0.7946
vn 0.9166 0.3930 -0.0733
vn -0.5190 -0.4593 0.7208
vn -0.9391 0.2691 -0.2137
vn -0.2698 0.2563 -0.9282
vn -0.2497 0.3281 -0.9110
vn 0.5273 -0.2022 0.8253
vn 0.7425 -0.3140 -0.5917
vn 0.9227 0.1890 0.3360
vn 0.7321 -0.2658 -0.6272
vn 0.7192 -0.1876 -0.6690
vn 0.9003 0.3447 0.2659
vn 0.7013 -0.0976 -0.7061
vn 0.3712 0.0378 0.9278
vn 0.3627 0.0700 0.9293
vn -0.5277 -0.1052 0.8429
vn -0.5255 -0.0811 0.8469
vn 0.9794 -0.1956 -0.0502
vn 0.9888 -0.1103 -0.1000
vn 0.0623 -0.3980 -0.9153
vn 0.8388 -0.2679 0.4740
vn 0.5905 0.4032 0.6991
vn -0.1926 0.3900 0.9005
vn -0.1613 -0.3738 0.9134
vn -0.7708 -0.5277 0.3570
vn -0.7570 -0.5523 0.3492
vn -0.8371 0.1909 -0.5127
vn -0.8393 -0.0532 0.5411
vn -0.6383 -0.2189 0.7380
vn -0.8559 0.3854 -0.3449
vn -0.8753 0.3032 -0.3767
vn -0.6002 -0.1008 0.7935
vn -0.1648 0.2241 0.9605
vn -0.7931 -0.4867 -0.3662
vn -0.9029 -0.4266 -0.0526
vn -0.4016 -0.2191 -0.8892
vn -0.8853 -0.4640 0.0297
vn -0.8445 -0.4837 -0.2299
vn 0.0053 0.2172 0.9761
vn -0.3179 -0.4337 0.8431
vn 0.5218 -0.2352 -0.8200
vn 0.6556 -0.6739 0.3408
vn 0.5540 -0.5907 0.5866
vn 0.5345 -0.2251 -0.8146
vn -0.8506 -0.3040 -0.4291
vn 0.0908 -0.4039 -0.9103
vn 0.0446 -0.3286 -0.9434
vn -0.8661 -0.3259 -0.3791
vn 0.7784 -0.1267 0.6149
vn 0.9091 0.3415 0.2385
vn 0.1873 0.9080 0.3748
vn -0.1588 0.5723 0.8045
vn -0.0179 0.7769 0.6294
vn 0.5409 0.7811 0.3119
vn 0.1384 0.8966 0.4206
vn 0.6420 0.7298 -0.2350
vn 0.5185 0.8481 0.1091
vn 0.1207 0.7115 -0.6923
vn 0.4374 0.8126 -0.3853
vn -0.4136 0.7679 -0.4891
vn -0.0392 0.8271 -0.5606
vn -0.5200 0.8347 0.1810
vn -0.4203 0.8772 -0.2321
vn 0.7238 -0.6763 0.1371
vn 0.9642 0.1010 0.2454
vn 0.9793 0.0828 0.1848
vn 0.3552 -0.4629 -0.8121
vn 0.2817 0.4255 -0.8600
vn -0.9901 0.0724 0.1204
vn -0.7583 -0.0234 -0.6515
vn 0.1260 -0.3317 0.9349
vn 0.7171 0.3348 0.6113
vn -0.1325 0.5711 0.8101
vn -0.5827 -0.8027 -0.1270
vn 0.0992 0.3329 0.9377
vn 0.8301 0.3567 0.4286
vn 0.4684 -0.0145 -0.8834
vn 0.5943 0.5826 0.5544
vn 0.4833 0.5675 0.6666
vn 0.5743 0.0880 -0.8139
vn 0.4703 0.7391 -0.4823
vn 0.5396 0.8414 -0.0302
vn -0.5868 0.5939 -0.5504
vn -0.2344 0.6786 -0.6961
vn -0.0149 -0.8217 -0.5698
vn -0.0390 -0.8359 -0.5475
vn 0.2845 -0.9150 0.2862
vn -0.6445 0.1474 0.7503
vn -0.9884 -0.1435 -0.0507
vn -0.9559 -0.1646 -0.2433
vn -0.7735 0.0583 0.6311
vn -0.7545 0.2301 -0.6146
vn -0.8109 0.2818 -0.5130
vn -0.9585 -0.0781 0.2740
vn 0.3448 0.0142 0.9386
vn -0.3688 -0.0126 0.9294
vn 0.7196 0.5639 0.4052
vn -0.7536 -0.1339 -0.6435
vn -0.7646 -0.2049 -0.6111
vn 0.5336 0.5264 -0.6619
vn 0.5003 0.6187 -0.6057
vn -0.7267 0.5773 0.3724
vn -0.8815 0.2865 -0.3753
vn -0.3635 -0.6302 -0.6861
vn 0.5631 -0.0817 -0.8223
vn 0.5931 -0.1236 -0.7956
vn -0.2855 -0.7307 -0.6202
vn 0.3477 0.8913 0.2910
vn 0.4656 0.8202 0.3323
vn 0.3657 0.5224 -0.7703
vn -0.4669 -0.3937 0.7918
vn -0.9946 -0.0573 -0.0867
vn -0.9984 0.0410 -0.0385
vn -0.4594 -0.3336 0.8232
vn -0.9198 0.1860 0.3454
vn -0.9299 0.3087 0.2001
vn -0.8200 -0.2742 -0.5024
vn 0.7858 0.3099 0.5352
vn 0.7754 0.3518 0.5244
vn 0.8552 0.0675 -0.5139
vn 0.3655 0.4356 0.8226
vn 0.3711 0.4104 0.8330
vn -0.5133 0.1896 0.8370
vn -0.5170 0.2052 0.8310
vn -0.3773 0.3624 -0.8522
vn 0.0581 0.8858 -0.4604
vn -0.5337 0.0083 -0.8457
vn 0.6746 0.0415 -0.7370
vn 0.9330 0.1864 0.3079
vn 0.9453 0.0731 0.3180
vn 0.7787 -0.4725 0.4128
vn 0.8253 -0.3738 0.4233
vn -0.0232 -0.0517 0.9984
vn -0.0386 -0.0895 0.9952
vn -0.2478 0.0204 0.9686
vn -0.9808 -0.0821 0.1769
vn -0.9778 -0.1048 0.1814
vn -0.2453 -0.0009 0.9694
vn 0.9722 0.2172 -0.0872
vn -0.8560 0.1107 0.5051
vn -0.8613 0.1743 0.4772
vn -0.6493 0.1488 -0.7459
vn 0.2118 0.7924 -0.5720
vn 0.0026 0.8761 -0.4822
vn -0.9197 0.3888 0.0549
vn -0.3618 0.3193 -0.8759
vn -0.3152 0.4151 -0.8534
vn -0.9074 0.4162 0.0582
vn -0.7818 -0.4589 0.4222
vn -0.6570 0.0091 -0.7538
vn -0.6177 -0.0331 -0.7857
vn -0.8437 0.3935 0.3652
vn -0.7450 0.2077 0.6339
vn 0.9148 0.2783 0.2928
vn 0.2584 0.2835 0.9235
vn 0.2785 0.1906 0.9413
vn -0.2819 -0.0410 0.9586
vn -0.9275 -0.3468 0.1396
vn -0.8942 -0.4237 0.1446
vn -0.7710 -0.1337 -0.6227
vn -0.7684 -0.1922 -0.6105
vn 0.0567 -0.1698 -0.9838
vn 0.0504 -0.0953 -0.9942
vn 0.7170 -0.6922 0.0822
vn 0.7508 -0.6604 0.0135
vn 0.8553 0.1003 0.5084
vn 0.8817 0.1200 0.4563
vn -0.8216 -0.5586 0.1141
vn -0.4282 -0.2966 -0.8536
vn -0.3681 0.0009 0.9298
vn -0.3393 -0.0594 0.9388
vn 0.8235 0.5626 -0.0723
vn 0.1851 0.9818 0.0413
vn -0.8898 0.0642 0.4518
vn 0.7643 0.3793 0.5215
vn 0.7651 0.3809 0.5192
vn -0.5853 -0.1083 0.8036
vn -0.5423 -0.0246 0.8398
vn -0.3934 -0.2530 0.8838
vn -0.4041 -0.2197 0.8880
vn -0.9728 -0.1415 0.1833
vn -0.9730 -0.1283 0.1917
vn -0.8060 -0.0086 -0.5918
vn 0.2064 -0.0440 -0.9775
vn 0.2079 -0.0873 -0.9743
vn -0.8061 -0.0387 -0.5905
vn -0.2634 -0.6024 0.7535
vn -0.4687 0.1032 -0.8773
vn -0.9492 -0.0915 -0.3011
vn -0.9528 -0.0326 -0.3019
vn 0.0205 0.0360 -0.9991
vn 0.0223 -0.0191 -0.9996
vn 0.9903 0.1393 -0.0004
vn 0.3766 0.2956 0.8779
vn 0.3825 0.2611 0.8863
vn 0.9892 0.1463 0.0025
vn -0.9492 0.1040 0.2968
vn -0.9501 0.0878 0.2994
vn -0.8051 -0.0239 -0.5927
vn 0.9897 0.0087 -0.1429
vn 0.9879 -0.0179 -0.1539
vn 0.6041 0.0619 -0.7945
vn 0.9852 0.1697 0.0223
vn 0.9892 0.1440 0.0258
vn 0.6913 -0.1976 0.6950
vn -0.3714 -0.1890 0.9090
vn -0.3647 -0.1376 0.9209
vn 0.6955 -0.1807 0.6954
vn -0.0066 -0.4337 -0.9010
vn -0.0178 -0.3005 -0.9536
vn 0.7927 -0.0810 -0.6042
vn 0.8024 -0.1794 -0.5692
vn 0.9493 -0.0072 -0.3142
vn 0.4848 -0.1503 0.8616
vn 0.9514 0.0267 -0.3069
vn 0.6904 0.0893 0.7179
vn 0.6880 0.0739 0.7220
vn -0.9391 -0.2471 0.2386
vn -0.6079 -0.1114 -0.7862
vn -0.6013 -0.1320 -0.7881
vn -0.9134 -0.3340 0.2326
vn 0.8751 -0.2188 0.4316
vn 0.8791 -0.1959 0.4345
vn -0.0225 -0.0339 0.9992
vn -0.0145 -0.0136 0.9998
vn 0.3947 -0.1146 0.9116
vn 0.4144 -0.1714 0.8938
vn -0.8943 -0.4429 0.0635
vn 0.8558 -0.2896 0.4286
vn -0.0159 -0.0267 0.9995
vn -0.7895 0.3863 0.4770
vn -0.7646 0.4929 0.4153
vn -0.9377 0.1527 -0.3122
vn -0.9710 0.0213 -0.2382
vn -0.2361 -0.0514 0.9704
vn -0.9652 0.2103 0.1551
vn 0.3275 0.1646 0.9304
vn -0.5425 -0.0937 0.8348
vn -0.1479 -0.5354 -0.8316
vn 0.4012 0.1892 -0.8962
vn -0.4808 -0.1144 -0.8694
vn -0.4469 -0.1637 -0.8795
vn 0.3392 0.2968 -0.8927
vn 0.3018 0.3467 -0.8881
vn -0.9944 0.0902 -0.0557
vn -0.9359 0.3370 -0.1024
vn 0.6687 -0.1565 -0.7269
vn 0.6416 -0.2070 -0.7386
vn 0.7416 0.5640 0.3632
vn 0.7732 0.4598 0.4368
vn 0.8241 0.5212 0.2217
vn 0.6162 0.0420 -0.7865
vn 0.5996 -0.0284 -0.7998
vn -0.9010 0.3786 -0.2119
vn -0.3084 -0.3729 -0.8751
vn -0.3431 -0.4411 -0.8293
vn -0.8672 0.4307 -0.2501
vn 0.4438 -0.3192 0.8373
vn 0.2668 0.2835 0.9211
vn -0.4879 0.4547 0.7451
vn -0.7415 0.6259 -0.2417
vn 0.6670 0.1386 -0.7321
vn 0.4059 0.5248 0.7483
vn -0.9901 0.0676 -0.1226
vn -0.9635 0.2413 -0.1156
vn -0.9818 0.1462 -0.1209
vn -0.1911 0.9774 -0.0907
vn 0.1612 0.5580 0.8140
vn -0.8373 0.5233 -0.1586
vn -0.8736 0.4617 -0.1539
vn 0.8981 0.1834 -0.3997
vn 0.9628 0.0951 -0.2528
vn 0.8135 0.0142 -0.5814
vn 0.7790 0.4953 0.3845
vn 0.8014 0.4422 0.4028
vn 0.7788 0.0913 -0.6205
vn 0.4968 0.1556 0.8538
vn -0.7127 0.4229 0.5597
vn 0.5392 0.3393 0.7708
vn -0.9101 -0.1572 -0.3834
vn -0.8544 -0.0359 0.5184
vn -0.6350 0.2711 -0.7234
vn 0.1550 0.9203 -0.3592
vn 0.9239 0.3083 0.2265
vn -0.4399 -0.1984 0.8758
vn 0.2398 0.5327 0.8116
vn 0.3370 0.9385 -0.0752
vn 0.1808 0.7362 -0.6522
vn 0.1557 0.9402 -0.3029
vn -0.0061 0.7129 -0.7012
vn -0.4587 0.5207 -0.7200
vn -0.7989 0.5970 0.0730
vn -0.7663 0.5566 -0.3210
vn -0.2298 0.9254 0.3014
vn -0.5975 0.7957 0.0996
vn -0.4232 0.6487 -0.6325
vn 0.8272 -0.1526 -0.5408
vn 0.4301 -0.4806 0.7642
vn -0.1618 -0.4384 -0.8841
vn 0.8801 -0.2545 0.4009
vn 0.7409 -0.2169 0.6357
vn 0.8865 0.2682 -0.3771
vn 0.8536 0.3324 0.4011
vn 0.8740 0.2258 -0.4302
vn 0.8551 0.2637 -0.4465
vn -0.1473 -0.3534 -0.9238
vn 0.8603 0.2802 -0.4258
vn 0.7999 0.3045 -0.5171
vn -0.9729 0.0630 -0.2226
vn -0.9891 0.0962 -0.1116
vn -0.5716 -0.2551 -0.7799
vn 0.0757 -0.8617 -0.5017
vn -0.1707 -0.1296 0.9768
vn -0.9022 0.3311 -0.2764
vn -0.9998 0.0175 -0.0116
vn -0.5068 -0.7532 0.4193
vn 0.6354 -0.1621 -0.7550
vn 0.1601 0.3059 0.9385
vn -0.4730 -0.2425 0.8470
vn -0.8619 -0.5026 0.0677
vn -0.8053 -0.5889 0.0689
vn -0.5068 0.1863 0.8417
vn -0.9812 -0.1244 0.1476
vn -0.1013 0.3084 -0.9458
vn -0.5526 -0.3126 0.7726
vn 0.3136 -0.8824 -0.3508
vn -0.8023 -0.4621 0.3778
vn -0.7955 -0.4824 0.3668
vn -0.5373 0.0619 0.8411
vn -0.4952 -0.2044 0.8444
vn -0.4792 -0.2128 0.8515
vn -0.7717 0.4933 0.4014
vn 0.9610 -0.2762 0.0096
vn 0.9701 -0.2425 0.0064
vn 0.5806 -0.0652 0.8116
vn 0.5872 -0.0457 0.8081
vn 0.5560 0.3183 -0.7678
vn -0.4735 0.0044 -0.8808
vn -0.4713 -0.0434 -0.8809
vn 0.6019 0.0876 -0.7938
vn -0.4752 -0.0125 -0.8798
vn -0.4855 -0.1001 0.8685
vn -0.9355 -0.0428 -0.3507
vn 0.4432 -0.0273 0.8960
vn 0.4540 -0.0914 0.8863
vn -0.4532 -0.1573 0.8774
vn -0.4496 -0.2075 0.8688
vn -0.8478 0.0066 -0.5303
vn 0.1024 -0.1364 -0.9854
vn -0.8572 -0.1202 -0.5008
vn 0.9532 0.1079 -0.2824
vn -0.2500 0.1626 0.9545
vn -0.9822 0.0910 0.1643
vn -0.9852 -0.0004 0.1714
vn -0.2541 0.1117 0.9607
vn -0.5575 -0.1319 0.8196
vn -0.8846 -0.4628 0.0574
vn 0.3185 0.1601 0.9343
vn -0.6767 0.4321 0.5962
vn -0.6247 0.5543 0.5500
vn 0.3521 0.2402 0.9046
vn -0.9378 -0.1754 -0.2997
vn -0.9391 -0.1744 -0.2961
vn 0.0164 0.0005 -0.9999
vn 0.0077 0.0409 -0.9991
vn 0.5800 -0.6045 -0.5461
vn 0.9352 0.3251 -0.1402
vn -0.9668 0.1526 0.2050
vn -0.1904 0.2003 0.9611
vn -0.6491 -0.7209 -0.2428
vn -0.6237 -0.7644 -0.1637
vn -0.5759 -0.2008 0.7925
vn -0.4927 0.0600 -0.8681
vn 0.6732 0.1764 -0.7181
vn 0.6473 0.1040 -0.7551
vn -0.6089 -0.7832 -0.1261
vn -0.5861 -0.8084 -0.0549
vn -0.8207 -0.5698 0.0421
vn -0.7903 -0.6125 0.0148
vn 0.7893 0.3124 0.5286
vn 0.1383 0.0929 0.9860
vn 0.1507 0.0586 0.9868
vn -0.4804 -0.1515 0.8639
vn -0.9300 -0.0835 -0.3579
vn 0.5359 0.2108 -0.8175
vn 0.9851 0.1128 -0.1296
vn 0.5680 -0.5789 -0.5850
vn 0.9481 0.3022 -0.0991
vn 0.5193 0.6269 0.5808
vn -0.7052 0.2885 0.6476
vn -0.6887 0.2401 0.6842
vn 0.5129 0.6416 0.5703
vn 0.8708 0.2282 0.4354
vn 0.8684 0.2397 0.4341
vn -0.4356 -0.1127 0.8931
vn -0.4415 -0.1311 0.8876
vn 0.6116 -0.0158 -0.7910
vn 0.8792 -0.1868 0.4383
vn 0.5974 -0.0738 -0.7986
vn 0.9528 0.0691 -0.2957
vn -0.6174 0.2308 -0.7520
vn -0.6130 0.2620 -0.7453
vn -0.0557 0.6776 0.7333
vn -0.1158 0.5450 0.8304
vn 0.9475 0.2436 0.2072
vn -0.1244 0.8187 0.5606
vn -0.1226 0.8214 0.5570
vn 0.9438 0.1961 0.2659
vn 0.5394 0.2241 -0.8117
vn 0.9888 0.0492 -0.1409
vn 0.2391 0.1737 -0.9553
vn 0.1262 0.3323 -0.9347
vn -0.8306 0.0758 0.5518
vn -0.8273 0.1995 -0.5251
vn -0.8331 0.1379 -0.5357
vn -0.8325 0.0763 0.5487
vn 0.2834 0.0607 -0.9571
vn 0.2941 -0.1139 -0.9490
vn -0.7485 -0.0063 -0.6631
vn -0.8413 -0.2530 0.4777
vn -0.8233 -0.3690 -0.4313
vn -0.7718 -0.4949 -0.3992
vn 0.8031 0.5845 -0.1159
vn 0.8461 0.5194 -0.1193
vn 0.8027 -0.5914 -0.0770
vn 0.8400 0.0864 0.5356
vn 0.3382 0.0705 -0.9384
vn 0.3316 0.0874 -0.9394
vn 0.9558 0.1082 -0.2735
vn 0.0735 -0.1586 -0.9846
vn 0.8692 0.2310 -0.4373
vn 0.8973 0.1708 -0.4071
vn 0.0619 -0.1953 -0.9788
vn -0.9487 0.2800 0.1471
vn -0.9545 -0.2916 0.0620
vn 0.4954 -0.2637 0.8277
vn 0.1904 0.9008 -0.3902
vn -0.4186 0.8969 0.1426
vn 0.0444 0.9953 -0.0858
vn -0.3500 0.8576 0.3769
vn -0.0448 0.5796 0.8137
vn 0.7643 0.5877 0.2653
vn 0.5338 0.5278 0.6607
vn -0.3926 0.0799 0.9162
vn -0.1154 -0.7514 0.6497
vn -0.8309 -0.5473 -0.1003
vn -0.8825 -0.4416 0.1620
vn -0.9147 0.3068 0.2631
vn -0.9268 0.3701 0.0643
vn -0.4946 0.4453 -0.7464
vn 0.5360 0.0577 -0.8422
vn 0.3891 -0.5982 -0.7005
vn -0.6984 -0.5112 0.5009
vn 0.4040 0.6211 -0.6715
vn -0.4733 0.8804 -0.0298
vn -0.6576 0.7526 0.0340
vn 0.3742 0.5962 -0.7102
vn 0.9172 0.1343 0.3752
vn -0.1282 0.0297 0.9913
vn -0.8464 -0.5182 0.1228
vn -0.0400 -0.0745 0.9964
vn -0.7511 -0.0676 -0.6567
vn 0.7409 0.6708 0.0336
vn 0.0130 0.4449 0.8955
vn -0.1469 -0.8615 -0.4860
vn 0.6421 -0.1658 -0.7485
vn 0.6783 -0.1853 -0.7111
vn -0.0221 -0.9338 -0.3570
vn 0.2186 -0.0713 -0.9732
vn 0.8757 0.3557 0.3266
vn 0.2565 -0.1918 -0.9473
vn -0.1491 0.4381 0.8865
vn -0.2895 0.1418 -0.9466
vn -0.4362 -0.1952 -0.8785
vn -0.4594 -0.1554 -0.8745
vn 0.3246 0.3081 -0.8943
vn 0.3399 0.2813 -0.8974
vn -0.0130 0.8484 0.5292
vn -0.0019 0.8226 0.5686
vn -0.6542 0.1826 -0.7339
vn -0.5149 0.6823 -0.5190
vn 0.7196 -0.1604 0.6756
vn 0.7028 -0.2419 0.6691
vn 0.6018 -0.0205 -0.7984
vn -0.8477 -0.5153 0.1257
vn -0.8599 -0.4940 0.1287
vn -0.5305 -0.1500 -0.8343
vn -0.5279 -0.1556 -0.8350
vn 0.9047 0.4052 -0.1318
vn 0.4691 0.2472 0.8479
vn -0.4366 -0.0546 0.8980
vn -0.9665 0.0334 -0.2543
vn -0.9610 0.1379 -0.2399
vn -0.4345 -0.0804 0.8971
vn -0.1018 -0.3342 -0.9370
vn -0.1262 -0.3752 -0.9183
vn -0.8340 -0.2434 -0.4952
vn -0.8676 0.4534 -0.2041
vn -0.2244 0.8522 -0.4726
vn -0.0208 0.2605 -0.9653
vn -0.2610 -0.3039 0.9163
vn 0.7900 0.5859 -0.1807
vn 0.8020 0.5778 -0.1516
vn 0.0463 0.7749 0.6304
vn -0.2228 0.9744 0.0304
vn 0.9911 0.0669 -0.1152
vn -0.9575 0.2451 0.1520
vn 0.5501 0.4492 -0.7040
vn 0.3600 -0.3863 -0.8492
vn 0.3979 -0.3058 -0.8649
vn 0.9102 -0.3985 -0.1129
vn 0.9123 -0.3908 -0.1225
vn -0.1160 -0.2520 -0.9608
vn -0.8807 -0.2623 -0.3943
vn -0.8173 0.5259 -0.2355
vn -0.1590 0.9708 -0.1795
vn 0.2153 0.5987 -0.7715
vn -0.9558 0.0455 -0.2904
vn -0.9441 -0.0002 -0.3297
vn -0.0802 -0.7551 0.6507
vn 0.4785 0.8130 0.3318
vn 0.8293 0.1697 -0.5325
vn 0.9652 0.2612 0.0102
vn 0.0913 0.7787 -0.6208
vn 0.6107 0.3432 -0.7137
vn 0.4470 0.8148 0.3691
vn 0.2449 0.7970 0.5520
vn -0.4872 0.7485 -0.4498
vn -0.7770 0.6185 -0.1175
vn -0.8676 -0.2978 0.3982
vn -0.9828 -0.1195 -0.1409
vn 0.0092 -0.8758 0.4826
vn 0.3575 0.1825 0.9159
vn 0.8585 -0.4945 0.1362
vn 0.0248 0.6105 -0.7916
vn 0.1344 0.1687 -0.9765
vn -0.3163 -0.0403 -0.9478
vn -0.3467 -0.0500 -0.9366
vn 0.1504 -0.7135 -0.6843
vn 0.0700 -0.6904 -0.7200
vn 0.4684 0.2998 -0.8311
vn 0.2994 0.2384 0.9239
vn -0.3092 0.5098 0.8028
vn -0.5214 0.8283 0.2051
vn -0.2827 0.8791 -0.3838
vn -0.6058 -0.3495 -0.7147
vn -0.5483 -0.4554 -0.7014
vn -0.2682 0.1466 0.9521
vn -0.5063 -0.5278 -0.6820
vn -0.1078 0.1669 0.9801
vn -0.1079 0.1519 0.9825
vn 0.2442 0.5099 0.8249
vn -0.8471 -0.2460 0.4710
vn -0.8471 -0.2464 0.4708
vn 0.0404 0.7214 0.6913
vn -0.0543 0.3323 -0.9416
vn 0.8814 0.2329 -0.4110
vn 0.8899 0.1391 -0.4345
vn -0.0467 0.2456 -0.9682
vn 0.8299 0.1194 0.5450
vn 0.9483 0.1576 -0.2755
vn 0.6281 0.1710 0.7591
vn 0.6293 0.1465 0.7633
vn 0.9437 0.1844 -0.2747
vn 0.4106 0.5276 -0.7437
vn 0.5905 -0.0970 -0.8012
vn 0.5788 -0.1391 -0.8036
vn -0.6134 -0.6930 -0.3789
vn -0.6537 -0.6466 -0.3932
vn -0.2836 0.0774 -0.9558
vn -0.2815 0.1664 -0.9450
vn 0.9083 0.1801 -0.3775
vn 0.9050 0.1055 -0.4122
vn -0.0445 0.0041 0.9990
vn -0.0460 -0.0123 0.9989
vn 0.3922 -0.0924 0.9152
vn 0.5794 -0.0655 0.8124
vn -0.4339 0.3243 0.8406
vn -0.4321 0.3293 0.8396
vn 0.5625 -0.1062 0.8199
vn 0.8402 -0.5423 -0.0000
vn 0.7084 -0.6828 -0.1785
vn 0.7430 -0.6598 -0.1120
vn 0.1173 -0.8422 0.5263
vn 0.0410 -0.9219 0.3852
vn 0.4063 0.3527 0.8429
vn -0.8729 0.4879 -0.0012
vn -0.8686 0.4955 -0.0087
vn 0.6129 0.4023 -0.6800
vn 0.3857 0.8822 0.2699
vn -0.3972 0.9162 0.0534
vn -0.6654 0.2909 -0.6875
vn 0.3775 -0.4650 -0.8008
vn 0.7187 0.4519 0.5284
vn -0.7851 -0.5008 -0.3645
vn -0.8065 -0.5055 -0.3066
vn -0.5673 0.2235 -0.7926
vn 0.7268 0.2196 -0.6508
vn 0.7508 0.3200 -0.5779
vn 0.6141 0.7752 -0.1484
vn 0.8895 -0.1728 -0.4230
vn 0.0746 0.9489 -0.3066
vn 0.2543 0.2925 -0.9218
vn 0.1221 0.7750 -0.6200
vn -0.3168 -0.1302 -0.9395
vn 0.1182 0.1161 -0.9862
vn -0.8372 0.4229 -0.3469
vn -0.5741 -0.0834 -0.8145
vn 0.5839 0.2030 0.7860
vn -0.2870 0.9576 0.0253
vn -0.4332 -0.5378 0.7233
vn -0.6079 0.7744 -0.1754
vn -0.3716 -0.4242 0.8258
vn 0.6320 -0.4555 0.6270
vn 0.5938 0.7318 0.3345
vn 0.7719 -0.2843 0.5687
vn 0.5312 0.8318 -0.1611
vn -0.8887 0.3111 -0.3368
vn -0.3401 0.9396 0.0380
vn -0.7316 0.3105 0.6069
vn -0.7124 0.2651 0.6498
vn -0.8957 -0.3833 0.2255
vn -0.5956 -0.0994 -0.7971
vn -0.5989 -0.0443 -0.7996
vn -0.9096 -0.3359 0.2445
vn 0.9450 0.1936 -0.2636
vn 0.9235 0.1262 0.3623
vn -0.0614 0.9301 0.3620
vn 0.9260 0.1349 0.3527
vn -0.5699 -0.6239 -0.5347
vn -0.4290 -0.7797 0.4561
vn 0.4708 0.1329 -0.8721
vn 0.9926 0.0799 -0.0919
vn 0.6258 0.0565 0.7779
vn 0.6201 0.1224 0.7749
vn -0.4474 0.0721 0.8914
vn -0.4413 0.0120 0.8973
vn 0.9573 0.2822 -0.0628
vn -0.1483 -0.0060 0.9889
vn -0.8208 0.5555 0.1331
vn -0.0937 0.7547 -0.6494
vn 0.0031 0.8485 -0.5292
vn -0.1528 -0.0069 0.9882
vn -0.1557 0.0417 0.9869
vn 0.9460 0.1242 0.2995
vn 0.9395 0.1708 0.2969
vn 0.0224 -0.0297 -0.9993
vn -0.9875 -0.1343 -0.0827
vn -0.9927 -0.0721 -0.0970
vn 0.9355 0.2275 -0.2703
vn 0.6440 0.0626 0.7624
vn 0.6558 0.0037 0.7550
vn 0.9339 0.2360 -0.2684
vn -0.4411 -0.2885 -0.8499
vn -0.9680 -0.2462 -0.0476
vn -0.9639 -0.2632 -0.0400
vn 0.8659 0.2881 0.4090
vn 0.8603 0.3494 0.3713
vn 0.8079 -0.2465 -0.5353
vn 0.8815 -0.0760 -0.4660
vn 0.9408 0.3374 -0.0328
vn 0.5492 0.8332 0.0650
vn 0.2020 0.6423 0.7393
vn 0.6204 0.0994 0.7779
vn 0.3992 0.2361 0.8859
vn 0.4028 0.1701 0.8994
vn -0.5067 0.1438 0.8500
vn -0.5077 0.1580 0.8469
vn 0.0726 0.3673 0.9273
vn 0.6179 0.0447 0.7850
vn 0.6192 0.0544 0.7834
vn 0.4545 -0.2847 0.8440
vn 0.9847 0.1487 -0.0904
vn -0.1179 0.4069 -0.9058
vn 0.9363 -0.0100 -0.3510
vn 0.5103 0.7890 0.3421
vn -0.0653 0.5046 0.8609
vn -0.5051 0.7674 0.3949
vn -0.5686 0.6628 0.4872
vn 0.6459 0.5918 0.4823
vn 0.9730 0.1282 -0.1921
vn 0.6429 -0.6783 0.3559
vn 0.7124 -0.5809 0.3936
vn -0.0580 -0.1277 0.9901
vn -0.0853 -0.1656 0.9825
vn -0.4501 -0.1462 0.8809
vn -0.6937 0.6393 0.3317
vn 0.1506 0.9318 -0.3303
vn 0.3129 0.8791 -0.3595
vn -0.6753 0.6447 0.3584
vn 0.4934 0.4667 0.7340
vn -0.2469 -0.0359 0.9684
vn -0.9084 0.3863 0.1602
vn -0.5036 0.8621 0.0559
vn -0.6450 0.0338 0.7634
vn -0.8961 0.2479 0.3682
vn -0.3904 0.1188 0.9129
vn -0.8709 0.4086 -0.2731
vn 0.8207 -0.5440 0.1749
vn 0.8536 -0.5074 -0.1176
vn 0.3716 0.9281 -0.0246
vn -0.1661 0.9776 0.1296
vn 0.1562 0.2316 0.9602
vn 0.1062 0.0273 0.9940
vn -0.8221 0.5645 -0.0735
vn -0.8922 0.3965 0.2161
vn -0.2856 -0.1144 0.9515
vn 0.9559 0.2895 0.0494
vn -0.7554 0.0099 0.6552
vn -0.7672 0.0608 0.6385
vn -0.9723 -0.2024 -0.1167
vn -0.9759 -0.1838 -0.1175
vn -0.5207 0.2688 0.8103
vn 0.3381 0.4633 -0.8192
vn 0.8205 0.4466 0.3569
vn 0.8127 0.4554 0.3635
vn 0.2361 -0.1104 -0.9655
vn 0.8616 0.3940 0.3200
vn 0.8715 0.3668 0.3256
vn 0.2052 -0.0369 -0.9780
vn 0.7954 0.5630 -0.2243
vn 0.7254 0.6226 -0.2935
vn -0.4807 0.1035 -0.8707
vn -0.9128 -0.2256 -0.3403
vn 0.0027 -0.5477 -0.8367
vn -0.9084 -0.2779 -0.3124
vn 0.5944 -0.2253 -0.7720
vn 0.9035 0.1626 -0.3965
vn 0.9076 0.1603 -0.3881
vn 0.0407 0.3556 0.9338
vn 0.7914 0.2513 0.5573
vn 0.0778 0.3271 0.9418
vn -0.1996 -0.2343 -0.9515
vn 0.4397 -0.0161 0.8980
vn -0.4188 -0.3212 0.8493
vn -0.5972 0.7569 -0.2653
vn -0.2173 0.4090 -0.8863
vn 0.0041 0.5760 -0.8174
vn -0.9739 -0.1016 -0.2031
vn 0.2046 0.9508 0.2325
vn 0.1119 0.9166 -0.3837
vn -0.9440 -0.2456 0.2205
vn -0.0647 0.1081 0.9920
vn 0.2477 -0.2146 -0.9448
vn -0.9718 0.2247 0.0711
vn -0.8917 -0.3940 0.2228
vn 0.1437 -0.8403 -0.5228
vn 0.0030 0.7258 -0.6879
vn -0.1332 0.9033 0.4079
vn -0.1909 0.9355 -0.2973
vn 0.3295 0.7595 0.5609
vn 0.5600 0.3338 -0.7582
vn 0.2195 0.1461 -0.9646
vn 0.1643 0.1222 -0.9788
vn -0.4865 -0.4845 -0.7270
vn 0.2176 -0.3710 -0.9028
vn 0.1969 -0.3673 -0.9090
vn 0.7116 0.3288 -0.6209
vn 0.5841 0.1426 -0.7991
vn -0.4358 0.3260 0.8389
vn 0.9426 0.1522 -0.2971
vn 0.9360 0.1172 -0.3321
vn 0.2991 0.4454 -0.8439
vn -0.1062 0.8567 -0.5048
vn 0.2710 0.9519 0.1431
vn 0.2962 -0.3161 -0.9013
vn -0.3974 0.5708 -0.7186
vn -0.4964 0.8679 -0.0160
vn -0.0224 -0.6157 -0.7877
vn 0.4098 0.1800 -0.8943
vn -0.4437 0.2927 0.8470
vn -0.4332 0.3250 0.8407
vn 0.5926 -0.0284 0.8050
vn 0.9585 0.0177 -0.2844
vn -0.3183 -0.4566 0.8308
vn -0.3298 -0.4540 0.8277
vn -0.4763 0.2191 0.8516
vn -0.9029 0.4226 0.0781
vn -0.9195 0.3869 0.0693
vn -0.5677 -0.5168 -0.6408
vn -0.5647 -0.5313 -0.6316
vn -0.9924 0.1145 0.0457
vn -0.4053 0.4431 -0.7996
vn -0.4353 -0.1054 0.8941
vn -0.1818 0.6404 -0.7462
vn -0.9374 -0.3327 -0.1025
vn -0.5738 0.0414 0.8180
vn -0.6008 -0.0088 0.7993
vn -0.1784 0.3351 0.9252
vn 0.1017 -0.1486 -0.9836
vn 0.7846 0.5853 -0.2045
vn 0.7731 0.5981 -0.2111
vn 0.0802 -0.1290 -0.9884
vn -0.4876 -0.1707 0.8562
vn -0.8893 -0.2354 -0.3922
vn -0.1885 0.5519 0.8123
vn -0.9157 -0.3713 -0.1537
vn -0.9013 -0.4053 -0.1532
vn -0.2146 -0.2058 -0.9548
vn 0.1674 -0.3300 -0.9290
vn 0.7644 0.2695 -0.5857
vn 0.4863 -0.1456 0.8616
vn 0.4855 -0.1547 0.8605
vn -0.5789 -0.0130 0.8153
vn -0.5808 -0.0291 0.8136
vn -0.6837 -0.6011 -0.4138
vn -0.6349 -0.1336 0.7610
vn 0.2082 -0.0896 -0.9740
vn 0.2084 -0.1128 -0.9715
vn -0.8059 -0.0439 -0.5904
vn -0.3596 -0.0700 0.9305
vn -0.3614 -0.0629 0.9303
vn 0.7020 -0.0018 0.7122
vn 0.8809 0.0122 -0.4732
vn 0.8704 -0.0683 -0.4877
vn 0.7867 0.3266 0.5239
vn 0.1419 0.0857 0.9862
vn -0.1244 0.8305 0.5430
vn 0.9916 0.0896 -0.0929
vn 0.9894 0.1136 -0.0909
vn -0.9613 -0.2700 0.0544
vn -0.9624 -0.2676 0.0459
vn -0.6051 -0.7321 0.3127
vn -0.5793 -0.1966 0.7910
vn -0.5708 -0.2023 0.7958
vn -0.5849 0.7087 -0.3945
vn -0.9783 -0.1373 -0.1551
vn -0.9759 -0.1628 -0.1455
vn 0.7522 0.4223 0.5059
vn -0.9138 0.3641 -0.1799
vn -0.9519 0.2595 -0.1630
vn 0.7847 0.5866 -0.2005
vn 0.7831 0.5905 -0.1951
vn 0.6936 0.0736 0.7166
vn -0.3588 -0.0974 0.9283
vn -0.3497 -0.1443 0.9257
vn 0.6789 0.1411 0.7205
vn -0.4329 0.4207 0.7973
vn -0.8468 0.4907 -0.2055
vn -0.3415 0.5464 0.7647
vn 0.4556 0.8874 -0.0707
vn -0.7982 -0.3160 -0.5129
vn -0.8046 -0.3053 -0.5093
vn 0.0210 0.1929 -0.9810
vn 0.0149 0.2065 -0.9783
vn -0.8559 -0.2185 0.4687
vn -0.8641 -0.2447 -0.4399
vn -0.8655 -0.2369 -0.4413
vn 0.4245 0.3452 -0.8371
vn -0.4418 -0.4594 0.7706
vn -0.9325 -0.3097 -0.1856
vn -0.8919 -0.3931 -0.2235
vn -0.3776 -0.5937 0.7106
vn -0.1063 -0.2674 0.9577
vn -0.9754 0.1645 0.1465
vn -0.5709 -0.5923 -0.5686
vn -0.5752 -0.6035 -0.5522
vn -0.6750 0.0075 0.7378
vn -0.8518 -0.1097 -0.5122
vn 0.3764 0.0968 0.9214
vn 0.9903 0.1363 0.0277
vn -0.1254 0.1897 0.9738
vn -0.8786 -0.3466 -0.3284
vn -0.8834 -0.3331 -0.3297
vn -0.0950 0.1159 0.9887
vn -0.4115 0.2509 -0.8762
vn -0.4033 0.2876 -0.8687
vn 0.8819 0.0489 -0.4689
vn -0.9706 -0.1830 -0.1565
vn -0.9302 -0.2925 -0.2218
vn -0.4376 0.0770 -0.8959
vn -0.5069 0.2141 -0.8350
vn -0.4366 0.1510 0.8869
vn 0.5098 -0.4448 -0.7364
vn 0.4160 -0.5767 -0.7031
vn 0.0080 0.7828 0.6222
vn 0.7982 0.6012 0.0374
vn 0.7522 0.6579 0.0359
vn 0.8037 0.2238 -0.5513
vn 0.7752 0.3495 0.5263
vn -0.4455 -0.7695 0.4576
vn 0.1327 -0.7059 -0.6958
vn 0.2136 -0.4735 -0.8545
vn -0.4635 -0.7676 0.4426
vn 0.9486 -0.3152 0.0295
vn 0.5369 -0.1756 0.8252
vn 0.3878 0.1093 0.9152
vn 0.3829 0.0592 0.9219
vn 0.9792 -0.1961 0.0528
vn -0.9860 -0.0967 -0.1358
vn 0.6428 0.1238 -0.7560
vn 0.6859 0.1172 0.7182
vn 0.3162 0.6683 -0.6734
vn -0.6386 -0.6764 0.3668
vn 0.5816 -0.3961 0.7105
vn -0.4051 -0.2784 0.8709
vn -0.4312 -0.2719 0.8603
vn -0.3829 -0.9015 0.2017
vn -0.2482 -0.9285 0.2763
vn 0.8427 0.5064 -0.1831
vn 0.6256 0.7390 0.2499
vn 0.7879 0.5446 0.2875
vn 0.4080 0.3635 -0.8375
vn 0.5985 0.7782 -0.1903
vn -0.3218 0.6275 -0.7090
vn -0.4930 0.8231 -0.2819
vn -0.1718 0.9829 0.0664
vn 0.3207 0.9471 -0.0125
vn 0.4919 0.7515 -0.4396
vn 0.8921 0.2818 -0.3532
vn -0.4277 -0.5217 0.7382
vn -0.6120 -0.3131 -0.7263
vn -0.7777 -0.3075 -0.5483
vn -0.0646 -0.1935 -0.9790
vn -0.1790 0.3816 0.9068
vn -0.8011 -0.3368 -0.4947
vn -0.9269 -0.1485 -0.3446
vn -0.9152 0.1970 0.3516
vn -0.9310 -0.3397 -0.1337
vn -0.9596 -0.2446 -0.1392
vn -0.7587 -0.0877 -0.6455
vn 0.5413 -0.5290 -0.6536
vn -0.7436 0.0027 -0.6686
vn 0.2534 -0.3605 -0.8977
vn 0.2407 -0.3877 -0.8898
vn -0.7472 -0.0092 -0.6645
vn 0.9967 0.0813 -0.0073
vn -0.0661 -0.3234 -0.9439
vn 0.8743 -0.0344 -0.4842
vn 0.8674 0.0075 -0.4976
vn -0.0635 -0.3454 -0.9363
vn -0.3605 -0.0972 0.9277
vn -0.4789 -0.1404 -0.8665
vn 0.6008 -0.2015 -0.7736
vn -0.0345 -0.0720 0.9968
vn 0.3974 0.2595 0.8802
vn 0.3908 0.1829 0.9021
vn -0.9245 0.3242 -0.2005
vn -0.9368 0.2737 -0.2181
vn -0.1018 0.3062 -0.9465
vn 0.8466 0.3227 0.4232
vn 0.8603 0.2748 0.4295
vn 0.7583 0.1234 -0.6401
vn -0.4785 0.1771 0.8600
vn -0.9531 0.2886 0.0909
vn -0.8717 -0.0406 -0.4883
vn -0.8814 -0.0986 -0.4620
vn -0.6470 -0.2476 0.7211
vn 0.9586 0.1532 0.2401
vn 0.9679 0.1014 0.2298
vn -0.6897 -0.5902 -0.4195
vn 0.6253 -0.7642 -0.1582
vn 0.6423 -0.7371 -0.2099
vn -0.8668 0.4975 -0.0355
vn -0.0238 -0.0927 0.9954
vn 0.0010 -0.1315 0.9913
vn 0.2554 -0.3541 -0.8997
vn 0.2296 0.1958 -0.9534
vn 0.9518 0.0408 0.3039
vn -0.1556 -0.3177 0.9353
vn -0.1516 -0.1179 0.9814
vn 0.9730 0.1807 -0.1436
vn 0.9497 0.2812 -0.1376
vn 0.9075 -0.4022 -0.1213
vn 0.6056 0.1091 0.7882
vn 0.6938 -0.5468 -0.4687
vn 0.6894 -0.5963 -0.4114
vn -0.5659 -0.5551 -0.6097
vn -0.9290 0.3619 0.0775
vn -0.9221 0.3801 0.0732
vn 0.3120 -0.5109 -0.8011
vn 0.2988 -0.5404 -0.7865
vn 0.9100 0.3933 -0.1315
vn 0.4928 0.1910 0.8489
vn -0.9436 0.2299 -0.2383
vn -0.9486 0.1798 -0.2605
vn -0.4504 -0.1780 0.8749
vn -0.9977 0.0593 -0.0339
vn 0.9359 0.1909 0.2961
vn -0.1018 0.3094 -0.9455
vn -0.5678 -0.5807 -0.5835
vn 0.5887 -0.1058 -0.8014
vn -0.0307 0.2282 0.9731
vn -0.0319 0.2790 0.9598
vn 0.0021 0.7689 0.6394
vn 0.0756 0.8558 0.5118
vn -0.9687 0.0101 0.2481
vn -0.9650 0.0435 0.2586
vn -0.6682 -0.6762 -0.3103
vn -0.1468 -0.1242 0.9813
vn 0.7346 0.5634 0.3781
vn 0.7861 0.4937 0.3720
vn 0.2914 -0.6275 0.7220
vn 0.4024 0.1009 0.9099
vn -0.5054 0.1396 0.8515
vn -0.4563 -0.2606 0.8508
vn -0.4511 -0.2648 0.8523
vn -0.8845 -0.4604 0.0759
vn -0.8682 -0.4908 0.0730
vn 0.5670 -0.4454 0.6929
vn 0.5827 -0.3987 0.7082
vn -0.4337 0.3273 0.8395
vn -0.8497 0.5247 0.0527
vn -0.9704 -0.1600 0.1807
vn -0.6715 -0.3138 -0.6713
vn -0.9543 0.0107 -0.2987
vn -0.7194 0.2958 0.6285
vn -0.9415 0.2894 -0.1726
vn 0.0897 -0.1665 -0.9820
vn 0.0568 -0.0666 -0.9962
vn 0.8000 0.2237 -0.5567
vn 0.8046 0.2062 -0.5568
vn -0.2619 0.5107 -0.8189
vn 0.9969 -0.0750 0.0226
vn 0.3859 -0.0497 0.9212
vn -0.9500 0.2524 0.1840
vn -0.7424 0.0164 -0.6698
vn -0.6780 -0.4971 -0.5415
vn 0.0591 0.1436 -0.9879
vn 0.0689 0.1325 -0.9888
vn 0.3700 0.2639 -0.8908
vn -0.9185 0.3454 -0.1926
vn -0.8590 0.5118 -0.0103
vn -0.1184 0.8378 0.5330
vn -0.4636 0.8819 0.0854
vn -0.2302 0.2636 0.9368
vn -0.9013 0.2653 0.3424
vn -0.9048 0.2371 0.3538
vn 0.4003 0.9157 -0.0345
vn 0.3109 0.8641 0.3959
vn -0.0624 0.9309 -0.3599
vn 0.1811 0.9808 -0.0727
vn -0.2938 0.9301 -0.2205
vn -0.6390 0.7627 0.1002
vn -0.1643 0.5542 0.8160
vn -0.5092 0.6460 0.5687
vn -0.7069 -0.6735 0.2160
vn -0.5453 -0.1371 -0.8269
vn -0.7928 -0.3015 -0.5297
vn -0.8815 -0.4479 -0.1492
vn -0.9085 -0.3904 -0.1488
vn -0.2935 -0.0337 -0.9554
vn 0.9328 0.1374 0.3331
vn 0.0841 0.2302 -0.9695
vn 0.0141 0.2211 -0.9751
vn 0.5047 0.5265 -0.6842
vn -0.6780 0.7264 0.1125
vn -0.3019 0.4075 -0.8619
vn -0.6585 0.7258 0.1991
vn 0.3616 -0.0167 0.9322
vn 0.3595 -0.0137 0.9330
vn -0.2589 0.6275 0.7343
vn -0.0887 0.4665 -0.8800
vn 0.0130 0.7517 0.6593
vn 0.4218 0.2215 -0.8792
vn 0.4053 0.2619 -0.8759
vn 0.1454 -0.1918 -0.9706
vn 0.6102 -0.2917 0.7366
vn 0.6277 -0.1662 0.7605
vn -0.4326 -0.0873 0.8974
vn 0.8843 0.0323 -0.4658
vn 0.8815 0.0620 -0.4681
vn -0.0426 0.3599 0.9320
vn -0.8239 0.0734 0.5619
vn 0.6054 -0.0294 0.7954
vn -0.4498 0.1508 0.8803
vn 0.9852 0.0004 -0.1715
vn 0.5464 0.4805 0.6860
vn -0.8856 -0.2988 -0.3554
vn 0.5224 -0.6147 -0.5910
vn -0.9171 -0.1787 -0.3564
vn 0.4840 0.2389 -0.8418
vn 0.4624 0.2604 -0.8476
vn 0.1288 -0.2609 -0.9567
vn -0.6947 -0.6316 -0.3442
vn -0.5421 0.3231 -0.7757
vn 0.5423 0.2811 -0.7918
vn -0.5441 0.2613 -0.7973
vn 0.9987 -0.0416 0.0307
vn 0.0161 0.7238 0.6898
vn 0.0146 0.7218 0.6919
vn 0.4981 0.5265 -0.6890
vn 0.3421 0.1779 -0.9227
vn 0.3341 0.2207 -0.9163
vn -0.1874 0.4301 0.8831
vn -0.8409 -0.2063 -0.5003
vn -0.9498 0.0864 0.3006
vn -0.5143 0.2099 0.8315
vn -0.5014 0.2624 0.8245
vn -0.9284 -0.3707 0.0262
vn -0.8959 -0.4421 0.0432
vn -0.1345 0.7103 0.6910
vn -0.7952 0.2670 0.5444
vn -0.7842 0.1522 0.6015
vn 0.2221 0.4643 0.8574
vn 0.3088 0.1956 -0.9308
vn 0.9327 0.2378 -0.2712
vn -0.9990 -0.0408 -0.0153
vn 0.6366 -0.1707 -0.7521
vn -0.6957 -0.6844 0.2183
vn 0.5675 -0.1696 -0.8057
vn -0.8156 -0.2832 -0.5045
vn 0.0094 0.2120 -0.9772
vn -0.7676 0.2464 -0.5916
vn 0.2363 0.0737 -0.9689
vn 0.2538 0.1259 -0.9590
vn -0.9172 -0.1927 -0.3488
vn -0.0406 -0.1428 -0.9889
vn -0.0279 -0.2200 -0.9751
vn -0.9180 -0.1816 -0.3526
vn -0.1867 -0.3401 0.9217
vn -0.9706 -0.1346 0.1994
vn 0.5551 0.0309 0.8312
vn -0.2048 0.5253 0.8259
vn -0.9492 0.1214 -0.2904
vn -0.9293 0.2227 -0.2946
vn -0.2341 0.0824 -0.9687
vn -0.2570 -0.0207 -0.9662
vn -0.2584 -0.1179 0.9588
vn -0.9698 -0.1988 0.1413
vn -0.9557 -0.2601 0.1380
vn -0.2687 -0.0785 0.9600
vn 0.9774 0.2066 0.0453
vn -0.5902 -0.0660 -0.8045
vn 0.3009 0.5071 -0.8076
vn -0.8998 0.4363 0.0063
vn -0.9114 0.4113 0.0136
vn -0.2616 0.3901 0.8828
vn 0.4665 -0.2464 0.8495
vn -0.2617 -0.2798 -0.9237
vn -0.9765 -0.1701 -0.1326
vn 0.8094 -0.5849 0.0516
vn 0.4505 -0.3028 0.8399
vn 0.4995 0.5566 -0.6638
vn 0.5825 0.1179 0.8043
vn 0.5246 0.1749 0.8332
vn -0.2490 -0.2564 0.9339
vn -0.4470 0.8731 -0.1948
vn 0.0054 0.9997 -0.0235
vn 0.5259 0.6197 -0.5826
vn 0.4152 0.8665 -0.2773
vn 0.1451 0.4248 -0.8936
vn 0.3725 0.6066 -0.7023
vn -0.0799 0.4800 -0.8736
vn 0.3094 0.1571 -0.9379
vn -0.7003 0.5006 -0.5088
vn -0.3222 -0.8035 -0.5006
vn -0.9528 0.2805 0.1163
vn 0.1536 -0.9851 -0.0772
vn 0.0418 -0.9889 -0.1424
vn 0.5272 -0.5396 0.6564
vn 0.5261 -0.5432 0.6544
vn -0.4505 -0.1308 0.8832
vn 0.5360 0.7157 0.4477
vn 0.6375 0.1843 0.7481
vn 0.6523 -0.3920 -0.6487
vn 0.2714 0.1006 -0.9572
vn 0.3895 0.7456 -0.5406
vn 0.8968 0.4361 -0.0746
vn -0.9767 0.1549 -0.1487
vn 0.6568 -0.7087 -0.2577
vn -0.4450 0.1898 0.8752
vn 0.3064 0.8975 -0.3172
vn 0.3842 0.0344 0.9226
vn 0.3840 0.0177 0.9232
vn 0.2174 -0.0436 -0.9751
vn 0.6391 0.0288 0.7686
vn 0.6595 -0.0503 0.7500
vn -0.9004 0.1682 -0.4013
vn -0.9020 0.1559 -0.4025
vn -0.5828 -0.0445 0.8114
vn -0.1512 0.3702 0.9166
vn -0.9293 0.3328 0.1601
vn -0.9261 0.3431 0.1567
vn -0.1456 0.3883 0.9100
vn 0.8170 0.2603 0.5146
vn -0.1754 0.2651 0.9481
vn -0.1734 0.2932 0.9402
vn 0.8243 0.2050 0.5277
vn 0.7153 0.6972 -0.0480
vn 0.7636 0.6435 -0.0533
vn 0.6893 0.0768 0.7204
vn 0.6914 0.0831 0.7177
vn -0.5395 -0.4268 0.7258
vn 0.5788 0.2757 -0.7674
vn 0.2876 0.9480 -0.1367
vn 0.9895 0.0900 -0.1130
vn 0.9865 0.1365 -0.0904
vn 0.6775 -0.1406 0.7220
vn 0.6853 -0.1540 0.7118
vn -0.8455 -0.0020 -0.5340
vn -0.8423 0.0399 -0.5375
vn -0.0608 -0.0511 -0.9968
vn -0.0650 -0.0909 -0.9937
vn -0.1664 0.3543 0.9202
vn 0.8270 0.1351 0.5457
vn 0.2137 -0.0477 -0.9757
vn 0.2189 -0.0099 -0.9757
vn 0.9055 0.2542 -0.3398
vn -0.7347 0.0402 -0.6772
vn 0.2789 -0.2573 -0.9252
vn 0.2632 -0.3253 -0.9083
vn -0.7416 0.0105 -0.6708
vn -0.0411 0.2308 -0.9721
vn -0.0472 0.1101 -0.9928
vn -0.9940 -0.0069 -0.1088
vn -0.9887 0.0907 -0.1198
vn 0.6860 -0.2010 0.6992
vn 0.6768 -0.1205 0.7263
vn -0.2743 0.4755 0.8358
vn -0.6917 0.2416 0.6806
vn -0.2222 -0.1827 -0.9577
vn 0.6648 -0.2286 -0.7112
vn 0.6269 -0.3719 -0.6846
vn 0.8836 -0.0265 -0.4675
vn 0.6003 -0.3157 0.7348
vn 0.5929 -0.3590 0.7209
vn 0.8657 -0.0945 -0.4916
vn 0.9473 -0.0403 -0.3177
vn 0.9473 -0.0349 -0.3185
vn -0.9500 0.0863 0.3000
vn -0.9589 -0.1450 0.2440
vn 0.9948 0.0971 0.0296
vn 0.3828 0.0272 0.9234
vn 0.9977 0.0615 0.0288
vn -0.6547 -0.1509 0.7407
vn -0.8663 0.0582 -0.4960
vn -0.8667 0.0710 -0.4938
vn -0.6545 -0.1608 0.7388
vn -0.0489 -0.1079 -0.9930
vn 0.7704 0.0713 -0.6336
vn -0.2791 -0.2298 0.9324
vn -0.8639 -0.4799 -0.1530
vn -0.2870 -0.2466 0.9256
vn -0.7222 -0.6866 0.0842
vn -0.6562 -0.7480 0.0997
vn -0.9917 0.0024 -0.1289
vn -0.4756 0.0143 -0.8796
vn -0.1658 -0.2555 -0.9525
vn -0.1501 -0.3280 -0.9327
vn 0.6833 -0.0166 -0.7299
vn 0.5561 -0.5385 -0.6330
vn 0.5500 0.2858 0.7847
vn -0.5718 -0.8203 -0.0083
vn 0.6652 -0.6933 -0.2772
vn -0.6923 -0.5946 -0.4089
vn -0.9770 -0.1595 -0.1413
vn -0.9852 -0.1079 -0.1329
vn -0.4877 0.1035 -0.8668
vn -0.1090 0.1615 0.9808
vn -0.9493 0.0840 0.3028
vn -0.1086 0.1722 0.9791
vn 0.6292 0.1365 0.7652
vn -0.5583 -0.2400 -0.7942
vn 0.4604 0.1224 -0.8793
vn 0.4878 0.0565 -0.8712
vn -0.5168 -0.3430 -0.7844
vn 0.8549 -0.2438 0.4580
vn 0.8671 -0.2139 0.4499
vn -0.3607 -0.4503 0.8168
vn -0.9403 0.3245 -0.1030
vn -0.9011 0.4279 -0.0704
vn 0.3657 -0.0012 0.9307
vn 0.3642 0.0898 -0.9270
vn 0.3646 0.0920 -0.9266
vn 0.8166 0.4571 0.3525
vn 0.7755 0.5185 0.3603
vn -0.4604 -0.4641 -0.7567
vn 0.5222 -0.0135 -0.8527
vn 0.4360 0.8177 -0.3759
vn -0.5596 0.6361 -0.5312
vn -0.1362 0.7626 -0.6323
vn -0.7510 0.6174 0.2341
vn -0.6526 0.7103 -0.2638
vn -0.2675 0.6698 0.6927
vn -0.5892 0.7136 0.3789
vn 0.4882 0.7305 0.4775
vn 0.0020 0.7706 0.6373
vn 0.0700 -0.6692 -0.7398
vn 0.2953 -0.5939 -0.7484
vn -0.9123 0.0584 -0.4053
vn 0.1290 -0.8030 0.5819
vn 0.0935 -0.7892 0.6070
vn -0.0264 -0.2378 0.9710
vn -0.8606 0.4991 -0.1013
vn -0.3499 -0.0490 -0.9355
vn -0.1866 -0.5381 0.8220
vn 0.6065 0.0286 -0.7945
vn 0.6072 -0.0466 -0.7932
vn -0.4750 -0.0316 -0.8794
vn -0.8550 -0.2172 -0.4708
vn -0.8504 -0.2691 -0.4521
vn -0.4535 -0.2535 0.8545
vn -0.9966 0.0776 -0.0258
vn -0.9493 0.0944 0.2999
vn -0.9497 0.0902 0.3000
vn -0.8053 -0.0279 -0.5922
vn -0.8041 -0.0036 -0.5945
vn 0.0842 -0.1138 -0.9899
vn 0.0590 -0.0560 -0.9967
vn -0.9648 -0.0417 -0.2596
vn -0.2791 -0.0180 -0.9601
vn -0.4055 0.2135 -0.8888
vn 0.6687 -0.0690 0.7403
vn 0.8525 0.3723 -0.3670
vn 0.6869 0.0853 0.7218
vn 0.9086 0.3180 0.2706
vn 0.2261 0.0302 -0.9736
vn 0.6052 -0.1199 -0.7870
vn 0.9994 -0.0183 0.0286
vn -0.7960 0.3976 0.4564
vn -0.5959 -0.2926 0.7479
vn -0.4966 -0.2687 0.8253
vn -0.4855 -0.3240 0.8120
vn -0.5508 -0.4041 0.7303
vn 0.3628 0.1034 -0.9261
vn -0.4154 0.2256 -0.8812
vn -0.9495 0.1390 -0.2812
vn -0.5813 -0.6148 -0.5330
vn 0.0389 0.1696 -0.9847
vn 0.8075 0.5867 -0.0606
vn -0.9426 -0.1512 -0.2976
vn 0.0052 -0.1387 0.9903
vn 0.4359 -0.2162 0.8736
vn -0.5580 -0.2181 0.8007
vn 0.8040 0.3771 -0.4598
vn 0.8132 0.3558 -0.4605
vn 0.8937 0.0147 -0.4483
vn 0.2857 -0.2132 -0.9343
vn -0.8367 0.0985 -0.5387
vn -0.0524 0.0417 -0.9978
vn 0.6698 -0.6763 -0.3067
vn 0.5580 -0.1902 -0.8078
vn 0.9558 -0.2936 0.0133
vn -0.9161 0.4007 0.0162
vn 0.7319 -0.2102 -0.6481
vn 0.6900 -0.2590 0.6759
vn -0.9019 -0.2664 -0.3400
vn -0.9124 -0.2216 -0.3442
vn 0.8919 -0.1211 -0.4357
vn 0.8892 -0.1101 -0.4441
vn -0.1918 -0.1006 -0.9763
vn -0.1818 -0.1727 -0.9681
vn 0.6734 0.0351 -0.7384
vn 0.9710 0.2393 -0.0003
vn 0.5757 0.7332 0.3620
vn 0.8848 0.4409 -0.1510
vn 0.3376 0.8857 0.3188
vn 0.4538 0.8487 0.2718
vn -0.9899 0.0108 -0.1416
vn -0.6663 0.7056 -0.2412
vn 0.7175 0.2973 -0.6300
vn -0.4874 -0.2409 0.8393
vn 0.4723 0.2121 -0.8555
vn -0.1518 -0.1790 0.9721
vn -0.5677 -0.1597 0.8076
vn -0.6009 -0.2028 0.7732
vn -0.9994 0.0224 -0.0250
vn 0.3688 -0.0136 0.9294
vn 0.3566 -0.0212 0.9340
vn 0.0073 0.7686 0.6396
vn 0.6649 0.1840 0.7239
vn -0.5818 -0.4447 -0.6811
vn 0.6830 -0.4604 -0.5671
vn -0.5751 -0.5145 -0.6360
vn 0.7900 0.6112 0.0475
vn 0.7847 0.3641 -0.5017
vn 0.4811 -0.4314 0.7632
vn 0.4789 -0.3796 0.7915
vn -0.8002 -0.3209 0.5067
vn -0.0117 0.4430 0.8964
vn 0.1542 0.9752 -0.1588
vn 0.6582 0.6719 -0.3397
vn 0.2003 -0.0233 -0.9795
vn 0.5935 0.2120 -0.7764
vn -0.3978 0.1667 -0.9022
vn 0.0099 0.1006 -0.9949
vn -0.4523 0.4294 -0.7817
vn 0.1762 0.1818 0.9674
vn -0.5464 0.4065 0.7322
vn 0.3076 -0.3202 0.8960
vn 0.7791 -0.5592 0.2834
vn -0.1046 0.4294 -0.8970
vn 0.0308 0.6615 0.7493
vn -0.0781 -0.1521 0.9853
vn -0.8555 0.1366 -0.4994
vn -0.2422 -0.7751 0.5836
vn -0.1315 -0.8439 0.5201
vn -0.7870 0.1936 0.5858
vn 0.1455 -0.4822 -0.8639
vn 0.0424 -0.5571 -0.8294
vn 0.3803 0.0549 0.9232
vn 0.9069 -0.0860 -0.4126
vn -0.8323 -0.3136 -0.4571
vn -0.8410 -0.2734 -0.4669
vn -0.7671 -0.1463 -0.6246
vn 0.0853 0.1828 -0.9794
vn 0.9928 0.0726 -0.0948
vn 0.9929 0.0734 -0.0939
vn 0.0847 0.2077 -0.9745
vn 0.3882 0.1620 0.9072
vn -0.5198 0.1852 0.8340
vn 0.5546 0.4904 -0.6722
vn -0.7318 -0.4255 -0.5324
vn 0.4798 -0.1863 0.8573
vn 0.9509 -0.0216 -0.3086
vn 0.9404 0.1927 -0.2801
vn 0.9420 0.1722 -0.2882
vn 0.9983 0.0507 0.0277
vn 0.3848 0.0643 0.9208
vn 0.9996 0.0077 0.0276
vn -0.0324 0.8831 0.4680
vn -0.7448 -0.0015 -0.6673
vn -0.9683 -0.2056 0.1419
vn -0.7011 -0.0317 -0.7123
vn -0.6972 -0.0508 -0.7151
vn -0.1011 0.3085 -0.9459
vn 0.7379 -0.0186 0.6746
vn 0.7324 -0.0714 0.6771
vn 0.8768 -0.0513 -0.4782
vn -0.9396 0.3319 0.0841
vn -0.9851 -0.1185 -0.1247
vn 0.9015 0.3335 0.2759
vn 0.2363 0.3811 0.8938
vn 0.6032 0.0864 -0.7929
vn 0.6054 0.0574 -0.7939
vn 0.9440 0.1929 0.2676
vn -0.1147 0.8436 0.5246
vn 0.5429 -0.2146 -0.8119
vn 0.3185 0.2943 -0.9011
vn 0.6271 0.0393 -0.7780
vn 0.5765 0.0354 0.8163
vn -0.8694 0.4526 0.1984
vn -0.9086 0.3723 0.1895
vn 0.8506 0.0088 -0.5257
vn 0.5989 0.0894 0.7958
vn -0.2369 0.4469 0.8626
vn -0.2230 0.4827 0.8469
vn -0.1541 0.0276 0.9877
vn 0.2991 0.2474 -0.9216
vn -0.9914 0.0151 -0.1299
vn -0.9229 -0.3548 -0.1495
vn -0.2488 -0.1319 -0.9595
vn -0.9907 -0.0327 -0.1317
vn -0.9970 -0.0769 -0.0034
vn -0.6136 -0.1020 -0.7830
vn -0.5134 -0.0182 -0.8580
vn -0.4705 -0.0504 -0.8810
vn 0.4804 -0.4228 0.7684
vn 0.2124 -0.4475 0.8687
vn 0.9463 0.2065 -0.2485
vn 0.7346 0.1799 0.6542
vn -0.1099 0.1349 0.9847
vn -0.9492 0.0650 0.3078
vn 0.1782 -0.2450 -0.9530
vn 0.7210 0.6524 -0.2334
vn 0.6749 0.6930 -0.2535
vn 0.5419 -0.8127 0.2143
vn 0.3973 -0.8780 0.2672
vn -0.9375 -0.3300 0.1105
vn -0.6872 -0.0508 -0.7246
vn 0.5744 -0.5082 -0.6418
vn 0.9024 -0.2410 0.3572
vn -0.6052 -0.7443 -0.2824
vn -0.6524 0.1863 -0.7346
vn -0.9155 -0.3745 0.1472
vn -0.6686 0.5525 -0.4977
vn -0.6706 -0.0194 -0.7415
vn -0.8573 -0.4478 -0.2540
vn 0.6048 -0.7905 -0.0961
vn 0.7673 -0.0976 -0.6339
vn 0.6347 -0.1721 -0.7534
vn 0.9860 0.1663 -0.0113
vn 0.9826 0.1850 0.0139
vn -0.1404 0.9625 0.2321
vn -0.8223 0.5137 0.2449
vn -0.6019 0.7806 0.1688
vn -0.6244 0.1578 0.7650
vn -0.7733 0.4225 0.4728
vn -0.4833 0.2464 0.8401
vn -0.0219 0.4283 0.9034
vn -0.5114 0.1082 -0.8525
vn 0.8086 -0.2518 -0.5317
vn 0.9219 -0.2763 -0.2717
vn -0.3973 -0.0005 -0.9177
vn -0.0909 0.2786 0.9561
vn 0.8750 -0.1941 0.4434
vn 0.8445 0.5307 -0.0714
vn 0.8359 0.5447 -0.0676
vn 0.0312 0.1800 -0.9832
vn 0.5892 -0.1301 -0.7975
vn 0.5909 -0.1404 -0.7944
vn 0.0846 0.2194 -0.9720
vn -0.2698 -0.1088 -0.9567
vn -0.2673 -0.1032 -0.9581
vn 0.8895 -0.0750 -0.4507
vn 0.8880 -0.0178 -0.4594
vn 0.0471 0.6846 -0.7274
vn 0.5506 0.8032 0.2276
vn -0.0073 0.7121 -0.7021
vn -0.2272 -0.1051 0.9681
vn -0.9033 0.1429 -0.4045
vn 0.0457 -0.5429 -0.8385
vn 0.9678 0.0893 -0.2354
vn 0.9488 0.1475 -0.2793
vn 0.0418 -0.5477 -0.8356
vn 0.1619 0.5830 -0.7962
vn 0.8322 0.5516 0.0568
vn 0.1518 0.5964 -0.7882
vn 0.1574 0.3019 0.9403
vn 0.1590 0.2955 0.9420
vn -0.9950 -0.0994 0.0033
vn 0.5927 -0.2731 0.7577
vn 0.5859 -0.2555 0.7690
vn -0.4903 -0.2831 0.8243
vn -0.4808 -0.2314 0.8457
vn 0.7953 0.2224 -0.5639
vn 0.6938 0.5487 0.4665
vn 0.6125 0.6763 0.4091
vn 0.5755 -0.3026 -0.7598
vn 0.9572 -0.2820 0.0643
vn 0.8894 -0.4478 0.0922
vn -0.8524 -0.2796 -0.4419
vn 0.4783 -0.3129 0.8206
vn -0.5936 -0.2702 0.7581
vn -0.2392 -0.2326 0.9427
vn -0.9581 -0.2540 0.1322
vn -0.2488 -0.1699 0.9535
vn 0.7416 0.0401 0.6696
vn -0.1088 0.1240 0.9863
vn 0.2804 0.4027 -0.8713
vn -0.3047 -0.1405 0.9420
vn -0.9218 -0.3584 -0.1479
vn -0.9181 -0.3678 -0.1476
vn -0.9033 0.1639 -0.3964
vn 0.7863 -0.0229 -0.6175
vn 0.5545 0.8306 -0.0512
vn 0.6424 0.7649 -0.0472
vn 0.8860 -0.0431 -0.4617
vn 0.8832 -0.0750 -0.4629
vn 0.4990 -0.2291 0.8357
vn -0.8071 0.0169 -0.5902
vn 0.2031 0.0139 -0.9791
vn 0.1025 0.1008 -0.9896
vn 0.3795 0.3731 0.8466
vn -0.8862 0.2525 -0.3885
vn -0.5842 -0.0366 0.8108
vn -0.1774 0.2731 0.9455
vn -0.7640 -0.1098 -0.6358
vn 0.0663 -0.1574 -0.9853
vn 0.0733 -0.1831 -0.9803
vn 0.4550 -0.2470 0.8556
vn -0.3305 -0.6692 0.6655
vn -0.0793 0.9402 0.3311
vn -0.0561 0.9157 0.3979
vn 0.9444 -0.0418 0.3261
vn 0.9315 -0.1393 0.3360
vn -0.9613 -0.2732 0.0370
vn -0.9637 -0.2654 0.0274
vn 0.6436 -0.6787 -0.3537
vn 0.9203 0.3450 -0.1843
vn 0.9193 0.3457 -0.1882
vn 0.8075 0.5888 0.0347
vn -0.9665 -0.2080 -0.1506
vn -0.5083 0.1511 -0.8478
vn 0.9144 -0.2069 0.3481
vn 0.7799 -0.6121 0.1311
vn 0.6932 -0.7028 0.1600
vn -0.2765 0.9538 -0.1176
vn -0.3085 -0.6806 -0.6646
vn -0.4736 -0.4986 0.7260
vn 0.0290 0.6443 0.7642
vn -0.5811 0.7280 -0.3637
vn 0.5869 0.7664 -0.2611
vn -0.3530 -0.0209 -0.9354
vn 0.3889 0.0403 0.9204
vn -0.3244 -0.1539 0.9333
vn -0.5660 -0.2098 0.7973
vn -0.5638 -0.7442 -0.3582
vn 0.9299 0.0555 -0.3636
vn -0.2753 -0.0729 -0.9586
vn -0.9612 0.2104 0.1782
vn -0.6194 -0.0564 -0.7831
vn -0.9459 -0.3236 0.0240
vn -0.4630 0.1683 -0.8702
vn 0.9502 0.0791 0.3015
vn -0.2158 0.5018 0.8376
vn -0.1630 0.3317 0.9292
vn -0.1577 0.3476 0.9243
vn 0.0878 0.1376 -0.9866
vn 0.2880 0.3944 -0.8726
vn -0.9674 -0.0390 0.2502
vn -0.6280 0.0276 -0.7777
vn -0.1069 0.1493 0.9830
vn -0.9628 -0.0664 -0.2618
vn 0.2899 0.1217 0.9493
vn -0.7526 0.0659 0.6552
vn -0.7444 0.1667 0.6465
vn 0.2943 0.0916 0.9513
vn 0.1781 -0.7655 -0.6183
vn 0.3250 -0.6682 -0.6693
vn 0.0464 -0.4838 -0.8740
vn 0.9389 -0.0353 -0.3423
vn 0.8165 0.4086 0.4080
vn -0.7673 -0.3701 -0.5237
vn -0.8035 -0.3207 -0.5015
vn 0.0191 0.1468 -0.9890
vn -0.4894 -0.3948 0.7776
vn 0.6919 -0.4979 -0.5228
vn 0.9456 0.2878 0.1515
vn -0.8430 -0.5058 -0.1830
vn -0.4062 0.8390 0.3620
vn 0.8591 0.0710 0.5069
vn 0.0860 -0.8060 0.5857
vn -0.8679 0.4522 0.2055
vn -0.9101 0.0232 0.4138
vn -0.6813 -0.3716 0.6307
vn -0.3406 -0.2211 0.9138
vn -0.1876 0.9754 -0.1162
vn -0.4218 0.8884 -0.1811
vn 0.8702 0.4151 -0.2656
vn 0.5129 -0.2952 0.8061
vn -0.7315 0.6159 0.2924
vn -0.9692 0.2356 0.0712
vn -0.9380 -0.2247 0.2638
vn -0.6692 -0.3048 0.6777
vn -0.1930 0.5302 0.8256
vn -0.4315 0.0754 0.8989
vn -0.8885 0.1748 0.4243
vn -0.7842 0.0440 0.6190
vn 0.0761 -0.1042 -0.9916
vn -0.9531 0.1880 0.2371
vn -0.4478 -0.5119 0.7331
vn -0.8092 0.5622 -0.1707
vn 0.2091 -0.1015 -0.9726
vn -0.7015 -0.0214 -0.7123
vn -0.8498 -0.1613 -0.5018
vn -0.8501 -0.0888 -0.5191
vn -0.0699 -0.1777 -0.9816
vn -0.0704 -0.2461 -0.9667
vn -0.6751 -0.1506 -0.7222
vn 0.6093 0.1003 0.7866
vn 0.5876 0.1797 0.7889
vn 0.0938 0.0726 -0.9929
vn 0.2106 -0.0810 -0.9742
vn 0.7428 0.1393 0.6549
vn -0.1083 0.1721 0.9791
vn -0.1077 0.1983 0.9742
vn -0.9033 0.1497 -0.4021
vn -0.9365 0.3075 0.1687
vn -0.9905 -0.0528 -0.1266
vn -0.4881 0.1172 -0.8649
vn -0.6283 0.0899 -0.7727
vn 0.0571 0.9932 0.1012
vn -0.7422 -0.3891 0.5457
vn -0.6847 -0.3644 -0.6312
vn -0.7327 0.6504 0.2002
vn -0.5589 0.2737 0.7828
vn -0.9563 -0.2914 0.0240
vn -0.9209 -0.2937 0.2563
vn -0.5889 0.2528 0.7676
vn -0.9633 0.2167 -0.1582
vn -0.7420 0.1348 -0.6567
vn -0.8025 -0.3321 -0.4957
vn -0.7309 -0.6309 -0.2604
vn -0.8324 -0.5291 0.1648
vn 0.0652 -0.1465 -0.9871
vn -0.8010 -0.2214 -0.5562
vn -0.8187 0.2983 -0.4906
vn -0.6154 -0.0496 -0.7867
vn -0.5776 -0.5221 -0.6275
vn -0.7431 -0.6466 -0.1724
vn -0.9463 -0.2987 0.1236
vn 0.9421 -0.3348 0.0204
vn 0.6886 -0.1020 -0.7179
vn 0.6627 0.1100 -0.7408
vn 0.5074 0.8182 -0.2703
vn 0.2350 -0.2755 -0.9321
vn -0.2685 0.1729 0.9476
vn -0.3789 -0.4028 0.8332
vn 0.8225 -0.5675 -0.0381
vn -0.6867 -0.1346 0.7144
vn -0.6463 -0.0820 0.7587
vn -0.8604 0.5013 0.0917
vn 0.2751 -0.4918 0.8261
vn -0.5886 -0.1564 0.7932
vn 0.7926 -0.6077 -0.0501
vn 0.9790 0.1997 -0.0420
vn 0.9727 0.2262 -0.0520
vn -0.9101 0.4143 0.0079
vn -0.8958 0.4443 -0.0081
vn 0.6381 0.7583 0.1336
vn -0.9158 0.1949 0.3511
vn -0.9646 0.0441 0.2600
vn -0.6237 0.1707 -0.7628
vn -0.9670 0.0008 0.2548
vn -0.3489 0.8545 -0.3849
vn -0.1259 0.8484 0.5142
vn -0.9908 -0.0391 -0.1293
vn -0.9909 -0.0408 -0.1285
vn 0.2088 -0.3561 -0.9108
vn -0.6369 -0.2735 -0.7208
vn -0.6027 -0.1147 -0.7897
vn 0.0420 -0.8209 -0.5696
vn -0.8316 0.1258 -0.5409
vn -0.9458 0.3127 0.0881
vn -0.5821 -0.3299 0.7432
vn -0.5692 -0.3602 0.7391
vn -0.9063 -0.4162 0.0733
vn -0.5673 0.0357 -0.8228
vn 0.5341 0.5744 0.6203
vn -0.7119 0.3193 0.6254
vn 0.4594 -0.1808 0.8696
vn -0.4964 -0.2029 -0.8440
vn 0.5539 0.4915 -0.6720
vn 0.6310 -0.0562 0.7737
vn 0.8497 0.4265 0.3101
vn 0.8108 -0.2863 -0.5105
vn -0.7524 0.0109 0.6586
vn -0.8656 0.2243 0.4477
vn -0.8147 -0.3949 -0.4246
vn 0.8692 0.2479 0.4278
vn -0.4401 -0.0687 -0.8953
vn -0.2742 -0.5894 0.7599
vn -0.4213 0.5612 0.7125
vn 0.0503 0.8647 0.4998
vn 0.0925 0.9926 -0.0787
vn -0.3332 0.8222 -0.4616
vn -0.8164 0.5145 -0.2623
vn -0.5163 0.0057 -0.8564
vn 0.3839 0.3917 -0.8362
vn -0.9238 -0.3101 0.2247
vn -0.5903 -0.3063 0.7468
vn 0.8770 0.4804 -0.0074
vn 0.8770 0.4628 -0.1292
vn 0.6567 0.3314 0.6774
vn -0.2936 -0.8963 -0.3323
vn 0.8029 -0.3226 -0.5013
vn -0.2108 -0.8644 -0.4565
vn -0.4759 -0.0793 -0.8759
vn -0.8524 -0.2762 -0.4439
vn -0.3365 -0.2012 0.9200
vn -0.9004 0.3267 -0.2873
vn -0.1866 0.2356 -0.9538
vn -0.4614 -0.2589 0.8486
vn -0.5202 -0.8410 0.1484
vn -0.4532 -0.1393 0.8805
vn -0.4404 -0.1111 0.8909
vn -0.5728 -0.3583 0.7373
vn -0.3773 -0.2174 0.9002
vn 0.6718 0.6371 0.3779
vn -0.8154 -0.4271 -0.3907
vn -0.2892 -0.2572 0.9221
vn -0.1116 0.0737 0.9910
vn -0.1137 0.0449 0.9925
vn -0.8340 -0.1982 -0.5149
vn 0.5884 -0.1144 -0.8005
vn 0.6163 0.0610 0.7852
vn 0.6186 0.1221 0.7761
vn -0.8285 0.1399 0.5422
vn -0.8289 0.1267 0.5449
vn 0.4958 -0.2324 0.8367
vn -0.5221 0.1489 0.8398
vn -0.4767 0.0067 -0.8791
vn 0.6019 0.0957 -0.7929
vn -0.7666 -0.3721 -0.5233
vn -0.8610 -0.2543 -0.4405
vn 0.5967 -0.2969 0.7455
vn -0.4675 -0.1753 0.8664
vn -0.9480 0.1069 -0.2997
vn 0.3357 -0.4447 -0.8304
vn 0.9093 -0.3975 -0.1234
vn -0.8329 0.1879 -0.5206
vn -0.9805 -0.0917 -0.1737
vn -0.1386 -0.3717 -0.9179
vn 0.4966 0.1840 0.8482
vn 0.1222 0.6293 -0.7675
vn 0.1023 0.6460 -0.7565
vn -0.4059 -0.2423 -0.8812
vn 0.3412 0.2759 -0.8986
vn -0.0645 -0.0749 0.9951
vn -0.0745 0.4385 -0.8956
vn -0.5977 0.1643 -0.7847
vn -0.5696 0.6686 -0.4780
vn -0.1010 0.8636 -0.4939
vn -0.8535 0.5124 0.0950
vn -0.6687 0.6958 -0.2621
vn -0.4398 0.4862 0.7551
vn -0.7331 0.5815 0.3527
vn -0.2447 0.6317 0.7355
vn 0.3156 0.7959 0.5167
vn 0.6388 0.4928 -0.5909
vn 0.3813 0.9157 -0.1267
vn -0.1747 0.9846 -0.0058
vn 0.9381 0.3358 0.0852
vn 0.5359 -0.1625 0.8285
vn -0.4335 0.3269 0.8398
vn -0.8489 0.0435 0.5268
vn -0.8710 -0.4831 0.0896
vn -0.6116 0.1044 -0.7842
vn -0.5845 0.0606 -0.8091
vn 0.7746 0.4525 0.4418
vn -0.5598 -0.5497 -0.6200
vn 0.8904 0.0973 -0.4447
vn 0.3388 0.5177 0.7856
vn 0.9198 -0.3910 0.0322
vn 0.8930 -0.4482 0.0411
vn 0.9585 0.1669 0.2312
vn -0.4171 -0.1692 0.8930
vn 0.6320 0.1701 0.7561
vn 0.8889 -0.0003 -0.4581
vn 0.9384 -0.3447 0.0234
vn 0.3269 -0.4716 -0.8190
vn -0.8292 0.1147 0.5471
vn 0.0133 -0.7905 0.6124
vn -0.6972 -0.6233 0.3542
vn -0.4793 0.0500 -0.8762
vn -0.8099 0.0339 -0.5856
vn 0.2031 -0.7502 0.6292
vn 0.9571 -0.2811 0.0701
vn 0.5595 0.5322 0.6354
vn -0.8835 -0.3309 -0.3314
vn -0.1333 0.9802 0.1462
vn -0.3249 0.9407 -0.0972
vn -0.0566 0.8577 -0.5110
vn -0.2022 0.5080 -0.8373
vn -0.6160 0.2413 -0.7499
vn -0.8842 0.3243 -0.3362
vn -0.4647 -0.8604 -0.2093
vn 0.3626 0.4402 0.8214
vn 0.1201 0.4385 0.8907
vn -0.9591 -0.2822 -0.0242
vn -0.5447 0.2451 0.8020
vn 0.3680 0.4462 0.8158
vn 0.0032 -0.8418 0.5398
vn -0.1905 -0.9598 -0.2061
vn -0.3184 -0.9403 -0.1204
vn 0.5869 -0.1154 -0.8014
vn 0.6466 0.6642 -0.3752
vn 0.9354 0.1811 -0.3038
vn 0.0451 -0.5627 -0.8255
vn 0.6181 0.1467 0.7723
vn -0.7171 0.3753 0.5873
vn -0.4496 0.1674 0.8774
vn -0.4508 0.1381 0.8819
vn 0.9849 0.0876 -0.1491
vn 0.4828 0.1060 -0.8693
vn 0.8443 -0.1538 -0.5133
vn -0.0314 0.1841 0.9824
vn 0.9893 0.0490 -0.1372
vn 0.8324 0.1426 -0.5355
vn -0.5473 0.3686 0.7514
vn -0.4925 -0.4076 0.7690
vn 0.3569 0.1174 -0.9267
vn 0.3005 0.1059 0.9479
vn -0.9469 0.0932 -0.3079
vn -0.7309 0.6594 0.1759
vn 0.1222 0.6500 -0.7500
vn -0.9741 -0.1382 0.1788
vn 0.2791 0.8300 -0.4829
vn -0.0267 0.9838 0.1773
vn -0.2868 0.7819 0.5536
vn -0.0607 0.4755 0.8776
vn 0.4255 0.3710 0.8254
vn 0.6855 0.5730 0.4492
vn -0.7736 -0.5932 0.2228
vn -0.8122 -0.5779 -0.0798
vn -0.6588 -0.3199 0.6809
vn 0.4182 0.1501 -0.8959
vn -0.6128 -0.6002 -0.5141
vn -0.6133 -0.5983 -0.5157
vn 0.8349 -0.4539 -0.3114
vn 0.3820 0.0385 0.9233
vn -0.4766 0.3338 0.8133
vn -0.9910 -0.0192 -0.1323
vn 0.6001 -0.0430 -0.7987
vn 0.8536 -0.1303 -0.5044
vn 0.9267 -0.3721 0.0517
vn -0.8821 0.4674 0.0588
vn -0.8953 0.2027 -0.3967
vn 0.9925 0.1186 0.0293
vn -0.9687 -0.1688 0.1823
vn -0.2155 -0.1652 0.9624
vn -0.5123 -0.1746 0.8408
vn -0.4421 0.1536 -0.8837
vn 0.5779 -0.2498 0.7769
vn -0.0007 -0.2343 0.9722
vn -0.0000 -0.2348 -0.9720
vn -0.2521 0.3908 -0.8853
vn -0.6623 -0.2355 -0.7112
vn -0.1194 0.5360 -0.8358
vn -0.3555 0.0717 -0.9319
vn -0.7765 -0.2897 -0.5596
vn -0.4173 0.7160 -0.5597
vn -0.2895 0.3601 -0.8868
vn -0.8416 -0.1879 -0.5063
vn -0.9694 0.1679 -0.1792
vn -0.7862 0.1959 0.5861
vn 0.7109 0.5524 0.4354
vn 0.6512 0.6094 0.4522
vn 0.9853 0.1430 0.0940
vn 0.0046 -0.4553 -0.8903
vn -0.2323 0.9312 0.2809
vn -0.6965 0.0605 0.7150
vn -0.8474 -0.2091 -0.4880
vn -0.0703 -0.2749 -0.9589
vn 0.3839 -0.3167 0.8673
vn -0.4575 0.0529 0.8876
vn 0.8455 -0.1603 -0.5093
vn 0.8479 0.0015 -0.5301
vn -0.1668 0.8885 -0.4274
vn 0.9387 -0.3448 0.0071
vn -0.8818 -0.1646 0.4420
vn -0.7093 -0.6990 0.0910
vn -0.7992 -0.0942 0.5936
vn -0.9558 -0.2925 0.0296
vn -0.6089 -0.7866 -0.1023
vn -0.2378 -0.8938 0.3802
vn -0.3901 0.2012 -0.8985
vn -0.9765 0.1708 0.1312
vn -0.4998 -0.8530 -0.1500
vn -0.8375 -0.0068 0.5464
vn -0.8300 -0.0790 0.5522
vn -0.8254 -0.1040 0.5548
vn 0.6330 -0.1456 -0.7603
vn 0.8504 -0.0675 -0.5218
vn 0.4584 -0.2628 0.8490
vn -0.2734 -0.0807 -0.9585
vn -0.9878 0.0721 -0.1378
vn 0.7386 0.1666 0.6532
vn 0.1102 0.6761 0.7285
vn 0.0759 0.9477 0.3100
vn -0.3445 0.9380 0.0394
vn -0.7305 0.6567 0.1873
vn -0.6962 0.3852 0.6058
vn -0.9912 0.0374 0.1272
vn -0.2348 -0.2805 0.9307
vn 0.4314 0.4286 -0.7938
vn -0.2683 0.0373 -0.9626
vn -0.5833 -0.2236 0.7809
vn 0.7988 -0.6005 0.0364
vn 0.6063 -0.7902 -0.0896
vn -0.6909 -0.5988 -0.4050
vn 0.5455 -0.4991 0.6733
vn -0.8302 -0.1040 -0.5476
vn -0.6311 -0.2544 0.7328
vn -0.8389 -0.0293 0.5435
vn -0.4588 0.2437 0.8545
vn -0.9626 -0.0403 -0.2677
vn 0.6856 -0.6205 -0.3807
vn -0.9609 0.0111 -0.2766
vn -0.0698 0.7331 -0.6765
vn -0.2416 0.9234 -0.2982
vn -0.2676 0.9424 0.2008
vn 0.1435 0.8679 0.4756
vn 0.5805 0.7745 0.2513
vn 0.6065 0.7555 -0.2476
vn -0.8101 0.5467 0.2118
vn -0.5869 -0.8095 -0.0169
vn 0.4384 -0.3472 0.8290
vn 0.5026 0.4707 -0.7251
vn 0.7731 -0.0036 -0.6343
vn -0.1465 -0.9537 -0.2625
vn 0.2478 0.6559 0.7130
vn -0.8268 0.1576 0.5399
vn 0.5711 0.8208 -0.0095
vn 0.8052 0.5922 0.0298
vn -0.5328 0.3152 0.7853
vn -0.8282 0.1323 0.5445
vn -0.5085 0.1628 0.8455
vn -0.6015 -0.6170 -0.5074
vn -0.2082 0.9688 -0.1342
vn -0.4122 0.7412 -0.5298
vn -0.7833 0.4124 -0.4652
vn -0.9503 0.3112 -0.0049
vn -0.7463 0.5388 0.3907
vn 0.5210 -0.2416 -0.8187
vn 0.8807 0.4567 -0.1253
vn -0.1042 0.9624 0.2509
vn 0.9050 0.4217 0.0567
vn -0.3734 -0.8002 -0.4693
vn -0.5851 -0.2352 0.7761
vn 0.2972 0.9547 -0.0123
vn 0.1378 0.9636 -0.2292
vn -0.8180 -0.5749 -0.0158
vn 0.0130 -0.2525 0.9675
vn 0.4814 0.1407 -0.8651
vn 0.9469 -0.3194 0.0366
vn -0.9670 0.1864 0.1740
vn -0.3859 -0.2560 0.8863
vn 0.4842 0.7771 -0.4022
vn 0.0523 0.9695 -0.2396
vn -0.0543 0.9670 0.2491
vn 0.2711 0.7721 0.5748
vn 0.7030 0.5796 0.4122
vn 0.2691 0.5534 0.7882
vn 0.9998 -0.0073 -0.0190
vn 0.3868 0.1178 0.9146
vn -0.8661 0.0638 -0.4958
vn -0.6539 -0.1860 0.7334
vn -0.8656 0.0378 -0.4993
vn -0.0138 -0.1593 -0.9871
vn -0.3933 -0.7408 -0.5445
vn -0.3065 -0.5677 -0.7641
vn 0.4695 -0.2904 0.8338
vn -0.5442 0.1029 0.8326
vn -0.2218 0.9344 0.2787
vn 0.2720 0.9412 0.2003
vn 0.4537 0.8533 -0.2571
vn 0.1416 0.7584 -0.6362
vn -0.3521 0.7516 -0.5577
vn -0.1219 -0.0796 0.9893
vn 0.8557 0.5118 -0.0764
vn -0.9049 0.4206 0.0657
vn 0.1003 0.8949 0.4349
vn -0.5523 0.7063 0.4428
vn -0.2281 0.9666 0.1165
vn -0.4066 0.6655 0.6259
vn 0.0977 0.4323 0.8964
vn 0.5879 0.5893 0.5543
vn 0.9900 -0.0372 0.1357
vn -0.3474 0.0678 -0.9353
vn -0.1234 0.1842 -0.9751
vn -0.5281 0.5513 -0.6459
vn -0.2877 -0.0455 -0.9566
vn 0.0320 0.0143 -0.9994
vn 0.3029 0.8628 -0.4048
vn 0.6514 0.4091 -0.6390
vn 0.2822 0.0306 -0.9589
vn -0.5182 0.5589 -0.6474
vn -0.2944 0.2502 -0.9224
vn -0.4953 -0.3408 0.7991
vn 0.8514 0.5189 -0.0771
vn 0.0211 0.0451 -0.9988
vn -0.9333 0.3189 0.1650
vn 0.4075 -0.0510 0.9118
vn -0.3572 0.9148 -0.1885
vn 0.2378 0.9708 -0.0310
vn 0.5765 0.6775 -0.4567
vn 0.1909 0.4403 -0.8773
vn 0.8558 -0.5151 0.0482
vn 0.2492 -0.1801 -0.9516
vn 0.3042 -0.4795 0.8231
vn 0.8322 -0.1440 -0.5355
vn -0.7360 0.6215 -0.2684
vn 0.1717 0.6901 -0.7030
vn 0.6448 0.2923 -0.7063
vn -0.1822 -0.2089 -0.9608
vn -0.8893 0.4523 0.0678
vn -0.2321 0.6322 0.7392
vn -0.0418 0.9660 0.2552
vn -0.4396 0.8736 -0.2087
vn -0.8757 0.4827 -0.0114
vn -0.7541 0.4581 -0.4706
vn -0.6815 -0.6486 0.3389
vn -0.0354 0.9954 0.0892
vn -0.4916 0.7567 0.4310
vn -0.2363 0.4152 0.8785
vn 0.3776 0.4429 0.8132
vn -0.5453 -0.0374 -0.8374
vn 0.5061 -0.2386 -0.8288
vn 0.5395 -0.7146 -0.4454
vn 0.1337 -0.9490 -0.2856
vn 0.2247 -0.2189 -0.9495
vn 0.7373 -0.2878 -0.6112
vn 0.6380 -0.7424 -0.2044
vn 0.0641 -0.9544 -0.2914
vn -0.5039 -0.0751 0.8605
vn -0.0550 0.8682 0.4931
vn -0.0011 0.9940 -0.1096
vn -0.5002 0.7696 -0.3968
vn -0.8625 0.5052 0.0283
vn -0.7177 0.6160 -0.3249
vn -0.5017 -0.0919 -0.8602
vn -0.3296 0.9441 -0.0097
vn -0.6616 0.6301 0.4064
vn -0.2785 0.4412 0.8531
vn 0.2902 0.6383 0.7130
vn 0.8299 0.5166 -0.2106
vn -0.3080 -0.0207 -0.9512
vn 0.9917 0.0752 -0.1042
vn 0.8383 -0.5255 -0.1453
vn 0.3514 -0.7249 -0.5925
vn 0.8776 0.2615 -0.4019
vn 0.9868 -0.1571 0.0396
vn 0.7157 -0.6866 -0.1281
vn 0.4390 -0.5952 -0.6731
vn -0.5808 0.6533 -0.4857
vn -0.0162 0.8996 -0.4364
vn 0.3767 0.5415 -0.7516
vn 0.0548 0.0737 -0.9958
vn -0.2809 0.7121 0.6435
vn -0.4175 0.8994 0.1297
vn -0.7756 0.6293 0.0494
vn -0.6838 0.6199 0.3848
vn -0.3556 0.9239 -0.1413
vn -0.2004 0.9694 -0.1419
vn -0.1743 0.9663 -0.1896
vn -0.2950 0.9366 -0.1889
vn -0.0077 0.8725 -0.4885
vn 0.1204 0.9510 -0.2849
vn 0.3082 0.9078 -0.2845
vn 0.2036 0.8752 -0.4388
vn 0.2272 0.9678 -0.1080
vn 0.3503 0.9344 -0.0652
vn 0.3704 0.9287 0.0173
vn 0.2741 0.9615 -0.0196
vn -0.2102 0.8178 0.5357
vn -0.2348 0.9306 0.2809
vn -0.4131 0.8916 0.1855
vn -0.3888 0.8389 0.3808
vn -0.1961 0.9317 0.3058
vn -0.5358 0.5926 0.6014
vn -0.8314 0.4870 0.2674
vn -0.6300 0.7565 0.1753
vn 0.2639 0.9385 -0.2228
vn 0.2320 0.8886 -0.3957
vn 0.0594 0.8903 -0.4514
vn 0.0997 0.9425 -0.3189
vn -0.0078 0.2890 -0.9573
vn 0.3521 0.3975 -0.8473
vn 0.2678 0.7445 -0.6116
vn -0.1229 0.7608 -0.6372
vn 0.5597 0.4940 0.6654
vn 0.5310 0.7892 0.3085
vn 0.7751 0.6307 0.0388
vn 0.7995 0.5086 0.3197
vn -0.5503 0.6598 -0.5117
vn -0.0034 0.8418 -0.5398
vn 0.1538 0.5368 -0.8296
vn -0.1963 0.5305 -0.8247
vn 0.3102 0.6891 -0.6549
vn -0.2033 0.6243 -0.7543
vn -0.1978 0.1465 -0.9692
vn 0.3186 0.0404 -0.9470
vn 0.2810 0.8022 -0.5268
vn -0.0136 0.4836 -0.8752
vn -0.2409 0.5519 -0.7984
vn -0.0517 0.7583 -0.6498
vn 0.4950 0.4330 -0.7533
vn 0.2271 0.7377 -0.6358
vn -0.1074 0.6333 -0.7664
vn 0.1179 0.4853 -0.8664
vn 0.8094 0.3834 0.4449
vn 0.6116 0.4898 0.6214
vn 0.5135 0.7383 0.4373
vn 0.6871 0.6941 0.2147
vn 0.7858 0.4060 -0.4666
vn 0.7755 0.5815 -0.2458
vn 0.8598 0.5052 -0.0748
vn 0.8808 0.4017 -0.2508
vn -0.3722 0.3479 -0.8605
vn -0.1743 0.4683 -0.8662
vn -0.1247 0.4316 -0.8934
vn -0.2693 0.3508 -0.8969
vn 0.2754 0.7569 -0.5927
vn -0.1030 0.9417 -0.3203
vn -0.5126 0.6913 -0.5093
vn -0.3100 0.3989 -0.8630
vn -0.1496 0.9698 0.1927
vn -0.2832 0.9272 0.2452
vn -0.3226 0.9226 0.2113
vn -0.2188 0.9604 0.1724
vn -0.2170 0.9260 0.3089
vn -0.1331 0.8719 0.4713
vn -0.0455 0.8779 0.4767
vn -0.1131 0.9264 0.3590
vn 0.0034 0.8234 -0.5674
vn -0.1739 0.9482 -0.2657
vn -0.5368 0.7795 -0.3228
vn -0.4761 0.6005 -0.6425
vn 0.2703 0.8793 -0.3921
vn 0.2985 0.9395 -0.1682
vn 0.5413 0.8380 -0.0683
vn 0.5031 0.8262 -0.2537
vn 0.3532 0.9254 0.1372
vn 0.3794 0.9042 0.1962
vn 0.3657 0.9043 0.2202
vn 0.3441 0.9235 0.1695
vn -0.8034 0.5493 -0.2297
vn -0.6480 0.6592 -0.3814
vn -0.5272 0.8282 -0.1903
vn -0.6566 0.7542 0.0021
vn -0.5869 0.7553 -0.2916
vn -0.4157 0.8257 -0.3814
vn -0.3752 0.7631 -0.5262
vn -0.5140 0.7275 -0.4545
vn 0.7572 0.5503 -0.3520
vn 0.6161 0.6754 -0.4053
vn 0.5754 0.6614 -0.4812
vn 0.6883 0.5750 -0.4423
vn 0.4549 0.8856 -0.0934
vn 0.3866 0.9022 -0.1911
vn 0.4693 0.8431 -0.2626
vn 0.5412 0.8240 -0.1675
vn 0.0494 0.7904 -0.6107
vn 0.3971 0.5074 -0.7648
vn 0.5276 0.5481 -0.6489
vn 0.3270 0.7359 -0.5929
vn -0.0152 0.9071 -0.4207
vn 0.1141 0.9502 -0.2899
vn 0.2179 0.9258 -0.3088
vn 0.1163 0.9047 -0.4099
vn 0.8036 0.5934 -0.0450
vn 0.7212 0.6196 -0.3097
vn 0.8398 0.3570 -0.4090
vn 0.9465 0.2777 -0.1642
vn -0.8373 0.4192 -0.3511
vn -0.6444 0.5829 -0.4950
vn -0.5402 0.4508 -0.7106
vn -0.7096 0.3648 -0.6028
vn -0.3608 0.8474 -0.3897
vn -0.1987 0.9365 -0.2889
vn -0.0036 0.9179 -0.3968
vn -0.1488 0.8698 -0.4704
vn -0.3368 0.8714 -0.3568
vn -0.3217 0.9385 -0.1253
vn -0.5831 0.8123 -0.0073
vn -0.6769 0.7073 -0.2037
vn 0.3266 0.8957 -0.3018
vn 0.1806 0.9305 -0.3186
vn 0.1234 0.9008 -0.4162
vn 0.2433 0.8833 -0.4008
vn -0.2234 0.9612 0.1620
vn -0.0898 0.9892 0.1157
vn -0.0318 0.9865 0.1605
vn -0.1392 0.9706 0.1964
vn -0.2054 0.2827 -0.9370
vn -0.5684 0.3563 -0.7416
vn -0.7160 -0.0555 -0.6959
vn -0.4014 -0.2651 -0.8767
vn -0.6878 -0.0173 -0.7257
vn -0.8306 0.4298 -0.3540
vn -0.9819 0.1872 -0.0274
vn -0.9487 -0.0170 -0.3157
vn 0.3677 0.8850 -0.2856
vn 0.4087 0.7801 -0.4737
vn 0.2047 0.7594 -0.6176
vn 0.2018 0.8592 -0.4701
vn -0.7158 0.5284 0.4565
vn -0.7009 0.7066 0.0973
vn -0.3313 0.9346 0.1295
vn -0.2111 0.8396 0.5005
vn 0.2204 0.7261 -0.6513
vn 0.3571 0.8508 -0.3855
vn 0.6568 0.6786 -0.3288
vn 0.5425 0.6432 -0.5404
vn -0.6830 0.7083 -0.1784
vn -0.3729 0.9268 0.0456
vn -0.4183 0.8110 0.4090
vn -0.6382 0.7365 0.2242
vn 0.3099 0.9282 0.2058
vn 0.3391 0.9313 0.1330
vn 0.4096 0.8984 0.1587
vn 0.3822 0.8944 0.2323
vn -0.4552 0.7952 -0.4006
vn -0.3175 0.8754 -0.3645
vn -0.2061 0.8668 -0.4541
vn -0.3239 0.8142 -0.4819
vn 0.8035 0.2875 -0.5212
vn 0.7763 0.5892 -0.2242
vn 0.8896 0.4533 0.0557
vn 0.9364 0.3016 -0.1794
vn 0.2922 0.9472 -0.1320
vn 0.1742 0.9484 -0.2648
vn 0.2977 0.8720 -0.3885
vn 0.4276 0.8635 -0.2676
vn -0.3126 0.9100 -0.2725
vn -0.3336 0.8377 -0.4324
vn -0.2522 0.8299 -0.4976
vn -0.2429 0.8939 -0.3767
vn -0.2671 0.9597 0.0876
vn -0.6631 0.7368 0.1318
vn -0.7434 0.6115 -0.2709
vn -0.5172 0.8210 -0.2417
vn 0.6813 0.0997 -0.7252
vn 0.8400 0.2657 -0.4731
vn 0.6499 0.5826 -0.4881
vn 0.4398 0.5021 -0.7447
vn -0.2488 0.9570 0.1494
vn -0.0673 0.9928 0.0987
vn 0.0363 0.9800 0.1956
vn -0.1078 0.9670 0.2307
vn -0.5087 0.2018 -0.8370
vn 0.1977 0.7297 -0.6545
vn 0.4739 0.3067 -0.8254
vn 0.0975 0.1605 -0.9822
vn 0.6313 0.4965 -0.5958
vn -0.0258 0.6739 -0.7384
vn -0.2650 0.1065 -0.9583
vn 0.2944 -0.3038 -0.9061
vn 0.6864 0.6643 -0.2959
vn 0.6873 0.5606 -0.4619
vn 0.6263 0.5791 -0.5219
vn 0.6350 0.6612 -0.3995
vn -0.7341 0.3632 -0.5738
vn -0.5984 0.1867 -0.7791
vn -0.4225 0.2750 -0.8636
vn -0.5480 0.3966 -0.7365
vn -0.5589 0.7768 0.2902
vn -0.5956 0.8031 0.0144
vn -0.3197 0.9461 -0.0524
vn -0.2159 0.9543 0.2068
vn -0.4917 0.7162 0.4952
vn -0.5100 0.7884 0.3439
vn -0.5850 0.7605 0.2818
vn -0.5725 0.7134 0.4042
vn -0.1019 0.9192 0.3805
vn -0.3536 0.8193 0.4513
vn -0.4909 0.8194 0.2958
vn -0.3102 0.9116 0.2697
vn -0.5482 0.7842 -0.2906
vn -0.4775 0.7732 -0.4173
vn -0.3596 0.8585 -0.3656
vn -0.4223 0.8753 -0.2354
vn -0.5272 0.8311 -0.1770
vn -0.1745 0.9281 -0.3290
vn -0.1452 0.7715 -0.6195
vn -0.3920 0.7693 -0.5045
vn -0.6422 0.6575 -0.3939
vn -0.4027 0.8182 -0.4104
vn -0.2500 0.7499 -0.6125
vn -0.4475 0.6666 -0.5961
vn -0.0490 0.8446 0.5331
vn -0.2407 0.8504 0.4679
vn -0.1864 0.9402 0.2849
vn 0.0102 0.9427 0.3336
vn -0.0943 0.9717 -0.2165
vn 0.0607 0.9418 -0.3307
vn 0.1621 0.9444 -0.2862
vn 0.0419 0.9776 -0.2061
vn 0.3016 0.8574 -0.4170
vn 0.3656 0.9052 -0.2167
vn 0.5120 0.8427 -0.1664
vn 0.4601 0.8268 -0.3236
vn -0.2668 0.9351 -0.2332
vn -0.3116 0.9499 -0.0234
vn -0.5508 0.8341 -0.0298
vn -0.5589 0.7935 -0.2408
vn 0.0156 0.9755 -0.2196
vn -0.1058 0.9412 -0.3209
vn -0.1823 0.9383 -0.2940
vn -0.0870 0.9718 -0.2189
vn -0.8030 0.0409 -0.5946
vn -0.5099 0.3218 -0.7978
vn -0.2828 0.1147 -0.9523
vn -0.5236 -0.0251 -0.8516
vn 0.1249 0.9922 0.0005
vn 0.0965 0.9890 -0.1117
vn 0.2101 0.9673 -0.1421
vn 0.2428 0.9696 -0.0310
vn 0.4499 0.6489 -0.6136
vn 0.3178 0.5517 -0.7711
vn 0.1696 0.6005 -0.7814
vn 0.2807 0.6790 -0.6784
vn -0.4952 0.8085 -0.3181
vn -0.4631 0.7243 -0.5109
vn -0.3068 0.7510 -0.5847
vn -0.3496 0.8252 -0.4436
vn -0.8880 0.1708 -0.4269
vn -0.7390 0.1884 -0.6468
vn -0.6560 0.4580 -0.5999
vn -0.7903 0.4867 -0.3722
vn -0.2658 0.9093 -0.3203
vn -0.4135 0.8470 -0.3341
vn -0.4616 0.8439 -0.2734
vn -0.3493 0.8983 -0.2667
vn 0.5719 0.5820 0.5781
vn 0.4073 0.7411 0.5337
vn 0.2532 0.7310 0.6337
vn 0.3932 0.6291 0.6705
vn 0.3010 0.7297 -0.6140
vn 0.4797 0.7575 -0.4428
vn 0.3241 0.9185 -0.2265
vn 0.1015 0.9361 -0.3367
vn -0.3029 0.9511 0.0603
vn -0.1934 0.9810 -0.0182
vn -0.2017 0.9688 -0.1442
vn -0.2912 0.9537 -0.0748
vn -0.2704 0.9062 0.3251
vn -0.4382 0.8525 0.2848
vn -0.4642 0.8607 0.2088
vn -0.3396 0.9082 0.2448
vn -0.5542 0.8228 -0.1258
vn -0.4074 0.8987 0.1623
vn -0.6113 0.6921 0.3838
vn -0.8141 0.5590 0.1572
vn -0.2709 0.5470 -0.7921
vn -0.4241 0.0804 -0.9020
vn -0.6964 0.0427 -0.7164
vn -0.6039 0.3381 -0.7218
vn -0.6051 0.6599 0.4455
vn -0.3937 0.7803 0.4859
vn -0.2728 0.7023 0.6575
vn -0.4476 0.6384 0.6262
vn -0.0352 0.9447 -0.3261
vn -0.2123 0.9696 -0.1216
vn -0.4486 0.8533 -0.2658
vn -0.3200 0.8046 -0.5003
vn -0.4409 0.8780 0.1865
vn -0.1690 0.9429 0.2871
vn -0.1236 0.8444 0.5212
vn -0.3259 0.8370 0.4396
vn -0.4922 0.7782 -0.3901
vn -0.7749 0.5947 -0.2142
vn -0.7434 0.6581 0.1193
vn -0.5926 0.8041 -0.0463
vn 0.8985 0.4219 0.1215
vn 0.3824 0.8892 -0.2511
vn 0.2524 0.4821 -0.8390
vn 0.7212 -0.1330 -0.6799
vn -0.5745 0.8172 0.0461
vn -0.7116 0.6969 -0.0888
vn -0.6871 0.6955 -0.2101
vn -0.5986 0.7938 -0.1077
vn -0.1373 0.9340 -0.3299
vn 0.0764 0.9720 -0.2220
vn 0.2710 0.8939 -0.3570
vn 0.0967 0.8967 -0.4319
vn -0.6255 0.7560 -0.1929
vn -0.5317 0.7868 -0.3133
vn -0.4300 0.8758 -0.2192
vn -0.5166 0.8513 -0.0919
vn -0.4127 0.8350 -0.3640
vn -0.2959 0.8833 -0.3636
vn -0.2432 0.8716 -0.4256
vn -0.3405 0.8382 -0.4260
vn -0.7319 0.6240 -0.2737
vn -0.7552 0.5359 -0.3776
vn -0.7309 0.5394 -0.4181
vn -0.7160 0.6112 -0.3373
vn -0.1519 0.9080 -0.3905
vn -0.3436 0.8917 -0.2946
vn -0.4835 0.7283 -0.4856
vn -0.3299 0.6998 -0.6336
vn -0.4577 0.8478 -0.2677
vn -0.5518 0.7283 -0.4064
vn -0.4721 0.6940 -0.5436
vn -0.4151 0.7980 -0.4369
vn 0.4535 0.8551 -0.2513
vn 0.4451 0.8830 -0.1488
vn 0.4722 0.8729 -0.1226
vn 0.4795 0.8527 -0.2073
vn 0.4727 0.8754 -0.1009
vn 0.2947 0.9313 -0.2140
vn 0.3679 0.8271 -0.4249
vn 0.5580 0.7542 -0.3462
vn 0.0608 0.9126 -0.4043
vn -0.0403 0.9608 -0.2744
vn -0.1208 0.9526 -0.2794
vn -0.0417 0.9237 -0.3809
vn 0.5608 0.6279 -0.5396
vn 0.9587 0.2085 -0.1933
vn 0.8790 0.4236 0.2189
vn 0.7489 0.6609 -0.0473
vn -0.0357 0.9622 0.2700
vn 0.1384 0.9771 0.1615
vn 0.2986 0.8913 0.3412
vn 0.1582 0.8583 0.4881
vn -0.6519 0.3523 -0.6715
vn -0.8285 0.0333 -0.5590
vn -0.9495 0.0781 -0.3040
vn -0.8572 0.2876 -0.4272
vn 0.4489 0.8280 -0.3361
vn 0.3595 0.8683 -0.3418
vn 0.3368 0.8643 -0.3736
vn 0.4119 0.8332 -0.3689
vn 0.2930 0.9522 0.0863
vn 0.2107 0.9629 0.1689
vn 0.1226 0.9889 0.0834
vn 0.2000 0.9798 -0.0039
vn -0.0376 0.9849 -0.1688
vn -0.0344 0.9154 -0.4010
vn 0.1960 0.8548 -0.4805
vn 0.1709 0.9355 -0.3093
vn -0.0224 0.9966 0.0793
vn -0.2723 0.9060 -0.3241
vn 0.0556 0.7930 -0.6067
vn 0.1577 0.9293 -0.3339
vn 0.1576 0.9585 -0.2377
vn -0.0142 0.9835 -0.1803
vn -0.0923 0.9304 -0.3548
vn 0.0711 0.8997 -0.4306
vn -0.0697 0.9045 -0.4207
vn -0.1239 0.9849 -0.1209
vn -0.3674 0.9288 -0.0492
vn -0.3118 0.9112 -0.2691
vn 0.1310 0.9810 0.1432
vn 0.2609 0.9586 0.1140
vn 0.2955 0.9553 0.0133
vn 0.1919 0.9806 0.0413
vn -0.3923 0.9103 -0.1321
vn -0.3634 0.9312 0.0300
vn -0.5148 0.8541 0.0739
vn -0.5557 0.8271 -0.0847
vn -0.3783 0.9146 -0.1429
vn -0.5582 0.8271 0.0656
vn -0.4589 0.8393 0.2914
vn -0.3559 0.9259 0.1265
vn 0.2997 0.8846 -0.3573
vn 0.5214 0.7953 -0.3092
vn 0.5765 0.8167 -0.0232
vn 0.4166 0.9038 -0.0979
vn 0.1310 0.9202 0.3689
vn 0.2334 0.9445 0.2312
vn 0.4387 0.8417 0.3147
vn 0.3839 0.7938 0.4717
vn -0.4289 0.9024 0.0422
vn -0.3346 0.9407 -0.0563
vn -0.3452 0.9329 -0.1024
vn -0.4203 0.9071 -0.0239
vn -0.5599 0.7063 -0.4332
vn -0.3944 0.8326 -0.3888
vn -0.2583 0.8275 -0.4985
vn -0.3990 0.7475 -0.5311
vn 0.5081 0.8296 0.2315
vn 0.6058 0.7257 -0.3263
vn 0.9187 0.2549 -0.3017
vn 0.9498 0.1648 0.2660
vn 0.3056 0.5440 -0.7814
vn -0.0050 0.7907 -0.6122
vn -0.1146 0.7332 -0.6703
vn 0.0805 0.6084 -0.7896
vn 0.1497 0.7824 -0.6046
vn -0.1125 0.9647 -0.2382
vn -0.4746 0.8240 -0.3093
vn -0.2766 0.7881 -0.5499
vn 0.6450 0.5242 -0.5561
vn 0.7608 0.5234 -0.3836
vn 0.6561 0.6924 -0.3002
vn 0.5306 0.7085 -0.4653
vn 0.1507 0.9576 0.2454
vn 0.1525 0.9836 0.0963
vn 0.3175 0.9481 0.0142
vn 0.3059 0.9414 0.1424
vn 0.7231 0.5747 -0.3831
vn 0.7946 0.2648 -0.5464
vn 0.6172 0.2251 -0.7539
vn 0.6173 0.4492 -0.6459
vn -0.6390 0.7639 0.0898
vn -0.4999 0.8113 0.3030
vn -0.6290 0.6026 0.4912
vn -0.8014 0.5010 0.3269
vn -0.1069 0.9185 0.3808
vn -0.4553 0.7499 0.4799
vn -0.6391 0.7408 0.2066
vn -0.4108 0.8910 0.1933
vn 0.2475 0.9331 -0.2609
vn 0.2052 0.8739 -0.4407
vn 0.0765 0.8736 -0.4806
vn 0.1191 0.9300 -0.3478
vn -0.4173 0.9079 -0.0403
vn -0.1950 0.9464 0.2577
vn -0.4110 0.7403 0.5320
vn -0.7016 0.6356 0.3221
vn 0.6542 0.6441 -0.3963
vn 0.7978 0.5320 -0.2836
vn 0.8119 0.5583 -0.1705
vn 0.7160 0.6468 -0.2628
vn -0.5962 0.7922 -0.1304
vn -0.8969 0.1298 -0.4227
vn -0.5578 0.1619 -0.8141
vn -0.5282 0.5391 -0.6561
vn -0.4367 0.6769 0.5925
vn -0.4861 0.7891 0.3756
vn -0.2114 0.9235 0.3201
vn -0.0844 0.8492 0.5213
vn 0.1415 0.9461 0.2913
vn -0.0266 0.9943 0.1033
vn -0.2710 0.9467 0.1744
vn -0.1264 0.9423 0.3100
vn -0.2957 0.5160 -0.8039
vn -0.2436 0.1471 -0.9586
vn 0.0065 0.1102 -0.9939
vn -0.0588 0.3587 -0.9316
vn -0.3703 0.8627 -0.3443
vn -0.4248 0.8788 -0.2175
vn -0.5396 0.8028 -0.2536
vn -0.4902 0.7835 -0.3820
vn 0.1800 0.9486 0.2604
vn 0.0904 0.9733 0.2111
vn 0.0553 0.9719 0.2287
vn 0.1294 0.9543 0.2693
vn 0.2787 0.9481 -0.1530
vn 0.5118 0.7978 -0.3187
vn 0.3908 0.6947 -0.6039
vn 0.2583 0.8438 -0.4703
vn -0.7370 0.6201 0.2689
vn -0.7569 0.6536 0.0025
vn -0.5381 0.8427 -0.0188
vn -0.4796 0.8428 0.2443
vn -0.4011 0.8820 0.2473
vn -0.2705 0.9313 0.2439
vn -0.2266 0.9265 0.3003
vn -0.3329 0.8930 0.3028
vn 0.5566 0.7977 -0.2321
vn 0.3823 0.8754 -0.2958
vn 0.3236 0.8202 -0.4717
vn 0.4681 0.7800 -0.4153
vn 0.4581 0.7507 -0.4761
vn 0.3258 0.7063 -0.6285
vn 0.4511 0.5430 -0.7083
vn 0.5977 0.5689 -0.5648
vn -0.1198 0.9373 -0.3274
vn 0.0569 0.9721 -0.2276
vn 0.2040 0.9289 -0.3090
vn 0.0626 0.9214 -0.3836
vn -0.3871 0.1679 -0.9066
vn -0.0715 0.6586 -0.7491
vn 0.2863 0.5105 -0.8108
vn 0.0564 0.2891 -0.9556
vn 0.3312 0.9431 0.0281
vn 0.0016 0.9951 -0.0984
vn 0.0541 0.8813 -0.4695
vn 0.3998 0.7937 -0.4585
vn -0.7424 0.5046 0.4407
vn -0.8745 0.3304 0.3550
vn -0.8923 0.3452 0.2908
vn -0.8055 0.4725 0.3576
vn -0.2502 0.9541 0.1647
vn -0.0964 0.9953 0.0128
vn -0.1450 0.9766 -0.1589
vn -0.2582 0.9655 -0.0325
vn -0.3486 0.9290 0.1243
vn -0.2544 0.9215 0.2933
vn -0.4078 0.8282 0.3843
vn -0.5147 0.8279 0.2229
vn -0.2896 0.8978 0.3317
vn -0.3036 0.9486 0.0891
vn -0.4637 0.8860 -0.0021
vn -0.4491 0.8745 0.1832
vn -0.3536 0.8583 -0.3720
vn -0.5848 0.6782 -0.4450
vn -0.7613 0.6214 -0.1850
vn -0.5974 0.7823 -0.1762
vn -0.6532 0.6681 -0.3563
vn -0.5015 0.7402 -0.4478
vn -0.4195 0.8672 -0.2682
vn -0.5559 0.8187 -0.1435
vn 0.3203 0.9441 -0.0782
vn 0.2240 0.9629 -0.1508
vn 0.2249 0.9507 -0.2137
vn 0.3034 0.9403 -0.1542
vn -0.4437 0.8027 -0.3986
vn -0.5782 0.7358 -0.3527
vn -0.6049 0.7452 -0.2806
vn -0.5037 0.8020 -0.3212
vn -0.4727 0.5250 -0.7078
vn -0.6580 0.4974 -0.5654
vn -0.7106 0.2698 -0.6499
vn -0.5320 0.2686 -0.8030
vn 0.3164 0.5248 -0.7902
vn -0.3565 0.9242 -0.1368
vn -0.6518 0.6101 -0.4505
vn -0.3292 0.5562 -0.7631
vn 0.4397 0.4872 -0.7545
vn 0.4419 0.6771 -0.5885
vn 0.5829 0.6720 -0.4568
vn 0.5823 0.5498 -0.5989
vn -0.3361 0.9415 0.0256
vn -0.1757 0.9750 0.1363
vn -0.2701 0.9096 0.3158
vn -0.4410 0.8687 0.2254
vn -0.3559 0.9343 -0.0202
vn -0.6342 0.7671 -0.0969
vn -0.6274 0.6797 -0.3801
vn -0.4596 0.8344 -0.3043
vn -0.4032 0.8518 0.3346
vn -0.2501 0.9034 0.3483
vn -0.2242 0.8919 0.3928
vn -0.3436 0.8574 0.3832
vn 0.3264 0.9451 0.0120
vn 0.2198 0.9565 -0.1916
vn 0.4245 0.8270 -0.3686
vn 0.5891 0.7789 -0.2152
vn 0.4483 0.6009 -0.6618
vn 0.2848 0.6785 -0.6771
vn 0.2272 0.6451 -0.7296
vn 0.3551 0.5933 -0.7224
vn -0.2986 0.9520 0.0669
vn -0.1694 0.9849 -0.0351
vn -0.2015 0.9548 -0.2186
vn -0.3044 0.9443 -0.1253
vn -0.9219 0.3752 -0.0962
vn -0.8575 0.3868 -0.3393
vn -0.7016 0.6340 -0.3254
vn -0.7308 0.6780 -0.0793
vn -0.7591 0.4881 0.4307
vn -0.9135 0.2626 0.3108
vn -0.9440 0.2819 0.1714
vn -0.8567 0.4412 0.2673
vn -0.0299 0.9569 -0.2889
vn 0.1007 0.9299 -0.3537
vn 0.1428 0.9346 -0.3257
vn 0.0406 0.9599 -0.2774
vn 0.2723 0.9521 -0.1388
vn 0.1940 0.9459 -0.2600
vn 0.3145 0.8847 -0.3442
vn 0.4031 0.8858 -0.2300
vn -0.3015 0.9499 0.0822
vn -0.0998 0.9903 -0.0962
vn -0.1695 0.9248 -0.3406
vn -0.3128 0.9305 -0.1904
vn 0.4477 0.5183 -0.7286
vn 0.3202 0.6893 -0.6498
vn 0.1711 0.6957 -0.6976
vn 0.2794 0.5815 -0.7640
vn 0.4955 0.8662 -0.0644
vn 0.4075 0.8968 -0.1724
vn 0.4981 0.8219 -0.2764
vn 0.5935 0.7851 -0.1771
vn -0.4027 0.8554 -0.3258
vn -0.3582 0.9336 0.0004
vn -0.5527 0.8187 0.1560
vn -0.5795 0.8108 -0.0820
vn -0.2993 0.9216 -0.2469
vn -0.2654 0.8558 -0.4440
vn -0.0521 0.8602 -0.5073
vn -0.1002 0.9275 -0.3602
vn -0.8240 0.4806 -0.3001
vn -0.8213 0.5241 0.2255
vn -0.9331 0.0308 0.3584
vn -0.9751 -0.1859 -0.1207
vn 0.1428 0.9852 -0.0946
vn 0.3104 0.9429 -0.1204
vn 0.3986 0.9171 -0.0006
vn 0.2676 0.9635 0.0117
vn -0.1385 0.9015 -0.4100
vn -0.2684 0.9222 -0.2784
vn -0.4089 0.8269 -0.3860
vn -0.2935 0.7963 -0.5289
vn -0.2950 0.7099 -0.6396
vn -0.1563 -0.1116 -0.9814
vn 0.3564 0.0267 -0.9340
vn 0.2110 0.4314 -0.8771
vn 0.1666 0.9364 -0.3088
vn 0.3393 0.8759 -0.3432
vn 0.4605 0.8690 -0.1812
vn 0.3204 0.9313 -0.1732
vn 0.1820 0.8918 -0.4142
vn 0.3006 0.8891 -0.3452
vn 0.2379 0.9448 -0.2251
vn 0.1152 0.9512 -0.2862
vn -0.4781 0.7168 -0.5076
vn -0.5019 0.8163 -0.2861
vn -0.6681 0.7263 -0.1618
vn -0.6483 0.6796 -0.3434
vn 0.2511 0.9616 -0.1108
vn 0.4124 0.9096 -0.0503
vn 0.4321 0.8961 0.1014
vn 0.3115 0.9492 0.0443
vn -0.5903 0.7177 -0.3692
vn -0.4792 0.8693 0.1211
vn -0.7542 0.5190 0.4023
vn -0.9731 0.2291 0.0240
vn -0.4373 0.8941 -0.0964
vn -0.3220 0.9448 0.0613
vn -0.3672 0.9098 0.1933
vn -0.4562 0.8873 0.0676
vn 0.6821 0.5926 -0.4284
vn 0.6885 0.6702 -0.2771
vn 0.7222 0.6483 -0.2412
vn 0.7200 0.5936 -0.3594
vn 0.7974 0.5955 0.0971
vn 0.7374 0.6083 -0.2937
vn 0.8864 0.2297 -0.4018
vn 0.9943 0.0964 -0.0451
vn 0.2919 0.9548 -0.0553
vn 0.3972 0.8861 -0.2388
vn 0.2787 0.8688 -0.4093
vn 0.2162 0.9400 -0.2638
vn 0.4906 0.7288 0.4778
vn 0.5001 0.4742 0.7246
vn 0.2212 0.4559 0.8621
vn 0.2644 0.6528 0.7099
vn -0.4203 0.5225 -0.7418
vn -0.6683 0.4279 -0.6085
vn -0.6662 0.1319 -0.7340
vn -0.4182 0.1635 -0.8935
vn -0.2755 0.9594 -0.0610
vn -0.2791 0.9345 -0.2208
vn -0.2330 0.9402 -0.2484
vn -0.2328 0.9643 -0.1266
vn 0.3527 0.8639 -0.3596
vn 0.4781 0.8067 -0.3474
vn 0.5342 0.8081 -0.2483
vn 0.4349 0.8606 -0.2650
vn -0.0870 0.9574 0.2754
vn -0.2215 0.9554 0.1952
vn -0.1442 0.9882 0.0518
vn -0.0039 0.9926 0.1214
vn -0.4909 0.7798 -0.3884
vn -0.3667 0.8486 -0.3815
vn -0.3049 0.8417 -0.4457
vn -0.4082 0.7935 -0.4514
vn -0.6264 0.7755 -0.0789
vn -0.3396 0.9195 -0.1981
vn -0.2910 0.8268 -0.4813
vn -0.5078 0.7737 -0.3789
vn -0.3117 0.9492 -0.0437
vn -0.2746 0.9450 0.1775
vn -0.5091 0.8220 0.2551
vn -0.6007 0.7978 0.0515
vn 0.1314 0.9676 0.2159
vn 0.0544 0.9861 0.1568
vn -0.0281 0.9823 0.1850
vn 0.0402 0.9714 0.2339
vn -0.1847 0.2301 -0.9555
vn -0.5336 0.4821 -0.6949
vn -0.7523 0.2436 -0.6122
vn -0.5488 0.1411 -0.8240
vn -0.8588 0.5045 0.0892
vn -0.7677 0.5221 0.3715
vn -0.8625 0.2403 0.4452
vn -0.9681 0.1806 0.1736
vn -0.3003 0.9487 0.0993
vn -0.0299 0.9964 -0.0789
vn -0.0808 0.9263 -0.3681
vn -0.2665 0.9385 -0.2197
vn -0.4324 0.8635 0.2595
vn -0.2727 0.9243 0.2669
vn -0.2011 0.9061 0.3722
vn -0.3312 0.8702 0.3649
vn -0.6372 -0.1380 -0.7583
vn -0.3168 0.1292 -0.9397
vn -0.4267 0.5300 -0.7328
vn -0.7819 0.3915 -0.4851
vn -0.3564 0.8906 0.2824
vn -0.6440 0.6969 0.3155
vn -0.7583 0.6490 0.0614
vn -0.5765 0.8136 0.0754
vn -0.2534 0.9551 -0.1538
vn -0.5079 0.6565 -0.5577
vn -0.1322 0.5583 -0.8190
vn -0.0620 0.8083 -0.5855
vn -0.4475 0.5360 0.7159
vn -0.5807 0.6163 0.5319
vn -0.3974 0.8082 0.4346
vn -0.2239 0.7699 0.5976
vn -0.5186 0.8543 -0.0341
vn -0.3299 0.9387 0.1002
vn -0.3532 0.8603 0.3675
vn -0.5020 0.8299 0.2432
vn -0.2973 0.9547 -0.0159
vn -0.1841 0.9790 0.0881
vn -0.2174 0.9450 0.2443
vn -0.3082 0.9391 0.1522
vn -0.6050 0.6756 -0.4213
vn -0.7171 0.6370 -0.2827
vn -0.7938 0.4799 -0.3736
vn -0.6895 0.5025 -0.5216
vn -0.6539 0.7535 -0.0680
vn -0.3380 0.9243 0.1772
vn -0.3830 0.7635 0.5199
vn -0.6052 0.7237 0.3316
vn 0.3230 0.5042 -0.8009
vn -0.1759 0.9020 -0.3942
vn -0.4584 0.6948 -0.5542
vn -0.1774 0.5810 -0.7943
vn -0.2400 0.7910 0.5628
vn -0.4023 0.8171 0.4128
vn -0.2626 0.9301 0.2569
vn -0.0824 0.9184 0.3870
vn 0.4049 0.8664 -0.2924
vn 0.4020 0.8312 -0.3841
vn 0.3713 0.8343 -0.4076
vn 0.3752 0.8652 -0.3326
vn 0.3962 0.8669 -0.3025
vn 0.4000 0.7977 -0.4513
vn 0.2669 0.8000 -0.5374
vn 0.2780 0.8643 -0.4192
vn -0.7705 0.5057 0.3880
vn -0.7896 0.6128 0.0317
vn -0.4877 0.8725 0.0296
vn -0.3799 0.8413 0.3845
vn -0.3957 0.7869 -0.4735
vn -0.3461 0.9127 -0.2174
vn -0.5137 0.8566 -0.0478
vn -0.5463 0.7994 -0.2501
vn 0.1128 0.9740 0.1963
vn 0.0474 0.9866 0.1562
vn 0.0065 0.9848 0.1733
vn 0.0631 0.9763 0.2073
vn -0.7010 0.7005 -0.1334
vn -0.6085 0.7284 -0.3148
vn -0.4025 0.8848 -0.2348
vn -0.4438 0.8955 -0.0335
vn 0.3170 0.9315 -0.1785
vn 0.2148 0.9757 0.0427
vn 0.3585 0.9041 0.2326
vn 0.4278 0.9023 0.0535
vn -0.4852 0.8703 0.0849
vn -0.4101 0.9110 -0.0429
vn -0.4364 0.8926 -0.1130
vn -0.4968 0.8678 -0.0115
vn 0.3375 0.6267 -0.7024
vn -0.0744 0.8582 -0.5079
vn -0.4610 0.5611 -0.6875
vn -0.2089 0.2071 -0.9557
vn -0.2479 0.5014 -0.8289
vn -0.4116 0.1968 -0.8899
vn -0.5868 0.1863 -0.7880
vn -0.4783 0.3965 -0.7836
vn -0.5025 0.8614 0.0734
vn -0.7501 0.6129 -0.2485
vn -0.5497 0.6306 -0.5479
vn -0.4600 0.8243 -0.3300
vn -0.1061 0.3884 0.9154
vn -0.3478 0.6677 0.6581
vn -0.0085 0.9032 0.4291
vn 0.3630 0.7138 0.5990
vn 0.8633 0.3414 -0.3717
vn 0.6308 0.5373 -0.5598
vn 0.5206 0.3867 -0.7612
vn 0.7129 0.2892 -0.6389
vn -0.4515 0.8194 0.3533
vn -0.3068 0.9418 0.1375
vn -0.4620 0.8752 -0.1435
vn -0.5627 0.8252 0.0492
vn -0.5976 0.7791 0.1891
vn -0.4712 0.8067 0.3567
vn -0.5822 0.6429 0.4978
vn -0.7275 0.5878 0.3539
vn -0.4060 0.8466 -0.3441
vn -0.2389 0.9019 -0.3598
vn -0.1831 0.8772 -0.4439
vn -0.3150 0.8448 -0.4326
vn -0.1439 0.9896 0.0009
vn -0.3155 0.9467 0.0650
vn -0.3166 0.9031 0.2899
vn -0.1866 0.9571 0.2217
vn -0.5343 0.5543 -0.6382
vn -0.6809 0.5268 -0.5088
vn -0.7274 0.3502 -0.5901
vn -0.5837 0.3671 -0.7243
vn -0.3805 0.2862 -0.8794
vn -0.1574 0.4804 -0.8628
vn -0.0291 0.4259 -0.9043
vn -0.1920 0.3059 -0.9325
vn 0.2062 0.9527 -0.2232
vn 0.3708 0.8568 -0.3584
vn 0.5926 0.7800 -0.2012
vn 0.4527 0.8831 -0.1233
vn -0.0119 0.9708 0.2394
vn 0.1071 0.9815 0.1586
vn 0.2017 0.9389 0.2790
vn 0.0905 0.9246 0.3701
vn -0.0703 0.9951 0.0693
vn 0.1666 0.9448 0.2821
vn 0.4493 0.8862 0.1128
vn 0.2563 0.9666 -0.0086
vn -0.7298 0.6802 -0.0688
vn -0.5597 0.8246 0.0820
vn -0.5601 0.7886 0.2539
vn -0.6937 0.7068 0.1386
vn 0.1323 0.8857 -0.4450
vn 0.2416 0.8959 -0.3727
vn 0.1662 0.9536 -0.2510
vn 0.0495 0.9490 -0.3112
vn -0.2909 0.9541 -0.0719
vn -0.3805 0.8683 -0.3183
vn -0.2343 0.8543 -0.4639
vn -0.1906 0.9388 -0.2868
vn -0.1696 0.9302 0.3254
vn -0.3103 0.6418 0.7013
vn 0.0458 0.5195 0.8533
vn 0.0730 0.7602 0.6456
vn -0.9412 0.3376 0.0143
vn -0.8751 0.3784 -0.3017
vn -0.6642 0.6887 -0.2906
vn -0.6605 0.7503 0.0289
vn 0.0265 0.9539 -0.2990
vn 0.4137 0.6800 -0.6054
vn 0.7269 0.6234 -0.2882
vn 0.4882 0.8527 -0.1862
vn -0.0472 0.9516 0.3038
vn -0.0470 0.9968 -0.0648
vn -0.4006 0.8978 -0.1829
vn -0.3610 0.9289 0.0830
vn -0.0031 0.7879 -0.6157
vn -0.2364 0.8667 -0.4392
vn -0.5055 0.6515 -0.5657
vn -0.3656 0.4977 -0.7865
vn 0.6248 0.5154 0.5865
vn 0.3406 0.7277 0.5953
vn 0.1272 0.6072 0.7843
vn 0.3562 0.5045 0.7865
vn -0.3256 0.9017 -0.2846
vn -0.2687 0.8721 -0.4089
vn -0.2212 0.8818 -0.4165
vn -0.2683 0.9085 -0.3203
vn -0.6760 0.7036 -0.2191
vn -0.4910 0.7624 -0.4214
vn -0.2839 0.9270 -0.2452
vn -0.4192 0.9079 -0.0003
vn -0.1177 0.9930 -0.0064
vn -0.2223 0.9727 0.0660
vn -0.2198 0.9666 0.1316
vn -0.1375 0.9879 0.0720
vn -0.3259 0.9447 -0.0368
vn -0.4198 0.9031 0.0906
vn -0.3917 0.9055 0.1634
vn -0.3234 0.9441 0.0634
vn -0.3091 0.9155 0.2575
vn -0.1352 0.9458 0.2953
vn -0.1533 0.8729 0.4631
vn -0.3283 0.8385 0.4349
vn -0.7089 0.5804 -0.4006
vn -0.5106 0.8360 -0.2012
vn -0.5906 0.7971 0.1255
vn -0.7415 0.6690 -0.0518
vn 0.4297 0.8187 -0.3808
vn 0.3934 0.8711 -0.2940
vn 0.4219 0.8733 -0.2437
vn 0.4522 0.8336 -0.3173
vn -0.6877 0.7085 -0.1584
vn -0.3760 0.9086 0.1818
vn -0.4836 0.6336 0.6039
vn -0.8393 0.3185 0.4405
vn 0.2616 0.8882 -0.3777
vn 0.1311 0.9388 -0.3187
vn 0.0696 0.9327 -0.3540
vn 0.1737 0.8994 -0.4011
vn -0.7692 0.6389 0.0078
vn -0.4088 0.8976 -0.1647
vn -0.3738 0.7774 -0.5060
vn -0.6312 0.6815 -0.3702
vn -0.1508 0.9811 -0.1213
vn -0.1659 0.9860 0.0179
vn -0.3313 0.9434 0.0151
vn -0.3366 0.9334 -0.1246
vn -0.1188 0.9168 -0.3814
vn 0.0529 0.9781 -0.2013
vn 0.2395 0.9397 -0.2443
vn 0.1032 0.9207 -0.3763
vn 0.4248 0.4420 -0.7900
vn 0.5018 0.6732 -0.5432
vn 0.7312 0.5693 -0.3758
vn 0.6765 0.4480 -0.5845
vn 0.2529 0.9341 0.2521
vn 0.1718 0.9845 0.0354
vn 0.4046 0.9071 -0.1163
vn 0.5421 0.8379 0.0638
vn -0.4663 0.7097 -0.5281
vn -0.4525 0.8524 -0.2621
vn -0.6774 0.7325 -0.0677
vn -0.6794 0.6738 -0.2904
vn -0.1906 0.9649 0.1809
vn -0.4108 0.8761 0.2523
vn -0.5365 0.8369 0.1082
vn -0.3754 0.9240 0.0721
vn -0.2799 0.8671 -0.4120
vn -0.3995 0.8597 -0.3182
vn -0.4865 0.7641 -0.4237
vn -0.3746 0.7630 -0.5269
vn 0.1757 0.9358 -0.3055
vn 0.3355 0.8888 -0.3123
vn 0.3901 0.8907 -0.2336
vn 0.2675 0.9346 -0.2345
vn -0.2378 0.9709 -0.0288
vn -0.2785 0.9581 0.0672
vn -0.2482 0.9618 0.1158
vn -0.2166 0.9756 0.0358
vn -0.1458 0.8961 -0.4193
vn 0.0375 0.9011 -0.4320
vn 0.0572 0.9661 -0.2516
vn -0.1248 0.9666 -0.2239
vn 0.3994 0.8718 0.2835
vn 0.2622 0.9631 0.0608
vn 0.4069 0.8950 -0.1830
vn 0.5007 0.8656 0.0075
vn -0.2923 0.9563 0.0017
vn -0.0857 0.9915 0.0981
vn -0.0737 0.9489 0.3067
vn -0.2309 0.9474 0.2216
vn -0.2774 0.9516 0.1321
vn -0.3226 0.9462 0.0247
vn -0.2127 0.9767 -0.0271
vn -0.1613 0.9839 0.0773
vn -0.3401 0.4876 -0.8041
vn -0.2002 0.2664 -0.9428
vn -0.0558 0.2893 -0.9556
vn -0.1647 0.4460 -0.8797
vn 0.3226 0.9357 -0.1432
vn 0.1174 0.9869 -0.1102
vn -0.0054 0.9623 -0.2719
vn 0.1627 0.9444 -0.2857
vn -0.7687 0.5868 -0.2543
vn -0.6073 0.6768 -0.4160
vn -0.4457 0.8645 -0.2324
vn -0.5617 0.8271 -0.0191
vn 0.0292 0.9744 -0.2229
vn -0.1300 0.9368 -0.3248
vn -0.2568 0.9318 -0.2566
vn -0.1306 0.9736 -0.1872
vn -0.3505 0.9362 0.0260
vn -0.0132 0.9890 0.1471
vn -0.0041 0.8782 0.4783
vn -0.2386 0.9002 0.3643
vn -0.0248 0.5831 -0.8120
vn 0.2039 0.6839 -0.7005
vn 0.0754 0.8817 -0.4657
vn -0.1920 0.8402 -0.5072
vn -0.4318 0.8074 0.4021
vn -0.5384 0.7266 0.4267
vn -0.5708 0.7212 0.3926
vn -0.4877 0.7880 0.3759
vn -0.6368 0.7154 -0.2875
vn -0.4946 0.8481 -0.1900
vn -0.5236 0.8497 0.0619
vn -0.6414 0.7661 -0.0403
vn -0.5708 0.0631 -0.8187
vn -0.2850 0.2036 -0.9366
vn -0.3340 0.5194 -0.7865
vn -0.6297 0.4436 -0.6378
vn -0.1190 0.9920 0.0418
vn -0.2249 0.9743 0.0113
vn -0.2350 0.9716 -0.0286
vn -0.1495 0.9888 -0.0027
vn -0.3739 0.8423 -0.3883
vn -0.4920 0.7992 -0.3452
vn -0.5130 0.8111 -0.2809
vn -0.4209 0.8491 -0.3192
vn 0.2421 0.9464 -0.2137
vn 0.1484 0.9579 -0.2459
vn 0.1747 0.9240 -0.3401
vn 0.2694 0.9114 -0.3111
vn -0.8835 0.1678 0.4373
vn -0.8145 0.5216 0.2541
vn -0.8686 0.4953 0.0128
vn -0.9430 0.2907 0.1621
vn 0.4779 0.7865 -0.3911
vn 0.2870 0.8889 -0.3570
vn 0.1189 0.8366 -0.5347
vn 0.2870 0.7826 -0.5524
vn -0.8999 0.3637 -0.2408
vn -0.8024 0.4422 -0.4007
vn -0.7271 0.6234 -0.2876
vn -0.8138 0.5703 -0.1120
vn 0.1521 0.9524 -0.2642
vn 0.2249 0.9257 -0.3040
vn 0.2546 0.9229 -0.2890
vn 0.1939 0.9469 -0.2565
vn -0.6985 0.6496 -0.3002
vn -0.7059 0.3954 -0.5877
vn -0.3914 0.4626 -0.7955
vn -0.4580 0.6495 -0.6069
vn 0.3323 0.9430 -0.0154
vn 0.3035 0.9231 -0.2363
vn 0.5489 0.7763 -0.3099
vn 0.6467 0.7548 -0.1099
vn -0.5161 0.8543 0.0625
vn -0.3429 0.9379 -0.0522
vn -0.3486 0.8957 -0.2759
vn -0.4867 0.8563 -0.1728
vn -0.2636 0.9279 0.2637
vn -0.5266 0.8149 0.2421
vn -0.6060 0.7920 -0.0749
vn -0.4232 0.9059 -0.0175
vn -0.9022 0.4245 -0.0769
vn -0.8159 0.5021 -0.2869
vn -0.6971 0.6931 -0.1835
vn -0.7710 0.6358 0.0376
vn -0.5323 0.6537 0.5379
vn -0.5397 0.7862 0.3010
vn -0.7171 0.6842 0.1331
vn -0.7127 0.6196 0.3287
vn -0.3778 0.9258 -0.0074
vn -0.5093 0.8566 0.0823
vn -0.5019 0.8422 0.1970
vn -0.4063 0.9054 0.1233
vn -0.4441 0.8640 -0.2372
vn -0.2886 0.9572 0.0237
vn -0.5045 0.8176 0.2774
vn -0.7246 0.6830 0.0920
vn -0.8204 0.4620 -0.3370
vn -0.7694 0.6320 -0.0925
vn -0.8293 0.5545 0.0695
vn -0.8815 0.4587 -0.1122
vn -0.0394 0.9420 -0.3333
vn -0.0477 0.9796 -0.1953
vn -0.0930 0.9806 -0.1725
vn -0.0858 0.9555 -0.2823
vn -0.4421 0.8601 0.2546
vn -0.4906 0.8701 0.0465
vn -0.2803 0.9597 -0.0183
vn -0.2007 0.9629 0.1803
vn 0.1260 0.9843 0.1239
vn 0.1031 0.9628 0.2500
vn -0.0367 0.9553 0.2935
vn -0.0098 0.9817 0.1900
vn 0.0622 0.8921 -0.4475
vn 0.1325 0.8416 -0.5236
vn 0.1725 0.8388 -0.5163
vn 0.1152 0.8822 -0.4566
vn -0.3924 0.5437 -0.7419
vn -0.6352 0.6769 -0.3720
vn -0.9059 0.2928 -0.3061
vn -0.7581 0.0249 -0.6517
vn -0.4342 0.7467 0.5038
vn 0.0390 0.8841 0.4657
vn 0.2213 0.6415 0.7345
vn -0.0961 0.6422 0.7604
vn -0.0917 0.8931 -0.4405
vn 0.0666 0.9917 -0.1102
vn 0.3771 0.9182 -0.1212
vn 0.2434 0.9055 -0.3476
vn 0.1725 0.5322 -0.8289
vn 0.3934 0.5027 -0.7697
vn 0.3966 0.6927 -0.6024
vn 0.1763 0.7519 -0.6352
vn 0.0902 0.9867 0.1352
vn 0.2160 0.9530 0.2126
vn 0.3674 0.9243 0.1037
vn 0.2554 0.9654 0.0522
vn -0.4661 0.7636 -0.4469
vn -0.1490 0.8847 -0.4417
vn 0.0130 0.7568 -0.6536
vn -0.2273 0.7207 -0.6550
vn -0.5030 0.8426 -0.1925
vn -0.3977 0.8489 -0.3483
vn -0.2094 0.9453 -0.2500
vn -0.2800 0.9570 -0.0758
vn 0.4339 0.8650 0.2521
vn 0.3351 0.9333 0.1288
vn 0.4137 0.9081 -0.0645
vn 0.4914 0.8694 0.0514
vn 0.2650 0.8592 -0.4377
vn -0.0928 0.3933 -0.9147
vn -0.4257 0.4979 -0.7556
vn -0.2095 0.7753 -0.5959
vn -0.2877 0.9535 0.0894
vn -0.1428 0.9760 0.1645
vn -0.2067 0.9271 0.3126
vn -0.3550 0.9020 0.2458
vn -0.6893 0.0705 -0.7210
vn -0.7841 0.3672 -0.5004
vn -0.9241 0.2701 -0.2702
vn -0.8822 0.0979 -0.4606
vn -0.3863 0.8598 0.3338
vn -0.3691 0.9161 0.1567
vn -0.4813 0.8750 0.0524
vn -0.4936 0.8472 0.1967
vn 0.2575 0.9643 0.0616
vn 0.2115 0.9745 -0.0750
vn 0.3513 0.9267 -0.1338
vn 0.4091 0.9125 -0.0022
vn 0.3261 0.7099 -0.6242
vn 0.4284 0.6000 -0.6756
vn 0.4731 0.5943 -0.6503
vn 0.3958 0.6822 -0.6147
vn -0.2243 0.9259 0.3041
vn -0.2656 0.9563 0.1221
vn -0.3658 0.9271 0.0821
vn -0.3337 0.9160 0.2227
vn 0.4938 0.8654 -0.0851
vn 0.3707 0.7875 -0.4924
vn 0.6520 0.4406 -0.6171
vn 0.8876 0.3809 -0.2589
vn -0.2784 0.9189 0.2794
vn -0.4913 0.8425 0.2209
vn -0.5336 0.8457 -0.0132
vn -0.3819 0.9226 0.0547
vn -0.7058 0.6714 -0.2258
vn -0.8496 0.5021 -0.1615
vn -0.8669 0.4947 -0.0620
vn -0.7733 0.6237 -0.1144
vn -0.8436 0.5296 0.0882
vn -0.7777 0.5723 -0.2603
vn -0.4847 0.8391 -0.2469
vn -0.4549 0.8842 0.1062
vn 0.5003 0.4570 -0.7354
vn 0.2696 0.6539 -0.7069
vn 0.0566 0.5721 -0.8183
vn 0.2448 0.4617 -0.8526
vn -0.3242 0.9080 0.2654
vn -0.3277 0.8482 0.4162
vn -0.2820 0.8506 0.4437
vn -0.2824 0.9010 0.3293
vn -0.3899 0.7345 0.5554
vn -0.4505 0.8416 0.2978
vn -0.1565 0.9616 0.2254
vn -0.0214 0.8849 0.4653
vn 0.2621 0.9348 -0.2397
vn 0.2297 0.9054 -0.3570
vn 0.1682 0.9098 -0.3794
vn 0.1968 0.9377 -0.2862
vn -0.4193 0.9072 -0.0337
vn -0.4749 0.8752 0.0918
vn -0.4478 0.8839 0.1346
vn -0.4070 0.9127 0.0352
vn -0.7826 0.5442 -0.3024
vn -0.5860 0.6591 -0.4714
vn -0.4278 0.8683 -0.2510
vn -0.5751 0.8180 -0.0141
vn -0.9109 0.3851 -0.1482
vn -0.6063 0.6474 -0.4618
vn -0.5440 0.4056 -0.7345
vn -0.7804 0.3120 -0.5419
vn -0.3076 0.9511 0.0286
vn -0.4554 0.8887 -0.0534
vn -0.4562 0.8760 -0.1565
vn -0.3483 0.9331 -0.0901
vn -0.7284 0.6811 -0.0742
vn -0.5115 0.8141 -0.2751
vn -0.2920 0.9559 -0.0311
vn -0.4503 0.8611 0.2359
vn 0.1832 0.9818 -0.0491
vn 0.1899 0.9610 -0.2012
vn 0.0911 0.9595 -0.2666
vn 0.0928 0.9851 -0.1450
vn -0.4344 0.8420 -0.3198
vn -0.4234 0.7862 -0.4501
vn -0.3481 0.7940 -0.4984
vn -0.3629 0.8434 -0.3962
vn 0.5974 0.7717 -0.2179
vn 0.3512 0.8629 -0.3633
vn 0.3601 0.6573 -0.6620
vn 0.6096 0.4962 -0.6183
vn -0.3331 0.8736 -0.3548
vn -0.1922 0.9385 -0.2870
vn -0.0657 0.9289 -0.3644
vn -0.1865 0.8900 -0.4160
vn 0.0006 0.9422 -0.3350
vn -0.0909 0.9744 -0.2057
vn -0.1711 0.9631 -0.2080
vn -0.0987 0.9458 -0.3093
vn 0.2413 0.7886 0.5656
vn 0.4530 0.7547 0.4747
vn 0.5227 0.5622 0.6408
vn 0.3238 0.5611 0.7618
vn -0.8399 0.5233 -0.1438
vn -0.7068 0.6226 -0.3359
vn -0.7050 0.5504 -0.4472
vn -0.8122 0.4945 -0.3095
vn -0.1324 0.9902 -0.0432
vn -0.2057 0.9532 0.2216
vn -0.0105 0.9279 0.3727
vn 0.0198 0.9844 0.1751
vn -0.0461 0.9121 -0.4073
vn -0.2442 0.9272 -0.2842
vn -0.3942 0.7968 -0.4580
vn -0.2233 0.7582 -0.6126
vn -0.3737 0.9247 0.0720
vn -0.5088 0.8599 -0.0399
vn -0.4841 0.8553 -0.1847
vn -0.3890 0.9168 -0.0906
vn -0.1957 0.9787 0.0626
vn -0.3027 0.9529 -0.0206
vn -0.2866 0.9469 -0.1457
vn -0.2036 0.9763 -0.0733
vn -0.7349 -0.3276 -0.5938
vn -0.3940 0.0939 -0.9143
vn -0.5175 0.6010 -0.6091
vn -0.9091 0.3821 -0.1657
vn 0.5641 0.6800 0.4684
vn 0.4164 0.7354 0.5347
vn 0.3758 0.6909 0.6176
vn 0.4947 0.6569 0.5689
vn -0.5062 0.8026 -0.3155
vn -0.4864 0.7358 -0.4712
vn -0.4008 0.7514 -0.5242
vn -0.4238 0.8093 -0.4068
vn -0.3013 0.8198 0.4870
vn -0.4194 0.8352 0.3556
vn -0.2996 0.9206 0.2505
vn -0.1744 0.9100 0.3762
vn -0.0230 0.9253 -0.3785
vn -0.1342 0.9734 -0.1855
vn -0.2882 0.9403 -0.1812
vn -0.1992 0.9239 -0.3267
vn -0.6811 0.4542 -0.5742
vn -0.5951 -0.2479 -0.7645
vn -0.1659 -0.1496 -0.9747
vn -0.3224 0.2092 -0.9232
vn -0.2807 0.6820 0.6753
vn -0.4662 0.7518 0.4663
vn -0.2630 0.9210 0.2874
vn -0.0314 0.8896 0.4557
vn -0.2767 0.9102 0.3083
vn -0.4984 0.8270 0.2602
vn -0.5456 0.8318 0.1024
vn -0.3904 0.9078 0.1529
vn 0.0966 0.9853 0.1408
vn 0.0632 0.9756 0.2102
vn 0.0197 0.9757 0.2182
vn 0.0489 0.9859 0.1597
vn -0.3247 0.8454 -0.4240
vn -0.4675 0.8260 -0.3150
vn -0.5587 0.7044 -0.4378
vn -0.4252 0.7115 -0.5595
vn 0.5172 0.5430 0.6616
vn 0.5707 0.7059 0.4195
vn 0.7495 0.6044 0.2701
vn 0.7149 0.5198 0.4676
vn 0.4306 0.6951 -0.5757
vn 0.3085 0.4072 -0.8597
vn -0.0640 0.4520 -0.8897
vn 0.0762 0.6604 -0.7470
vn -0.5638 0.8001 -0.2046
vn -0.4417 0.8139 -0.3774
vn -0.2656 0.9261 -0.2680
vn -0.3621 0.9288 -0.0791
vn 0.4420 0.7084 -0.5503
vn 0.1629 0.9115 -0.3777
vn -0.1284 0.8355 -0.5343
vn 0.0987 0.7514 -0.6524
vn -0.4872 0.8276 -0.2788
vn -0.6717 0.6669 -0.3226
vn -0.7830 0.6044 -0.1470
vn -0.6551 0.7432 -0.1360
vn 0.0804 0.3702 -0.9255
vn -0.4995 0.4340 -0.7497
vn -0.6791 -0.1279 -0.7229
vn -0.1734 -0.4260 -0.8879
vn -0.3063 0.9237 -0.2299
vn -0.2947 0.9545 -0.0457
vn -0.3614 0.9324 0.0054
vn -0.3706 0.9189 -0.1353
vn 0.2045 0.9482 0.2431
vn 0.0750 0.9731 0.2181
vn 0.0135 0.9607 0.2773
vn 0.1201 0.9475 0.2962
vn 0.9309 0.2782 0.2368
vn 0.7024 0.4444 0.5561
vn 0.4978 0.7939 0.3491
vn 0.6491 0.7592 -0.0480
vn 0.2121 0.9717 0.1040
vn 0.1343 0.9795 0.1502
vn 0.1315 0.9741 0.1837
vn 0.1964 0.9697 0.1451
vn -0.3956 0.8650 -0.3088
vn -0.3792 0.8033 -0.4592
vn -0.2525 0.8126 -0.5254
vn -0.2764 0.8698 -0.4088
vn -0.1403 0.8042 -0.5776
vn 0.0576 0.8702 -0.4892
vn -0.0414 0.9596 -0.2784
vn -0.2547 0.9073 -0.3346
vn -0.4540 0.8549 -0.2511
vn -0.4752 0.7499 -0.4603
vn -0.2287 0.7646 -0.6026
vn -0.2499 0.8626 -0.4399
vn 0.0214 0.9836 -0.1792
vn -0.1486 0.9158 -0.3731
vn -0.4196 0.8695 -0.2605
vn -0.2702 0.9526 -0.1398
vn -0.1243 0.9780 -0.1673
vn -0.2506 0.9671 -0.0443
vn -0.3724 0.9131 -0.1659
vn -0.2530 0.9211 -0.2960
vn 0.4082 0.8888 -0.2083
vn 0.5240 0.8244 -0.2141
vn 0.5702 0.8086 -0.1450
vn 0.4789 0.8659 -0.1444
vn 0.0739 0.9500 -0.3032
vn -0.0942 0.8315 -0.5474
vn -0.3461 0.8030 -0.4851
vn -0.2102 0.9168 -0.3394
vn 0.6734 0.3751 -0.6370
vn 0.8031 0.4172 -0.4255
vn 0.6715 0.6474 -0.3604
vn 0.5201 0.6433 -0.5618
vn -0.2276 0.9623 0.1491
vn -0.5223 0.8220 0.2268
vn -0.6699 0.7419 -0.0281
vn -0.4722 0.8802 -0.0488
vn -0.5239 0.7284 -0.4416
vn -0.4982 0.8098 -0.3099
vn -0.5450 0.8008 -0.2483
vn -0.5667 0.7434 -0.3552
vn 0.4360 0.8944 0.0994
vn 0.4116 0.8927 0.1835
vn 0.3270 0.9311 0.1619
vn 0.3477 0.9344 0.0769
vn 0.2170 0.9393 -0.2658
vn 0.2081 0.8822 -0.4223
vn 0.0550 0.8687 -0.4922
vn 0.0749 0.9262 -0.3695
vn -0.0065 0.8314 -0.5557
vn 0.2278 0.9326 -0.2800
vn 0.5052 0.7966 -0.3321
vn 0.3287 0.7848 -0.5254
vn -0.4396 0.5840 -0.6824
vn -0.0304 0.7544 -0.6557
vn -0.0466 0.9692 -0.2418
vn -0.4624 0.8793 -0.1138
vn -0.7113 0.6493 -0.2692
vn -0.8886 0.4273 -0.1666
vn -0.9050 0.4247 0.0228
vn -0.8047 0.5900 -0.0651
vn -0.6310 0.7355 -0.2467
vn -0.4751 0.8318 -0.2870
vn -0.3923 0.7917 -0.4683
vn -0.5278 0.7332 -0.4288
vn -0.1269 0.9096 -0.3956
vn -0.3685 0.8698 -0.3281
vn -0.4549 0.6918 -0.5608
vn -0.2352 0.6862 -0.6883
vn -0.2314 0.9634 0.1357
vn -0.4069 0.8459 0.3448
vn -0.2758 0.7826 0.5581
vn -0.1751 0.8982 0.4033
vn -0.1328 0.9901 0.0457
vn -0.3150 0.9486 -0.0300
vn -0.3012 0.9107 -0.2827
vn -0.1657 0.9659 -0.1987
vn 0.0706 0.7139 0.6967
vn 0.3678 0.7516 0.5475
vn 0.5503 0.4606 0.6964
vn 0.3085 0.3346 0.8904
vn -0.8931 0.2101 0.3977
vn -0.7264 0.5160 0.4540
vn -0.6082 0.5032 0.6139
vn -0.7509 0.3173 0.5792
vn 0.2325 0.9701 -0.0703
vn 0.3104 0.9373 -0.1585
vn 0.2927 0.9306 -0.2197
vn 0.2320 0.9614 -0.1480
vn 0.4466 0.8557 0.2614
vn 0.1593 0.9369 0.3112
vn 0.0456 0.9987 -0.0236
vn 0.2964 0.9376 -0.1818
vn 0.1859 0.9795 -0.0780
vn 0.4346 0.8857 0.1634
vn 0.2531 0.8364 0.4863
vn 0.1218 0.9498 0.2881
vn 0.4480 0.8940 -0.0070
vn 0.1125 0.9907 0.0761
vn 0.0614 0.8987 0.4342
vn 0.3064 0.8897 0.3385
vn -0.0761 0.9363 0.3428
vn 0.0951 0.9936 0.0615
vn 0.4541 0.8765 0.1596
vn 0.4121 0.7771 0.4757
vn -0.7644 0.4866 -0.4229
vn -0.7776 0.5778 -0.2479
vn -0.8471 0.5122 -0.1421
vn -0.8438 0.4551 -0.2844
vn -0.9498 0.1100 0.2929
vn -0.4461 0.5278 0.7228
vn -0.3235 0.1315 0.9370
vn -0.6580 0.0007 0.7530
vn 0.1156 0.8432 -0.5250
vn 0.2476 0.8675 -0.4314
vn 0.1448 0.9510 -0.2731
vn -0.0036 0.9401 -0.3408
vn 0.4679 0.7837 -0.4085
vn 0.3308 0.9096 -0.2512
vn 0.4441 0.8958 0.0156
vn 0.5463 0.8265 -0.1358
vn -0.3668 0.9301 0.0183
vn -0.7509 0.6318 -0.1921
vn -0.5811 0.5594 -0.5911
vn -0.4181 0.8022 -0.4263
vn -0.0010 0.9889 0.1487
vn 0.0834 0.9885 0.1263
vn 0.1096 0.9703 0.2156
vn 0.0262 0.9699 0.2419
vn 0.1363 0.9494 -0.2829
vn -0.0948 0.7460 -0.6591
vn -0.4670 0.7130 -0.5230
vn -0.2833 0.8955 -0.3432
vn -0.0344 0.9853 -0.1673
vn 0.0177 0.9505 -0.3103
vn 0.0691 0.9457 -0.3175
vn 0.0278 0.9777 -0.2084
vn -0.5669 0.6069 -0.5571
vn -0.6871 0.6230 -0.3739
vn -0.8151 0.4102 -0.4090
vn -0.7170 0.3574 -0.5984
vn -0.3731 0.9268 -0.0436
vn -0.6947 0.7043 0.1462
vn -0.5760 0.6446 0.5027
vn -0.4188 0.8385 0.3486
vn -0.2406 0.9494 -0.2018
vn -0.2588 0.9151 -0.3092
vn -0.2280 0.9133 -0.3374
vn -0.2146 0.9439 -0.2512
vn -0.3686 0.9295 0.0119
vn -0.2750 0.9316 0.2375
vn -0.4808 0.8043 0.3492
vn -0.6078 0.7812 0.1421
vn 0.3501 0.9196 0.1782
vn 0.4669 0.8641 0.1882
vn 0.5389 0.8392 0.0725
vn 0.4437 0.8933 0.0718
vn -0.3848 0.8610 0.3326
vn -0.3373 0.9413 0.0104
vn -0.5572 0.8147 -0.1604
vn -0.5825 0.8088 0.0808
vn -0.1731 0.8901 -0.4216
vn -0.3312 0.9330 -0.1410
vn -0.6345 0.7432 -0.2121
vn -0.5654 0.6449 -0.5142
vn -0.7894 0.5415 -0.2893
vn -0.6991 0.6164 -0.3623
vn -0.6877 0.6015 -0.4065
vn -0.7619 0.5453 -0.3495
vn -0.4291 0.8487 -0.3092
vn -0.5103 0.6763 -0.5313
vn -0.2502 0.6339 -0.7319
vn -0.2377 0.7890 -0.5666
vn 0.4551 0.8883 0.0623
vn 0.4464 0.8794 0.1655
vn 0.3323 0.9284 0.1664
vn 0.3318 0.9412 0.0631
vn 0.3787 0.7013 -0.6040
vn 0.3548 0.5777 -0.7351
vn 0.2781 0.5715 -0.7721
vn 0.3017 0.6703 -0.6780
vn -0.7548 0.6469 -0.1086
vn -0.7717 0.5656 -0.2909
vn -0.7349 0.5905 -0.3335
vn -0.7293 0.6542 -0.2005
vn 0.2988 0.5198 -0.8003
vn 0.4483 0.5709 -0.6879
vn 0.3441 0.7213 -0.6011
vn 0.1855 0.6835 -0.7060
vn 0.0572 0.8854 -0.4614
vn 0.1845 0.8392 -0.5115
vn 0.2608 0.8467 -0.4638
vn 0.1592 0.8890 -0.4294
vn -0.4717 0.8816 -0.0154
vn -0.2915 0.9544 0.0641
vn -0.2688 0.9398 0.2109
vn -0.4093 0.9010 0.1440
vn 0.6218 0.7829 -0.0205
vn 0.4905 0.8491 0.1959
vn 0.2276 0.9717 0.0637
vn 0.2843 0.9398 -0.1895
vn 0.3100 0.9277 0.2079
vn 0.4676 0.8662 0.1762
vn 0.5138 0.8574 -0.0294
vn 0.3910 0.9203 0.0163
vn -0.1924 0.9624 0.1916
vn -0.1465 0.9860 0.0791
vn -0.1731 0.9839 0.0434
vn -0.2097 0.9685 0.1346
vn 0.0439 0.8753 -0.4815
vn -0.1380 0.9309 -0.3381
vn -0.3739 0.7918 -0.4830
vn -0.2621 0.6950 -0.6696
vn 0.4821 0.7752 0.4082
vn 0.4975 0.6974 0.5159
vn 0.4632 0.6965 0.5480
vn 0.4539 0.7608 0.4638
vn -0.1093 0.9434 -0.3132
vn 0.0457 0.9698 -0.2397
vn 0.1346 0.9468 -0.2922
vn 0.0125 0.9370 -0.3490
vn -0.3870 0.8765 -0.2864
vn -0.2615 0.9018 -0.3442
vn -0.2061 0.9546 -0.2149
vn -0.3281 0.9329 -0.1483
vn -0.0574 0.9786 -0.1974
vn -0.0070 0.9340 -0.3572
vn 0.0958 0.9204 -0.3791
vn 0.0527 0.9645 -0.2587
vn 0.2217 0.9537 0.2030
vn 0.0617 0.9838 0.1683
vn -0.0683 0.9391 0.3369
vn 0.0719 0.9324 0.3541
vn 0.3663 0.8336 -0.4135
vn 0.4422 0.8711 -0.2138
vn 0.2223 0.9683 -0.1141
vn 0.1016 0.9505 -0.2937
vn 0.2343 0.9411 -0.2437
vn 0.2745 0.8843 -0.3777
vn 0.1944 0.8658 -0.4611
vn 0.1695 0.9197 -0.3541
vn 0.2933 0.9256 0.2392
vn 0.2094 0.9742 0.0839
vn 0.2990 0.9519 -0.0675
vn 0.3618 0.9301 0.0640
vn 0.1016 0.9773 0.1861
vn 0.1280 0.9880 0.0865
vn 0.2306 0.9669 0.1096
vn 0.2078 0.9554 0.2100
vn -0.3937 0.8530 -0.3425
vn -0.5863 0.7515 -0.3024
vn -0.6498 0.7582 -0.0545
vn -0.5102 0.8525 -0.1135
vn -0.4424 0.7998 0.4058
vn -0.6416 0.6209 0.4504
vn -0.7853 0.5745 0.2309
vn -0.6453 0.7278 0.2321
vn -0.0525 0.9456 -0.3211
vn -0.0627 0.9959 -0.0646
vn -0.3615 0.9322 -0.0160
vn -0.4274 0.8658 -0.2602
vn -0.0346 0.9968 0.0724
vn -0.4394 0.8918 -0.1079
vn -0.3468 0.7922 -0.5021
vn -0.1216 0.9299 -0.3472
vn -0.2119 0.2683 -0.9398
vn -0.4518 0.4571 -0.7661
vn -0.6109 0.3420 -0.7141
vn -0.4540 0.2392 -0.8583
vn -0.3014 0.9459 -0.1202
vn -0.3058 0.9514 0.0368
vn -0.4542 0.8901 0.0389
vn -0.4572 0.8815 -0.1179
vn -0.4500 0.7870 -0.4220
vn -0.4166 0.8538 -0.3121
vn -0.4546 0.8533 -0.2556
vn -0.4824 0.8048 -0.3459
vn 0.2026 0.9788 -0.0283
vn 0.2467 0.9404 -0.2340
vn 0.0864 0.9292 -0.3592
vn 0.0702 0.9777 -0.1979
vn 0.2020 0.9591 0.1983
vn 0.1123 0.9657 0.2340
vn 0.0696 0.9887 0.1331
vn 0.1566 0.9835 0.0908
vn -0.5169 0.7180 -0.4662
vn -0.4947 0.8157 -0.2998
vn -0.5847 0.7883 -0.1917
vn -0.6031 0.7269 -0.3285
vn -0.0808 0.9597 -0.2692
vn 0.0630 0.9756 -0.2105
vn 0.1033 0.9647 -0.2423
vn -0.0086 0.9576 -0.2880
vn -0.6821 0.3281 0.6536
vn -0.8537 0.2698 0.4453
vn -0.8007 0.5115 0.3119
vn -0.6229 0.5975 0.5051
vn -0.3673 0.8345 -0.4107
vn -0.2457 0.9404 -0.2350
vn -0.3799 0.9250 0.0015
vn -0.4655 0.8705 -0.1598
vn 0.0785 0.9768 0.1990
vn 0.0887 0.9875 0.1302
vn 0.1151 0.9866 0.1159
vn 0.1065 0.9788 0.1750
vn -0.0922 0.9723 -0.2146
vn -0.0854 0.9960 -0.0277
vn -0.2987 0.9543 0.0044
vn -0.3379 0.9243 -0.1776
vn -0.3361 0.9416 -0.0199
vn -0.5355 0.8403 0.0842
vn -0.4949 0.7929 0.3556
vn -0.3631 0.8961 0.2552
vn -0.4088 0.8125 -0.4156
vn -0.3752 0.8802 -0.2906
vn -0.4449 0.8732 -0.1990
vn -0.4719 0.8272 -0.3051
vn 0.0300 0.7957 0.6050
vn -0.2075 0.8179 0.5366
vn -0.1533 0.9407 0.3026
vn 0.0929 0.9387 0.3319
vn -0.2491 0.9038 -0.3479
vn -0.5111 0.7811 -0.3586
vn -0.6204 0.7719 -0.1384
vn -0.4400 0.8836 -0.1602
vn 0.1870 0.9690 0.1617
vn 0.1804 0.9819 0.0574
vn 0.2228 0.9746 0.0217
vn 0.2282 0.9676 0.1081
vn -0.0593 0.9521 -0.2999
vn -0.2196 0.9458 -0.2393
vn -0.2988 0.8629 -0.4076
vn -0.1498 0.8575 -0.4922
vn -0.9219 0.3767 -0.0904
vn -0.3826 0.7857 -0.4860
vn -0.3683 0.4040 -0.8373
vn -0.7102 0.3064 -0.6338
vn 0.2187 0.9697 -0.1087
vn 0.3169 0.9452 -0.0787
vn 0.3272 0.9440 -0.0415
vn 0.2478 0.9665 -0.0668
vn -0.2344 0.8314 -0.5038
vn -0.3537 0.8646 -0.3570
vn -0.5381 0.7230 -0.4332
vn -0.4570 0.6605 -0.5957
vn 0.3102 0.8709 -0.3812
vn 0.1404 0.9382 -0.3162
vn 0.0303 0.9199 -0.3910
vn 0.1667 0.8823 -0.4403
vn -0.5721 0.8177 0.0642
vn -0.3809 0.9037 -0.1955
vn -0.4723 0.7636 -0.4403
vn -0.6118 0.7520 -0.2454
vn -0.8253 0.5563 0.0975
vn -0.6203 0.7425 -0.2528
vn -0.2603 0.9645 -0.0453
vn -0.3244 0.8643 0.3844
vn -0.2488 0.9325 -0.2617
vn -0.3549 0.8114 -0.4644
vn -0.1355 0.7348 -0.6646
vn -0.0885 0.8578 -0.5063
vn 0.4452 0.8695 0.2140
vn 0.2668 0.9347 0.2348
vn 0.1764 0.8745 0.4519
vn 0.3307 0.8455 0.4193
vn -0.6027 0.7899 -0.1132
vn -0.5559 0.8005 -0.2241
vn -0.4566 0.8714 -0.1795
vn -0.4976 0.8649 -0.0660
vn -0.5714 0.7103 -0.4112
vn -0.5796 0.7953 -0.1777
vn -0.7210 0.6913 -0.0482
vn -0.7172 0.6561 -0.2348
vn -0.7226 0.6678 -0.1786
vn -0.8295 0.4715 -0.2995
vn -0.7871 0.4495 -0.4223
vn -0.7276 0.5985 -0.3353
vn -0.2344 0.9658 -0.1104
vn -0.1933 0.9811 0.0041
vn -0.3141 0.9476 0.0582
vn -0.3641 0.9299 -0.0525
vn 0.0648 0.9086 -0.4127
vn 0.4291 0.2674 -0.8628
vn 0.7591 0.3176 -0.5682
vn 0.5835 0.6743 -0.4526
vn -0.2556 0.9652 0.0560
vn -0.1258 0.9892 -0.0751
vn -0.1636 0.9607 -0.2242
vn -0.2630 0.9580 -0.1144
vn -0.6534 0.6344 -0.4131
vn -0.7139 0.6451 -0.2726
vn -0.8026 0.5177 -0.2964
vn -0.7467 0.5006 -0.4381
vn -0.3796 0.8708 0.3124
vn -0.8169 0.4642 0.3424
vn -0.8961 0.4359 -0.0840
vn -0.6928 0.7207 -0.0245
vn 0.1147 0.9868 0.1140
vn 0.1764 0.9484 0.2637
vn 0.0192 0.9118 0.4101
vn -0.0153 0.9595 0.2812
vn 0.1563 0.9738 0.1651
vn 0.0896 0.9735 0.2106
vn 0.0410 0.9889 0.1426
vn 0.1065 0.9898 0.0949
vn -0.3717 0.8775 0.3032
vn -0.3443 0.9247 0.1627
vn -0.4053 0.9095 0.0928
vn -0.4274 0.8801 0.2067
vn 0.4094 0.9122 -0.0157
vn 0.1333 0.9810 -0.1411
vn 0.1287 0.8849 -0.4475
vn 0.3318 0.8830 -0.3321
vn -0.4662 -0.4111 0.7834
vn -0.8700 -0.0168 0.4927
vn -0.6051 0.5169 0.6055
vn -0.0992 0.3307 0.9385
vn 0.0752 0.9861 0.1480
vn 0.1673 0.9623 0.2146
vn 0.2752 0.9475 0.1628
vn 0.1946 0.9745 0.1118
vn -0.2745 0.9345 0.2266
vn -0.3883 0.8891 0.2423
vn -0.4160 0.8854 0.2074
vn -0.3255 0.9249 0.1965
vn -0.4206 0.7007 0.5763
vn -0.5435 0.7015 0.4610
vn -0.4550 0.8155 0.3577
vn -0.3254 0.8234 0.4649
vn -0.3860 0.9208 0.0556
vn -0.5089 0.8607 -0.0140
vn -0.5110 0.8547 -0.0914
vn -0.4185 0.9076 -0.0338
vn 0.2516 0.9283 -0.2738
vn 0.4185 0.8300 -0.3687
vn 0.5487 0.7901 -0.2734
vn 0.4230 0.8803 -0.2147
vn 0.2661 0.9582 0.1055
vn 0.1580 0.9870 -0.0307
vn 0.2985 0.9379 -0.1767
vn 0.4274 0.9019 -0.0621
vn 0.0883 0.9950 0.0470
vn -0.2153 0.9428 0.2544
vn -0.4995 0.8663 0.0038
vn -0.2658 0.9592 -0.0967
vn -0.3219 0.9467 0.0107
vn -0.5564 0.8308 -0.0131
vn -0.5976 0.7407 -0.3071
vn -0.4350 0.8621 -0.2598
vn -0.3878 0.8384 -0.3831
vn -0.1480 0.9031 -0.4032
vn -0.0882 0.9902 -0.1085
vn -0.3109 0.9504 -0.0038
vn 0.4253 0.8842 -0.1932
vn 0.5226 0.7830 -0.3373
vn 0.4244 0.7536 -0.5020
vn 0.3664 0.8472 -0.3846
vn -0.0169 0.9332 -0.3590
vn -0.0820 0.9796 -0.1834
vn -0.2221 0.9627 -0.1543
vn -0.1661 0.9419 -0.2919
vn -0.3991 0.9145 -0.0671
vn -0.2290 0.9680 0.1026
vn -0.3721 0.8715 0.3195
vn -0.5696 0.7993 0.1916
vn -0.7544 0.6362 -0.1618
vn -0.8182 0.4037 -0.4093
vn -0.6763 0.4362 -0.5937
vn -0.6736 0.6047 -0.4250
vn 0.6234 0.6875 -0.3725
vn 0.7463 0.5768 -0.3322
vn 0.7647 0.5793 -0.2822
vn 0.6751 0.6667 -0.3159
vn -0.8388 0.5069 0.1985
vn -0.7331 0.5362 0.4184
vn -0.8100 0.3143 0.4950
vn -0.9214 0.2683 0.2811
vn -0.2251 0.3134 -0.9225
vn -0.3920 0.4742 -0.7884
vn -0.4861 0.4267 -0.7627
vn -0.3719 0.3239 -0.8700
vn -0.5552 0.7948 0.2452
vn -0.4373 0.8162 0.3776
vn -0.5287 0.6908 0.4932
vn -0.6557 0.6567 0.3725
vn -0.5494 0.8340 -0.0521
vn -0.3306 0.9383 0.1013
vn -0.3432 0.8755 0.3401
vn -0.5084 0.8346 0.2121
vn -0.1145 0.9931 -0.0270
vn -0.2791 0.9515 0.1293
vn -0.2080 0.9211 0.3290
vn -0.0965 0.9752 0.1991
vn -0.2330 0.9669 -0.1043
vn -0.2527 0.9666 0.0431
vn -0.3963 0.9177 0.0279
vn -0.3836 0.9156 -0.1204
vn 0.3946 0.8639 -0.3131
vn 0.3988 0.8118 -0.4264
vn 0.3294 0.8123 -0.4813
vn 0.3314 0.8593 -0.3897
vn 0.4008 0.8927 -0.2062
vn 0.4961 0.8466 -0.1926
vn 0.5129 0.8439 -0.1577
vn 0.4362 0.8837 -0.1699
vn -0.2046 0.9505 -0.2337
vn -0.2848 0.9585 -0.0123
vn -0.5213 0.8508 -0.0659
vn -0.4839 0.8233 -0.2968
vn 0.3019 0.7284 -0.6151
vn 0.0733 0.8652 -0.4960
vn -0.1888 0.7620 -0.6195
vn 0.0049 0.7027 -0.7114
vn -0.4492 0.7786 -0.4381
vn -0.4729 0.8315 -0.2915
vn -0.5672 0.7918 -0.2263
vn -0.5482 0.7606 -0.3478
vn 0.3227 0.7631 -0.5599
vn 0.4418 0.7771 -0.4482
vn 0.3335 0.8872 -0.3188
vn 0.1979 0.8900 -0.4108
vn 0.3635 0.8601 -0.3580
vn 0.4584 0.8305 -0.3163
vn 0.4737 0.8410 -0.2616
vn 0.3973 0.8678 -0.2984
vn 0.0981 0.5424 -0.8344
vn 0.3418 0.7888 -0.5109
vn 0.4993 0.6967 -0.5151
vn 0.3554 0.5846 -0.7293
vn -0.2403 0.8707 -0.4291
vn -0.4271 0.8422 -0.3292
vn -0.5220 0.6921 -0.4986
vn -0.3518 0.6948 -0.6273
vn -0.7478 0.6051 -0.2731
vn -0.7385 0.5235 -0.4248
vn -0.6702 0.5523 -0.4957
vn -0.6871 0.6189 -0.3805
vn -0.4902 0.8211 -0.2924
vn -0.6566 0.7313 -0.1847
vn -0.6392 0.7663 0.0650
vn -0.5272 0.8486 -0.0434
vn 0.3028 0.9493 -0.0850
vn 0.1972 0.9534 -0.2285
vn 0.3469 0.8593 -0.3760
vn 0.4811 0.8368 -0.2614
vn 0.3499 0.8835 -0.3115
vn 0.6047 0.7671 -0.2140
vn 0.6082 0.7852 0.1166
vn 0.4444 0.8958 0.0013
vn -0.3263 0.8985 -0.2937
vn -0.3465 0.8560 -0.3837
vn -0.3202 0.8532 -0.4117
vn -0.3048 0.8902 -0.3385
vn -0.7283 0.6731 -0.1284
vn -0.6411 0.7213 -0.2624
vn -0.5077 0.8468 -0.1584
vn -0.5726 0.8198 -0.0070
vn -0.5650 0.6842 0.4610
vn -0.4119 0.7985 0.4390
vn -0.3072 0.7900 0.5305
vn -0.4347 0.7143 0.5486
vn 0.2761 0.8960 -0.3477
vn 0.5453 0.7682 -0.3354
vn 0.6401 0.7631 -0.0889
vn 0.4576 0.8793 -0.1319
vn 0.2693 0.9629 -0.0146
vn 0.0273 0.9943 -0.1030
vn 0.0600 0.9054 -0.4203
vn 0.3120 0.8454 -0.4335
vn -0.4393 0.8347 0.3320
vn -0.3137 0.9355 0.1628
vn -0.4109 0.9101 -0.0547
vn -0.5040 0.8584 0.0961
vn 0.1816 0.9772 0.1097
vn 0.1868 0.9478 0.2584
vn 0.0752 0.9417 0.3279
vn 0.0788 0.9748 0.2086
vn 0.4499 0.8216 -0.3500
vn 0.5130 0.8264 -0.2323
vn 0.4050 0.8980 -0.1720
vn 0.3350 0.8978 -0.2858
vn 0.2144 0.9577 0.1917
vn 0.4741 0.8647 0.1661
vn 0.5461 0.8301 -0.1126
vn 0.3642 0.9293 -0.0616
vn -0.6976 0.6876 -0.2014
vn -0.8843 0.2533 -0.3923
vn -0.6815 0.2109 -0.7008
vn -0.6461 0.5021 -0.5749
vn 0.4204 0.7603 -0.4952
vn 0.0756 0.8000 -0.5952
vn 0.0979 0.5391 -0.8365
vn 0.4448 0.4741 -0.7598
vn -0.4029 0.8870 -0.2257
vn -0.2512 0.9663 -0.0560
vn -0.3012 0.9481 0.1017
vn -0.4134 0.9099 -0.0339
vn -0.2679 0.7638 0.5872
vn -0.2591 0.9385 0.2282
vn -0.5277 0.8469 0.0654
vn -0.5203 0.7871 0.3313
vn 0.1041 0.8750 -0.4728
vn 0.2563 0.8759 -0.4087
vn 0.2007 0.9446 -0.2597
vn 0.0442 0.9487 -0.3130
vn 0.0542 0.8514 -0.5217
vn 0.1404 0.8812 -0.4515
vn 0.1788 0.8701 -0.4593
vn 0.1085 0.8490 -0.5172
vn -0.4518 0.6912 -0.5641
vn -0.3284 0.9259 -0.1868
vn -0.5828 0.8085 0.0817
vn -0.6545 0.7281 -0.2036
vn -0.3303 0.9337 -0.1381
vn -0.2828 0.9514 0.1223
vn -0.5499 0.7969 0.2501
vn -0.6824 0.7304 0.0301
vn 0.2853 0.9117 -0.2956
vn 0.3114 0.7926 -0.5242
vn 0.1234 0.7629 -0.6346
vn 0.1273 0.8719 -0.4728
vn -0.2432 0.9587 -0.1476
vn -0.5434 0.8137 -0.2064
vn -0.6655 0.7457 0.0315
vn -0.4678 0.8829 0.0411
vn -0.3072 0.9311 -0.1965
vn -0.2830 0.9591 -0.0098
vn -0.4667 0.8836 0.0371
vn -0.5102 0.8478 -0.1447
vn -0.0204 0.9229 -0.3844
vn -0.1009 0.9853 -0.1381
vn -0.3874 0.9161 -0.1032
vn -0.3017 0.9071 -0.2937
vn 0.4221 0.8735 0.2427
vn 0.3931 0.9114 0.1220
vn 0.4812 0.8764 0.0197
vn 0.5029 0.8551 0.1259
vn -0.6030 0.7580 0.2488
vn -0.3932 0.9191 -0.0273
vn -0.0260 0.9848 0.1716
vn -0.1008 0.8479 0.5205
vn -0.4417 0.8413 0.3117
vn -0.2644 0.9347 0.2377
vn -0.1027 0.9269 0.3610
vn -0.2546 0.8747 0.4124
vn -0.8062 0.3984 -0.4374
vn -0.6869 0.6757 -0.2676
vn -0.7668 0.6389 0.0620
vn -0.8715 0.4792 -0.1046
vn -0.8348 0.5354 -0.1285
vn -0.5929 0.6681 -0.4496
vn -0.2934 0.9271 -0.2333
vn -0.4243 0.8899 0.1674
vn 0.0074 0.9820 -0.1889
vn -0.1221 0.9224 -0.3664
vn -0.3313 0.8882 -0.3183
vn -0.2196 0.9555 -0.1968
vn 0.0040 1.0000 -0.0008
vn -0.3979 0.9174 0.0074
vn -0.4693 0.8031 0.3671
vn -0.2136 0.9233 0.3192
vn 0.0287 0.8666 -0.4982
vn -0.3250 0.9247 -0.1984
vn -0.6714 0.6332 -0.3851
vn -0.4593 0.4558 -0.7624
vn 0.1172 0.9859 -0.1192
vn 0.2066 0.9759 -0.0709
vn 0.2092 0.9773 -0.0336
vn 0.1366 0.9879 -0.0741
vn 0.3088 0.9379 0.1580
vn 0.4155 0.8601 0.2960
vn 0.2871 0.8195 0.4959
vn 0.2211 0.9000 0.3756
vn -0.3121 0.8715 -0.3782
vn -0.0860 0.9099 -0.4057
vn -0.0475 0.9849 -0.1663
vn -0.2674 0.9583 -0.1012
vn -0.2387 0.8988 -0.3676
vn -0.4390 0.5075 -0.7414
vn -0.0450 0.3836 -0.9224
vn -0.0053 0.6779 -0.7351
vn -0.3057 0.9196 -0.2467
vn -0.1958 0.9439 -0.2658
vn -0.1781 0.9362 -0.3031
vn -0.2678 0.9195 -0.2877
vn 0.3002 0.7108 -0.6362
vn 0.4332 0.7586 -0.4867
vn 0.2703 0.9040 -0.3313
vn 0.0981 0.8910 -0.4433
vn 0.3683 0.9212 0.1259
vn 0.3787 0.9018 0.2080
vn 0.3373 0.9076 0.2498
vn 0.3305 0.9264 0.1805
vn 0.2738 0.9417 -0.1955
vn 0.6078 0.7668 -0.2062
vn 0.7021 0.6952 0.1545
vn 0.4936 0.8624 0.1120
vn 0.3603 0.7868 -0.5011
vn 0.4511 0.7960 -0.4036
vn 0.3598 0.8778 -0.3163
vn 0.2611 0.8756 -0.4063
vn -0.2672 0.9632 -0.0291
vn -0.3944 0.9177 0.0473
vn -0.3929 0.9113 0.1232
vn -0.2967 0.9530 0.0613
vn 0.2139 0.8736 -0.4371
vn 0.3651 0.6741 -0.6421
vn 0.6621 0.5679 -0.4890
vn 0.5375 0.7498 -0.3858
vn 0.6402 0.6537 0.4035
vn 0.5292 0.6639 0.5284
vn 0.4328 0.7851 0.4430
vn 0.5364 0.7844 0.3114
vn -0.5757 0.8134 -0.0831
vn -0.7258 0.6810 0.0974
vn -0.6694 0.6941 0.2648
vn -0.5828 0.8026 0.1271
vn 0.2096 0.8958 -0.3919
vn 0.2678 0.9226 -0.2776
vn 0.3097 0.9112 -0.2717
vn 0.2634 0.8935 -0.3637
vn -0.2658 0.8614 -0.4328
vn -0.4238 0.8612 -0.2804
vn -0.6146 0.6787 -0.4021
vn -0.5092 0.6284 -0.5881
vn 0.1955 0.9393 -0.2820
vn 0.3007 0.9068 -0.2954
vn 0.3278 0.9071 -0.2640
vn 0.2428 0.9361 -0.2546
vn 0.0852 0.9796 0.1819
vn 0.2218 0.9415 0.2538
vn 0.3251 0.9267 0.1884
vn 0.2144 0.9669 0.1380
vn -0.1305 0.9743 -0.1837
vn -0.1366 0.9903 -0.0252
vn -0.3411 0.9400 -0.0021
vn -0.3720 0.9150 -0.1562
vn -0.6972 0.6285 -0.3448
vn -0.9225 0.3789 -0.0734
vn -0.8535 0.4741 0.2165
vn -0.7631 0.6462 0.0119
vn -0.9259 0.1215 0.3578
vn -0.6629 0.5133 0.5451
vn -0.4931 0.3758 0.7846
vn -0.7117 0.1802 0.6790
vn -0.6878 0.6679 -0.2844
vn -0.5692 0.6932 -0.4421
vn -0.4323 0.8360 -0.3379
vn -0.5315 0.8307 -0.1657
vn -0.1638 0.9851 0.0520
vn -0.3119 0.9499 -0.0191
vn -0.3091 0.9283 -0.2065
vn -0.1959 0.9709 -0.1374
vn 0.2412 0.9080 -0.3425
vn 0.2565 0.9371 -0.2367
vn 0.2925 0.9312 -0.2174
vn 0.2804 0.9105 -0.3040
vn 0.4528 0.8916 -0.0051
vn 0.2913 0.9470 -0.1354
vn 0.3863 0.8393 -0.3826
vn 0.5734 0.7544 -0.3195
vn 0.8215 0.2353 -0.5194
vn 0.5743 0.7877 -0.2229
vn 0.7210 0.6613 0.2068
vn 0.9015 0.4312 -0.0358
vn 0.1298 0.8409 -0.5254
vn 0.0350 0.8927 -0.4493
vn -0.0313 0.8853 -0.4641
vn 0.0467 0.8488 -0.5267
vn 0.0696 0.9705 0.2308
vn 0.1068 0.9879 0.1124
vn 0.2391 0.9603 0.1438
vn 0.2118 0.9409 0.2644
vn -0.1033 0.9810 -0.1642
vn 0.0489 0.9179 -0.3939
vn 0.3645 0.8809 -0.3018
vn 0.2181 0.9634 -0.1559
vn 0.0287 0.9773 -0.2097
vn -0.2363 0.9017 -0.3621
vn -0.4379 0.8767 -0.1992
vn -0.2417 0.9629 -0.1202
vn 0.0341 0.6463 0.7623
vn -0.2368 0.7571 0.6089
vn -0.0761 0.9374 0.3399
vn 0.2382 0.8749 0.4216
vn 0.3538 0.6649 -0.6579
vn 0.5855 0.4100 -0.6994
vn 0.7811 0.4111 -0.4700
vn 0.6277 0.6033 -0.4919
vn -0.4247 0.8552 -0.2970
vn -0.5048 0.7417 -0.4417
vn -0.3731 0.7022 -0.6063
vn -0.3313 0.8069 -0.4891
vn -0.0768 0.9680 -0.2389
vn -0.0990 0.9933 -0.0596
vn -0.3474 0.9369 -0.0387
vn -0.3860 0.8977 -0.2127
vn 0.5228 0.8077 -0.2727
vn 0.4347 0.8879 -0.1506
vn 0.4794 0.8775 -0.0105
vn 0.5512 0.8264 -0.1149
vn 0.2279 0.9210 -0.3159
vn 0.1472 0.9526 -0.2661
vn 0.0969 0.9529 -0.2875
vn 0.1658 0.9298 -0.3286
vn 0.2517 0.9677 0.0108
vn 0.2002 0.9750 -0.0967
vn 0.3047 0.9402 -0.1520
vn 0.3603 0.9316 -0.0467
vn -0.7443 0.6663 0.0453
vn -0.1522 0.9561 -0.2505
vn -0.2231 0.6990 -0.6794
vn -0.5674 0.6632 -0.4881
vn -0.2949 0.9506 0.0968
vn -0.0235 0.9976 0.0645
vn 0.1084 0.9570 0.2692
vn -0.0981 0.9555 0.2780
vn 0.4161 0.9088 0.0296
vn 0.3051 0.9227 -0.2356
vn 0.5348 0.7485 -0.3922
vn 0.7046 0.6894 -0.1679
vn -0.3344 0.9370 -0.1009
vn 0.1458 0.9859 -0.0826
vn 0.2683 0.8341 -0.4820
vn -0.0453 0.8902 -0.4534
vn -0.5440 0.7726 -0.3274
vn -0.5005 0.8497 -0.1658
vn -0.5704 0.8192 -0.0594
vn -0.6058 0.7724 -0.1909
vn -0.2268 0.8280 0.5128
vn -0.3943 0.8336 0.3869
vn -0.2797 0.9413 0.1892
vn -0.0896 0.9570 0.2759
vn 0.0046 0.9223 -0.3864
vn 0.0669 0.9638 -0.2583
vn 0.1170 0.9603 -0.2533
vn 0.0680 0.9326 -0.3544
vn -0.1335 0.9361 0.3254
vn -0.2562 0.8724 0.4163
vn -0.3040 0.8679 0.3930
vn -0.2108 0.9214 0.3263
vn -0.6319 0.2315 0.7396
vn -0.8541 0.1916 0.4835
vn -0.7948 0.5066 0.3341
vn -0.5608 0.6099 0.5599
vn 0.2762 0.9443 -0.1787
vn 0.4789 0.8772 -0.0339
vn 0.4279 0.8785 0.2124
vn 0.2961 0.9515 0.0829
vn -0.1729 0.9825 0.0687
vn -0.1398 0.9680 0.2082
vn -0.0698 0.9703 0.2314
vn -0.0992 0.9876 0.1219
vn -0.9456 0.3251 -0.0063
vn -0.8665 0.4142 -0.2786
vn -0.7143 0.6750 -0.1848
vn -0.7646 0.6358 0.1058
vn -0.3743 0.9258 -0.0537
vn -0.2879 0.9550 0.0718
vn -0.3127 0.9393 0.1414
vn -0.3812 0.9235 0.0425
vn -0.3893 0.9210 -0.0163
vn -0.8498 0.5246 0.0511
vn -0.7664 0.4216 0.4846
vn -0.5746 0.7150 0.3982
vn -0.8570 0.4578 -0.2366
vn -0.7759 0.5028 -0.3810
vn -0.7005 0.6465 -0.3023
vn -0.7757 0.6126 -0.1517
vn -0.4786 0.8526 -0.2098
vn -0.5923 0.7811 -0.1976
vn -0.6373 0.7641 -0.1007
vn -0.5487 0.8279 -0.1159
vn 0.1120 0.9837 0.1410
vn 0.0738 0.9701 0.2312
vn -0.0123 0.9693 0.2454
vn 0.0236 0.9851 0.1706
vn 0.2240 0.7794 -0.5851
vn 0.3239 0.8474 -0.4206
vn 0.1178 0.9514 -0.2847
vn -0.0323 0.9086 -0.4164
vn -0.4374 0.8991 -0.0169
vn -0.3085 0.9486 0.0708
vn -0.3086 0.9394 0.1490
vn -0.4105 0.9085 0.0786
vn -0.2841 0.9043 -0.3187
vn -0.3627 0.7195 -0.5922
vn -0.1161 0.6563 -0.7455
vn -0.1005 0.8192 -0.5646
vn 0.2153 0.9490 -0.2303
vn 0.0199 0.9841 -0.1766
vn -0.0752 0.9193 -0.3864
vn 0.1042 0.8733 -0.4760
vn -0.4576 0.8719 -0.1743
vn -0.1976 0.9584 -0.2059
vn -0.1146 0.9132 -0.3910
vn -0.3113 0.8795 -0.3600
vn -0.2652 0.9060 -0.3299
vn -0.4590 0.8364 -0.2996
vn -0.5144 0.8419 -0.1632
vn -0.3735 0.9064 -0.1974
vn -0.7255 0.3948 -0.5637
vn -0.8167 0.5671 0.1066
vn -0.9289 -0.0225 0.3697
vn -0.8818 -0.4292 -0.1953
vn 0.2215 0.9708 -0.0922
vn 0.1096 0.9859 -0.1261
vn 0.0913 0.9784 -0.1853
vn 0.1829 0.9706 -0.1562
vn -0.2989 0.9524 0.0604
vn -0.1322 0.9902 -0.0462
vn -0.1675 0.9411 -0.2936
vn -0.2978 0.9360 -0.1878
vn 0.3928 0.8902 -0.2306
vn 0.3490 0.8732 -0.3403
vn 0.4533 0.8081 -0.3762
vn 0.5032 0.8214 -0.2686
vn -0.8669 0.2960 0.4012
vn -0.7263 0.5240 0.4449
vn -0.6666 0.5200 0.5341
vn -0.7784 0.3698 0.5072
vn -0.7955 0.3511 0.4939
vn -0.8215 0.4837 0.3019
vn -0.8556 0.4506 0.2548
vn -0.8442 0.3616 0.3957
vn -0.4472 0.2432 -0.8607
vn 0.1174 0.4835 -0.8674
vn 0.0498 0.8913 -0.4506
vn -0.5366 0.7868 -0.3049
vn 0.1323 0.9472 0.2922
vn 0.1737 0.9747 0.1409
vn 0.2889 0.9517 0.1035
vn 0.2517 0.9411 0.2258
vn 0.4100 0.8778 -0.2479
vn 0.5517 0.8152 -0.1764
vn 0.5668 0.8233 -0.0291
vn 0.4617 0.8818 -0.0961
vn -0.1006 0.5569 -0.8244
vn -0.5204 0.7607 -0.3880
vn -0.8975 0.2797 -0.3410
vn -0.6395 -0.1305 -0.7576
vn -0.3846 0.8636 -0.3260
vn -0.2901 0.8897 -0.3525
vn -0.2748 0.8804 -0.3866
vn -0.3532 0.8613 -0.3653
vn -0.5194 0.6778 0.5204
vn -0.5300 0.7786 0.3359
vn -0.6506 0.7254 0.2246
vn -0.6431 0.6665 0.3772
vn -0.5868 0.7440 0.3196
vn -0.5854 0.8092 0.0502
vn -0.3037 0.9519 0.0420
vn -0.2367 0.9211 0.3093
vn -0.2967 0.9547 -0.0230
vn -0.1500 0.9845 0.0908
vn -0.1938 0.9312 0.3086
vn -0.3087 0.9292 0.2032
vn -0.4118 0.8362 -0.3622
vn -0.1679 0.9220 -0.3489
vn -0.0082 0.8099 -0.5865
vn -0.2127 0.7847 -0.5822
vn 0.5005 0.7132 -0.4907
vn 0.5614 0.7670 -0.3107
vn 0.3667 0.8952 -0.2531
vn 0.2692 0.8656 -0.4222
vn 0.1662 0.9607 0.2222
vn 0.0619 0.9869 0.1489
vn -0.0697 0.9744 0.2139
vn 0.0244 0.9622 0.2713
vn 0.4241 0.8850 0.1921
vn 0.3560 0.9250 0.1327
vn 0.3650 0.9297 0.0500
vn 0.4230 0.9003 0.1026
vn -0.7430 0.6500 0.1595
vn -0.7155 0.6968 -0.0496
vn -0.5462 0.8377 -0.0070
vn -0.5572 0.8044 0.2060
vn 0.5490 0.7817 -0.2960
vn 0.4151 0.8962 -0.1566
vn 0.4742 0.8779 0.0665
vn 0.5802 0.8123 -0.0597
vn -0.2536 0.8656 0.4317
vn -0.0962 0.9327 0.3476
vn -0.0190 0.9217 0.3874
vn -0.1408 0.8806 0.4525
vn 0.5124 0.7763 -0.3672
vn 0.1268 0.8195 -0.5589
vn 0.1870 0.5052 -0.8425
vn 0.5850 0.4033 -0.7036
vn -0.2591 0.8348 0.4858
vn -0.0740 0.9316 0.3559
vn 0.0785 0.9059 0.4163
vn -0.0678 0.8555 0.5134
vn -0.3531 0.8842 -0.3057
vn -0.3552 0.8343 -0.4217
vn -0.2896 0.8332 -0.4710
vn -0.2920 0.8783 -0.3786
vn -0.4225 0.9061 0.0216
vn -0.3124 0.9343 0.1714
vn -0.4489 0.8364 0.3145
vn -0.5800 0.7929 0.1870
vn -0.8292 0.4670 0.3071
vn -0.7651 0.3475 0.5421
vn -0.6921 0.4040 0.5981
vn -0.7520 0.4902 0.4406
vn 0.3469 0.8753 -0.3370
vn 0.5055 0.7836 -0.3612
vn 0.6152 0.7624 -0.2006
vn 0.4904 0.8482 -0.2001
vn -0.0595 0.9866 -0.1519
vn -0.0533 0.9962 0.0686
vn -0.2989 0.9488 0.1026
vn -0.3481 0.9308 -0.1117
vn -0.3977 0.8480 -0.3504
vn -0.5254 0.7608 -0.3810
vn -0.6068 0.7386 -0.2937
vn -0.5072 0.8157 -0.2782
vn 0.0720 0.5761 -0.8142
vn 0.3063 0.7530 -0.5824
vn 0.3735 0.7027 -0.6056
vn 0.2278 0.6063 -0.7619
vn 0.2343 0.9607 -0.1489
vn -0.0186 0.9870 -0.1597
vn -0.0457 0.9021 -0.4292
vn 0.2014 0.8591 -0.4706
vn 0.4540 0.8755 -0.1655
vn 0.4576 0.8323 -0.3128
vn 0.3629 0.8495 -0.3830
vn 0.3682 0.8906 -0.2670
vn 0.1995 0.9468 -0.2524
vn 0.3647 0.8718 -0.3271
vn 0.5163 0.8356 -0.1876
vn 0.3830 0.9121 -0.1461
vn -0.4669 0.8267 -0.3141
vn -0.1872 0.8898 -0.4163
vn -0.0512 0.9911 -0.1227
vn -0.2958 0.9537 0.0540
vn -0.3886 0.8735 0.2932
vn -0.4908 0.5811 0.6492
vn -0.1650 0.5400 0.8253
vn -0.1655 0.7670 0.6200
vn -0.0132 0.9406 -0.3392
vn -0.0623 0.9829 -0.1733
vn -0.1443 0.9777 -0.1526
vn -0.1041 0.9539 -0.2813
vn 0.5223 0.6415 -0.5619
vn 0.5379 0.7888 -0.2975
vn 0.2120 0.9352 -0.2835
vn 0.0929 0.8344 -0.5433
vn -0.4701 0.8565 -0.2132
vn -0.4805 0.7997 -0.3600
vn -0.4109 0.8086 -0.4211
vn -0.4089 0.8591 -0.3077
vn -0.6860 0.7245 -0.0675
vn -0.5889 0.8025 0.0954
vn -0.6127 0.7696 0.1794
vn -0.6900 0.7216 0.0563
vn 0.5689 0.7940 0.2142
vn 0.1044 0.9944 -0.0191
vn 0.1558 0.8249 -0.5433
vn 0.6415 0.5528 -0.5319
vn -0.5539 0.8156 -0.1672
vn -0.4752 0.8560 -0.2033
vn -0.4651 0.8525 -0.2384
vn -0.5314 0.8210 -0.2087
vn -0.3364 0.9405 0.0482
vn -0.4775 0.8694 -0.1267
vn -0.4032 0.8663 -0.2949
vn -0.3143 0.9363 -0.1566
vn -0.9432 -0.0718 -0.3244
vn -0.7748 0.0155 -0.6320
vn -0.7251 0.3935 -0.5652
vn -0.8792 0.4122 -0.2389
vn -0.7621 0.4381 0.4767
vn -0.9561 0.2065 0.2079
vn -0.9480 0.3181 -0.0124
vn -0.8639 0.4676 0.1872
vn -0.0895 0.9861 0.1400
vn -0.2440 0.9637 0.1086
vn -0.2774 0.9606 0.0152
vn -0.1578 0.9865 0.0442
vn -0.0105 0.9524 -0.3046
vn -0.2050 0.9461 -0.2506
vn -0.2962 0.8362 -0.4616
vn -0.1212 0.8189 -0.5609
vn 0.0257 0.9561 -0.2920
vn -0.0307 0.8708 -0.4906
vn -0.1802 0.8387 -0.5139
vn -0.1306 0.9181 -0.3741
vn -0.3561 0.8570 -0.3724
vn -0.2389 0.9157 -0.3232
vn -0.1987 0.9152 -0.3506
vn -0.2922 0.8731 -0.3902
vn -0.0225 0.9889 0.1470
vn 0.0789 0.9889 0.1261
vn 0.1097 0.9633 0.2450
vn 0.0107 0.9612 0.2758
vn -0.7200 0.5746 0.3891
vn -0.7972 -0.1818 0.5757
vn -0.4541 -0.1315 0.8812
vn -0.5304 0.2566 0.8079
vn -0.4845 0.8596 -0.1624
vn -0.5406 0.8032 -0.2503
vn -0.5117 0.7967 -0.3215
vn -0.4699 0.8468 -0.2490
vn -0.7364 0.5808 -0.3470
vn -0.5633 0.6713 -0.4817
vn -0.4538 0.8430 -0.2887
vn -0.6027 0.7901 -0.1116
vn 0.1529 0.8670 -0.4743
vn 0.1459 0.7426 -0.6536
vn -0.0434 0.6929 -0.7197
vn -0.0215 0.8052 -0.5926
vn 0.2612 0.8921 -0.3686
vn 0.2912 0.9324 -0.2142
vn 0.4165 0.8956 -0.1561
vn 0.3892 0.8765 -0.2832
vn -0.5454 0.7847 0.2947
vn -0.4254 0.8218 0.3792
vn -0.4732 0.7294 0.4940
vn -0.5954 0.6877 0.4154
vn -0.6940 0.4975 -0.5204
vn -0.6364 0.3971 -0.6612
vn -0.5930 0.4189 -0.6877
vn -0.6416 0.4963 -0.5849
vn 0.1835 0.9338 -0.3071
vn 0.2932 0.8856 -0.3601
vn 0.3293 0.8825 -0.3357
vn 0.2426 0.9240 -0.2955
vn 0.1679 0.9046 -0.3917
vn 0.2968 0.9273 -0.2282
vn 0.1194 0.9910 -0.0598
vn -0.0447 0.9808 -0.1897
vn -0.0811 0.9187 -0.3866
vn 0.0230 0.9907 -0.1339
vn 0.3458 0.9292 -0.1307
vn 0.2365 0.9167 -0.3221
vn 0.2104 0.9460 -0.2467
vn 0.1643 0.9282 -0.3337
vn 0.1109 0.9331 -0.3421
vn 0.1510 0.9507 -0.2710
vn 0.4876 0.6826 -0.5443
vn 0.3294 0.7287 -0.6004
vn 0.3314 0.6031 -0.7256
vn 0.4898 0.5501 -0.6764
vn -0.0627 0.9329 -0.3547
vn 0.0284 0.9815 -0.1895
vn 0.1391 0.9729 -0.1847
vn 0.0655 0.9480 -0.3113
vn 0.3025 0.8990 -0.3168
vn 0.1901 0.9407 -0.2809
vn 0.1370 0.9375 -0.3198
vn 0.2298 0.9085 -0.3490
vn -0.7114 0.7027 0.0131
vn -0.6813 0.7079 -0.1865
vn -0.4649 0.8640 -0.1934
vn -0.4420 0.8970 0.0045
vn 0.2657 0.8737 -0.4076
vn 0.2333 0.9429 -0.2376
vn 0.3817 0.9184 -0.1041
vn 0.3997 0.8816 -0.2509
vn -0.7362 0.5967 -0.3193
vn -0.7730 0.4345 -0.4622
vn -0.6710 0.4282 -0.6053
vn -0.6640 0.5575 -0.4983
vn -0.4800 0.5570 -0.6778
vn -0.6394 0.6183 -0.4571
vn -0.8216 0.3491 -0.4508
vn -0.7108 0.2160 -0.6695
vn -0.3909 0.8524 -0.3473
vn -0.5993 0.6984 -0.3912
vn -0.7455 0.6501 -0.1472
vn -0.5954 0.7895 -0.1487
vn -0.2028 0.9481 -0.2450
vn -0.3142 0.9036 -0.2912
vn -0.3689 0.8948 -0.2514
vn -0.2799 0.9352 -0.2169
vn -0.5619 0.8135 -0.1500
vn -0.5485 0.8352 0.0393
vn -0.6968 0.7139 0.0696
vn -0.7192 0.6848 -0.1176
vn 0.3140 0.8459 -0.4312
vn 0.2407 0.9464 -0.2155
vn 0.4431 0.8964 -0.0077
vn 0.4839 0.8523 -0.1984
vn -0.7328 0.1510 -0.6635
vn -0.5997 0.4224 -0.6797
vn -0.4234 0.4238 -0.8007
vn -0.5473 0.2468 -0.7997
vn 0.2809 0.9420 -0.1837
vn 0.1845 0.9471 -0.2627
vn 0.2562 0.8980 -0.3577
vn 0.3557 0.8908 -0.2828
vn -0.5050 0.8057 -0.3096
vn -0.4971 0.8501 -0.1737
vn -0.5445 0.8293 -0.1254
vn -0.5523 0.7999 -0.2350
vn 0.4317 0.8858 -0.1704
vn 0.4615 0.8418 -0.2801
vn 0.4225 0.8439 -0.3307
vn 0.4015 0.8831 -0.2427
vn 0.2239 0.9433 -0.2451
vn 0.0270 0.9664 -0.2556
vn 0.0159 0.8909 -0.4539
vn 0.2117 0.8597 -0.4649
vn 0.4881 0.6379 0.5957
vn 0.5565 0.7159 0.4217
vn 0.6710 0.6502 0.3563
vn 0.6206 0.6059 0.4977
vn 0.2958 0.8576 -0.4208
vn 0.1545 0.9487 -0.2760
vn -0.0874 0.9314 -0.3535
vn 0.0457 0.8847 -0.4639
vn -0.9126 0.0661 0.4034
vn -0.9463 0.3037 -0.1104
vn -0.6407 0.7667 -0.0407
vn -0.4816 0.7189 0.5013
vn -0.5952 0.6407 0.4850
vn -0.4206 0.8637 0.2777
vn -0.5610 0.8255 -0.0626
vn -0.6877 0.7138 0.1327
vn 0.4319 0.8442 0.3175
vn 0.1296 0.9726 0.1932
vn -0.1226 0.8935 0.4321
vn 0.1224 0.8569 0.5007
vn -0.4715 0.8329 0.2897
vn -0.5295 0.8432 0.0929
vn -0.3222 0.9466 0.0088
vn -0.2247 0.9558 0.1896
vn 0.4019 0.7628 0.5066
vn 0.7356 0.4405 0.5146
vn 0.8816 0.4488 0.1462
vn 0.6966 0.6842 0.2160
vn -0.5744 0.8163 0.0614
vn -0.7273 0.6658 -0.1664
vn -0.6277 0.6864 -0.3672
vn -0.5519 0.8098 -0.1990
vn -0.4683 0.8340 -0.2918
vn -0.3902 0.8325 -0.3933
vn -0.2925 0.8994 -0.3249
vn -0.3645 0.9050 -0.2193
vn -0.7548 0.6481 -0.1012
vn -0.4998 0.8584 0.1157
vn -0.5157 0.7582 0.3989
vn -0.7060 0.6689 0.2326
vn 0.2090 0.9423 -0.2617
vn 0.3452 0.8806 -0.3245
vn 0.4569 0.8567 -0.2393
vn 0.3476 0.9165 -0.1979
vn -0.2665 0.9078 -0.3238
vn -0.0770 0.9236 -0.3756
vn -0.0081 0.9849 -0.1731
vn -0.1879 0.9778 -0.0926
vn 0.1693 0.9498 -0.2630
vn 0.2555 0.9127 -0.3188
vn 0.3207 0.9018 -0.2897
vn 0.2495 0.9365 -0.2463
vn -0.0828 0.9865 0.1412
vn -0.2751 0.9607 0.0377
vn -0.2702 0.9524 -0.1413
vn -0.1315 0.9900 -0.0505
vn 0.3303 0.9163 -0.2265
vn 0.3429 0.9347 -0.0941
vn 0.2061 0.9751 -0.0818
vn 0.1848 0.9593 -0.2133
vn -0.3586 0.8708 -0.3364
vn -0.4890 0.6693 -0.5594
vn -0.2258 0.5761 -0.7856
vn -0.1831 0.7588 -0.6250
vn -0.2320 0.9514 -0.2025
vn -0.4331 0.8977 -0.0809
vn -0.4249 0.9013 0.0840
vn -0.2875 0.9576 -0.0157
vn -0.3895 0.8936 0.2233
vn -0.3469 0.9359 0.0614
vn -0.1171 0.9884 0.0966
vn -0.1093 0.9577 0.2663
vn -0.5299 0.7607 -0.3748
vn -0.3322 0.8347 -0.4392
vn -0.2534 0.7349 -0.6291
vn -0.4175 0.7051 -0.5732
vn 0.1082 0.8506 -0.5146
vn 0.3658 0.3842 -0.8477
vn 0.6208 0.3758 -0.6880
vn 0.4790 0.6660 -0.5718
vn -0.1134 0.8996 0.4217
vn -0.2622 0.9434 0.2032
vn -0.0324 0.9995 0.0037
vn 0.1724 0.9695 0.1741
vn 0.2441 0.7710 -0.5882
vn 0.0475 0.8462 -0.5307
vn -0.1127 0.7661 -0.6328
vn 0.0479 0.7318 -0.6798
vn -0.5443 0.7907 -0.2802
vn -0.4061 0.8657 -0.2926
vn -0.3548 0.8584 -0.3706
vn -0.4677 0.8071 -0.3603
vn 0.1167 0.8597 -0.4974
vn 0.2721 0.8710 -0.4090
vn 0.1869 0.9569 -0.2223
vn 0.0166 0.9606 -0.2776
vn -0.3457 0.9383 0.0047
vn -0.4720 0.8643 -0.1737
vn -0.3889 0.8582 -0.3350
vn -0.3104 0.9303 -0.1954
vn -0.6277 0.4149 -0.6587
vn -0.7924 0.2289 -0.5654
vn -0.8694 0.2646 -0.4173
vn -0.7644 0.3998 -0.5058
vn 0.1829 0.9818 0.0517
vn 0.1114 0.9915 -0.0677
vn 0.2354 0.9598 -0.1530
vn 0.3172 0.9475 -0.0404
vn 0.4381 0.7650 0.4720
vn 0.5701 0.6864 0.4514
vn 0.6095 0.6928 0.3854
vn 0.5093 0.7585 0.4066
vn 0.3374 0.9061 0.2553
vn 0.1400 0.9690 0.2035
vn -0.0100 0.9331 0.3596
vn 0.1560 0.9074 0.3902
vn 0.5602 0.8272 0.0428
vn 0.4944 0.8492 0.1857
vn 0.3064 0.9445 0.1183
vn 0.3346 0.9416 -0.0383
vn -0.8069 0.4022 -0.4326
vn -0.5705 0.7043 -0.4224
vn -0.3122 0.6408 -0.7014
vn -0.5346 0.4779 -0.6970
vn 0.5108 0.6553 -0.5565
vn 0.3954 0.9018 -0.1743
vn 0.6375 0.7638 0.1014
vn 0.7102 0.6791 -0.1857
vn -0.0025 0.9794 0.2020
vn 0.1260 0.9853 0.1151
vn 0.2385 0.9376 0.2532
vn 0.1244 0.9255 0.3578
vn 0.5219 0.8170 -0.2453
vn 0.3885 0.8919 -0.2316
vn 0.3103 0.8946 -0.3215
vn -0.3845 0.8591 -0.3379
vn -0.4914 0.7272 -0.4793
vn -0.3659 0.6593 -0.6569
vn -0.3054 0.7805 -0.5455
vn 0.3607 0.0259 -0.9323
vn 0.7354 0.1993 -0.6477
vn 0.5557 0.6556 -0.5112
vn 0.1111 0.6584 -0.7444
vn -0.5349 0.6984 -0.4755
vn -0.3526 0.8602 -0.3685
vn -0.1245 0.8555 -0.5025
vn -0.2883 0.7620 -0.5799
vn -0.4439 0.8428 -0.3043
vn -0.4524 0.7669 -0.4551
vn -0.3342 0.7706 -0.5426
vn -0.3404 0.8389 -0.4246
vn 0.8102 0.5851 -0.0354
vn 0.3126 0.8744 -0.3710
vn 0.2526 0.4668 -0.8475
vn 0.7292 0.0303 -0.6836
vn -0.5193 0.8311 -0.1992
vn -0.5947 0.7295 -0.3378
vn -0.4799 0.7163 -0.5066
vn -0.4399 0.8089 -0.3902
vn 0.2203 0.9682 0.1186
vn 0.1175 0.9783 0.1707
vn 0.1070 0.9640 0.2436
vn 0.1916 0.9609 0.1999
vn -0.2690 0.7674 -0.5820
vn -0.5733 0.7138 -0.4023
vn -0.7209 0.3786 -0.5805
vn -0.4708 0.3090 -0.8264
vn -0.4071 0.8542 -0.3234
vn -0.4362 0.7948 -0.4219
vn -0.4095 0.7911 -0.4544
vn -0.3878 0.8414 -0.3763
vn 0.3377 0.6402 -0.6900
vn 0.5522 0.5116 -0.6582
vn 0.6576 0.5606 -0.5033
vn 0.5069 0.6623 -0.5518
vn 0.4762 0.8721 -0.1128
vn 0.3763 0.8896 -0.2589
vn 0.5078 0.7651 -0.3961
vn 0.6324 0.7239 -0.2758
vn -0.5337 0.7470 -0.3964
vn -0.4310 0.8690 -0.2429
vn -0.5401 0.8416 -0.0110
vn -0.6184 0.7701 -0.1566
vn -0.1126 0.9934 0.0220
vn -0.2434 0.9695 -0.0279
vn -0.2601 0.9588 -0.1143
vn -0.1576 0.9848 -0.0724
vn 0.1947 0.8834 -0.4262
vn 0.0665 0.9024 -0.4258
vn 0.0539 0.8385 -0.5422
vn 0.1815 0.8169 -0.5475
vn -0.2413 0.9693 0.0465
vn -0.2800 0.9593 -0.0374
vn -0.2624 0.9626 -0.0675
vn -0.2311 0.9729 0.0024
vn 0.0106 0.9508 0.3097
vn 0.0701 0.9975 -0.0038
vn 0.3883 0.9192 -0.0649
vn 0.3156 0.9346 0.1639
vn -0.3011 0.8717 0.3866
vn -0.4066 0.8705 0.2773
vn -0.3057 0.9368 0.1704
vn -0.1928 0.9428 0.2720
vn 0.1060 0.9659 0.2361
vn 0.1362 0.9827 0.1254
vn 0.2501 0.9639 0.0915
vn 0.2206 0.9576 0.1854
vn 0.1888 0.9214 -0.3396
vn 0.2363 0.9408 -0.2432
vn 0.3056 0.9241 -0.2293
vn 0.2654 0.9130 -0.3098
vn 0.1829 0.9692 0.1647
vn 0.2327 0.9693 -0.0792
vn 0.5082 0.8587 -0.0668
vn 0.5256 0.8315 0.1797
vn 0.6981 0.6135 -0.3691
vn 0.6787 0.1677 -0.7150
vn 0.3186 0.2542 -0.9132
vn 0.4230 0.5281 -0.7363
vn -0.5518 0.7162 -0.4273
vn -0.2562 0.8556 -0.4498
vn -0.0812 0.6921 -0.7172
vn -0.3221 0.6472 -0.6910
vn 0.2924 0.9361 -0.1955
vn 0.1823 0.9547 -0.2352
vn 0.2127 0.9100 -0.3558
vn 0.3248 0.8884 -0.3244
vn -0.1913 0.9378 0.2896
vn -0.2424 0.9585 0.1502
vn -0.2913 0.9464 0.1395
vn -0.2520 0.9353 0.2486
vn -0.3838 0.8154 0.4333
vn -0.6790 0.6502 0.3408
vn -0.7170 0.6967 -0.0250
vn -0.5374 0.8378 0.0967
vn -0.1956 0.9186 -0.3435
vn -0.0232 0.9321 -0.3616
vn -0.0005 0.9824 -0.1867
vn -0.1709 0.9732 -0.1541
vn -0.8494 0.4429 0.2871
vn -0.7752 0.2565 0.5773
vn -0.6371 0.3486 0.6874
vn -0.7215 0.4738 0.5049
vn 0.1204 0.9874 -0.1025
vn 0.2472 0.9650 -0.0878
vn 0.2835 0.9589 -0.0134
vn 0.1823 0.9829 -0.0281
vn -0.5330 0.8343 0.1410
vn -0.4815 0.8747 -0.0553
vn -0.2750 0.9614 -0.0022
vn -0.2972 0.9333 0.2016
vn -0.0992 0.9761 -0.1934
vn 0.0314 0.9137 -0.4052
vn 0.2259 0.8966 -0.3808
vn 0.1169 0.9641 -0.2384
vn -0.3496 0.9351 -0.0585
vn -0.5551 0.8247 0.1085
vn -0.4885 0.8021 0.3435
vn -0.3639 0.9077 0.2089
vn -0.0609 0.7989 -0.5983
vn 0.1099 0.7964 -0.5947
vn 0.1214 0.8960 -0.4272
vn -0.0480 0.9108 -0.4101
vn -0.4056 0.9137 -0.0261
vn -0.5997 0.7567 -0.2603
vn -0.4488 0.7284 -0.5177
vn -0.3532 0.8703 -0.3434
vn -0.8234 0.4514 -0.3438
vn -0.6802 0.5890 -0.4363
vn -0.6057 0.5364 -0.5877
vn -0.7301 0.4478 -0.5161
vn 0.4027 0.8181 -0.4105
vn 0.5111 0.8075 -0.2946
vn 0.4077 0.8966 -0.1725
vn 0.2874 0.9177 -0.2743
vn 0.6842 0.5188 0.5126
vn 0.1995 0.7568 0.6225
vn 0.0225 0.4375 0.8990
vn 0.3584 0.3875 0.8494
vn -0.5815 0.6994 -0.4155
vn -0.3315 0.8514 -0.4065
vn -0.1348 0.7481 -0.6498
vn -0.3494 0.6783 -0.6464
vn 0.0117 0.8306 -0.5568
vn 0.2055 0.8497 -0.4855
vn 0.1527 0.9580 -0.2429
vn -0.0543 0.9656 -0.2544
vn -0.3735 0.8641 -0.3375
vn -0.5190 0.7526 -0.4053
vn -0.6534 0.7037 -0.2789
vn -0.5407 0.8056 -0.2422
vn -0.3551 0.9062 0.2295
vn -0.1414 0.9594 0.2441
vn -0.0673 0.9235 0.3776
vn -0.2329 0.9025 0.3623
vn -0.3200 0.8437 -0.4309
vn -0.3861 0.8660 -0.3176
vn -0.4927 0.7917 -0.3612
vn -0.4310 0.7661 -0.4767
vn -0.5387 0.8155 0.2118
vn -0.1702 0.9744 0.1472
vn 0.0319 0.8881 0.4586
vn -0.2484 0.8449 0.4738
vn 0.4564 0.8665 0.2023
vn 0.3221 0.9213 0.2178
vn 0.2500 0.8964 0.3661
vn 0.3671 0.8634 0.3460
vn 0.4197 0.9074 -0.0191
vn 0.3945 0.8992 -0.1895
vn 0.5651 0.7933 -0.2266
vn 0.6148 0.7862 -0.0618
vn -0.2125 0.9770 -0.0189
vn -0.1289 0.9886 0.0784
vn -0.1473 0.9789 0.1414
vn -0.2140 0.9749 0.0616
vn -0.5000 0.7579 -0.4190
vn -0.4505 0.8524 -0.2654
vn -0.5537 0.8250 -0.1133
vn -0.5925 0.7668 -0.2467
vn 0.2834 0.9389 0.1952
vn 0.3449 0.9302 0.1258
vn 0.4173 0.8887 0.1901
vn 0.3600 0.8951 0.2632
vn -0.4437 0.7890 0.4250
vn -0.6102 0.6608 0.4370
vn -0.7069 0.6420 0.2969
vn -0.5862 0.7510 0.3038
vn -0.5664 0.7221 -0.3971
vn -0.4253 0.8174 -0.3887
vn -0.3551 0.8118 -0.4635
vn -0.4713 0.7464 -0.4699
vn 0.1356 0.9445 -0.2992
vn 0.2501 0.9499 -0.1876
vn 0.1329 0.9897 -0.0523
vn 0.0049 0.9889 -0.1483
vn -0.4455 0.8549 -0.2660
vn -0.6021 0.7649 -0.2290
vn -0.6443 0.7575 -0.1054
vn -0.5295 0.8361 -0.1436
vn 0.4037 0.8014 0.4414
vn 0.5888 0.3646 0.7214
vn 0.2060 0.2519 0.9456
vn 0.1830 0.5646 0.8048
vn 0.3347 0.9101 0.2445
vn 0.1825 0.9350 0.3041
vn 0.1111 0.9845 0.1359
vn 0.2546 0.9654 0.0563
vn -0.6024 0.5858 0.5422
vn -0.5056 0.8625 0.0213
vn -0.7560 0.6141 -0.2266
vn -0.8286 0.5483 0.1132
vn -0.3230 0.8992 0.2952
vn -0.3411 0.9235 0.1755
vn -0.3789 0.9123 0.1551
vn -0.3650 0.8962 0.2521
vn -0.1827 0.9821 -0.0458
vn -0.2222 0.9736 0.0523
vn -0.3210 0.9470 0.0125
vn -0.2851 0.9545 -0.0871
vn -0.0797 0.8487 -0.5229
vn 0.1794 0.9825 0.0508
vn 0.6050 0.7947 -0.0484
vn 0.4197 0.8289 -0.3698
vn -0.3292 0.8572 -0.3960
vn -0.2534 0.9377 -0.2377
vn -0.3603 0.9295 -0.0786
vn -0.4158 0.8834 -0.2160
vn 0.3319 0.9422 0.0456
vn 0.2641 0.9496 0.1688
vn 0.1209 0.9877 0.0993
vn 0.1740 0.9843 -0.0312
vn -0.5181 0.7906 -0.3263
vn -0.4886 0.7458 -0.4529
vn -0.4469 0.7588 -0.4738
vn -0.4731 0.7971 -0.3753
vn -0.2224 0.4923 -0.8415
vn -0.3947 0.2895 -0.8720
vn -0.4880 0.3048 -0.8179
vn -0.3698 0.4504 -0.8126
vn -0.2465 0.8843 0.3965
vn -0.3188 0.9193 0.2307
vn -0.1481 0.9762 0.1586
vn -0.0611 0.9461 0.3182
vn -0.5213 0.8533 0.0087
vn -0.3375 0.9394 0.0595
vn -0.2863 0.9258 0.2470
vn -0.4364 0.8784 0.1948
vn -0.1909 0.9784 0.0796
vn -0.1551 0.9876 -0.0255
vn -0.1795 0.9821 -0.0576
vn -0.2087 0.9776 0.0281
vn -0.2723 0.3740 -0.8866
vn 0.2021 0.4895 -0.8482
vn 0.1505 0.8394 -0.5222
vn -0.3371 0.8090 -0.4815
vn 0.3548 0.8777 -0.3222
vn 0.2692 0.7049 -0.6562
vn -0.0673 0.7170 -0.6938
vn 0.0393 0.8669 -0.4970
vn -0.2893 0.9319 0.2187
vn -0.4561 0.8044 0.3807
vn -0.3182 0.7160 0.6213
vn -0.2226 0.8441 0.4878
vn -0.6397 0.6073 -0.4711
vn -0.6922 0.6843 -0.2294
vn -0.8600 0.4777 -0.1793
vn -0.8302 0.3728 -0.4145
vn 0.3626 0.9200 0.1489
vn 0.4262 0.8758 0.2268
vn 0.3909 0.8616 0.3239
vn 0.3420 0.9039 0.2570
vn 0.4692 0.7644 0.4421
vn 0.5124 0.6498 0.5614
vn 0.4465 0.6274 0.6380
vn 0.4212 0.7230 0.5476
vn 0.3399 0.9238 -0.1764
vn 0.2122 0.9486 -0.2350
vn 0.2567 0.8845 -0.3896
vn 0.3898 0.8518 -0.3500
vn -0.4840 0.7960 0.3633
vn -0.4667 0.7280 0.5022
vn -0.4029 0.7369 0.5428
vn -0.4221 0.7945 0.4366
vn 0.0284 0.9662 -0.2561
vn -0.1139 0.9559 -0.2708
vn -0.1435 0.9624 -0.2305
vn -0.0323 0.9748 -0.2208
vn -0.1538 0.7788 -0.6081
vn -0.3243 0.9274 -0.1864
vn -0.7390 0.6587 -0.1417
vn -0.7373 0.4006 -0.5440
vn 0.3515 0.8803 -0.3188
vn 0.1418 0.9410 -0.3071
vn 0.0081 0.8626 -0.5058
vn 0.1838 0.8438 -0.5042
vn 0.3177 0.9369 -0.1458
vn 0.2600 0.9652 -0.0276
vn 0.3006 0.9526 0.0470
vn 0.3470 0.9365 -0.0504
vn 0.1784 0.3954 -0.9010
vn -0.1765 0.5154 -0.8386
vn -0.3602 0.1747 -0.9163
vn -0.0522 -0.0313 -0.9981
vn -0.6899 0.3580 -0.6291
vn -0.6519 -0.0764 -0.7544
vn -0.3585 -0.0953 -0.9287
vn -0.4493 0.1799 -0.8750
vn -0.0283 0.9502 -0.3104
vn 0.1424 0.8669 -0.4778
vn 0.3220 0.8513 -0.4142
vn 0.1900 0.9323 -0.3078
vn 0.2954 0.9120 0.2844
vn 0.3311 0.9264 0.1794
vn 0.4552 0.8668 0.2036
vn 0.4318 0.8466 0.3111
vn -0.0519 0.8712 -0.4882
vn -0.1562 0.9877 -0.0011
vn -0.5376 0.8423 0.0387
vn -0.4406 0.8558 -0.2709
vn -0.3326 0.9422 0.0407
vn -0.4287 0.9018 -0.0550
vn -0.4172 0.9032 -0.1011
vn -0.3438 0.9387 -0.0253
vn 0.2441 0.8442 -0.4772
vn 0.3285 0.8778 -0.3486
vn 0.1872 0.9473 -0.2600
vn 0.0869 0.9216 -0.3783
vn 0.2066 0.9027 -0.3775
vn 0.2553 0.9341 -0.2496
vn 0.3734 0.9021 -0.2162
vn 0.3314 0.8866 -0.3226
vn -0.7987 0.5008 -0.3335
vn -0.6871 0.6291 -0.3635
vn -0.6322 0.6303 -0.4506
vn -0.7267 0.5378 -0.4274
vn 0.0884 0.8587 -0.5048
vn 0.0027 0.9930 -0.1185
vn -0.4383 0.8957 -0.0757
vn -0.5278 0.7230 -0.4457
vn -0.0778 0.9967 -0.0235
vn -0.3448 0.9155 0.2073
vn -0.2001 0.8347 0.5130
vn -0.0481 0.9426 0.3304
vn -0.1457 0.8881 0.4360
vn -0.2443 0.9197 0.3074
vn -0.2955 0.9030 0.3120
vn -0.2197 0.8842 0.4122
vn 0.3309 0.7258 0.6031
vn 0.4296 0.7765 0.4609
vn 0.5724 0.6491 0.5010
vn 0.4885 0.5852 0.6472
vn -0.2382 0.9140 -0.3283
vn -0.2793 0.9372 -0.2089
vn -0.3414 0.9211 -0.1873
vn -0.3086 0.9076 -0.2844
vn -0.6970 0.6206 0.3592
vn -0.9361 -0.2474 0.2500
vn -0.9625 -0.1057 -0.2499
vn -0.9459 0.3052 -0.1105
vn 0.0593 0.7606 -0.6465
vn -0.2598 0.9511 -0.1670
vn -0.7505 0.6266 -0.2100
vn -0.6426 0.2966 -0.7065
vn -0.3185 0.4984 -0.8063
vn -0.2280 0.3179 -0.9203
vn -0.1616 0.3281 -0.9307
vn -0.2306 0.4600 -0.8575
vn 0.3967 0.9051 0.1529
vn 0.3377 0.9237 0.1809
vn 0.3307 0.9207 0.2073
vn 0.3815 0.9060 0.1833
vn 0.0299 0.6498 -0.7595
vn 0.1966 0.7302 -0.6543
vn 0.0630 0.8712 -0.4869
vn -0.1306 0.8192 -0.5584
vn -0.4109 0.9116 -0.0103
vn -0.2561 0.9646 -0.0621
vn -0.2309 0.9597 -0.1602
vn -0.3534 0.9282 -0.1166
vn 0.0255 0.5583 -0.8293
vn 0.4730 0.7638 -0.4391
vn 0.6690 0.5433 -0.5071
vn 0.4304 0.4992 -0.7520
vn -0.4415 0.8893 0.1196
vn -0.4052 0.9132 -0.0426
vn -0.2419 0.9703 -0.0055
vn -0.2657 0.9507 0.1598
vn 0.4389 0.8797 -0.1831
vn 0.4574 0.7789 -0.4291
vn 0.2027 0.7978 -0.5678
vn 0.2265 0.8942 -0.3860
vn 0.0487 0.9864 0.1569
vn 0.1175 0.9783 0.1706
vn 0.1393 0.9789 0.1498
vn 0.0806 0.9870 0.1387
vn 0.3450 0.9029 -0.2562
vn 0.1774 0.8895 -0.4212
vn 0.3181 0.7258 -0.6099
vn 0.5192 0.6999 -0.4905
vn -0.5000 0.8542 -0.1426
vn -0.5275 0.8187 -0.2271
vn -0.5074 0.8222 -0.2578
vn -0.4862 0.8534 -0.1880
vn 0.5534 0.7586 -0.3439
vn 0.3654 0.9141 -0.1756
vn 0.4537 0.8799 0.1410
vn 0.5944 0.8039 -0.0225
vn 0.3122 0.9222 -0.2280
vn 0.1780 0.9426 -0.2825
vn 0.2186 0.8837 -0.4139
vn 0.3546 0.8606 -0.3655
vn 0.0596 0.9854 0.1596
vn 0.1382 0.9700 0.1998
vn 0.1976 0.9659 0.1674
vn 0.1303 0.9822 0.1353
vn -0.3569 0.9017 0.2440
vn -0.3940 0.7678 0.5053
vn -0.2010 0.7515 0.6284
vn -0.2012 0.8699 0.4503
vn -0.0928 0.9616 -0.2583
vn -0.2189 0.9720 -0.0852
vn -0.4031 0.8939 -0.1962
vn -0.2984 0.8744 -0.3826
vn -0.6974 0.5839 -0.4155
vn -0.8576 0.4242 -0.2908
vn -0.8804 0.4696 -0.0658
vn -0.7838 0.5936 -0.1827
vn -0.7135 0.6087 -0.3469
vn -0.8306 0.4508 -0.3269
vn -0.8849 0.4211 -0.1989
vn -0.8049 0.5487 -0.2261
vn 0.1695 0.3252 -0.9303
vn 0.4231 0.4097 -0.8082
vn 0.3147 0.6835 -0.6586
vn 0.0337 0.6676 -0.7438
vn 0.3276 0.6273 -0.7065
vn 0.4269 0.6810 -0.5950
vn 0.4722 0.6551 -0.5898
vn 0.3967 0.6178 -0.6789
vn -0.7329 0.3024 -0.6095
vn -0.5900 0.4756 -0.6525
vn -0.5008 0.4556 -0.7360
vn -0.6173 0.3374 -0.7107
vn -0.2467 0.9671 0.0623
vn -0.0041 0.9978 0.0665
vn 0.0454 0.9347 0.3526
vn -0.1850 0.8882 0.4206
vn -0.8474 0.1047 0.5206
vn -0.8475 0.5241 0.0837
vn -0.9333 0.2928 -0.2079
vn -0.9901 0.1115 0.0851
vn 0.4419 0.8885 -0.1236
vn 0.2348 0.9579 -0.1650
vn 0.1646 0.9191 -0.3579
vn 0.3308 0.8895 -0.3151
vn 0.6944 0.7054 -0.1419
vn 0.6431 0.6776 -0.3567
vn 0.7838 0.4901 -0.3813
vn 0.8518 0.4957 -0.1695
vn -0.6170 0.6510 0.4421
vn -0.1976 0.8666 0.4583
vn -0.0138 0.6879 0.7256
vn -0.3119 0.6236 0.7168
vn 0.1669 0.9700 0.1767
vn 0.3430 0.9273 0.1499
vn 0.3977 0.9173 -0.0197
vn 0.2618 0.9650 0.0157
vn -0.6667 0.7104 -0.2256
vn -0.5643 0.7359 -0.3743
vn -0.4093 0.8695 -0.2765
vn -0.4840 0.8681 -0.1101
vn 0.4413 0.8821 0.1645
vn 0.3471 0.9138 0.2111
vn 0.3271 0.8922 0.3113
vn 0.4081 0.8722 0.2698
vn -0.4303 0.9007 0.0598
vn -0.3309 0.9398 -0.0851
vn -0.3653 0.9133 -0.1800
vn -0.4428 0.8942 -0.0655
vn -0.8962 0.2324 0.3778
vn -0.8073 0.5901 -0.0089
vn -0.4149 0.8869 0.2032
vn -0.3446 0.6498 0.6775
vn -0.0080 0.9577 -0.2876
vn 0.1068 0.8986 -0.4255
vn 0.2122 0.8885 -0.4068
vn 0.1224 0.9434 -0.3081
vn -0.5199 0.7640 -0.3820
vn -0.3737 0.8485 -0.3747
vn -0.2757 0.8314 -0.4824
vn -0.4004 0.7767 -0.4863
vn -0.1848 0.9497 -0.2528
vn -0.0613 0.9346 -0.3504
vn 0.0428 0.9719 -0.2317
vn -0.0750 0.9890 -0.1277
vn -0.3925 0.5591 -0.7303
vn -0.0641 0.1235 -0.9903
vn 0.2884 0.2717 -0.9182
vn 0.0549 0.5221 -0.8511
vn -0.4315 0.7991 0.4186
vn -0.5710 0.7045 0.4214
vn -0.6304 0.6983 0.3392
vn -0.5252 0.7781 0.3445
vn -0.5534 0.8126 0.1828
vn -0.5299 0.8481 0.0063
vn -0.3517 0.9354 0.0352
vn -0.3547 0.9100 0.2149
vn -0.3255 0.8723 -0.3650
vn -0.4598 0.8195 -0.3420
vn -0.5096 0.8266 -0.2388
vn -0.4050 0.8754 -0.2639
vn -0.5594 0.8099 -0.1765
vn -0.4664 0.8524 -0.2363
vn -0.4531 0.8356 -0.3107
vn -0.5316 0.8060 -0.2603
vn -0.1359 0.9782 -0.1571
vn -0.0941 0.9955 -0.0120
vn -0.2484 0.9676 0.0446
vn -0.3038 0.9479 -0.0955
vn -0.3651 0.8445 -0.3918
vn -0.3496 0.8919 -0.2870
vn -0.3907 0.8881 -0.2421
vn -0.4037 0.8536 -0.3292
vn 0.3238 0.5167 -0.7926
vn -0.0658 0.8320 -0.5508
vn -0.2648 0.7191 -0.6425
vn -0.0280 0.5906 -0.8065
vn -0.5903 0.7524 0.2923
vn -0.5629 0.8230 0.0762
vn -0.2980 0.9496 0.0967
vn -0.2537 0.9134 0.3185
vn -0.2251 0.9646 0.1374
vn -0.2783 0.8979 0.3411
vn -0.1631 0.8807 0.4448
vn -0.1350 0.9464 0.2936
vn 0.4677 0.8673 -0.1705
vn 0.2647 0.9634 -0.0433
vn 0.2840 0.9363 0.2068
vn 0.4390 0.8942 0.0881
vn -0.6337 0.7190 -0.2855
vn -0.7322 0.6736 -0.1010
vn -0.8400 0.5081 -0.1902
vn -0.7487 0.5425 -0.3809
vn 0.2250 0.9332 -0.2802
vn 0.1674 0.8942 -0.4152
vn 0.0966 0.8990 -0.4272
vn 0.1452 0.9349 -0.3239
vn -0.3355 0.9251 0.1778
vn -0.3354 0.8887 0.3126
vn -0.2767 0.8937 0.3531
vn -0.2803 0.9275 0.2473
vn 0.2023 0.7084 -0.6762
vn 0.3749 0.7785 -0.5033
vn 0.1932 0.9243 -0.3292
vn -0.0185 0.8855 -0.4642
vn -0.0478 0.9945 0.0931
vn -0.3259 0.9427 -0.0716
vn -0.2635 0.8929 -0.3650
vn -0.0873 0.9710 -0.2224
vn 0.3691 0.9244 -0.0965
vn 0.2212 0.9660 -0.1337
vn 0.1800 0.9525 -0.2455
vn 0.3001 0.9299 -0.2125
vn 0.2214 0.9257 0.3067
vn 0.3029 0.9330 0.1944
vn 0.4523 0.8495 0.2718
vn 0.3945 0.8291 0.3962
vn -0.5063 0.8624 0.0017
vn -0.3899 0.9191 0.0571
vn -0.3827 0.9175 0.1080
vn -0.4762 0.8771 0.0634
vn -0.3391 0.9224 0.1852
vn -0.3689 0.8638 0.3432
vn -0.2720 0.8612 0.4293
vn -0.2581 0.9164 0.3059
vn 0.3150 0.9013 -0.2973
vn 0.3789 0.9138 -0.1462
vn 0.2186 0.9734 -0.0691
vn 0.1357 0.9679 -0.2114
vn 0.1379 0.7546 -0.6415
vn 0.2589 0.9573 -0.1286
vn 0.6558 0.7520 -0.0669
vn 0.5560 0.7293 -0.3987
vn 0.2800 0.7697 -0.5737
vn 0.0228 0.5456 -0.8377
vn -0.0996 0.5975 -0.7957
vn 0.0652 0.7481 -0.6604
vn 0.1113 0.8394 -0.5320
vn 0.2843 0.8558 -0.4321
vn 0.1912 0.9483 -0.2533
vn 0.0057 0.9441 -0.3295
vn -0.5333 0.8147 -0.2277
vn -0.4986 0.8566 -0.1327
vn -0.5262 0.8465 -0.0815
vn -0.5553 0.8159 -0.1612
vn 0.0036 0.9768 -0.2140
vn -0.1622 0.9191 -0.3591
vn -0.3075 0.9027 -0.3011
vn -0.1798 0.9623 -0.2039
vn -0.3662 0.9213 0.1310
vn -0.3259 0.9454 0.0060
vn -0.1805 0.9823 0.0506
vn -0.2062 0.9618 0.1799
vn -0.4122 0.8368 0.3603
vn -0.2125 0.9145 0.3442
vn -0.1309 0.8900 0.4367
vn -0.2853 0.8466 0.4493
vn -0.7272 0.6606 -0.1864
vn -0.2877 0.9293 -0.2317
vn -0.1392 0.7742 -0.6175
vn -0.4552 0.6923 -0.5599
vn -0.1141 0.9230 -0.3674
vn -0.1910 0.9510 -0.2430
vn -0.3302 0.8929 -0.3062
vn -0.2653 0.8599 -0.4362
vn -0.5204 0.8179 -0.2455
vn -0.4171 0.8574 -0.3015
vn -0.4095 0.8458 -0.3420
vn -0.4936 0.8173 -0.2972
vn -0.3261 0.9451 0.0205
vn -0.4371 0.8115 0.3878
vn -0.1179 0.7968 0.5926
vn -0.1036 0.9330 0.3445
vn -0.3695 0.9107 0.1847
vn -0.3378 0.9404 0.0398
vn -0.1506 0.9861 0.0699
vn -0.1530 0.9635 0.2196
vn -0.5711 0.8199 -0.0388
vn -0.7052 0.7059 0.0663
vn -0.6952 0.7011 0.1586
vn -0.6039 0.7932 0.0780
vn 0.2552 0.9460 0.2000
vn 0.1114 0.9799 0.1658
vn 0.0172 0.9661 0.2576
vn 0.1384 0.9497 0.2809
vn -0.4953 0.8142 -0.3029
vn -0.3625 0.8357 -0.4125
vn -0.2627 0.9215 -0.2861
vn -0.3874 0.9067 -0.1667
vn -0.5018 0.7809 0.3719
vn -0.2322 0.9026 0.3625
vn -0.0972 0.8375 0.5376
vn -0.3051 0.7838 0.5408
vn 0.4665 0.8405 -0.2755
vn 0.4658 0.8726 -0.1469
vn 0.5249 0.8461 -0.0929
vn 0.5263 0.8267 -0.1987
vn -0.9447 -0.3095 -0.1083
vn -0.8154 -0.0987 -0.5704
vn -0.7925 0.4132 -0.4486
vn -0.9122 0.4052 0.0613
vn -0.2880 0.9266 0.2418
vn -0.4285 0.8753 0.2244
vn -0.4694 0.8720 0.1392
vn -0.3606 0.9192 0.1582
vn 0.1725 0.9850 0.0079
vn 0.4122 0.8953 -0.1688
vn 0.3048 0.8307 -0.4659
vn 0.1603 0.9358 -0.3140
vn -0.4373 0.8679 -0.2357
vn -0.4828 0.8649 -0.1372
vn -0.5686 0.8035 -0.1764
vn -0.5264 0.8041 -0.2763
vn 0.1158 0.8555 -0.5047
vn 0.3277 0.7505 -0.5738
vn 0.5039 0.7650 -0.4010
vn 0.3390 0.8609 -0.3793
vn -0.5043 0.7818 0.3666
vn -0.4751 0.6971 0.5369
vn -0.3523 0.7167 0.6018
vn -0.3884 0.7894 0.4753
vn 0.4317 0.8814 -0.1918
vn 0.3555 0.8804 -0.3138
vn 0.4696 0.7884 -0.3974
vn 0.5584 0.7792 -0.2846
vn 0.5128 0.8428 -0.1633
vn 0.2344 0.9226 -0.3064
vn 0.2179 0.7721 -0.5969
vn 0.4264 0.7685 -0.4771
vn -0.5034 0.7219 -0.4748
vn -0.4710 0.8472 -0.2459
vn -0.6597 0.7500 -0.0486
vn -0.6793 0.6916 -0.2455
vn 0.5539 0.8227 0.1275
vn 0.4734 0.8528 0.2205
vn 0.3617 0.9246 0.1196
vn 0.4273 0.9040 0.0133
vn 0.5008 0.8399 -0.2093
vn 0.3934 0.8870 -0.2418
vn 0.3689 0.8793 -0.3011
vn 0.4582 0.8456 -0.2739
vn -0.2911 0.9565 -0.0187
vn -0.2179 0.9723 0.0848
vn -0.2535 0.9504 0.1800
vn -0.3124 0.9454 0.0924
vn -0.1981 0.9442 -0.2633
vn -0.2908 0.9554 -0.0517
vn -0.5192 0.8466 -0.1172
vn -0.4673 0.8160 -0.3403
vn -0.1946 0.8969 -0.3971
vn -0.3380 0.8868 -0.3154
vn -0.4287 0.7808 -0.4546
vn -0.2979 0.7762 -0.5556
vn -0.2208 0.9337 -0.2819
vn -0.0466 0.9323 -0.3588
vn 0.0395 0.9817 -0.1861
vn -0.1270 0.9874 -0.0942
vn 0.3933 0.9000 0.1879
vn 0.3555 0.9263 0.1249
vn 0.3716 0.9247 0.0830
vn 0.4039 0.9044 0.1375
vn -0.1963 0.8241 -0.5313
vn -0.4119 0.8383 -0.3573
vn -0.6021 0.6225 -0.4999
vn -0.4354 0.5528 -0.7105
vn 0.0445 0.9735 -0.2243
vn -0.1201 0.9499 -0.2886
vn -0.1862 0.9534 -0.2372
vn -0.0602 0.9794 -0.1925
vn -0.5948 0.7753 -0.2122
vn -0.4737 0.8401 -0.2644
vn -0.4342 0.8132 -0.3876
vn -0.5376 0.7709 -0.3415
vn 0.2743 0.9421 0.1929
vn 0.1816 0.9399 0.2893
vn 0.0785 0.9772 0.1974
vn 0.1646 0.9818 0.0951
vn 0.4063 0.5629 -0.7197
vn 0.4118 0.7028 -0.5800
vn 0.4975 0.7035 -0.5075
vn 0.4944 0.6068 -0.6224
vn -0.5283 0.8427 -0.1041
vn -0.7716 0.6249 0.1190
vn -0.6693 0.6260 0.4002
vn -0.5546 0.7993 0.2313
vn -0.3975 0.8468 -0.3535
vn -0.4633 0.8585 -0.2197
vn -0.6029 0.7531 -0.2633
vn -0.5549 0.7281 -0.4025
vn 0.5487 0.7103 0.4410
vn 0.4325 0.7607 0.4840
vn 0.4131 0.7454 0.5231
vn 0.5071 0.7088 0.4903
vn 0.1224 0.8899 -0.4394
vn 0.0423 0.8443 -0.5342
vn -0.0254 0.8477 -0.5299
vn 0.0404 0.8884 -0.4573
vn 0.3722 0.9210 -0.1151
vn 0.2400 0.9480 -0.2089
vn 0.3192 0.8719 -0.3713
vn 0.4624 0.8344 -0.2999
vn 0.2106 0.8681 -0.4494
vn 0.1793 0.7030 -0.6882
vn -0.1204 0.6567 -0.7444
vn -0.0616 0.8054 -0.5895
vn 0.2801 0.9534 0.1123
vn 0.3138 0.8399 0.4427
vn -0.0107 0.8137 0.5811
vn 0.0140 0.9340 0.3570
vn 0.3557 0.9163 0.1838
vn 0.2304 0.9433 0.2388
vn 0.1376 0.9881 0.0692
vn 0.2463 0.9691 -0.0161
vn -0.1273 0.9912 -0.0361
vn -0.2305 0.9687 0.0925
vn -0.1856 0.9601 0.2092
vn -0.1101 0.9885 0.1036
vn -0.3727 0.8439 0.3859
vn -0.3358 0.9150 0.2239
vn -0.3895 0.9062 0.1644
vn -0.4180 0.8604 0.2915
vn -0.6839 0.7159 -0.1405
vn -0.5898 0.7484 -0.3035
vn -0.4426 0.8714 -0.2113
vn -0.5177 0.8547 -0.0368
vn -0.4779 0.7926 0.3786
vn -0.5334 0.6344 0.5595
vn -0.3671 0.6030 0.7082
vn -0.3535 0.7377 0.5752
vn -0.5073 0.8104 -0.2932
vn -0.5559 0.6447 -0.5248
vn -0.3485 0.6379 -0.6867
vn -0.3500 0.7776 -0.5224
vn 0.0096 0.5105 -0.8598
vn -0.2802 0.5229 -0.8050
vn -0.3360 0.2422 -0.9102
vn -0.0550 0.1872 -0.9808
vn -0.1862 0.9707 0.1517
vn -0.2516 0.9193 0.3028
vn -0.2009 0.9075 0.3689
vn -0.1547 0.9547 0.2543
vn 0.0119 0.5439 -0.8391
vn 0.5111 0.8362 -0.1989
vn 0.7879 0.5151 -0.3375
vn 0.5555 0.4810 -0.6783
vn 0.3908 0.8686 0.3045
vn 0.3180 0.9477 -0.0289
vn 0.6114 0.7578 -0.2280
vn 0.7923 0.6093 0.0326
vn -0.6967 0.4591 -0.5511
vn -0.6272 0.3136 -0.7129
vn -0.5264 0.3437 -0.7777
vn -0.5909 0.4530 -0.6676
vn -0.6529 0.3625 -0.6651
vn -0.7326 0.4622 -0.4996
vn -0.7925 0.4147 -0.4471
vn -0.7389 0.3480 -0.5770
vn 0.6619 0.6819 -0.3113
vn 0.4479 0.6966 -0.5605
vn 0.5443 0.3914 -0.7420
vn 0.7870 0.2869 -0.5461
vn 0.2004 0.9670 -0.1572
vn 0.1673 0.9853 -0.0333
vn 0.2216 0.9747 0.0293
vn 0.2471 0.9662 -0.0727
vn -0.5848 0.7532 -0.3011
vn -0.5440 0.8253 -0.1514
vn -0.6333 0.7738 -0.0119
vn -0.6672 0.7315 -0.1404
vn -0.4794 0.8726 -0.0939
vn -0.3441 0.9089 -0.2356
vn -0.2026 0.9743 -0.0980
vn -0.3253 0.9439 0.0562
vn -0.1291 0.9304 0.3431
vn -0.2969 0.8485 0.4381
vn -0.3969 0.8376 0.3754
vn -0.2712 0.9099 0.3139
vn 0.1312 0.9855 0.1074
vn 0.2348 0.9657 0.1104
vn 0.2667 0.9616 0.0642
vn 0.1817 0.9813 0.0632
vn -0.3672 0.9228 0.1166
vn -0.2629 0.9428 0.2051
vn -0.3386 0.8877 0.3120
vn -0.4464 0.8651 0.2286
vn 0.1426 0.9882 -0.0550
vn 0.1871 0.9688 -0.1625
vn 0.1524 0.9649 -0.2139
vn 0.1182 0.9850 -0.1260
vn -0.5162 0.8095 0.2796
vn -0.3354 0.9344 -0.1205
vn -0.5709 0.7150 -0.4036
vn -0.6827 0.7217 -0.1142
vn -0.1465 0.4731 -0.8688
vn 0.2505 0.5137 -0.8206
vn 0.2183 0.8046 -0.5522
vn -0.1843 0.8071 -0.5609
vn 0.4905 0.8018 -0.3414
vn 0.3387 0.9406 -0.0250
vn 0.5457 0.7963 0.2609
vn 0.6437 0.7652 0.0096
vn 0.3859 0.9218 0.0383
vn 0.3798 0.9082 -0.1761
vn 0.6044 0.7680 -0.2118
vn 0.6612 0.7502 -0.0051
vn -0.2033 0.9181 -0.3403
vn -0.4296 0.8466 -0.3142
vn -0.5076 0.8599 -0.0528
vn -0.3397 0.9345 -0.1063
vn -0.6937 0.7181 0.0550
vn -0.3048 0.9211 -0.2421
vn -0.3661 0.6983 -0.6151
vn -0.6251 0.6684 -0.4031
vn 0.3266 0.9396 0.1028
vn 0.3383 0.9251 -0.1722
vn 0.6264 0.7484 -0.2177
vn 0.7068 0.7061 0.0426
vn 0.1223 0.9444 0.3053
vn 0.1104 0.9900 0.0874
vn 0.2882 0.9573 -0.0226
vn 0.2864 0.9461 0.1513
vn -0.1775 0.2221 -0.9587
vn -0.6408 0.6054 -0.4721
vn -0.8916 0.2055 -0.4035
vn -0.6785 0.1001 -0.7278
vn 0.4314 0.8352 -0.3411
vn 0.1257 0.9899 -0.0648
vn -0.2776 0.9128 -0.2995
vn -0.1419 0.7254 -0.6735
vn 0.1476 0.9850 0.0894
vn 0.1964 0.9667 0.1641
vn 0.1821 0.9637 0.1952
vn 0.1424 0.9808 0.1329
vn 0.8142 0.4544 -0.3615
vn 0.6456 0.6156 -0.4519
vn 0.5684 0.5726 -0.5908
vn 0.7072 0.4713 -0.5271
vn -0.6576 0.6578 -0.3672
vn -0.2471 0.8472 -0.4702
vn -0.0972 0.9946 -0.0365
vn -0.4501 0.8619 0.2336
vn -0.1683 0.8614 0.4792
vn -0.2567 0.9193 0.2982
vn -0.3680 0.8877 0.2769
vn -0.3013 0.8581 0.4158
vn -0.5817 0.6395 0.5026
vn -0.3732 0.8463 0.3801
vn -0.0948 0.8303 0.5492
vn -0.2862 0.7182 0.6343
vn 0.4463 0.8940 0.0395
vn 0.3551 0.9146 0.1937
vn 0.1650 0.9812 0.1004
vn 0.2237 0.9722 -0.0698
vn -0.3968 0.8471 -0.3534
vn -0.5600 0.7577 -0.3350
vn -0.6342 0.7554 -0.1645
vn -0.5114 0.8369 -0.1950
vn -0.7042 0.7077 0.0573
vn -0.5773 0.8103 -0.1004
vn -0.5942 0.7740 -0.2189
vn -0.6943 0.7128 -0.0988
vn 0.4396 0.7888 -0.4295
vn 0.4396 0.8850 -0.1535
vn 0.1078 0.9869 -0.1199
vn 0.0044 0.9227 -0.3855
vn 0.2007 0.9343 -0.2947
vn 0.3304 0.9015 -0.2795
vn 0.3709 0.9061 -0.2036
vn 0.2683 0.9379 -0.2200
vn 0.2364 0.9526 -0.1913
vn 0.2133 0.9768 -0.0198
vn 0.3268 0.9422 0.0740
vn 0.3411 0.9378 -0.0647
vn 0.7042 0.6824 -0.1960
vn 0.6097 0.7095 -0.3533
vn 0.6983 0.5663 -0.4378
vn 0.7980 0.5308 -0.2855
vn -0.7876 0.5395 -0.2975
vn -0.7662 0.6365 -0.0885
vn -0.8092 0.5874 -0.0118
vn -0.8331 0.5274 -0.1665
vn -0.8276 0.2858 0.4832
vn -0.8408 0.4776 0.2549
vn -0.8978 0.4189 0.1359
vn -0.9041 0.3007 0.3037
vn 0.0554 0.9405 -0.3352
vn -0.0014 0.9994 -0.0360
vn -0.3509 0.9360 -0.0285
vn -0.3972 0.8582 -0.3250
vn 0.5235 0.7146 0.4639
vn 0.4592 0.5990 0.6560
vn 0.2884 0.6331 0.7183
vn 0.3575 0.7282 0.5848
vn 0.2235 0.9563 0.1884
vn 0.1675 0.9835 0.0685
vn 0.2231 0.9745 -0.0223
vn 0.2669 0.9605 0.0784
vn 0.0357 0.9791 0.2004
vn 0.1500 0.9743 0.1679
vn 0.1835 0.9418 0.2817
vn 0.0704 0.9452 0.3188
vn -0.3928 0.9078 -0.1467
vn -0.1979 0.9628 -0.1840
vn -0.1552 0.9439 -0.2914
vn -0.3051 0.9160 -0.2605
vn -0.2858 0.6602 -0.6946
vn -0.4744 -0.0673 -0.8777
vn -0.8302 -0.0467 -0.5555
vn -0.7375 0.3444 -0.5809
vn -0.4350 0.8736 -0.2182
vn -0.3383 0.8743 -0.3481
vn -0.1936 0.9470 -0.2563
vn -0.2732 0.9550 -0.1155
vn -0.7555 0.5097 0.4116
vn -0.9724 -0.0265 0.2318
vn -0.9889 0.0470 -0.1413
vn -0.9360 0.3515 0.0195
vn 0.1077 0.9899 0.0924
vn 0.0115 0.9452 0.3263
vn -0.2449 0.9135 0.3248
vn -0.1521 0.9751 0.1613
vn 0.6995 0.5194 0.4909
vn 0.5385 0.5976 0.5941
vn 0.4894 0.7565 0.4338
vn 0.6430 0.7014 0.3074
vn -0.1931 0.9611 0.1977
vn -0.1396 0.9889 0.0503
vn -0.1989 0.9796 -0.0284
vn -0.2396 0.9667 0.0896
vn 0.0987 0.8310 -0.5475
vn 0.1428 0.8938 -0.4251
vn 0.2288 0.8884 -0.3979
vn 0.1924 0.8454 -0.4983
vn -0.2182 0.8921 -0.3956
vn -0.3200 0.8968 -0.3057
vn -0.4128 0.8202 -0.3961
vn -0.3185 0.8094 -0.4934
vn -0.5418 0.7213 0.4314
vn -0.4091 0.8025 0.4344
vn -0.3597 0.7929 0.4919
vn -0.4676 0.7356 0.4902
vn -0.4246 0.8140 -0.3964
vn -0.5905 0.7160 -0.3724
vn -0.6537 0.7163 -0.2442
vn -0.5325 0.8007 -0.2745
vn -0.0564 0.9867 0.1526
vn 0.0633 0.9910 0.1179
vn 0.1262 0.9544 0.2706
vn 0.0151 0.9450 0.3266
vn -0.6470 0.7073 -0.2849
vn -0.4511 0.8438 -0.2906
vn -0.3018 0.7927 -0.5297
vn -0.4780 0.7161 -0.5086
vn -0.4063 0.8967 -0.1758
vn -0.7260 0.6864 0.0423
vn -0.6075 0.6821 0.4072
vn -0.4551 0.8613 0.2260
vn -0.5397 0.7964 -0.2729
vn -0.4524 0.7987 -0.3968
vn -0.3245 0.8905 -0.3190
vn -0.3975 0.8985 -0.1863
vn -0.2995 0.9329 0.1997
vn -0.1380 0.9571 0.2550
vn -0.1170 0.9354 0.3338
vn -0.2425 0.9256 0.2908
vn -0.3287 0.9425 -0.0596
vn -0.4410 0.8907 0.1103
vn -0.3746 0.8948 0.2431
vn -0.3008 0.9472 0.1112
vn -0.1949 0.7958 -0.5734
vn -0.3136 0.8571 -0.4087
vn -0.5276 0.7128 -0.4622
vn -0.4559 0.6196 -0.6390
vn 0.3595 0.9207 0.1517
vn 0.4229 0.8648 0.2707
vn 0.3286 0.8526 0.4063
vn 0.2873 0.9079 0.3051
vn -0.0559 0.9811 -0.1851
vn -0.0109 0.9257 -0.3782
vn 0.1560 0.8956 -0.4165
vn 0.1113 0.9552 -0.2743
vn 0.2833 0.9391 -0.1945
vn 0.0420 0.9641 -0.2622
vn 0.0703 0.8525 -0.5180
vn 0.3173 0.8065 -0.4989
vn -0.7513 0.5186 -0.4081
vn -0.3650 0.7513 -0.5498
vn -0.2143 0.5104 -0.8328
vn -0.5027 0.4367 -0.7461
vn -0.2787 0.9594 0.0435
vn -0.3613 0.9307 -0.0576
vn -0.3466 0.9326 -0.1009
vn -0.2828 0.9590 -0.0204
vn -0.3475 0.9310 0.1121
vn -0.1475 0.9419 0.3017
vn -0.3014 0.7989 0.5205
vn -0.5325 0.7584 0.3758
vn 0.4134 0.8953 0.1661
vn 0.3345 0.9272 0.1686
vn 0.3008 0.9286 0.2175
vn 0.3690 0.9043 0.2146
vn -0.2116 0.9676 -0.1377
vn -0.3900 0.9103 -0.1386
vn -0.4305 0.9005 -0.0615
vn -0.2979 0.9524 -0.0653
vn -0.0722 0.6397 -0.7652
vn -0.3944 0.7667 -0.5065
vn -0.7020 0.4307 -0.5671
vn -0.4962 0.1760 -0.8502
vn -0.2712 0.9508 -0.1498
vn -0.0504 0.9795 0.1951
vn -0.2757 0.8382 0.4706
vn -0.4008 0.8895 0.2195
vn 0.2292 0.9643 0.1330
vn 0.2574 0.9059 0.3364
vn 0.0745 0.8882 0.4533
vn 0.0716 0.9523 0.2966
vn 0.5182 0.7391 -0.4304
vn 0.3697 0.6879 -0.6246
vn 0.5161 0.4682 -0.7173
vn 0.6925 0.4774 -0.5408
vn 0.5474 0.7674 -0.3338
vn 0.3337 0.9070 -0.2570
vn 0.1195 0.8836 -0.4527
vn 0.3081 0.8102 -0.4986
vn -0.1975 0.9802 0.0099
vn -0.3120 0.9484 0.0562
vn -0.3272 0.9317 0.1576
vn -0.2358 0.9649 0.1159
vn 0.0013 0.6063 -0.7952
vn 0.3220 0.6893 -0.6490
vn 0.2044 0.9170 -0.3426
vn -0.1547 0.9086 -0.3881
vn -0.4754 0.8224 -0.3126
vn -0.4198 0.7203 -0.5522
vn -0.1697 0.7622 -0.6248
vn -0.2438 0.8542 -0.4592
vn -0.4388 0.8635 -0.2484
vn -0.5626 0.7928 -0.2343
vn -0.5945 0.7855 -0.1719
vn -0.4997 0.8461 -0.1858
vn 0.4832 0.8553 0.1873
vn 0.3618 0.9052 -0.2229
vn 0.6499 0.6222 -0.4366
vn 0.8782 0.4663 -0.1067
vn 0.0864 0.9710 0.2227
vn 0.1118 0.9841 0.1377
vn 0.1762 0.9775 0.1164
vn 0.1527 0.9700 0.1890
vn -0.3640 0.9143 0.1775
vn -0.3482 0.8559 0.3824
vn -0.1615 0.8711 0.4638
vn -0.1956 0.9308 0.3089
vn -0.3522 0.9119 0.2105
vn -0.1557 0.9417 0.2984
vn -0.2134 0.8403 0.4984
vn -0.4169 0.7983 0.4347
vn -0.4997 0.8661 0.0115
vn -0.3027 0.9491 -0.0875
vn -0.2833 0.9209 -0.2677
vn -0.4358 0.8810 -0.1841
vn 0.6900 0.5748 -0.4398
vn 0.9162 0.2348 -0.3247
vn 0.9657 0.2597 -0.0003
vn 0.8622 0.4911 -0.1242
vn -0.5279 0.8175 -0.2305
vn -0.5455 0.8381 0.0021
vn -0.7341 0.6787 0.0189
vn -0.7403 0.6381 -0.2116
vn -0.2985 0.9536 0.0400
vn -0.3699 0.9222 -0.1129
vn -0.3148 0.9284 -0.1976
vn -0.2658 0.9609 -0.0778
vn 0.0551 0.7724 -0.6328
vn 0.3235 0.5503 -0.7697
vn 0.3835 0.5830 -0.7163
vn 0.2176 0.7320 -0.6457
vn -0.5708 0.8091 -0.1401
vn -0.4538 0.8282 -0.3287
vn -0.2147 0.9502 -0.2260
vn -0.2686 0.9632 -0.0102
vn -0.5033 0.8592 0.0921
vn -0.3476 0.9316 -0.1066
vn -0.4565 0.8087 -0.3710
vn -0.5722 0.7960 -0.1975
vn -0.2977 0.9527 -0.0607
vn -0.4675 0.8837 0.0240
vn -0.4710 0.8662 0.1667
vn -0.3497 0.9320 0.0947
vn -0.3929 0.7825 -0.4830
vn -0.3235 0.9409 -0.1001
vn -0.6511 0.7440 0.1501
vn -0.8527 0.5057 -0.1307
vn -0.2953 0.9253 0.2379
vn -0.4642 0.8476 0.2571
vn -0.5514 0.8248 0.1250
vn -0.4221 0.8982 0.1227
vn -0.8773 0.3478 -0.3308
vn -0.6011 0.7959 0.0722
vn -0.6916 0.5576 0.4591
vn -0.8977 0.3983 0.1883
vn -0.3552 0.7912 0.4979
vn -0.3713 0.9108 0.1803
vn 0.0011 0.9934 0.1145
vn 0.1426 0.9013 0.4090
vn -0.2555 0.9574 -0.1348
vn -0.5061 0.7740 -0.3806
vn -0.3326 0.6843 -0.6489
vn -0.2089 0.8543 -0.4759
vn -0.4701 0.8598 -0.1994
vn -0.5606 0.8125 -0.1603
vn -0.5753 0.8113 -0.1036
vn -0.5033 0.8531 -0.1377
vn -0.3185 0.8853 -0.3388
vn -0.4334 0.8748 -0.2164
vn -0.5466 0.7746 -0.3180
vn -0.4420 0.7759 -0.4500
vn -0.5143 0.7785 -0.3597
vn -0.6739 0.4126 -0.6129
vn -0.3744 0.3353 -0.8646
vn -0.3484 0.6052 -0.7157
vn 0.2114 0.9506 -0.2271
vn 0.2965 0.8633 -0.4084
vn 0.1173 0.8070 -0.5788
vn 0.0758 0.8988 -0.4317
vn 0.2646 0.9404 0.2137
vn 0.1554 0.9567 0.2461
vn 0.1072 0.9884 0.1080
vn 0.2109 0.9757 0.0600
vn -0.7551 0.5320 -0.3832
vn -0.7582 0.6053 -0.2424
vn -0.7971 0.5751 -0.1838
vn -0.7987 0.5236 -0.2967
vn 0.1434 0.9758 0.1652
vn 0.1360 0.9455 0.2959
vn 0.0609 0.9394 0.3374
vn 0.0705 0.9698 0.2333
vn 0.2842 0.9249 -0.2524
vn 0.0719 0.9809 -0.1809
vn -0.0719 0.9068 -0.4153
vn 0.1052 0.8327 -0.5436
vn -0.3167 0.9138 0.2542
vn -0.3113 0.8348 0.4540
vn -0.1998 0.8342 0.5140
vn -0.2144 0.9043 0.3692
vn -0.4967 0.8363 -0.2322
vn -0.6365 0.7381 -0.2236
vn -0.7025 0.7086 -0.0662
vn -0.5970 0.7976 -0.0855
vn -0.6609 0.7377 -0.1379
vn -0.5844 0.7717 -0.2508
vn -0.4786 0.8624 -0.1649
vn -0.5440 0.8380 -0.0429
vn 0.5035 0.4374 -0.7451
vn 0.3897 0.7972 -0.4611
vn 0.6558 0.7424 -0.1371
vn 0.7231 0.5696 -0.3908
vn -0.2682 0.9607 -0.0710
vn -0.3261 0.9084 -0.2616
vn -0.2462 0.9053 -0.3460
vn -0.2108 0.9559 -0.2042
vn -0.0774 0.9395 0.3336
vn -0.2282 0.9511 0.2083
vn -0.1017 0.9943 0.0318
vn 0.0669 0.9889 0.1324
vn -0.1635 0.9860 0.0312
vn -0.1558 0.9626 0.2217
vn -0.0275 0.9582 0.2846
vn -0.0425 0.9893 0.1394
vn -0.4351 0.2586 -0.8624
vn -0.0803 0.4485 -0.8902
vn 0.0976 0.2800 -0.9550
vn -0.1493 0.1895 -0.9705
vn 0.3742 0.7679 0.5199
vn 0.4610 0.7914 0.4013
vn 0.5639 0.6910 0.4523
vn 0.4822 0.6625 0.5732
vn -0.2005 0.9251 0.3225
vn -0.1580 0.7645 0.6250
vn 0.1086 0.7283 0.6766
vn 0.0479 0.8711 0.4888
vn -0.5804 0.7551 -0.3049
vn -0.0492 0.9371 -0.3456
vn 0.0810 0.6889 -0.7203
vn -0.2655 0.6835 -0.6800
vn -0.1419 0.9457 -0.2923
vn -0.2203 0.9565 -0.1912
vn -0.3222 0.9099 -0.2614
vn -0.2484 0.8970 -0.3655
vn -0.3528 0.9333 0.0664
vn -0.5214 0.8514 -0.0564
vn -0.4739 0.8351 -0.2795
vn -0.3617 0.9169 -0.1688
vn -0.5740 0.8133 -0.0948
vn -0.3379 0.9411 0.0117
vn -0.3168 0.9129 0.2573
vn -0.4974 0.8526 0.1600
vn 0.3831 0.8164 -0.4320
vn 0.4594 0.8160 -0.3509
vn 0.3895 0.8769 -0.2817
vn 0.3105 0.8798 -0.3600
vn -0.3034 0.9526 0.0216
vn -0.2202 0.9754 -0.0133
vn -0.2137 0.9757 -0.0481
vn -0.2832 0.9589 -0.0184
vn -0.5605 0.7283 -0.3943
vn -0.4474 0.8065 -0.3865
vn -0.4151 0.8056 -0.4226
vn -0.5068 0.7474 -0.4297
vn -0.1501 0.9872 -0.0533
vn -0.0770 0.9921 0.0987
vn -0.2345 0.9540 0.1866
vn -0.3231 0.9454 0.0433
vn 0.2571 0.9071 -0.3334
vn 0.1427 0.9446 -0.2957
vn 0.0601 0.9327 -0.3557
vn 0.1576 0.9092 -0.3855
vn -0.1131 0.9930 0.0341
vn -0.2747 0.9601 -0.0523
vn -0.2722 0.9396 -0.2073
vn -0.1518 0.9796 -0.1313
vn -0.1495 0.5716 0.8068
vn 0.2514 0.7628 0.5958
vn 0.6044 0.4080 0.6843
vn 0.3527 0.0664 0.9334
vn -0.1610 0.9697 0.1836
vn -0.3301 0.9116 0.2450
vn -0.4130 0.8946 0.1710
vn -0.2848 0.9496 0.1306
vn 0.2763 0.8833 -0.3787
vn 0.2819 0.9402 -0.1911
vn 0.4566 0.8853 -0.0882
vn 0.4427 0.8623 -0.2458
vn -0.0841 0.9651 0.2480
vn 0.0297 0.9873 0.1560
vn 0.1930 0.9368 0.2918
vn 0.1132 0.9041 0.4120
vn -0.4908 0.7768 -0.3946
vn -0.2770 0.9609 0.0049
vn -0.5116 0.8024 0.3074
vn -0.6387 0.7692 0.0169
vn -0.7252 0.3796 -0.5745
vn -0.6057 0.5134 -0.6079
vn -0.5706 0.5036 -0.6487
vn -0.6653 0.4065 -0.6262
vn 0.0938 0.8245 -0.5580
vn -0.1665 0.9071 -0.3867
vn -0.4162 0.7137 -0.5634
vn -0.2284 0.5750 -0.7856
vn 0.1535 0.9466 0.2834
vn 0.1423 0.9758 0.1658
vn 0.1927 0.9733 0.1246
vn 0.2004 0.9543 0.2217
vn -0.3847 0.8298 -0.4044
vn -0.3344 0.9160 -0.2217
vn -0.4261 0.8982 -0.1079
vn -0.4640 0.8486 -0.2541
vn -0.0690 0.4856 -0.8714
vn -0.2957 0.5289 -0.7955
vn -0.3736 0.3108 -0.8740
vn -0.1527 0.2509 -0.9559
vn -0.2102 0.9490 -0.2351
vn -0.6481 0.7331 -0.2061
vn -0.6984 0.6871 0.2002
vn -0.4583 0.8806 0.1204
vn 0.1560 0.9850 -0.0737
vn 0.3939 0.9162 -0.0738
vn 0.4807 0.8634 0.1535
vn 0.3066 0.9426 0.1321
vn 0.3960 0.9020 0.1720
vn 0.2135 0.9341 0.2861
vn 0.0583 0.9947 0.0842
vn 0.2091 0.9753 -0.0717
vn -0.4625 0.7477 0.4765
vn -0.5084 0.7849 0.3541
vn -0.5476 0.7660 0.3367
vn -0.5125 0.7402 0.4353
vn -0.3074 0.9516 0.0040
vn -0.2104 0.9770 0.0351
vn -0.1935 0.9770 0.0899
vn -0.2745 0.9595 0.0631
vn 0.7281 0.6174 -0.2978
vn 0.2719 0.8332 -0.4815
vn 0.1732 0.4838 -0.8579
vn 0.6016 0.1690 -0.7808
vn -0.3296 0.9408 0.0798
vn -0.7884 0.5351 -0.3035
vn -0.4709 0.5350 -0.7014
vn -0.3286 0.8213 -0.4664
vn 0.2599 0.9557 -0.1379
vn 0.1119 0.9875 -0.1109
vn 0.0320 0.9796 -0.1982
vn 0.1539 0.9642 -0.2160
vn -0.4192 0.8568 -0.3003
vn -0.4578 0.8709 -0.1788
vn -0.5750 0.7932 -0.2007
vn -0.5451 0.7733 -0.3239
vn 0.2637 0.9635 -0.0460
vn 0.3289 0.9261 -0.1850
vn 0.2609 0.9224 -0.2848
vn 0.2166 0.9610 -0.1717
vn 0.3216 0.6731 -0.6660
vn 0.4984 0.5901 -0.6351
vn 0.5594 0.6227 -0.5470
vn 0.4303 0.6903 -0.5816
vn -0.1421 0.9897 0.0148
vn -0.0889 0.9858 0.1426
vn -0.2165 0.9559 0.1987
vn -0.2756 0.9585 0.0732
vn -0.2515 0.9678 -0.0080
vn -0.1033 0.9926 0.0635
vn -0.0907 0.9780 0.1879
vn -0.2082 0.9699 0.1259
vn -0.5469 0.7939 -0.2657
vn -0.5234 0.8403 -0.1413
vn -0.5837 0.8099 -0.0570
vn -0.6042 0.7804 -0.1611
vn 0.1850 0.9547 -0.2330
vn 0.2380 0.9645 -0.1145
vn 0.1146 0.9918 -0.0568
vn 0.0539 0.9837 -0.1715
vn -0.1105 0.9816 0.1558
vn -0.2262 0.9674 0.1139
vn -0.2354 0.9693 0.0708
vn -0.1435 0.9840 0.1054
vn -0.7081 0.6099 -0.3559
vn -0.7920 0.3651 -0.4894
vn -0.6351 0.3107 -0.7072
vn -0.6155 0.5034 -0.6064
vn -0.5074 0.2153 -0.8344
vn -0.2572 0.2714 -0.9275
vn -0.2531 0.5248 -0.8127
vn -0.5032 0.4979 -0.7063
vn -0.6687 0.3997 -0.6270
vn -0.8574 -0.1523 -0.4916
vn -0.9932 -0.0733 -0.0902
vn -0.9382 0.2346 -0.2545
vn -0.7089 0.6790 -0.1908
vn -0.3959 0.8682 0.2991
vn -0.5660 0.5734 0.5923
vn -0.7678 0.5687 0.2951
vn -0.9196 0.3177 0.2311
vn -0.9215 0.3499 -0.1683
vn -0.6857 0.6972 -0.2093
vn -0.6112 0.7714 0.1772
vn -0.5041 0.8440 -0.1834
vn -0.5667 0.7698 -0.2937
vn -0.5058 0.7593 -0.4095
vn -0.4639 0.8264 -0.3192
vn 0.4266 0.8043 -0.4138
vn 0.4031 0.8671 -0.2926
vn 0.4765 0.8549 -0.2053
vn 0.4945 0.8121 -0.3096
vn -0.7833 0.6215 0.0148
vn -0.7724 0.5097 0.3790
vn -0.9325 0.1528 0.3273
vn -0.9830 0.1767 -0.0498
vn 0.3407 0.9238 0.1746
vn 0.4065 0.9032 0.1378
vn 0.4138 0.9055 0.0938
vn 0.3589 0.9248 0.1258
vn 0.0841 0.8460 -0.5264
vn -0.1058 0.9506 -0.2919
vn -0.3528 0.8769 -0.3263
vn -0.2039 0.8436 -0.4967
vn -0.2533 0.7024 0.6652
vn -0.4671 0.8029 0.3702
vn -0.1825 0.9764 0.1152
vn 0.1349 0.9388 0.3168
vn -0.3027 0.8873 -0.3480
vn -0.4109 0.8498 -0.3300
vn -0.4393 0.8550 -0.2757
vn -0.3523 0.8887 -0.2935
vn -0.4467 0.8667 -0.2222
vn -0.4888 0.8100 -0.3241
vn -0.4656 0.8087 -0.3595
vn -0.4339 0.8568 -0.2787
vn 0.1279 0.9847 -0.1185
vn -0.0681 0.9821 -0.1756
vn -0.0211 0.9245 -0.3807
vn 0.1801 0.9206 -0.3465
vn -0.5164 0.8322 -0.2018
vn -0.5985 0.7028 -0.3846
vn -0.4048 0.6945 -0.5948
vn -0.3773 0.8123 -0.4448
vn 0.4117 0.8100 -0.4176
vn 0.1722 0.9046 -0.3899
vn 0.0301 0.8376 -0.5454
vn 0.2210 0.7969 -0.5622
vn -0.3648 0.9287 0.0661
vn -0.2815 0.9379 0.2028
vn -0.4096 0.8627 0.2965
vn -0.5049 0.8466 0.1686
vn -0.6728 0.7364 0.0709
vn -0.5897 0.8047 -0.0684
vn -0.6064 0.7863 -0.1186
vn -0.6725 0.7400 -0.0122
vn 0.0734 0.9558 -0.2846
vn -0.0530 0.9176 -0.3941
vn -0.1305 0.9206 -0.3680
vn -0.0315 0.9570 -0.2882
vn 0.1408 0.9689 -0.2036
vn -0.0178 0.9897 -0.1423
vn -0.0884 0.9506 -0.2975
vn 0.0663 0.9277 -0.3674
vn -0.5046 0.8602 0.0731
vn -0.3727 0.9270 -0.0411
vn -0.3850 0.9041 -0.1853
vn -0.4905 0.8668 -0.0901
vn -0.5486 0.7602 -0.3480
vn -0.3708 0.8444 -0.3867
vn -0.2766 0.7765 -0.5662
vn -0.4282 0.7324 -0.5294
vn 0.1182 0.9717 -0.2043
vn -0.0347 0.9647 -0.2609
vn 0.0181 0.9118 -0.4103
vn 0.1740 0.9159 -0.3617
vn -0.6865 0.2254 -0.6913
vn -0.7293 0.4322 -0.5305
vn -0.8281 0.3990 -0.3939
vn -0.8064 0.2630 -0.5297
vn -0.4560 0.8891 -0.0388
vn -0.6557 0.6193 -0.4319
vn -0.3202 0.6222 -0.7144
vn -0.2815 0.8380 -0.4674
vn -0.1699 0.9330 -0.3171
vn -0.3131 0.9128 -0.2621
vn -0.3601 0.8441 -0.3972
vn -0.2193 0.8607 -0.4594
vn 0.4548 0.7454 0.4875
vn 0.5914 0.6037 0.5346
vn 0.6952 0.5704 0.4374
vn 0.5957 0.6878 0.4147
vn -0.7500 0.6612 0.0180
vn -0.5309 0.8392 -0.1176
vn -0.5049 0.7950 -0.3363
vn -0.6748 0.7012 -0.2300
vn -0.4097 0.8600 -0.3041
vn -0.5229 0.8521 -0.0219
vn -0.7663 0.6372 -0.0822
vn -0.7076 0.5970 -0.3781
vn 0.1359 0.9858 0.0984
vn 0.2012 0.9608 0.1907
vn 0.1733 0.9501 0.2593
vn 0.1219 0.9755 0.1833
vn 0.1626 0.8749 -0.4562
vn 0.0537 0.8210 -0.5684
vn -0.0699 0.8332 -0.5485
vn 0.0210 0.8835 -0.4680
vn -0.3154 0.8077 -0.4982
vn -0.4070 0.8565 -0.3173
vn -0.5980 0.7199 -0.3522
vn -0.5366 0.6494 -0.5388
vn -0.7054 0.6266 -0.3315
vn -0.8076 0.5113 -0.2939
vn -0.8342 0.5046 -0.2224
vn -0.7595 0.5978 -0.2564
vn -0.3810 0.9233 -0.0488
vn -0.4878 0.8645 0.1212
vn -0.3936 0.8723 0.2900
vn -0.3282 0.9324 0.1515
vn -0.2455 0.9462 0.2107
vn -0.2743 0.9608 0.0409
vn -0.0859 0.9963 -0.0012
vn -0.0341 0.9860 0.1632
vn -0.7975 0.0903 0.5966
vn -0.7707 0.6215 -0.1408
vn -0.9073 0.1834 -0.3783
vn -0.9996 0.0242 0.0134
vn -0.2810 0.9283 -0.2435
vn -0.2463 0.8817 -0.4025
vn -0.1068 0.8865 -0.4502
vn -0.1443 0.9335 -0.3282
vn -0.2283 0.8473 0.4795
vn -0.3510 0.8882 0.2964
vn -0.1608 0.9736 0.1622
vn -0.0086 0.9459 0.3243
vn -0.5741 0.8172 0.0505
vn -0.6868 0.7253 -0.0484
vn -0.6778 0.7279 -0.1039
vn -0.5969 0.8018 -0.0278
vn -0.6342 0.4975 -0.5919
vn -0.7515 0.3255 -0.5738
vn -0.8056 0.3183 -0.4998
vn -0.7253 0.4488 -0.5221
vn -0.0887 0.8345 -0.5438
vn -0.3102 0.8661 -0.3921
vn -0.5259 0.6543 -0.5434
vn -0.3736 0.5549 -0.7433
vn 0.1780 0.9442 -0.2770
vn 0.2845 0.8917 -0.3521
vn 0.3966 0.8692 -0.2953
vn 0.3074 0.9205 -0.2411
vn 0.0656 0.9869 -0.1474
vn -0.3130 0.8334 -0.4555
vn -0.6155 0.7662 -0.1849
vn -0.3652 0.9293 -0.0552
vn -0.1771 0.9745 -0.1379
vn -0.2581 0.9658 0.0246
vn -0.4276 0.9026 -0.0510
vn -0.3638 0.9048 -0.2213
vn 0.0170 0.9858 0.1672
vn 0.2248 0.9451 0.2373
vn 0.3691 0.9258 0.0818
vn 0.2051 0.9776 0.0467
vn -0.2210 0.8903 -0.3982
vn -0.6258 0.6693 -0.4006
vn -0.7379 0.6742 -0.0309
vn -0.5046 0.8582 -0.0943
vn 0.2073 0.9105 -0.3578
vn 0.0702 0.9011 -0.4278
vn 0.1336 0.8175 -0.5603
vn 0.2765 0.8194 -0.5022
vn 0.2003 0.9438 0.2631
vn 0.0427 0.9825 0.1815
vn -0.0903 0.9610 0.2615
vn 0.0394 0.9457 0.3226
vn 0.3202 0.8814 -0.3474
vn 0.1724 0.9490 -0.2639
vn 0.0151 0.9349 -0.3546
vn 0.1447 0.8974 -0.4169
vn -0.1733 0.9430 0.2840
vn 0.1311 0.9775 0.1655
vn 0.3408 0.8273 0.4466
vn 0.1079 0.7418 0.6619
vn -0.4804 0.8383 0.2577
vn -0.2378 0.9113 0.3363
vn -0.1721 0.7877 0.5915
vn -0.3658 0.7739 0.5170
vn -0.8335 -0.0243 -0.5520
vn -0.3631 0.4805 -0.7983
vn -0.0756 0.1331 -0.9882
vn -0.4095 -0.0634 -0.9101
vn 0.2669 0.9548 0.1311
vn 0.2348 0.9709 -0.0472
vn 0.4263 0.8982 -0.1071
vn 0.4872 0.8711 0.0621
vn -0.6227 0.7332 -0.2733
vn -0.9722 0.2340 -0.0118
vn -0.8465 0.3231 0.4232
vn -0.7485 0.6244 0.2233
vn 0.1685 0.9313 -0.3230
vn 0.2091 0.9461 -0.2472
vn 0.2417 0.9396 -0.2424
vn 0.2076 0.9290 -0.3062
vn 0.3831 0.9225 -0.0473
vn 0.2483 0.9527 -0.1755
vn 0.3626 0.8579 -0.3641
vn 0.5207 0.8086 -0.2741
vn -0.4751 0.8067 -0.3515
vn -0.3701 0.8410 -0.3947
vn -0.3574 0.8274 -0.4333
vn -0.4432 0.8028 -0.3989
vn 0.3786 0.9131 -0.1511
vn 0.2795 0.9601 -0.0084
vn 0.3343 0.9332 0.1318
vn 0.4117 0.9112 0.0133
vn -0.2065 0.8663 -0.4548
vn -0.4295 0.8993 -0.0819
vn -0.7731 0.6125 -0.1646
vn -0.6688 0.4807 -0.5671
vn 0.1550 0.8092 -0.5667
vn 0.0617 0.8883 -0.4552
vn -0.0645 0.8836 -0.4638
vn 0.0155 0.8316 -0.5551
vn 0.2128 0.7423 -0.6353
vn 0.2201 0.8762 -0.4288
vn 0.4297 0.8508 -0.3025
vn 0.4130 0.7758 -0.4770
vn 0.4968 0.8482 -0.1838
vn 0.1652 0.9520 -0.2576
vn 0.1213 0.7860 -0.6062
vn 0.4398 0.6318 -0.6383
vn 0.1732 0.9350 -0.3094
vn 0.4009 0.8450 -0.3540
vn 0.5528 0.8269 -0.1032
vn 0.3768 0.9203 -0.1049
vn 0.7223 0.6147 -0.3170
vn 0.7435 0.4448 -0.4993
vn 0.6342 0.4576 -0.6232
vn 0.6402 0.5883 -0.4940
vn -0.5018 0.8624 0.0671
vn -0.4508 0.8762 -0.1701
vn -0.2043 0.9695 -0.1355
vn -0.2142 0.9709 0.1071
vn -0.1303 0.9777 -0.1649
vn 0.1130 0.8897 -0.4424
vn 0.4046 0.8593 -0.3130
vn 0.2165 0.9631 -0.1600
vn -0.4961 0.8679 -0.0261
vn -0.3885 0.9158 0.1013
vn -0.4128 0.8859 0.2115
vn -0.4986 0.8601 0.1081
vn -0.3230 0.8301 0.4544
vn -0.4281 0.8478 0.3131
vn -0.2872 0.9367 0.2004
vn -0.1642 0.9304 0.3278
vn 0.2087 0.9441 -0.2552
vn 0.1913 0.9073 -0.3744
vn 0.0988 0.9035 -0.4171
vn 0.1174 0.9396 -0.3215
vn -0.1213 0.9885 -0.0907
vn 0.2400 0.7783 -0.5802
vn 0.6312 0.7083 -0.3160
vn 0.3943 0.9121 -0.1125
vn -0.2839 0.3915 0.8753
vn -0.5415 0.5949 0.5940
vn -0.2471 0.8822 0.4009
vn 0.1151 0.7807 0.6143
vn 0.0872 0.9705 0.2246
vn 0.2076 0.9523 0.2236
vn 0.2435 0.9548 0.1704
vn 0.1466 0.9739 0.1735
vn -0.6527 0.6240 -0.4297
vn -0.8719 0.4040 -0.2767
vn -0.8782 0.4750 0.0562
vn -0.7632 0.6385 -0.0990
vn -0.4375 0.8808 0.1811
vn -0.4628 0.8864 0.0065
vn -0.2938 0.9556 -0.0232
vn -0.2548 0.9555 0.1487
vn -0.2221 0.9200 0.3230
vn -0.1135 0.8409 0.5291
vn 0.0510 0.8444 0.5333
vn -0.0396 0.9182 0.3942
vn -0.5026 0.8636 -0.0400
vn -0.3040 0.9444 -0.1256
vn -0.2729 0.9134 -0.3020
vn -0.4281 0.8743 -0.2287
vn -0.5054 0.7394 0.4447
vn -0.4701 0.8736 0.1255
vn -0.6537 0.7549 -0.0520
vn -0.6798 0.7090 0.1874
vn -0.0995 0.9765 0.1913
vn 0.0727 0.9887 0.1313
vn 0.1627 0.9336 0.3192
vn 0.0045 0.9129 0.4082
vn 0.2849 0.9477 -0.1436
vn 0.2528 0.9665 -0.0449
vn 0.2760 0.9610 -0.0144
vn 0.3025 0.9483 -0.0956
vn -0.3718 0.9225 0.1039
vn 0.0010 0.9888 -0.1492
vn -0.1142 0.8434 -0.5249
vn -0.3442 0.8808 -0.3251
vn -0.1537 0.9845 -0.0842
vn -0.0993 0.9946 0.0286
vn -0.2124 0.9732 0.0880
vn -0.2716 0.9622 -0.0222
vn -0.4020 0.8356 -0.3744
vn -0.5855 0.6858 -0.4323
vn -0.7247 0.6373 -0.2619
vn -0.5918 0.7685 -0.2433
vn 0.2862 0.7041 -0.6499
vn 0.6762 0.4454 -0.5868
vn 0.8029 0.5605 -0.2031
vn 0.5822 0.7444 -0.3271
vn -0.3027 0.9004 0.3124
vn -0.3184 0.9435 0.0916
vn -0.0594 0.9970 0.0493
vn 0.0103 0.9652 0.2614
vn -0.2846 0.9563 0.0674
vn -0.2358 0.9712 -0.0337
vn -0.2715 0.9574 -0.0986
vn -0.3109 0.9504 -0.0137
vn 0.1587 0.9692 0.1885
vn 0.1110 0.9533 0.2809
vn 0.0717 0.9559 0.2847
vn 0.1119 0.9713 0.2097
vn -0.3437 0.8220 -0.4541
vn -0.3453 0.9256 -0.1552
vn -0.6431 0.7648 -0.0384
vn -0.7278 0.6148 -0.3037
vn 0.4675 0.7945 -0.3875
vn 0.3257 0.8732 -0.3626
vn 0.2116 0.8568 -0.4702
vn 0.3343 0.8063 -0.4880
vn 0.2574 0.8853 -0.3873
vn 0.2531 0.9397 -0.2298
vn 0.3290 0.9285 -0.1722
vn 0.3311 0.8952 -0.2984
vn -0.2240 0.6091 0.7608
vn -0.4791 0.6343 0.6067
vn -0.3802 0.8566 0.3487
vn -0.0936 0.9020 0.4214
vn 0.4477 0.7201 0.5301
vn 0.6492 0.5055 0.5684
vn 0.7996 0.4763 0.3658
vn 0.6653 0.6468 0.3728
vn 0.2599 0.9311 -0.2560
vn 0.1946 0.8672 -0.4583
vn -0.0598 0.8736 -0.4830
vn 0.0185 0.9417 -0.3359
vn -0.8187 0.2504 -0.5168
vn -0.6732 0.3233 -0.6650
vn -0.6460 0.5219 -0.5570
vn -0.7888 0.4680 -0.3984
vn -0.8276 0.5352 -0.1692
vn -0.6995 0.6764 -0.2308
vn -0.6833 0.6697 -0.2908
vn -0.7835 0.5708 -0.2455
vn -0.5497 0.7433 -0.3812
vn -0.3674 0.8755 -0.3138
vn -0.1538 0.8526 -0.4995
vn -0.3233 0.7764 -0.5410
vn -0.2998 0.8621 -0.4084
vn -0.0840 0.9127 -0.3998
vn -0.0765 0.9866 -0.1440
vn -0.2909 0.9516 -0.0987
vn 0.0939 0.8949 -0.4364
vn -0.1026 0.9352 -0.3389
vn -0.2299 0.8836 -0.4080
vn -0.0798 0.8724 -0.4823
vn 0.2842 0.8843 -0.3705
vn 0.1378 0.9398 -0.3127
vn 0.0017 0.9120 -0.4101
vn 0.1291 0.8823 -0.4527
vn -0.5606 -0.0402 0.8271
vn -0.8628 0.0730 0.5002
vn -0.7369 0.5170 0.4356
vn -0.3957 0.5415 0.7418
vn -0.8775 0.3632 -0.3130
vn -0.7020 0.7033 -0.1124
vn -0.7336 0.6505 0.1965
vn -0.8806 0.4729 0.0312
vn -0.4284 0.7788 -0.4583
vn -0.4605 0.8434 -0.2767
vn -0.6110 0.7696 -0.1855
vn -0.5836 0.7391 -0.3364
vn -0.0269 0.8235 -0.5666
vn 0.1166 0.8269 -0.5502
vn 0.1049 0.9028 -0.4170
vn -0.0394 0.9047 -0.4243
vn -0.2033 0.9219 -0.3300
vn -0.3877 0.8687 -0.3082
vn -0.4583 0.8792 -0.1301
vn -0.3173 0.9340 -0.1642
vn 0.0024 0.9314 -0.3639
vn -0.1169 0.9775 -0.1757
vn -0.3271 0.9266 -0.1856
vn -0.2242 0.9171 -0.3298
vn 0.3198 0.8745 -0.3646
vn 0.1476 0.8889 -0.4337
vn 0.1880 0.7691 -0.6109
vn 0.3664 0.7365 -0.5686
vn 0.4532 0.8114 -0.3690
vn 0.3401 0.8643 -0.3706
vn 0.2838 0.8534 -0.4372
vn 0.3791 0.8162 -0.4360
vn 0.1889 0.9722 -0.1385
vn 0.1371 0.9892 -0.0522
vn 0.1535 0.9880 -0.0184
vn 0.1960 0.9764 -0.0903
vn -0.5725 0.0621 -0.8176
vn 0.0290 0.4962 -0.8677
vn -0.0959 0.9324 -0.3483
vn -0.7426 0.6617 -0.1039
vn 0.4221 0.6530 -0.6288
vn 0.3584 0.4313 -0.8279
vn 0.1123 0.4313 -0.8952
vn 0.1898 0.6014 -0.7761
vn 0.3956 0.8772 -0.2721
vn 0.5831 0.7916 -0.1827
vn 0.5924 0.8042 0.0484
vn 0.4628 0.8855 -0.0419
vn -0.2538 0.8665 -0.4299
vn -0.3869 0.8641 -0.3221
vn -0.5016 0.7451 -0.4396
vn -0.3847 0.7305 -0.5642
vn -0.8835 0.4165 -0.2145
vn -0.6713 0.6536 -0.3494
vn -0.5880 0.5862 -0.5574
vn -0.7619 0.4545 -0.4615
vn 0.1262 0.7925 -0.5966
vn 0.2041 0.8700 -0.4488
vn 0.3528 0.8374 -0.4174
vn 0.2864 0.7919 -0.5394
vn -0.6421 0.7091 -0.2914
vn -0.5539 0.7090 -0.4365
vn -0.4319 0.8222 -0.3707
vn -0.5103 0.8312 -0.2206
vn 0.7502 0.5163 -0.4131
vn 0.6991 0.6635 -0.2663
vn 0.7428 0.6505 -0.1584
vn 0.7875 0.5512 -0.2757
vn -0.2129 0.9753 0.0586
vn -0.1430 0.9876 -0.0644
vn -0.1831 0.9727 -0.1427
vn -0.2381 0.9703 -0.0429
vn -0.2761 0.9111 -0.3059
vn -0.0315 0.9965 -0.0774
vn -0.2169 0.9374 0.2723
vn -0.5301 0.8300 0.1737
vn 0.0665 0.9644 -0.2558
vn 0.3780 0.0992 -0.9205
vn 0.8073 0.2215 -0.5470
vn 0.6643 0.6416 -0.3833
vn -0.8265 0.4727 0.3057
vn -0.7887 0.0689 0.6109
vn -0.5558 0.1546 0.8168
vn -0.6499 0.3983 0.6473
vn -0.2437 0.8923 -0.3801
vn -0.3079 0.9074 -0.2860
vn -0.4000 0.8523 -0.3370
vn -0.3396 0.8350 -0.4330
vn 0.2019 0.9299 -0.3074
vn -0.1619 0.2350 -0.9584
vn -0.5916 0.4005 -0.6997
vn -0.3888 0.7612 -0.5191
vn 0.5012 0.6855 0.5281
vn 0.5074 0.7655 0.3956
vn 0.5619 0.7525 0.3434
vn 0.5592 0.6959 0.4506
vn -0.5091 0.6842 -0.5222
vn -0.6939 0.6773 -0.2447
vn -0.8698 0.3778 -0.3175
vn -0.7259 0.3150 -0.6114
vn 0.1401 0.9805 0.1378
vn 0.1055 0.9441 0.3123
vn -0.0447 0.9327 0.3578
vn -0.0072 0.9745 0.2243
vn 0.0994 0.8726 -0.4782
vn 0.2322 0.7864 -0.5724
vn 0.3735 0.7763 -0.5078
vn 0.2652 0.8542 -0.4471
vn -0.3189 0.7381 -0.5946
vn -0.0238 0.8203 -0.5714
vn -0.0369 0.9644 -0.2620
vn -0.3357 0.9191 -0.2061
vn -0.3185 0.7932 0.5190
vn -0.0209 0.9178 0.3966
vn 0.1903 0.8205 0.5390
vn -0.0326 0.7798 0.6251
vn -0.8062 0.4119 -0.4248
vn -0.7372 0.6147 -0.2805
vn -0.8001 0.5971 -0.0585
vn -0.8640 0.4663 -0.1901
vn 0.5631 0.8135 0.1454
vn 0.2108 0.9605 -0.1818
vn 0.3489 0.7115 -0.6099
vn 0.7587 0.4618 -0.4595
vn 0.8434 0.2468 -0.4773
vn 0.4799 0.6694 -0.5671
vn 0.2270 0.4873 -0.8432
vn 0.5112 0.3031 -0.8043
vn -0.2074 0.9777 0.0330
vn -0.3122 0.9500 0.0003
vn -0.3319 0.9406 -0.0716
vn -0.2473 0.9680 -0.0424
vn -0.3869 0.6656 0.6382
vn -0.5414 0.6651 0.5142
vn -0.4510 0.8106 0.3735
vn -0.2839 0.8310 0.4784
vn 0.2894 0.8738 -0.3909
vn 0.6829 0.6183 -0.3891
vn 0.7870 0.6169 -0.0091
vn 0.5655 0.8210 -0.0791
vn 0.3520 0.9160 0.1926
vn 0.4274 0.8943 0.1324
vn 0.4231 0.9047 0.0495
vn 0.3622 0.9263 0.1033
vn -0.7432 0.5520 0.3780
vn -0.7309 0.6825 -0.0075
vn -0.3675 0.9300 -0.0036
vn -0.2465 0.8902 0.3831
vn 0.4392 0.7718 -0.4598
vn 0.3594 0.9098 -0.2077
vn 0.5216 0.8531 -0.0077
vn 0.5750 0.7901 -0.2123
vn -0.0918 0.9946 0.0486
vn -0.3363 0.9399 -0.0583
vn -0.3255 0.8916 -0.3148
vn -0.1585 0.9634 -0.2163
vn -0.6200 0.7064 -0.3416
vn -0.4941 0.7521 -0.4361
vn -0.4158 0.8577 -0.3024
vn -0.5323 0.8245 -0.1921
vn -0.4249 0.8190 -0.3856
vn -0.2122 0.9115 -0.3522
vn -0.0857 0.8736 -0.4790
vn -0.2547 0.8261 -0.5026
vn -0.5104 0.7989 0.3181
vn -0.4576 0.6576 0.5984
vn -0.1468 0.7123 0.6864
vn -0.2360 0.8328 0.5007
vn -0.3215 0.9314 -0.1706
vn -0.3412 0.9398 0.0190
vn -0.5370 0.8434 0.0205
vn -0.5452 0.8212 -0.1687
vn -0.1747 0.9846 0.0035
vn -0.3117 0.9477 0.0678
vn -0.3150 0.9213 0.2281
vn -0.2091 0.9632 0.1686
vn 0.2788 0.8947 -0.3489
vn 0.2524 0.9410 -0.2253
vn 0.3105 0.9367 -0.1616
vn 0.3314 0.9059 -0.2638
vn -0.3554 0.8419 -0.4062
vn -0.4570 0.8509 -0.2592
vn -0.6245 0.7075 -0.3310
vn -0.5557 0.6703 -0.4919
vn -0.0573 0.5773 -0.8145
vn 0.6006 0.7951 0.0839
vn 0.8697 0.4145 -0.2682
vn 0.6023 0.4523 -0.6578
vn -0.3716 0.9278 0.0336
vn -0.2709 0.9614 -0.0479
vn -0.2765 0.9564 -0.0935
vn -0.3571 0.9336 -0.0282
vn -0.3831 0.8321 -0.4010
vn -0.5028 0.8070 -0.3097
vn -0.5680 0.7109 -0.4148
vn -0.4515 0.7311 -0.5114
vn -0.3217 0.9088 -0.2657
vn -0.3228 0.8153 -0.4807
vn -0.1618 0.8074 -0.5674
vn -0.1778 0.8931 -0.4132
vn 0.0254 0.9545 -0.2972
vn 0.1893 0.7849 -0.5900
vn 0.4820 0.7112 -0.5118
vn 0.3517 0.8686 -0.3492
vn -0.4169 0.9079 -0.0446
vn -0.4000 0.8732 0.2784
vn -0.6911 0.6327 0.3495
vn -0.8121 0.5812 0.0521
vn 0.4341 0.7923 -0.4288
vn 0.4127 0.8720 -0.2634
vn 0.5461 0.8277 -0.1293
vn 0.5601 0.7826 -0.2719
vn -0.3317 0.8528 -0.4033
vn -0.3477 0.9033 -0.2514
vn -0.4129 0.8860 -0.2112
vn -0.4002 0.8541 -0.3321
vn 0.1163 0.9209 -0.3721
vn 0.2225 0.9140 -0.3391
vn 0.1943 0.9537 -0.2296
vn 0.0868 0.9626 -0.2567
vn 0.7014 0.5922 -0.3967
vn 0.8682 0.3771 -0.3225
vn 0.9195 0.3727 -0.1253
vn 0.8209 0.5350 -0.1997
vn -0.4188 0.8219 0.3861
vn -0.3472 0.9208 0.1776
vn -0.4428 0.8954 0.0462
vn -0.4953 0.8429 0.2101
vn -0.2614 0.9563 0.1307
vn -0.2403 0.9707 -0.0083
vn -0.0935 0.9956 0.0115
vn -0.1049 0.9828 0.1517
vn -0.4790 0.8623 0.1642
vn -0.5273 0.8495 0.0166
vn -0.3934 0.9186 -0.0379
vn -0.3379 0.9351 0.1068
vt 0.166830 2.769370
vt 0.166830 2.854780
vt 0.000240 2.859060
vt 0.000240 2.791490
vt 0.000240 0.000240
vt 0.015860 0.000240
vt 0.000240 0.068090
vt 0.031480 0.000240
vt 0.062710 0.000240
vt 0.062710 0.068090
vt 0.047100 0.000240
vt 0.375060 0.515000
vt 0.312590 0.515000
vt 0.312590 0.414960
vt 0.375060 0.414960
vt 0.078330 0.000240
vt 0.093950 0.000240
vt 0.125180 0.000240
vt 0.125180 0.068090
vt 0.109570 0.000240
vt 0.156420 0.000240
vt 0.187650 0.068090
vt 0.140800 0.000240
vt 0.172040 0.000240
vt 0.187650 0.000240
vt 0.166830 3.467640
vt 0.166830 3.598650
vt 0.000240 3.606850
vt 0.000240 3.507900
vt 0.203270 0.000240
vt 0.218890 0.000240
vt 0.250120 0.000240
vt 0.250120 0.068090
vt 0.234500 0.000240
vt 0.281360 0.000240
vt 0.312590 0.068090
vt 0.265740 0.000240
vt 0.296970 0.000240
vt 0.312590 0.000240
vt 0.400050 4.512310
vt 0.200150 4.534350
vt 0.200150 4.415310
vt 0.400050 4.370950
vt 0.328210 0.000240
vt 0.359440 0.000240
vt 0.375060 0.068090
vt 0.343830 0.000240
vt 0.375060 0.000240
vt 0.666590 2.715250
vt 0.500000 2.683980
vt 0.500000 2.507570
vt 0.666590 2.598430
vt 0.390680 0.000240
vt 0.406300 0.000240
vt 0.437530 0.000240
vt 0.437530 0.068090
vt 0.421910 0.000240
vt 0.468770 0.000240
vt 0.500000 0.068090
vt 0.453150 0.000240
vt 0.484380 0.000240
vt 0.500000 0.000240
vt 0.333410 3.625300
vt 0.166830 3.641200
vt 0.166830 3.568870
vt 0.333410 3.539230
vt 0.515620 0.000240
vt 0.546850 0.000240
vt 0.562470 0.068090
vt 0.531230 0.000240
vt 0.562470 0.000240
vt 0.599950 6.181500
vt 0.500000 10.653810
vt 0.400050 6.181500
vt 0.400050 6.152930
vt 0.578090 0.000240
vt 0.593700 0.000240
vt 0.624940 0.000240
vt 0.624940 0.068090
vt 0.609320 0.000240
vt 0.656170 0.000240
vt 0.687410 0.068090
vt 0.640560 0.000240
vt 0.671790 0.000240
vt 0.687410 0.000240
vt 0.833170 2.668210
vt 0.833170 2.761300
vt 0.703030 0.000240
vt 0.734260 0.000240
vt 0.749880 0.068090
vt 0.718640 0.000240
vt 0.749880 0.000240
vt 0.400050 4.104750
vt 0.200150 4.148430
vt 0.200150 3.986500
vt 0.400050 3.902780
vt 0.765500 0.000240
vt 0.781110 0.000240
vt 0.812350 0.000240
vt 0.812350 0.068090
vt 0.796730 0.000240
vt 0.200150 4.277310
vt 0.000240 4.289360
vt 0.000240 4.194140
vt 0.827960 0.000240
vt 0.843580 0.000240
vt 0.874820 0.000240
vt 0.874820 0.068090
vt 0.859200 0.000240
vt 0.562470 0.414960
vt 0.562470 0.515000
vt 0.500000 0.515000
vt 0.500000 0.414960
vt 0.890430 0.000240
vt 0.906050 0.000240
vt 0.937290 0.000240
vt 0.937290 0.068090
vt 0.921670 0.000240
vt 0.666590 3.220060
vt 0.500000 3.189750
vt 0.500000 3.024000
vt 0.666590 3.111800
vt 0.952900 0.000240
vt 0.968520 0.000240
vt 0.999760 0.000240
vt 0.999760 0.068090
vt 0.984140 0.000240
vt 0.999760 0.141260
vt 0.937290 0.141260
vt 0.250120 0.219670
vt 0.187650 0.219670
vt 0.187650 0.141260
vt 0.250120 0.141260
vt 0.312590 0.141260
vt 0.250120 2.494480
vt 0.250120 2.731740
vt 0.000240 2.888780
vt 0.000240 2.783720
vt 0.375060 0.141260
vt 0.437530 0.141260
vt 0.400050 4.853790
vt 0.200150 4.853790
vt 0.200150 4.830740
vt 0.400050 4.830740
vt 0.166830 2.916850
vt 0.166830 3.011810
vt 0.000240 3.019350
vt 0.000240 2.953660
vt 0.687410 0.141260
vt 0.687410 0.219670
vt 0.624940 0.219670
vt 0.624940 0.141260
vt 0.999760 2.860880
vt 0.833170 2.838970
vt 0.833170 2.756270
vt 0.999760 2.789210
vt 0.874820 0.219670
vt 0.812350 0.219670
vt 0.812350 0.141260
vt 0.874820 0.141260
vt 0.687410 0.414960
vt 0.687410 0.515000
vt 0.624940 0.515000
vt 0.624940 0.414960
vt 0.312590 0.219670
vt 0.749880 0.141260
vt 0.999760 3.495690
vt 0.833170 3.473890
vt 0.833170 3.393210
vt 0.999760 3.426040
vt 0.200150 5.599270
vt 0.200150 5.759570
vt 0.000240 5.780600
vt 0.000240 5.672500
vt 0.562470 0.219670
vt 0.562470 0.141260
vt 0.125180 0.219670
vt 0.125180 0.141260
vt 0.500000 0.219670
vt 0.437530 0.219670
vt 0.500000 0.141260
vt 0.999760 0.219670
vt 0.937290 0.219670
vt 0.562470 0.321570
vt 0.500000 0.321570
vt 0.062710 0.141260
vt 0.062710 0.219670
vt 0.000240 0.219670
vt 0.000240 0.141260
vt 0.333410 3.694740
vt 0.166830 3.766080
vt 0.166830 3.642820
vt 0.333410 3.498750
vt 0.999760 2.878390
vt 0.833170 2.840870
vt 0.833170 2.712590
vt 0.999760 2.784890
vt 0.666590 3.716090
vt 0.500000 3.716090
vt 0.500000 3.597000
vt 0.666590 3.594400
vt 0.333410 2.823860
vt 0.166830 2.850530
vt 0.166830 2.745760
vt 0.333410 2.687700
vt 0.166830 2.152050
vt 0.166830 2.235450
vt 0.000240 2.239010
vt 0.000240 2.172050
vt 0.400050 4.048090
vt 0.200150 4.083020
vt 0.200150 3.967960
vt 0.400050 3.901760
vt 0.666590 1.462500
vt 0.500000 1.418350
vt 0.500000 1.259200
vt 0.666590 1.346810
vt 0.833170 2.376880
vt 0.833170 2.490940
vt 0.666590 2.438470
vt 0.666590 2.284610
vt 0.200150 8.574530
vt 0.200150 8.629950
vt 0.000240 8.629950
vt 0.000240 8.574530
vt 0.666590 2.965440
vt 0.500000 2.961450
vt 0.500000 2.815600
vt 0.666590 2.849600
vt 0.666590 1.273330
vt 0.500000 1.238400
vt 0.500000 1.081990
vt 0.666590 1.149590
vt 0.250120 0.321570
vt 0.187650 0.321570
vt 0.666590 2.408360
vt 0.500000 2.401320
vt 0.500000 2.244590
vt 0.666590 2.281190
vt 0.999760 3.602460
vt 0.833170 3.602460
vt 0.799850 4.853790
vt 0.599950 4.853790
vt 0.599950 4.830740
vt 0.799850 4.830740
vt 0.000240 4.105220
vt 0.000240 4.025040
vt 0.500000 4.495910
vt 0.500000 4.521000
vt 0.333410 4.521000
vt 0.333410 4.495910
vt 0.999760 3.268340
vt 0.999760 3.344370
vt 0.799850 3.327330
vt 0.799850 3.236470
vt 0.250120 0.515000
vt 0.250120 0.414960
vt 0.500000 0.890430
vt 0.666590 1.016970
vt 0.200150 6.922730
vt 0.200150 7.025920
vt 0.000240 7.039100
vt 0.000240 6.970230
vt 0.500000 3.074100
vt 0.250120 3.092540
vt 0.250120 2.919900
vt 0.500000 2.898460
vt 0.200150 5.608640
vt 0.200150 5.693520
vt 0.000240 5.726050
vt 0.000240 5.679750
vt 0.666590 2.505140
vt 0.500000 2.474040
vt 0.500000 2.287490
vt 0.666590 2.376520
vt 0.200150 4.765710
vt 0.200150 4.991930
vt 0.000240 5.055490
vt 0.000240 4.906460
vt 0.166830 2.617150
vt 0.333410 2.504250
vt 0.666590 2.155780
vt 0.500000 2.126260
vt 0.500000 1.946660
vt 0.666590 2.035670
vt 0.166830 1.183420
vt 0.166830 1.308150
vt 0.000240 1.350360
vt 0.000240 1.259580
vt 0.666590 2.796900
vt 0.500000 2.768810
vt 0.500000 2.559090
vt 0.666590 2.637300
vt 0.812350 0.414960
vt 0.812350 0.515000
vt 0.749880 0.515000
vt 0.749880 0.414960
vt 0.999760 3.852210
vt 0.999760 3.913840
vt 0.799850 3.896440
vt 0.799850 3.828560
vt 0.999760 2.043260
vt 0.833170 2.002740
vt 0.833170 1.892700
vt 0.999760 1.969750
vt 0.687410 0.321570
vt 0.749880 0.321570
vt 0.999760 2.665280
vt 0.833170 2.639990
vt 0.833170 2.560130
vt 0.999760 2.607240
vt 0.000240 2.995010
vt 0.437530 0.515000
vt 0.437530 0.414960
vt 0.666590 1.798050
vt 0.500000 1.770900
vt 0.500000 1.586490
vt 0.666590 1.670250
vt 0.125180 0.515000
vt 0.062710 0.515000
vt 0.062710 0.414960
vt 0.125180 0.414960
vt 0.200150 1.794060
vt 0.200150 1.977600
vt 0.000240 2.112590
vt 0.000240 2.001550
vt 0.500000 4.762000
vt 0.500000 4.783750
vt 0.333410 4.783750
vt 0.333410 4.762000
vt 0.999760 0.515000
vt 0.937290 0.515000
vt 0.937290 0.414960
vt 0.999760 0.414960
vt 0.833170 3.735450
vt 0.833170 3.787880
vt 0.666590 3.706120
vt 0.666590 3.574730
vt 0.666590 4.162240
vt 0.333410 4.141010
vt 0.333410 3.930000
vt 0.666590 4.019260
vt 0.599950 4.872080
vt 0.599950 4.887440
vt 0.400050 4.872080
vt 0.200150 4.872080
vt 0.000240 4.872080
vt 0.000240 4.853790
vt 0.749880 1.753570
vt 0.624940 1.753570
vt 0.624940 1.569160
vt 0.749880 1.569160
vt 0.437530 0.644540
vt 0.375060 0.644540
vt 0.125180 0.762930
vt 0.000240 0.762930
vt 0.062710 0.644540
vt 0.125180 0.644540
vt 0.500000 2.199350
vt 0.500000 2.329870
vt 0.333410 2.329870
vt 0.333410 2.216190
vt 0.375060 1.569160
vt 0.375060 1.753570
vt 0.250120 1.753570
vt 0.250120 1.569160
vt 0.333410 3.464960
vt 0.166830 3.488520
vt 0.166830 3.393400
vt 0.333410 3.344000
vt 0.500000 1.753570
vt 0.500000 1.569160
vt 0.500000 2.927820
vt 0.500000 3.129550
vt 0.333410 3.129550
vt 0.333410 2.945820
vt 0.749880 3.844910
vt 0.749880 4.003710
vt 0.500000 3.977280
vt 0.500000 3.756650
vt 0.500000 2.561070
vt 0.500000 2.754970
vt 0.333410 2.754970
vt 0.333410 2.581180
vt 0.200150 7.157650
vt 0.000240 7.157650
vt 0.500000 2.809840
vt 0.500000 2.950470
vt 0.333410 2.950470
vt 0.333410 2.832170
vt 0.812350 0.644540
vt 0.749880 0.644540
vt 0.624940 0.762930
vt 0.500000 0.762930
vt 0.562470 0.644540
vt 0.624940 0.644540
vt 0.000240 0.644540
vt 0.187650 0.644540
vt 0.874820 1.569160
vt 0.874820 1.753570
vt 0.250120 0.644540
vt 0.312590 0.644540
vt 0.250120 0.762930
vt 0.375060 0.762930
vt 0.250120 1.958440
vt 0.125180 1.958440
vt 0.125180 1.753570
vt 0.500000 0.644540
vt 0.333410 3.575350
vt 0.333410 3.414720
vt 0.687410 0.644540
vt 0.999760 4.548610
vt 0.999760 4.680430
vt 0.799850 4.680430
vt 0.799850 4.531880
vt 0.749880 0.762930
vt 0.166830 3.602460
vt 0.000240 3.602460
vt 0.000240 3.495690
vt 0.874820 0.644540
vt 0.937290 0.644540
vt 0.874820 0.762930
vt 0.999760 4.771810
vt 0.999760 4.875220
vt 0.799850 4.875220
vt 0.799850 4.754520
vt 0.200150 2.142750
vt 0.000240 2.219420
vt 0.599950 3.868550
vt 0.599950 3.980130
vt 0.400050 3.980130
vt 0.400050 3.879150
vt 0.999760 2.300730
vt 0.833170 2.279710
vt 0.833170 2.194210
vt 0.999760 2.230560
vt 0.749880 2.738950
vt 0.749880 2.857760
vt 0.500000 2.718740
vt 0.500000 2.500280
vt 0.999760 3.645110
vt 0.749880 3.620680
vt 0.749880 3.466420
vt 0.999760 3.501330
vt 0.999760 3.716090
vt 0.833170 3.716090
vt 0.833170 3.628130
vt 0.999760 3.653620
vt 0.200150 4.164820
vt 0.000240 4.170410
vt 0.599950 4.254900
vt 0.599950 4.439940
vt 0.400050 4.439940
vt 0.400050 4.256380
vt 0.333410 1.574270
vt 0.166830 1.606600
vt 0.166830 1.506770
vt 0.333410 1.451540
vt 0.833170 5.774760
vt 0.833170 5.814500
vt 0.666590 5.814500
vt 0.666590 5.774760
vt 0.666590 5.569810
vt 0.500000 5.569810
vt 0.500000 5.532700
vt 0.666590 5.532700
vt 0.999760 1.927510
vt 0.833170 1.915110
vt 0.833170 1.812960
vt 0.999760 1.837720
vt 0.749880 1.053470
vt 0.624940 1.053470
vt 0.624940 0.889770
vt 0.749880 0.889770
vt 0.200150 5.969520
vt 0.000240 5.969520
vt 0.333410 2.631740
vt 0.166830 2.656160
vt 0.166830 2.563390
vt 0.333410 2.509270
vt 0.333410 1.090770
vt 0.166830 1.046820
vt 0.333410 0.895810
vt 0.599950 3.201610
vt 0.599950 3.310000
vt 0.400050 3.312010
vt 0.400050 3.183400
vt 0.999760 5.780600
vt 0.999760 5.969520
vt 0.799850 5.969520
vt 0.799850 5.759660
vt 0.400050 3.787660
vt 0.200150 3.809450
vt 0.200150 3.701750
vt 0.400050 3.655170
vt 0.999760 2.115530
vt 0.833170 2.093760
vt 0.599950 5.735010
vt 0.599950 5.826370
vt 0.400050 5.826370
vt 0.400050 5.737760
vt 0.833170 3.855090
vt 0.666590 3.821080
vt 0.599950 2.251770
vt 0.599950 2.412380
vt 0.400050 2.415400
vt 0.400050 2.237370
vt 0.999760 3.442440
vt 0.833170 3.442440
vt 0.833170 3.337480
vt 0.999760 3.356880
vt 0.599950 1.969580
vt 0.599950 2.121790
vt 0.400050 1.869750
vt 0.400050 1.624400
vt 0.999760 5.975050
vt 0.833170 5.975050
vt 0.833170 5.940210
vt 0.999760 5.940210
vt 0.666590 3.564070
vt 0.500000 3.558230
vt 0.500000 3.391530
vt 0.666590 3.422910
vt 0.400050 6.421530
vt 0.200150 6.421530
vt 0.200150 6.396110
vt 0.400050 6.396110
vt 0.833170 4.387720
vt 0.833170 4.415910
vt 0.666590 4.415910
vt 0.666590 4.387720
vt 0.166830 4.495910
vt 0.166830 4.521000
vt 0.000240 4.521000
vt 0.000240 4.495910
vt 0.666590 5.940210
vt 0.500000 5.940210
vt 0.500000 5.899890
vt 0.666590 5.899890
vt 0.333410 5.569810
vt 0.166830 5.569810
vt 0.166830 5.532700
vt 0.333410 5.532700
vt 0.250120 3.622980
vt 0.250120 3.848880
vt 0.000240 3.848880
vt 0.000240 3.645110
vt 0.666590 1.506480
vt 0.500000 1.505860
vt 0.500000 1.367650
vt 0.666590 1.382090
vt 0.999760 4.521000
vt 0.833170 4.521000
vt 0.833170 4.495910
vt 0.999760 4.495910
vt 0.666590 3.993310
vt 0.500000 3.993310
vt 0.500000 3.813400
vt 0.333410 2.107050
vt 0.166830 2.055690
vt 0.333410 1.959820
vt 0.666590 1.791740
vt 0.500000 1.774140
vt 0.500000 1.649290
vt 0.666590 1.693640
vt 0.999760 1.753570
vt 0.999760 1.569160
vt 0.500000 3.848880
vt 0.500000 3.599780
vt 0.999760 5.316750
vt 0.999760 5.527200
vt 0.799850 5.527200
vt 0.799850 5.301000
vt 0.749880 1.958440
vt 0.624940 1.958440
vt 0.333410 2.078030
vt 0.166830 2.103390
vt 0.166830 2.005530
vt 0.333410 1.947610
vt 0.400050 4.680430
vt 0.200150 4.680430
vt 0.999760 1.053470
vt 0.874820 1.053470
vt 0.874820 0.889770
vt 0.999760 0.889770
vt 0.333410 3.221370
vt 0.166830 3.271970
vt 0.166830 3.178370
vt 0.333410 3.076330
vt 0.999760 2.592240
vt 0.833170 2.592240
vt 0.833170 2.435720
vt 0.999760 2.460150
vt 0.000240 1.958440
vt 0.000240 2.217130
vt 0.749880 1.362920
vt 0.624940 1.362920
vt 0.624940 1.202860
vt 0.749880 1.202860
vt 0.375060 1.958440
vt 0.250120 2.217130
vt 0.999760 3.610870
vt 0.833170 3.577120
vt 0.999760 3.557360
vt 0.500000 1.958440
vt 0.500000 2.217130
vt 0.500000 1.497780
vt 0.666590 1.583750
vt 0.874820 1.958440
vt 0.749880 2.217130
vt 0.166830 2.607650
vt 0.166830 2.492370
vt 0.333410 2.430060
vt 0.333410 1.540060
vt 0.166830 1.624800
vt 0.166830 1.510690
vt 0.333410 1.374000
vt 0.833170 4.687000
vt 0.833170 4.725320
vt 0.666590 4.725320
vt 0.666590 4.687000
vt 0.166830 2.297120
vt 0.166830 2.394510
vt 0.000240 2.394510
vt 0.000240 2.300730
vt 0.999760 4.289360
vt 0.999760 4.439940
vt 0.799850 4.439940
vt 0.799850 4.273170
vt 0.500000 4.103560
vt 0.500000 4.135480
vt 0.333410 4.135480
vt 0.333410 4.103560
vt 0.833170 1.992720
vt 0.833170 2.084180
vt 0.666590 2.059300
vt 0.666590 1.943250
vt 0.833170 3.604690
vt 0.833170 3.625810
vt 0.666590 3.625810
vt 0.666590 3.604690
vt 0.666590 2.221820
vt 0.500000 2.221820
vt 0.500000 2.071380
vt 0.666590 2.074350
vt 0.166830 4.866980
vt 0.166830 4.897280
vt 0.000240 4.897280
vt 0.000240 4.866980
vt 0.500000 4.382600
vt 0.500000 4.425000
vt 0.333410 4.425000
vt 0.333410 4.382600
vt 0.833170 3.321680
vt 0.833170 3.482800
vt 0.666590 3.482800
vt 0.666590 3.289320
vt 0.400050 8.393140
vt 0.200150 8.393140
vt 0.200150 8.270240
vt 0.400050 8.270240
vt 0.999760 4.743840
vt 0.999760 4.788260
vt 0.799850 4.788260
vt 0.799850 4.743840
vt 0.999760 7.421630
vt 0.749880 7.421630
vt 0.749880 7.311780
vt 0.999760 7.311780
vt 0.500000 4.687000
vt 0.500000 4.725320
vt 0.333410 4.725320
vt 0.333410 4.687000
vt 0.833170 3.993310
vt 0.749880 4.240120
vt 0.500000 4.240120
vt 0.500000 2.025680
vt 0.500000 2.420770
vt 0.333410 2.420770
vt 0.333410 2.025680
vt 0.333410 3.541780
vt 0.166830 3.541780
vt 0.166830 3.502450
vt 0.333410 3.502450
vt 0.166830 3.580610
vt 0.166830 3.604690
vt 0.000240 3.604690
vt 0.000240 3.580610
vt 0.833170 3.904680
vt 0.833170 3.938350
vt 0.666590 3.938350
vt 0.666590 3.904680
vt 0.999760 4.872080
vt 0.999760 4.887440
vt 0.799850 4.887440
vt 0.799850 4.872080
vt 0.333410 3.901670
vt 0.166830 3.901670
vt 0.166830 3.874240
vt 0.333410 3.874240
vt 0.999760 3.307630
vt 0.833170 3.307630
vt 0.833170 3.112520
vt 0.999760 3.112520
vt 0.333410 3.126590
vt 0.166830 3.126590
vt 0.333410 2.987630
vt 0.166830 5.899890
vt 0.166830 5.940210
vt 0.000240 5.940210
vt 0.000240 5.899890
vt 0.000240 4.870860
vt 0.250120 4.870860
vt 0.125180 4.749550
vt 0.500000 4.870860
vt 0.375060 4.749550
vt 0.749880 4.870860
vt 0.624940 4.749550
vt 0.999760 4.870860
vt 0.874820 4.749550
vt 0.000240 1.155440
vt 0.999760 2.217130
vt 0.999760 1.958440
vt 0.999760 3.019350
vt 0.833170 2.994360
vt 0.833170 2.911040
vt 0.999760 2.953660
vt 0.833170 1.046200
vt 0.999760 1.155440
vt 0.833170 1.186410
vt 0.333410 4.890470
vt 0.166830 4.890470
vt 0.166830 4.865260
vt 0.333410 4.865260
vt 0.333410 3.625810
vt 0.166830 3.625810
vt 0.333410 3.604690
vt 0.833170 5.111750
vt 0.833170 5.144010
vt 0.666590 5.144010
vt 0.666590 5.111750
vt 0.500000 1.053470
vt 0.500000 0.889770
vt 0.500000 2.452470
vt 0.250120 2.452470
vt 0.437530 0.321570
vt 0.375060 0.321570
vt 0.375060 0.219670
vt 0.999760 3.272390
vt 0.749880 3.272390
vt 0.749880 3.093700
vt 0.999760 3.114050
vt 0.333410 1.384090
vt 0.333410 1.252070
vt 0.999760 1.437230
vt 0.833170 1.407720
vt 0.999760 1.350360
vt 0.833170 1.593920
vt 0.833170 1.711220
vt 0.333410 2.221820
vt 0.333410 2.091020
vt 0.500000 3.938350
vt 0.500000 3.967570
vt 0.333410 3.967570
vt 0.333410 3.938350
vt 0.999760 3.636930
vt 0.749880 3.636930
vt 0.749880 3.322210
vt 0.999760 3.322210
vt 0.166830 3.938350
vt 0.166830 3.967570
vt 0.000240 3.967570
vt 0.000240 3.938350
vt 0.599950 6.074770
vt 0.599950 6.118550
vt 0.400050 6.118550
vt 0.400050 6.074770
vt 0.833170 2.972930
vt 0.666590 2.972930
vt 0.666590 2.810210
vt 0.400050 2.587840
vt 0.200150 2.587840
vt 0.200150 2.433860
vt 0.500000 3.036620
vt 0.500000 3.283020
vt 0.333410 3.283020
vt 0.333410 3.036620
vt 0.666590 4.135750
vt 0.500000 4.135750
vt 0.500000 4.107000
vt 0.666590 4.107000
vt 0.333410 3.794960
vt 0.166830 3.794960
vt 0.166830 3.746600
vt 0.333410 3.746600
vt 0.333410 4.649530
vt 0.166830 4.649530
vt 0.166830 4.275160
vt 0.333410 4.275160
vt 0.666590 2.550360
vt 0.500000 2.550360
vt 0.666590 2.329870
vt 0.999760 3.935280
vt 0.999760 4.292210
vt 0.799850 4.292210
vt 0.799850 3.935280
vt 0.200150 8.193440
vt 0.200150 8.377500
vt 0.000240 8.377500
vt 0.000240 8.193440
vt 0.500000 5.774760
vt 0.500000 5.729200
vt 0.666590 5.729200
vt 0.999760 7.157650
vt 0.999760 7.575790
vt 0.799850 7.575790
vt 0.799850 7.157650
vt 0.799850 8.535390
vt 0.599950 8.535390
vt 0.599950 8.470760
vt 0.799850 8.470760
vt 0.599950 6.222160
vt 0.599950 6.300780
vt 0.400050 6.300780
vt 0.400050 6.222160
vt 0.833170 3.953300
vt 0.833170 4.219060
vt 0.666590 4.219060
vt 0.666590 3.953300
vt 0.666590 3.874240
vt 0.500000 3.874240
vt 0.500000 3.843380
vt 0.666590 3.843380
vt 0.166830 6.586940
vt 0.166830 6.637080
vt 0.000240 6.637080
vt 0.000240 6.586940
vt 0.500000 3.628640
vt 0.500000 4.029860
vt 0.333410 4.029860
vt 0.333410 3.628640
vt 0.166830 3.835990
vt 0.166830 3.861100
vt 0.000240 3.861100
vt 0.000240 3.835990
vt 0.599950 3.991940
vt 0.599950 4.182810
vt 0.400050 4.182810
vt 0.400050 3.991940
vt 0.999760 3.814870
vt 0.833170 3.814870
vt 0.833170 3.678950
vt 0.999760 3.678950
vt 0.833170 3.843380
vt 0.833170 3.874240
vt 0.333410 4.012170
vt 0.166830 4.012170
vt 0.166830 3.779500
vt 0.333410 3.779500
vt 0.400050 8.561260
vt 0.200150 8.561260
vt 0.200150 8.432330
vt 0.400050 8.432330
vt 0.166830 4.008840
vt 0.166830 4.037150
vt 0.000240 4.037150
vt 0.000240 4.008840
vt 0.999760 5.211000
vt 0.833170 5.211000
vt 0.833170 4.817430
vt 0.999760 4.817430
vt 0.599950 5.338720
vt 0.599950 5.420430
vt 0.400050 5.420430
vt 0.400050 5.338720
vt 0.599950 4.292210
vt 0.599950 4.585210
vt 0.400050 4.585210
vt 0.400050 4.292210
vt 0.166830 4.196950
vt 0.166830 4.302930
vt 0.000240 4.302930
vt 0.000240 4.196950
vt 0.500000 5.675700
vt 0.666590 5.675700
vt 0.799850 5.826370
vt 0.799850 5.754470
vt 0.999760 3.591020
vt 0.833170 3.591020
vt 0.833170 3.326210
vt 0.999760 3.326210
vt 0.500000 5.484300
vt 0.500000 5.532070
vt 0.333410 5.532070
vt 0.333410 5.484300
vt 0.599950 4.823530
vt 0.599950 5.045400
vt 0.400050 5.045400
vt 0.400050 4.823530
vt 0.166830 3.104110
vt 0.166830 3.360740
vt 0.000240 3.360740
vt 0.000240 3.104110
vt 0.166830 3.267100
vt 0.166830 3.353620
vt 0.000240 3.353620
vt 0.000240 3.267100
vt 0.833170 5.484300
vt 0.833170 5.532070
vt 0.666590 5.532070
vt 0.666590 5.484300
vt 0.833170 6.044750
vt 0.833170 6.251700
vt 0.666590 6.251700
vt 0.666590 6.044750
vt 0.166830 3.860990
vt 0.166830 3.947780
vt 0.000240 3.947780
vt 0.000240 3.860990
vt 0.166830 6.528980
vt 0.000240 6.528980
vt 0.999760 5.482370
vt 0.999760 5.528470
vt 0.799850 5.528470
vt 0.799850 5.482370
vt 0.166830 4.303400
vt 0.166830 4.518830
vt 0.000240 4.518830
vt 0.000240 4.303400
vt 0.833170 2.632770
vt 0.833170 2.896770
vt 0.666590 2.896770
vt 0.666590 2.632770
vt 0.500000 3.774430
vt 0.500000 4.342670
vt 0.333410 4.342670
vt 0.333410 3.774430
vt 0.400050 4.657990
vt 0.200150 4.657990
vt 0.200150 4.545380
vt 0.400050 4.545380
vt 0.799850 4.736500
vt 0.599950 4.736500
vt 0.599950 4.669440
vt 0.799850 4.669440
vt 0.999760 4.856030
vt 0.833170 4.856030
vt 0.833170 4.808610
vt 0.999760 4.808610
vt 0.999760 5.260670
vt 0.833170 5.260670
vt 0.833170 5.166870
vt 0.999760 5.166870
vt 0.333410 3.772560
vt 0.166830 3.772560
vt 0.166830 3.591020
vt 0.333410 3.591020
vt 0.999760 3.442510
vt 0.833170 3.442510
vt 0.833170 3.353620
vt 0.999760 3.353620
vt 0.333410 3.743690
vt 0.166830 3.743690
vt 0.166830 3.639890
vt 0.333410 3.639890
vt 0.666590 4.308870
vt 0.500000 4.308870
vt 0.500000 3.986000
vt 0.666590 3.986000
vt 0.666590 4.008840
vt 0.500000 4.008840
vt 0.500000 3.971870
vt 0.666590 3.971870
vt 0.500000 5.200890
vt 0.500000 5.325200
vt 0.333410 5.325200
vt 0.333410 5.200890
vt 0.400050 5.602930
vt 0.200150 5.602930
vt 0.200150 5.402280
vt 0.400050 5.402280
vt 0.833170 3.772560
vt 0.666590 3.772560
vt 0.666590 3.591020
vt 0.666590 5.326630
vt 0.500000 5.326630
vt 0.500000 5.224400
vt 0.666590 5.224400
vt 0.999760 5.032390
vt 0.833170 5.032390
vt 0.833170 4.977040
vt 0.999760 4.977040
vt 0.666590 3.580610
vt 0.500000 3.580610
vt 0.500000 3.541780
vt 0.666590 3.541780
vt 0.166830 4.427500
vt 0.166830 4.542860
vt 0.000240 4.542860
vt 0.000240 4.427500
vt 0.833170 4.422960
vt 0.666590 4.422960
vt 0.666590 3.628640
vt 0.500000 3.264450
vt 0.666590 3.264450
vt 0.500000 4.039930
vt 0.250120 4.039930
vt 0.250120 3.636930
vt 0.500000 3.636930
vt 0.500000 4.977040
vt 0.500000 5.032390
vt 0.333410 5.032390
vt 0.333410 4.977040
vt 0.166830 4.737410
vt 0.166830 4.787480
vt 0.000240 4.787480
vt 0.000240 4.737410
vt 0.833170 1.591680
vt 0.833170 1.696820
vt 0.666590 1.684650
vt 0.666590 1.565050
vt 0.833170 2.880040
vt 0.833170 3.092940
vt 0.666590 3.092940
vt 0.666590 2.880040
vt 0.999760 3.947780
vt 0.833170 3.947780
vt 0.833170 3.860990
vt 0.999760 3.860990
vt 0.166830 2.832840
vt 0.166830 3.112520
vt 0.000240 3.112520
vt 0.000240 2.832840
vt 0.666590 6.637080
vt 0.500000 6.637080
vt 0.500000 6.586940
vt 0.666590 6.586940
vt 0.999760 2.420770
vt 0.833170 2.420770
vt 0.833170 2.025680
vt 0.999760 2.025680
vt 0.999760 3.281520
vt 0.833170 3.281520
vt 0.833170 3.082750
vt 0.999760 3.082750
vt 0.200150 6.360110
vt 0.000240 6.396110
vt 0.000240 6.360110
vt 0.166830 2.329870
vt 0.999760 3.872500
vt 0.749880 3.872500
vt 0.333410 5.899890
vt 0.166830 5.832270
vt 0.333410 5.832270
vt 0.999760 4.621890
vt 0.833170 4.621890
vt 0.833170 4.352780
vt 0.999760 4.352780
vt 0.999760 3.874240
vt 0.999760 3.843380
vt 0.500000 3.082750
vt 0.500000 3.281520
vt 0.333410 3.281520
vt 0.333410 3.082750
vt 0.666590 3.901670
vt 0.500000 3.901670
vt 0.200150 4.743840
vt 0.200150 4.788260
vt 0.000240 4.788260
vt 0.000240 4.743840
vt 0.833170 5.325200
vt 0.833170 5.407270
vt 0.666590 5.407270
vt 0.666590 5.325200
vt 0.599950 6.396110
vt 0.599950 6.421530
vt 0.166830 2.371320
vt 0.166830 2.693680
vt 0.000240 2.693680
vt 0.000240 2.371320
vt 0.799850 6.118550
vt 0.799850 6.074770
vt 0.500000 2.972930
vt 0.500000 2.803230
vt 0.833170 5.899890
vt 0.599950 6.365330
vt 0.400050 6.365330
vt 0.166830 2.221820
vt 0.166830 2.577990
vt 0.000240 2.577990
vt 0.000240 2.221820
vt 0.083540 5.118990
vt 0.250120 5.118990
vt 0.416710 5.118990
vt 0.666590 3.967570
vt 0.583290 5.118990
vt 0.833170 3.967570
vt 0.749880 5.118990
vt 0.999760 3.967570
vt 0.916460 5.118990
vt 0.000240 1.445250
vt 0.000240 1.333830
vt 0.166830 1.395890
vt 0.166830 1.279300
vt 0.125180 0.321570
vt 0.666590 3.444040
vt 0.500000 3.438370
vt 0.500000 3.295800
vt 0.666590 3.334360
vt 0.500000 1.061110
vt 0.333410 1.120870
vt 0.999760 2.754970
vt 0.833170 2.754970
vt 0.833170 2.592780
vt 0.999760 2.617410
vt 0.833170 1.241850
vt 0.999760 1.333830
vt 0.833170 1.377060
vt 0.187650 0.414960
vt 0.599950 4.730610
vt 0.599950 4.875220
vt 0.400050 4.875220
vt 0.400050 4.732470
vt 0.999760 4.890470
vt 0.833170 4.890470
vt 0.833170 4.865260
vt 0.999760 4.865260
vt 0.999760 5.769340
vt 0.999760 5.826370
vt 0.666590 4.103560
vt 0.500000 4.065620
vt 0.666590 4.065620
vt 0.333410 1.922260
vt 0.166830 1.943400
vt 0.166830 1.850070
vt 0.333410 1.799230
vt 0.999760 4.025980
vt 0.999760 3.876990
vt 0.500000 1.548380
vt 0.500000 2.609420
vt 0.500000 2.765690
vt 0.333410 2.765690
vt 0.999760 1.622320
vt 0.999760 1.536750
vt 0.666590 4.890470
vt 0.666590 4.865260
vt 0.799850 8.705970
vt 0.599950 8.705970
vt 0.599950 8.642270
vt 0.799850 8.642270
vt 0.500000 1.202860
vt 0.999760 2.704630
vt 0.749880 2.704630
vt 0.749880 2.452470
vt 0.999760 2.452470
vt 0.999760 2.880040
vt 0.833170 2.629870
vt 0.999760 2.629870
vt 0.749880 6.077120
vt 0.749880 6.169600
vt 0.500000 6.169600
vt 0.500000 6.077120
vt 0.500000 1.640470
vt 0.333410 1.640470
vt 0.333410 1.516860
vt 0.500000 3.730000
vt 0.500000 3.941990
vt 0.333410 3.941990
vt 0.333410 3.730000
vt 0.500000 3.625810
vt 0.500000 3.604690
vt 0.666590 3.498360
vt 0.999760 4.326820
vt 0.833170 4.326820
vt 0.833170 4.254660
vt 0.999760 4.254660
vt 0.833170 4.687200
vt 0.833170 4.757120
vt 0.666590 4.757120
vt 0.666590 4.687200
vt 0.599950 5.462160
vt 0.599950 5.739490
vt 0.400050 5.739490
vt 0.400050 5.462160
vt 0.999760 5.075050
vt 0.833170 5.075050
vt 0.500000 3.738100
vt 0.500000 3.806640
vt 0.333410 3.806640
vt 0.333410 3.738100
vt 0.666590 1.904080
vt 0.999760 8.705970
vt 0.999760 8.752200
vt 0.799850 8.752200
vt 0.000240 3.541780
vt 0.000240 3.502450
vt 0.166830 5.032390
vt 0.166830 4.977040
vt 0.500000 4.308770
vt 0.333410 4.308770
vt 0.333410 4.542860
vt 0.333410 4.427500
vt 0.599950 4.772640
vt 0.599950 4.802670
vt 0.400050 4.802670
vt 0.400050 4.772640
vt 0.166830 3.843380
vt 0.000240 3.843380
vt 0.000240 3.794960
vt 0.666590 4.621890
vt 0.666590 4.352780
vt 0.500000 5.601340
vt 0.250120 5.601340
vt 0.250120 5.431030
vt 0.500000 5.431030
vt 0.200150 4.403850
vt 0.400050 4.403850
vt 0.400050 8.705970
vt 0.400050 8.642270
vt 0.999760 3.321470
vt 0.833170 3.321470
vt 0.833170 3.024670
vt 0.999760 3.024670
vt 0.166830 2.738950
vt 0.166830 3.036620
vt 0.000240 3.036620
vt 0.000240 2.738950
vt 0.999760 4.074630
vt 0.833170 4.074630
vt 0.833170 4.023870
vt 0.999760 4.023870
vt 0.599950 5.970210
vt 0.400050 5.970210
vt 0.166830 3.139590
vt 0.000240 3.139590
vt 0.833170 3.774430
vt 0.833170 4.342670
vt 0.666590 4.342670
vt 0.666590 3.774430
vt 0.666590 4.906090
vt 0.500000 4.906090
vt 0.500000 4.649530
vt 0.666590 4.649530
vt 0.166830 4.808610
vt 0.166830 4.856030
vt 0.000240 4.856030
vt 0.000240 4.808610
vt 0.333410 4.724530
vt 0.166830 4.724530
vt 0.166830 4.640980
vt 0.333410 4.640980
vt 0.200150 7.190860
vt 0.200150 7.651980
vt 0.000240 7.651980
vt 0.000240 7.190860
vt 0.666590 3.528740
vt 0.500000 3.528740
vt 0.500000 3.427850
vt 0.666590 3.427850
vt 0.200150 6.100890
vt 0.200150 6.216590
vt 0.000240 6.216590
vt 0.000240 6.100890
vt 0.333410 5.224400
vt 0.166830 5.224400
vt 0.166830 5.069240
vt 0.333410 5.069240
vt 0.833170 2.961450
vt 0.833170 3.139590
vt 0.666590 3.139590
vt 0.666590 2.961450
vt 0.749880 4.461890
vt 0.749880 5.016980
vt 0.500000 5.016980
vt 0.500000 4.461890
vt 0.999760 4.934160
vt 0.833170 4.934160
vt 0.833170 4.785630
vt 0.999760 4.785630
vt 0.799850 5.239120
vt 0.599950 5.239120
vt 0.599950 4.826320
vt 0.799850 4.826320
vt 0.166830 3.730000
vt 0.166830 3.941990
vt 0.000240 3.941990
vt 0.000240 3.730000
vt 0.200150 6.229380
vt 0.200150 6.793910
vt 0.000240 6.793910
vt 0.000240 6.229380
vt 0.833170 3.595810
vt 0.833170 3.673770
vt 0.666590 3.673770
vt 0.666590 3.595810
vt 0.833170 2.525040
vt 0.833170 2.865120
vt 0.666590 2.865120
vt 0.666590 2.525040
vt 0.333410 3.055420
vt 0.166830 3.055420
vt 0.166830 2.765690
vt 0.333410 3.756110
vt 0.166830 3.756110
vt 0.166830 3.569260
vt 0.333410 3.569260
vt 0.500000 3.927160
vt 0.500000 4.046860
vt 0.333410 4.046860
vt 0.333410 3.927160
vt 0.999760 5.224400
vt 0.833170 5.224400
vt 0.833170 5.069240
vt 0.999760 5.069240
vt 0.799850 8.076450
vt 0.599950 8.076450
vt 0.599950 7.855800
vt 0.799850 7.855800
vt 0.999760 4.248790
vt 0.833170 4.248790
vt 0.833170 4.179680
vt 0.999760 4.179680
vt 0.999760 4.162640
vt 0.833170 4.162640
vt 0.833170 4.046860
vt 0.999760 4.046860
vt 0.166830 3.529130
vt 0.000240 3.529130
vt 0.999760 5.719730
vt 0.749880 5.719730
vt 0.749880 5.601340
vt 0.999760 5.601340
vt 0.500000 4.582260
vt 0.500000 4.687200
vt 0.333410 4.687200
vt 0.333410 4.582260
vt 0.500000 5.578890
vt 0.333410 5.675700
vt 0.333410 5.578890
vt 0.166830 5.354080
vt 0.166830 5.388700
vt 0.000240 5.388700
vt 0.000240 5.354080
vt 0.999760 5.487980
vt 0.833170 5.487980
vt 0.999760 5.407270
vt 0.250120 3.272390
vt 0.250120 3.872500
vt 0.000240 3.872500
vt 0.000240 3.272390
vt 0.333410 3.860990
vt 0.166830 3.769320
vt 0.333410 3.769320
vt 0.833170 5.333340
vt 0.833170 5.481290
vt 0.666590 5.481290
vt 0.666590 5.333340
vt 0.999760 3.941990
vt 0.833170 3.941990
vt 0.833170 3.730000
vt 0.999760 3.730000
vt 0.833170 4.906300
vt 0.666590 4.977040
vt 0.666590 4.906300
vt 0.999760 4.065620
vt 0.833170 4.065620
vt 0.833170 4.014760
vt 0.999760 4.014760
vt 0.333410 3.796570
vt 0.166830 3.796570
vt 0.166830 3.757180
vt 0.333410 3.757180
vt 0.666590 3.281520
vt 0.666590 3.082750
vt 0.999760 5.239120
vt 0.999760 5.514740
vt 0.799850 5.514740
vt 0.200150 3.322030
vt 0.000240 3.322030
vt 0.000240 2.587840
vt 0.666590 5.032390
vt 0.666590 3.861420
vt 0.500000 3.861420
vt 0.666590 3.806640
vt 0.666590 3.738100
vt 0.500000 3.653350
vt 0.666590 3.653350
vt 0.833170 4.737410
vt 0.833170 4.787480
vt 0.666590 4.787480
vt 0.666590 4.737410
vt 0.599950 4.743840
vt 0.599950 4.675890
vt 0.799850 4.675890
vt 0.599950 8.735910
vt 0.599950 8.802910
vt 0.400050 8.802910
vt 0.400050 8.735910
vt 0.999760 5.045400
vt 0.999760 5.192310
vt 0.799850 5.192310
vt 0.799850 5.045400
vt 0.500000 4.074630
vt 0.666590 4.074630
vt 0.400050 6.500710
vt 0.200150 6.500710
vt 0.200150 6.452570
vt 0.400050 6.452570
vt 0.999760 4.039930
vt 0.749880 4.039930
vt 0.666590 4.495910
vt 0.500000 4.467330
vt 0.666590 4.467330
vt 0.749880 4.405030
vt 0.999760 4.405030
vt 0.999760 3.604690
vt 0.833170 3.580610
vt 0.999760 3.580610
vt 0.799850 5.032480
vt 0.599950 4.952720
vt 0.599950 4.723840
vt 0.799850 4.881670
vt 0.666590 4.866980
vt 0.500000 4.866980
vt 0.500000 4.827350
vt 0.666590 4.827350
vt 0.250120 5.799730
vt 0.250120 5.861980
vt 0.000240 5.861980
vt 0.000240 5.799730
vt 0.000240 4.461130
vt 0.166830 4.461130
vt 0.083540 5.822100
vt 0.333410 4.461130
vt 0.250120 5.822100
vt 0.500000 4.461130
vt 0.416710 5.822100
vt 0.666590 4.461130
vt 0.583290 5.822100
vt 0.833170 4.461130
vt 0.749880 5.822100
vt 0.999760 4.461130
vt 0.916460 5.822100
vt 0.500000 2.253900
vt 0.333410 2.159680
vt 0.333410 2.003240
vt 0.500000 5.719730
vt 0.999760 2.765690
vt 0.833170 2.765690
vt 0.500000 1.306710
vt 0.187650 0.515000
vt 0.833170 1.451990
vt 0.999760 1.544570
vt 0.999760 1.711420
vt 0.749880 2.967140
vt 0.999760 2.995010
vt 0.375060 1.362920
vt 0.500000 1.362920
vt 0.500000 3.322210
vt 0.250120 3.322210
vt 0.250120 3.028330
vt 0.500000 3.028330
vt 0.333410 3.429350
vt 0.333410 3.705250
vt 0.000240 3.861550
vt 0.000240 3.698010
vt 0.833170 1.830220
vt 0.833170 1.924510
vt 0.666590 1.906430
vt 0.250120 1.202860
vt 0.125180 1.202860
vt 0.125180 1.053470
vt 0.250120 1.053470
vt 0.999760 4.415910
vt 0.999760 4.387720
vt 0.333410 1.798090
vt 0.333410 1.681200
vt 0.125180 1.569160
vt 0.833170 3.525890
vt 0.666590 3.370660
vt 0.999760 1.750500
vt 0.999760 3.861100
vt 0.833170 3.861100
vt 0.833170 3.835990
vt 0.999760 3.835990
vt 0.200150 5.826370
vt 0.200150 5.759160
vt 0.166830 3.904680
vt 0.000240 3.904680
vt 0.666590 3.307630
vt 0.500000 3.307630
vt 0.500000 3.112520
vt 0.666590 3.112520
vt 0.200150 4.292210
vt 0.200150 4.585210
vt 0.000240 4.585210
vt 0.000240 4.292210
vt 0.833170 3.901670
vt 0.666590 3.860990
vt 0.500000 3.860990
vt 0.500000 3.769320
vt 0.666590 3.769320
vt 0.833170 4.866980
vt 0.833170 4.897280
vt 0.666590 4.897280
vt 0.166830 4.382600
vt 0.166830 4.326820
vt 0.333410 4.326820
vt 0.500000 3.482800
vt 0.500000 3.892370
vt 0.333410 3.892370
vt 0.333410 3.482800
vt 0.166830 5.532070
vt 0.166830 5.573680
vt 0.000240 5.573680
vt 0.000240 5.532070
vt 0.333410 2.738950
vt 0.666590 3.272910
vt 0.500000 3.272910
vt 0.500000 3.092940
vt 0.000240 4.039930
vt 0.000240 3.636930
vt 0.599950 6.089030
vt 0.599950 6.696340
vt 0.400050 6.696340
vt 0.400050 6.089030
vt 0.333410 4.248790
vt 0.166830 4.248790
vt 0.166830 4.179680
vt 0.333410 4.179680
vt 0.200150 8.508800
vt 0.000240 8.508800
vt 0.999760 3.901690
vt 0.833170 3.901690
vt 0.833170 3.599550
vt 0.999760 3.599550
vt 0.333410 1.915670
vt 0.166830 1.926850
vt 0.166830 1.827840
vt 0.333410 4.901730
vt 0.166830 4.901730
vt 0.166830 4.621890
vt 0.333410 4.621890
vt 0.799850 5.566230
vt 0.599950 5.566230
vt 0.599950 5.528470
vt 0.999760 8.508800
vt 0.999760 8.574530
vt 0.799850 8.574530
vt 0.799850 8.508800
vt 0.500000 3.423930
vt 0.333410 3.423930
vt 0.333410 3.272910
vt 0.666590 4.748010
vt 0.500000 4.748010
vt 0.500000 4.422960
vt 0.833170 3.757180
vt 0.833170 3.796570
vt 0.666590 3.796570
vt 0.666590 3.757180
vt 0.500000 2.394510
vt 0.500000 2.632770
vt 0.333410 2.632770
vt 0.333410 2.394510
vt 0.599950 6.360110
vt 0.400050 6.360110
vt 0.999760 8.193440
vt 0.999760 8.377500
vt 0.799850 8.377500
vt 0.799850 8.193440
vt 0.200150 6.308670
vt 0.200150 6.348630
vt 0.000240 6.348630
vt 0.000240 6.308670
vt 0.999760 4.866980
vt 0.833170 4.827350
vt 0.999760 4.827350
vt 0.166830 4.162640
vt 0.166830 4.254660
vt 0.000240 4.254660
vt 0.000240 4.162640
vt 0.333410 5.774760
vt 0.333410 5.729200
vt 0.500000 4.808610
vt 0.500000 4.856030
vt 0.333410 4.856030
vt 0.333410 4.808610
vt 0.333410 5.260670
vt 0.166830 5.260670
vt 0.166830 5.166870
vt 0.333410 5.166870
vt 0.999760 3.267100
vt 0.833170 3.267100
vt 0.999760 3.139590
vt 0.166830 4.080950
vt 0.000240 4.080950
vt 0.250120 6.468760
vt 0.250120 6.823300
vt 0.000240 6.823300
vt 0.000240 6.468760
vt 0.666590 3.794960
vt 0.500000 3.794960
vt 0.500000 3.746600
vt 0.666590 3.746600
vt 0.500000 5.073800
vt 0.500000 5.166870
vt 0.333410 5.073800
vt 0.999760 4.515580
vt 0.833170 4.515580
vt 0.833170 4.382090
vt 0.999760 4.382090
vt 0.500000 6.528980
vt 0.333410 6.586940
vt 0.333410 6.528980
vt 0.666590 4.515580
vt 0.500000 4.515580
vt 0.500000 4.382090
vt 0.666590 4.382090
vt 0.500000 3.599550
vt 0.500000 3.901690
vt 0.333410 3.901690
vt 0.333410 3.599550
vt 0.799850 5.989860
vt 0.599950 5.989860
vt 0.799850 5.739490
vt 0.999760 4.449660
vt 0.833170 4.449660
vt 0.833170 4.317930
vt 0.999760 4.317930
vt 0.333410 2.978400
vt 0.166830 2.978400
vt 0.166830 2.592240
vt 0.333410 2.592240
vt 0.599950 7.651980
vt 0.599950 7.957200
vt 0.400050 7.957200
vt 0.400050 7.651980
vt 0.999760 4.427500
vt 0.833170 4.427500
vt 0.833170 4.255830
vt 0.999760 4.255830
vt 0.500000 5.832270
vt 0.599950 7.190860
vt 0.400050 7.190860
vt 0.166830 3.806640
vt 0.166830 3.861420
vt 0.000240 3.861420
vt 0.000240 3.806640
vt 0.999760 6.118550
vt 0.999760 6.152930
vt 0.799850 6.152930
vt 0.000240 8.393140
vt 0.833170 4.836100
vt 0.666590 4.836100
vt 0.500000 3.529130
vt 0.333410 3.529130
vt 0.500000 4.374330
vt 0.500000 4.421150
vt 0.333410 4.421150
vt 0.333410 4.374330
vt 0.999760 6.136040
vt 0.999760 6.433310
vt 0.666590 6.433310
vt 0.666590 6.136040
vt 0.333410 3.861100
vt 0.333410 3.835990
vt 0.250120 4.405030
vt 0.000240 4.405030
vt 0.999760 5.675700
vt 0.833170 5.675700
vt 0.833170 5.578890
vt 0.999760 5.578890
vt 0.999760 1.640470
vt 0.833170 1.640470
vt 0.833170 1.517310
vt 0.999760 1.531150
vt 0.599950 6.500710
vt 0.599950 6.540880
vt 0.400050 6.540880
vt 0.166830 2.921050
vt 0.000240 2.921050
vt 0.500000 2.704630
vt 0.250120 2.704630
vt 0.833170 3.586890
vt 0.166830 5.675700
vt 0.166830 5.578890
vt 0.999760 7.523420
vt 0.749880 7.523420
vt 0.200150 5.302710
vt 0.200150 5.527200
vt 0.000240 5.527200
vt 0.000240 5.316750
vt 0.200150 8.705970
vt 0.200150 8.752200
vt 0.000240 8.752200
vt 0.000240 8.705970
vt 0.333410 4.827350
vt 0.166830 4.827350
vt 0.166830 4.757120
vt 0.333410 4.757120
vt 0.400050 4.743840
vt 0.200150 4.675890
vt 0.400050 4.675890
vt 0.125180 0.889770
vt 0.250120 0.889770
vt 0.333410 3.329290
vt 0.166830 3.351860
vt 0.999760 4.461890
vt 0.749880 3.848880
vt 0.999760 3.848880
vt 0.333410 3.861420
vt 0.000240 4.135480
vt 0.166830 4.135480
vt 0.083540 5.739980
vt 0.250120 5.739980
vt 0.416710 5.739980
vt 0.666590 4.135480
vt 0.583290 5.739980
vt 0.833170 4.135480
vt 0.749880 5.739980
vt 0.999760 4.135480
vt 0.916460 5.739980
vt 0.999760 5.189670
vt 0.799850 5.165930
vt 0.599950 1.807780
vt 0.333410 5.940210
vt 0.799850 2.053240
vt 0.799850 1.905880
vt 0.999760 2.112590
vt 0.999760 2.001550
vt 0.874820 0.321570
vt 0.812350 0.321570
vt 0.200150 8.642270
vt 0.200150 8.552290
vt 0.400050 8.552290
vt 0.937290 0.321570
vt 0.874820 0.414960
vt 0.833170 3.345680
vt 0.833170 3.472740
vt 0.666590 3.256400
vt 0.833170 1.714510
vt 0.400050 2.073020
vt 0.999760 4.011440
vt 0.999760 4.169480
vt 0.999760 2.221820
vt 0.833170 2.221820
vt 0.666590 4.366850
vt 0.333410 4.366850
vt 0.999760 0.644540
vt 0.833170 4.093900
vt 0.666590 4.093900
vt 0.666590 3.941990
vt 0.250120 1.362920
vt 0.125180 1.362920
vt 0.000240 8.642270
vt 0.666590 4.014760
vt 0.400050 8.752200
vt 0.799850 5.420430
vt 0.799850 5.338720
vt 0.000240 3.322210
vt 0.000240 3.028330
vt 0.999760 4.421150
vt 0.833170 4.421150
vt 0.833170 4.374330
vt 0.999760 4.374330
vt 0.833170 4.665450
vt 0.833170 4.817050
vt 0.666590 4.817050
vt 0.666590 4.665450
vt 0.166830 4.836100
vt 0.333410 4.836100
vt 0.666590 6.528980
vt 0.500000 6.460140
vt 0.666590 6.460140
vt 0.749880 5.428110
vt 0.500000 5.428110
vt 0.833170 3.036620
vt 0.833170 3.283020
vt 0.666590 3.283020
vt 0.666590 3.036620
vt 0.666590 4.382600
vt 0.500000 4.326820
vt 0.666590 4.326820
vt 0.999760 5.113620
vt 0.799850 5.113620
vt 0.333410 4.355400
vt 0.166830 4.355400
vt 0.166830 4.317470
vt 0.333410 4.317470
vt 0.833170 4.467330
vt 0.666590 4.421150
vt 0.333410 2.337690
vt 0.166830 2.337690
vt 0.166830 1.998370
vt 0.333410 1.998370
vt 0.000240 4.827350
vt 0.250120 4.240120
vt 0.250120 5.129740
vt 0.000240 5.129740
vt 0.000240 4.240120
vt 0.599950 4.379610
vt 0.400050 4.379610
vt 0.500000 4.627910
vt 0.666590 4.627910
vt 0.799850 4.379610
vt 0.799850 4.182810
vt 0.999760 5.150110
vt 0.799850 5.150110
vt 0.000240 4.757120
vt 0.166830 4.665450
vt 0.000240 4.665450
vt 0.999760 8.561260
vt 0.999760 8.657260
vt 0.799850 8.657260
vt 0.799850 8.561260
vt 0.999760 3.710960
vt 0.999760 3.991940
vt 0.799850 3.991940
vt 0.799850 3.710960
vt 0.666590 3.353620
vt 0.666590 3.267100
vt 0.166830 3.927160
vt 0.000240 3.927160
vt 0.000240 3.756110
vt 0.749880 5.725680
vt 0.500000 5.725680
vt 0.166830 3.283020
vt 0.000240 3.283020
vt 0.599950 4.495390
vt 0.400050 4.495390
vt 0.400050 4.350080
vt 0.200150 4.350080
vt 0.200150 4.168230
vt 0.400050 4.168230
vt 0.166830 4.111800
vt 0.166830 4.334080
vt 0.000240 4.334080
vt 0.000240 4.111800
vt 0.400050 6.229380
vt 0.400050 5.527200
vt 0.799850 8.262300
vt 0.599950 8.262300
vt 0.799850 7.957200
vt 0.999760 5.462160
vt 0.999760 5.739490
vt 0.799850 5.462160
vt 0.166830 4.382090
vt 0.166830 4.515580
vt 0.000240 4.515580
vt 0.000240 4.382090
vt 0.166830 3.082750
vt 0.166830 3.281520
vt 0.000240 3.281520
vt 0.000240 3.082750
vt 0.400050 4.888940
vt 0.200150 4.888940
vt 0.200150 4.825260
vt 0.400050 4.825260
vt 0.166830 3.485150
vt 0.000240 3.485150
vt 0.166830 4.725320
vt 0.166830 4.762000
vt 0.000240 4.762000
vt 0.000240 4.725320
vt 0.666590 3.973140
vt 0.500000 3.973140
vt 0.500000 3.896720
vt 0.666590 3.896720
vt 0.166830 4.687000
vt 0.166830 4.627910
vt 0.333410 4.627910
vt 0.833170 2.671880
vt 0.666590 3.024670
vt 0.666590 2.671880
vt 0.333410 4.037150
vt 0.333410 4.008840
vt 0.500000 2.896770
vt 0.333410 2.896770
vt 0.999760 4.355400
vt 0.833170 4.355400
vt 0.833170 4.317470
vt 0.999760 4.317470
vt 0.666590 4.355400
vt 0.666590 3.861100
vt 0.500000 3.861100
vt 0.500000 3.835990
vt 0.666590 3.835990
vt 0.999760 4.061330
vt 0.833170 4.061330
vt 0.833170 4.037150
vt 0.999760 4.037150
vt 0.666590 5.075050
vt 0.000240 6.365330
vt 0.200150 6.365330
vt 0.100200 8.202000
vt 0.300100 8.202000
vt 0.500000 8.202000
vt 0.799850 6.365330
vt 0.699900 8.202000
vt 0.999760 6.365330
vt 0.899800 8.202000
vt 0.375060 0.889770
vt 0.999760 2.783720
vt 0.999760 2.888780
vt 0.749880 3.341600
vt 0.500000 3.387740
vt 0.500000 3.173940
vt 0.500000 2.400880
vt 0.500000 2.183450
vt 0.999760 3.883380
vt 0.833170 3.883380
vt 0.400050 8.629950
vt 0.400050 8.574530
vt 0.833170 1.491030
vt 0.333410 1.969020
vt 0.166830 2.019750
vt 0.166830 1.912730
vt 0.333410 1.805270
vt 0.500000 3.904680
vt 0.799850 6.360110
vt 0.599950 6.290130
vt 0.799850 6.290130
vt 0.833170 3.427850
vt 0.999760 4.103560
vt 0.833170 4.103560
vt 0.666590 2.832840
vt 0.500000 2.832840
vt 0.500000 2.577990
vt 0.666590 2.577990
vt 0.500000 4.436300
vt 0.250120 4.436300
vt 0.500000 3.872500
vt 0.166830 3.427850
vt 0.000240 3.427850
vt 0.500000 4.196950
vt 0.500000 4.302930
vt 0.333410 4.302930
vt 0.333410 4.196950
vt 0.200150 4.495390
vt 0.200150 4.600820
vt 0.000240 4.600820
vt 0.000240 4.495390
vt 0.999760 3.628640
vt 0.833170 3.628640
vt 0.833170 3.264450
vt 0.999760 3.264450
vt 0.833170 3.746600
vt 0.599950 6.100890
vt 0.599950 6.216590
vt 0.400050 6.216590
vt 0.400050 6.100890
vt 0.333410 3.841260
vt 0.166830 3.841260
vt 0.400050 4.516340
vt 0.200150 4.516340
vt 0.200150 4.006280
vt 0.400050 4.006280
vt 0.999760 3.861420
vt 0.833170 3.861420
vt 0.833170 3.806640
vt 0.999760 3.806640
vt 0.599950 6.308670
vt 0.599950 6.348630
vt 0.400050 6.348630
vt 0.400050 6.308670
vt 0.666590 5.832270
vt 0.200150 6.118550
vt 0.200150 6.152930
vt 0.000240 6.152930
vt 0.000240 6.118550
vt 0.500000 5.573680
vt 0.333410 5.573680
vt 0.599950 3.769790
vt 0.166830 4.387720
vt 0.000240 4.387720
vt 0.000240 4.355400
vt 0.166830 4.103560
vt 0.833170 5.066320
vt 0.833170 5.200890
vt 0.666590 5.200890
vt 0.666590 5.066320
vt 0.874820 1.362920
vt 0.999760 1.362920
vt 0.999760 4.830740
vt 0.599950 5.598340
vt 0.400050 5.598340
vt 0.400050 5.566230
vt 0.250120 7.311780
vt 0.250120 7.421630
vt 0.000240 7.421630
vt 0.000240 7.311780
vt 0.999760 2.961450
vt 0.833170 2.792820
vt 0.999760 2.792820
vt 0.125180 8.441210
vt 0.500000 5.861980
vt 0.375060 8.441210
vt 0.749880 5.861980
vt 0.624940 8.441210
vt 0.999760 5.861980
vt 0.874820 8.441210
vt 0.000240 3.380110
vt 0.000240 3.260040
vt 0.250120 3.207590
vt 0.250120 2.946660
vt 0.500000 2.913600
vt 0.666590 5.975050
vt 0.749880 3.207820
vt 0.999760 3.260040
vt 0.999760 3.380110
vt 0.500000 3.097480
vt 0.666590 3.202380
vt 0.250120 3.420030
vt 0.062710 0.321570
vt 0.400050 7.002680
vt 0.400050 6.872680
vt 0.599950 3.784660
vt 0.599950 3.935280
vt 0.400050 3.935280
vt 0.500000 5.814500
vt 0.333410 5.814500
vt 0.200150 6.540880
vt 0.000240 6.540880
vt 0.000240 6.500710
vt 0.333410 4.422960
vt 0.333410 3.993310
vt 0.799850 6.396110
vt 0.749880 3.028330
vt 0.666590 4.934160
vt 0.666590 4.785630
vt 0.333410 3.904680
vt 0.999760 3.927160
vt 0.833170 3.927160
vt 0.833170 3.756110
vt 0.999760 3.756110
vt 0.166830 4.061330
vt 0.000240 4.061330
vt 0.333410 4.074630
vt 0.166830 4.074630
vt 0.166830 4.023870
vt 0.333410 4.023870
vt 0.333410 3.427850
vt 0.666590 4.317470
vt 0.500000 4.317470
vt 0.500000 4.248790
vt 0.666590 4.248790
vt 0.166830 2.420770
vt 0.000240 2.420770
vt 0.999760 7.190860
vt 0.999760 7.651980
vt 0.799850 7.651980
vt 0.799850 7.190860
vt 0.599950 5.402280
vt 0.599950 5.602930
vt 0.000240 4.516340
vt 0.000240 4.006280
vt 0.999760 8.161300
vt 0.999760 8.295520
vt 0.799850 8.295520
vt 0.799850 8.161300
vt 0.833170 3.896720
vt 0.833170 3.973140
vt 0.999760 4.542860
vt 0.833170 4.542860
vt 0.666590 4.303400
vt 0.500000 4.303400
vt 0.500000 4.080950
vt 0.666590 4.080950
vt 0.833170 3.960830
vt 0.999760 3.960830
vt 0.833170 2.952230
vt 0.833170 3.129550
vt 0.666590 3.129550
vt 0.666590 2.931670
vt 0.166830 3.774430
vt 0.166830 5.325200
vt 0.166830 5.407270
vt 0.000240 5.407270
vt 0.000240 5.325200
vt 0.333410 1.697860
vt 0.166830 1.709660
vt 0.166830 2.112380
vt 0.000240 2.115530
vt 0.749880 5.799730
vt 0.500000 5.799730
vt 0.000240 1.655860
vt 0.000240 1.544570
vt 0.500000 3.308260
vt 0.500000 3.442440
vt 0.333410 3.442440
vt 0.874820 0.515000
vt 0.333410 4.923130
vt 0.166830 4.923130
vt 0.333410 4.897280
vt 0.000240 6.238230
vt 0.250120 6.238230
vt 0.125180 9.134160
vt 0.500000 6.238230
vt 0.375060 9.134160
vt 0.749880 6.238230
vt 0.624940 9.134160
vt 0.999760 6.238230
vt 0.874820 9.134160
vt 0.749880 0.219670
vt 0.250120 3.316300
vt 0.500000 3.276710
vt 0.250120 3.573350
vt 0.500000 3.537450
vt 0.749880 3.573080
vt 0.999760 3.625300
vt 0.749880 3.714710
vt 0.999760 3.752400
vt 0.250120 3.788630
vt 0.166830 1.417010
vt 0.000240 1.437230
vt 0.200150 3.819920
vt 0.200150 3.901110
vt 0.000240 3.913840
vt 0.000240 3.852210
vt 0.000240 2.110650
vt 0.000240 2.043870
vt 0.333410 2.422520
vt 0.166830 2.449990
vt 0.166830 2.337080
vt 0.333410 2.275660
vt 0.999760 4.466610
vt 0.799850 4.438720
vt 0.400050 4.249610
vt 0.200150 4.249610
vt 0.400050 4.148320
vt 0.000240 5.826370
vt 0.000240 5.769340
vt 0.599950 6.152930
vt 0.999760 3.819960
vt 0.799850 3.802240
vt 0.250120 4.461890
vt 0.000240 4.461890
vt 0.200150 6.507460
vt 0.000240 6.507460
vt 0.999760 4.422960
vt 0.999760 3.993310
vt 0.599950 4.975560
vt 0.599950 5.291830
vt 0.400050 5.291830
vt 0.400050 4.975560
vt 0.400050 4.600820
vt 0.500000 5.129740
vt 0.333410 3.559600
vt 0.166830 3.559600
vt 0.166830 3.129550
vt 0.500000 6.823300
vt 0.500000 6.468760
vt 0.999760 6.468760
vt 0.749880 6.468760
vt 0.749880 5.876750
vt 0.999760 5.876750
vt 0.166830 4.906090
vt 0.166830 5.173540
vt 0.000240 5.173540
vt 0.000240 4.906090
vt 0.666590 4.074900
vt 0.500000 4.074900
vt 0.500000 3.961790
vt 0.666590 3.961790
vt 0.599950 5.192310
vt 0.166830 3.892370
vt 0.166830 3.482800
vt 0.166830 3.599550
vt 0.166830 3.296120
vt 0.333410 3.296120
vt 0.166830 3.549190
vt 0.000240 3.549190
vt 0.833170 4.892340
vt 0.833170 4.923350
vt 0.666590 4.923350
vt 0.666590 4.892340
vt 0.500000 5.173540
vt 0.500000 5.333340
vt 0.333410 5.333340
vt 0.333410 5.173540
vt 0.000240 4.382600
vt 0.000240 4.326820
vt 0.999760 5.654210
vt 0.833170 5.654210
vt 0.833170 5.490180
vt 0.999760 5.490180
vt 0.833170 3.769320
vt 0.999760 3.769320
vt 0.999760 6.300780
vt 0.799850 6.300780
vt 0.166830 1.813520
vt 0.000240 1.813520
vt 0.000240 1.711420
vt 0.166830 1.528660
vt 0.166830 1.640470
vt 0.000240 1.640470
vt 0.000240 1.531150
vt 0.999760 6.500710
vt 0.999760 6.540880
vt 0.799850 6.540880
vt 0.799850 6.500710
vt 0.599950 5.146200
vt 0.599950 5.432370
vt 0.400050 5.432370
vt 0.400050 5.148310
vt 0.400050 5.280630
vt 0.333410 2.793450
vt 0.166830 2.848100
vt 0.166830 2.708260
vt 0.333410 2.594430
vt 0.833170 4.762000
vt 0.666590 4.762000
vt 0.000240 7.523420
vt 0.250120 7.523420
vt 0.125180 10.732510
vt 0.500000 7.523420
vt 0.375060 10.732510
vt 0.624940 10.732510
vt 0.874820 10.732510
vt 0.200150 6.300780
vt 0.666590 3.759930
vt 0.666590 3.895170
vt 0.999760 3.861550
vt 0.999760 3.698010
vt 0.333410 3.883380
vt 0.166830 3.883380
vt 0.333410 6.136040
vt 0.333410 6.433310
vt 0.000240 6.433310
vt 0.000240 6.136040
vt 0.999760 6.714320
vt 0.999760 6.790880
vt 0.666590 6.790880
vt 0.666590 6.714320
vt 0.166830 3.423930
vt 0.166830 3.549630
vt 0.000240 3.549630
vt 0.000240 3.423930
vt 0.799850 6.421530
vt 0.400050 5.482370
vt 0.200150 5.482370
vt 0.200150 5.420430
vt 0.500000 5.192750
vt 0.250120 5.192750
vt 0.250120 4.868180
vt 0.500000 4.868180
vt 0.333410 3.112520
vt 0.333410 2.832840
vt 0.166830 4.817050
vt 0.000240 4.817050
vt 0.666590 3.599550
vt 0.500000 3.296120
vt 0.666590 3.296120
vt 0.999760 4.906300
vt 0.999760 4.817050
vt 0.999760 3.595810
vt 0.833170 3.466620
vt 0.999760 3.466620
vt 0.500000 3.796570
vt 0.500000 3.757180
vt 0.999760 2.671880
vt 0.166830 4.425000
vt 0.000240 4.425000
vt 0.999760 1.259580
vt 0.833170 1.303840
vt 0.833170 2.738950
vt 0.666590 2.738950
vt 0.200150 2.280710
vt 0.000240 2.442180
vt 0.000240 2.319390
vt 0.312590 0.321570
vt 0.200150 3.935280
vt 0.166830 2.968500
vt 0.000240 3.129550
vt 0.000240 2.972960
vt 0.000240 6.790880
vt 0.000240 6.714320
vt 0.333410 6.790880
vt 0.333410 6.714320
vt 0.999760 8.788020
vt 0.799850 8.788020
vt 0.166830 10.307170
vt 0.500000 10.307170
vt 0.833170 10.307170
vt 0.000240 1.873100
vt 0.000240 1.798050
vt 0.166830 1.743010
vt 0.200150 4.966970
vt 0.200150 4.983300
vt 0.000240 4.983300
vt 0.000240 4.966970
vt 0.333410 1.633560
vt 0.999760 0.321570
vt 0.333410 2.718650
vt 0.333410 2.565330
vt 0.333410 3.836630
vt 0.500000 1.683850
vt 0.500000 1.813520
vt 0.333410 1.813520
vt 0.999760 2.110650
vt 0.999760 2.043870
vt 0.250120 6.169600
vt 0.500000 3.126590
vt 0.666590 2.765690
vt 0.666590 2.613740
vt 0.500000 4.037150
vt 0.500000 4.061330
vt 0.333410 4.061330
vt 0.500000 3.272390
vt 0.166830 5.111750
vt 0.166830 5.144010
vt 0.000240 5.144010
vt 0.000240 5.111750
vt 0.999760 5.799730
vt 0.500000 3.240580
vt 0.333410 3.240580
vt 0.500000 4.665450
vt 0.500000 4.518830
vt 0.666590 4.518830
vt 0.999760 6.452570
vt 0.799850 6.452570
vt 0.999760 3.541780
vt 0.833170 3.541780
vt 0.833170 3.502450
vt 0.999760 3.502450
vt 0.500000 5.428250
vt 0.333410 5.428250
vt 0.333410 5.326630
vt 0.999760 4.888940
vt 0.999760 4.922760
vt 0.799850 4.922760
vt 0.799850 4.888940
vt 0.333410 5.075050
vt 0.166830 5.075050
vt 0.400050 6.793910
vt 0.166830 3.960830
vt 0.000240 3.960830
vt 0.000240 3.559600
vt 0.500000 2.738950
vt 0.500000 4.621890
vt 0.500000 4.352780
vt 0.000240 5.601340
vt 0.000240 5.431030
vt 0.400050 5.901050
vt 0.200150 5.901050
vt 0.200150 5.784070
vt 0.400050 5.784070
vt 0.749880 5.934990
vt 0.500000 5.934990
vt 0.333410 3.602460
vt 0.599950 8.377500
vt 0.599950 8.552290
vt 0.400050 8.377500
vt 0.500000 2.255350
vt 0.333410 2.255350
vt 0.599950 6.151580
vt 0.599950 6.308530
vt 0.400050 6.308530
vt 0.400050 6.151580
vt 0.599950 6.014560
vt 0.799850 6.014560
vt 0.166830 5.073800
vt 0.166830 4.934160
vt 0.333410 4.934160
vt 0.500000 3.953300
vt 0.500000 3.702260
vt 0.666590 3.702260
vt 0.999760 3.322030
vt 0.999760 4.006280
vt 0.799850 4.006280
vt 0.799850 3.322030
vt 0.166830 3.321470
vt 0.000240 3.569260
vt 0.000240 3.321470
vt 0.200150 4.922760
vt 0.000240 4.922760
vt 0.000240 4.888940
vt 0.999760 3.427850
vt 0.200150 7.855800
vt 0.200150 8.076450
vt 0.000240 8.076450
vt 0.000240 7.855800
vt 0.999760 4.008840
vt 0.833170 4.008840
vt 0.833170 3.971870
vt 0.999760 3.971870
vt 0.999760 2.577990
vt 0.833170 2.577990
vt 0.999760 5.784070
vt 0.999760 5.901050
vt 0.799850 5.901050
vt 0.799850 5.784070
vt 0.999760 4.923130
vt 0.833170 4.923130
vt 0.999760 4.897280
vt 0.500000 4.865260
vt 0.500000 4.836100
vt 0.166830 3.024670
vt 0.000240 3.024670
vt 0.166830 3.343060
vt 0.166830 3.466620
vt 0.000240 3.466620
vt 0.000240 3.343060
vt 0.200150 6.014560
vt 0.200150 6.074770
vt 0.000240 6.074770
vt 0.000240 6.014560
vt 0.666590 3.341040
vt 0.500000 3.341040
vt 0.500000 2.978400
vt 0.666590 2.978400
vt 0.333410 3.164020
vt 0.166830 3.164020
vt 0.333410 2.921050
vt 0.166830 3.240580
vt 0.599950 6.090000
vt 0.599950 6.177990
vt 0.400050 6.177990
vt 0.400050 6.090000
vt 0.833170 3.569260
vt 0.666590 3.756110
vt 0.666590 3.569260
vt 0.400050 5.192310
vt 0.666590 4.255830
vt 0.500000 4.255830
vt 0.500000 4.012170
vt 0.666590 4.012170
vt 0.400050 8.657260
vt 0.200150 8.657260
vt 0.999760 4.403850
vt 0.999760 4.545380
vt 0.799850 4.545380
vt 0.799850 4.403850
vt 0.799850 8.270240
vt 0.599950 8.270240
vt 0.166830 6.460140
vt 0.333410 6.460140
vt 0.999760 5.192750
vt 0.749880 5.192750
vt 0.749880 4.868180
vt 0.999760 4.868180
vt 0.166830 5.428250
vt 0.166830 5.484300
vt 0.000240 5.484300
vt 0.000240 5.428250
vt 0.999760 4.516340
vt 0.799850 4.516340
vt 0.500000 3.947780
vt 0.500000 4.014760
vt 0.333410 4.014760
vt 0.333410 3.947780
vt 0.799850 8.552290
vt 0.999760 3.164020
vt 0.833170 3.164020
vt 0.833170 2.921050
vt 0.999760 2.921050
vt 0.200150 4.669440
vt 0.000240 4.669440
vt 0.166830 4.421150
vt 0.166830 4.467330
vt 0.000240 4.467330
vt 0.000240 4.421150
vt 0.333410 4.162640
vt 0.166830 4.046860
vt 0.799850 3.710350
vt 0.599950 3.671730
vt 0.599950 3.531140
vt 0.799850 3.597340
vt 0.833170 5.428250
vt 0.666590 5.428250
vt 0.500000 3.595810
vt 0.500000 3.466620
vt 0.666590 3.466620
vt 0.500000 4.787480
vt 0.000240 8.552290
vt 0.999760 5.774760
vt 0.833170 5.729200
vt 0.999760 5.729200
vt 0.999760 4.687000
vt 0.833170 4.627910
vt 0.999760 4.627910
vt 0.166830 2.025680
vt 0.000240 2.025680
vt 0.999760 4.585210
vt 0.799850 4.585210
vt 0.599950 2.587840
vt 0.833170 2.839190
vt 0.833170 2.950470
vt 0.666590 2.950470
vt 0.666590 2.814460
vt 0.333410 3.307630
vt 0.999760 6.169600
vt 0.999760 6.077120
vt 0.599950 4.828420
vt 0.400050 4.828420
vt 0.000240 3.901670
vt 0.083540 5.570130
vt 0.250120 5.570130
vt 0.416710 5.570130
vt 0.583290 5.570130
vt 0.749880 5.570130
vt 0.999760 3.901670
vt 0.916460 5.570130
vt 0.000240 1.985180
vt 0.166830 1.890340
vt 0.999760 4.194140
vt 0.799850 4.165930
vt 0.500000 1.714630
vt 0.500000 1.912110
vt 0.333410 1.773390
vt 0.833170 1.885840
vt 0.999760 1.985180
vt 0.500000 2.055250
vt 0.250120 3.999290
vt 0.000240 4.025980
vt 0.000240 3.876990
vt 0.999760 1.445250
vt 0.833170 2.667410
vt 0.666590 2.695930
vt 0.666590 2.562440
vt 0.833170 3.528740
vt 0.833170 3.297530
vt 0.333410 3.952160
vt 0.166830 3.952160
vt 0.166830 3.716090
vt 0.333410 3.716090
vt 0.666590 5.173540
vt 0.333410 2.525040
vt 0.166830 2.525040
vt 0.166830 2.219090
vt 0.333410 2.219090
vt 0.500000 4.219060
vt 0.666590 4.817430
vt 0.500000 4.817430
vt 0.400050 8.262300
vt 0.166830 4.342670
vt 0.166830 4.817430
vt 0.000240 4.817430
vt 0.000240 4.342670
vt 0.200150 7.242690
vt 0.200150 7.647400
vt 0.000240 7.647400
vt 0.000240 7.242690
vt 0.166830 4.582260
vt 0.166830 4.470540
vt 0.333410 4.470540
vt 0.000240 5.224400
vt 0.000240 5.069240
vt 0.500000 4.906300
vt 0.333410 4.906300
vt 0.599950 5.725330
vt 0.599950 5.554690
vt 0.799850 5.649550
vt 0.999760 5.725680
vt 0.999760 5.428110
vt 0.999760 4.600820
vt 0.999760 4.669440
vt 0.799850 4.600820
vt 0.599950 4.249610
vt 0.599950 4.403850
vt 0.999760 3.569260
vt 0.166830 3.986000
vt 0.000240 3.986000
vt 0.999760 6.100890
vt 0.999760 6.216590
vt 0.799850 6.216590
vt 0.799850 6.100890
vt 0.000240 3.841260
vt 0.000240 3.743690
vt 0.166830 4.130510
vt 0.000240 4.130510
vt 0.000240 3.952160
vt 0.999760 5.989860
vt 0.749880 7.107470
vt 0.500000 7.311780
vt 0.500000 7.107470
vt 0.999760 3.341040
vt 0.833170 3.341040
vt 0.833170 2.978400
vt 0.999760 2.978400
vt 0.666590 4.624610
vt 0.500000 4.624610
vt 0.599950 4.888940
vt 0.599950 4.825260
vt 0.799850 4.825260
vt 0.333410 4.518830
vt 0.333410 4.303400
vt 0.999760 4.308870
vt 0.833170 4.308870
vt 0.833170 3.986000
vt 0.999760 3.986000
vt 0.333410 3.906340
vt 0.166830 3.906340
vt 0.200150 7.908410
vt 0.200150 8.161300
vt 0.000240 8.161300
vt 0.000240 7.908410
vt 0.666590 3.485150
vt 0.500000 3.485150
vt 0.999760 5.129740
vt 0.749880 5.129740
vt 0.999760 4.240120
vt 0.999760 4.657990
vt 0.799850 4.657990
vt 0.999760 4.182810
vt 0.999760 4.379610
vt 0.833170 5.173540
vt 0.999760 3.360740
vt 0.833170 3.360740
vt 0.833170 3.104110
vt 0.999760 3.104110
vt 0.166830 2.896770
vt 0.166830 2.632770
vt 0.333410 4.515580
vt 0.333410 4.382090
vt 0.999760 4.495390
vt 0.799850 4.495390
vt 0.666590 2.754970
vt 0.200150 5.192310
vt 0.200150 5.338720
vt 0.000240 5.338720
vt 0.000240 5.192310
vt 0.666590 3.960830
vt 0.500000 5.481290
vt 0.333410 5.481290
vt 0.833170 4.196950
vt 0.833170 4.302930
vt 0.666590 4.302930
vt 0.666590 4.196950
vt 0.599950 6.229380
vt 0.599950 6.793910
vt 0.500000 3.499090
vt 0.333410 3.499090
vt 0.000240 4.687000
vt 0.000240 4.627910
vt 0.166830 4.074900
vt 0.000240 4.179680
vt 0.000240 4.074900
vt 0.250120 7.107470
vt 0.166830 2.629870
vt 0.000240 2.629870
vt 0.000240 2.337690
vt 0.500000 3.024670
vt 0.500000 3.321470
vt 0.333410 3.321470
vt 0.333410 3.024670
vt 0.166830 4.352780
vt 0.000240 4.621890
vt 0.000240 4.352780
vt 0.666590 5.578890
vt 0.999760 4.660070
vt 0.833170 4.660070
vt 0.000240 4.074630
vt 0.000240 4.023870
vt 0.500000 4.538070
vt 0.333410 4.538070
vt 0.000240 5.075050
vt 0.000240 5.032390
vt 0.599950 5.514740
vt 0.400050 5.514740
vt 0.400050 5.239120
vt 0.333410 4.467330
vt 0.999760 3.904680
vt 0.000240 1.998370
vt 0.166830 5.487980
vt 0.000240 5.487980
vt 0.333410 4.415910
vt 0.166830 4.415910
vt 0.333410 4.387720
vt 0.833170 4.425000
vt 0.999760 4.425000
vt 0.799850 5.598340
vt 0.999760 4.725320
vt 0.000240 4.135750
vt 0.166830 4.135750
vt 0.083540 5.924750
vt 0.333410 4.135750
vt 0.250120 5.924750
vt 0.416710 5.924750
vt 0.583290 5.924750
vt 0.833170 4.135750
vt 0.749880 5.924750
vt 0.999760 4.135750
vt 0.916460 5.924750
vt 0.599950 5.663420
vt 0.400050 5.647920
vt 0.833170 2.089260
vt 0.999760 2.154980
vt 0.599950 7.000140
vt 0.599950 7.157650
vt 0.400050 7.157650
vt 0.333410 2.275400
vt 0.400050 5.969520
vt 0.400050 5.727940
vt 0.166830 4.065620
vt 0.000240 4.103560
vt 0.000240 4.065620
vt 0.333410 2.862840
vt 0.166830 2.810680
vt 0.333410 2.698690
vt 0.000240 1.927510
vt 0.000240 1.837720
vt 0.999760 3.528740
vt 0.000240 2.765690
vt 0.000240 2.665280
vt 0.000240 2.452470
vt 0.500000 2.693680
vt 0.500000 2.921050
vt 0.333410 2.693680
vt 0.166830 4.783750
vt 0.200150 4.736500
vt 0.000240 4.736500
vt 0.000240 3.772560
vt 0.000240 3.591020
vt 0.000240 5.832270
vt 0.500000 3.841260
vt 0.500000 3.906340
vt 0.400050 6.014560
vt 0.599950 3.322030
vt 0.599950 4.006280
vt 0.400050 3.322030
vt 0.799850 5.291830
vt 0.799850 4.975560
vt 0.833170 2.219090
vt 0.666590 2.219090
vt 0.599950 6.113780
vt 0.400050 6.113780
vt 0.599950 4.600980
vt 0.400050 4.600980
vt 0.999760 5.431030
vt 0.749880 5.431030
vt 0.666590 1.640470
vt 0.666590 3.901690
vt 0.250120 6.077120
vt 0.250120 5.934990
vt 0.500000 2.671880
vt 0.666590 2.255350
vt 0.000240 2.896770
vt 0.333410 3.635180
vt 0.166830 3.635180
vt 0.333410 3.485150
vt 0.333410 4.817430
vt 0.200150 4.802670
vt 0.200150 4.772640
vt 0.166830 4.255830
vt 0.000240 4.255830
vt 0.166830 5.328900
vt 0.166830 5.490180
vt 0.000240 5.490180
vt 0.000240 5.328900
vt 0.999760 2.632770
vt 0.833170 2.394510
vt 0.999760 2.394510
vt 0.500000 5.260670
vt 0.333410 3.595810
vt 0.333410 3.466620
vt 0.999760 3.639890
vt 0.833170 3.639890
vt 0.833170 3.513200
vt 0.999760 3.513200
vt 0.333410 2.371320
vt 0.166830 3.738100
vt 0.166830 3.653350
vt 0.333410 3.653350
vt 0.833170 4.074900
vt 0.666590 4.179680
vt 0.999760 5.725380
vt 0.666590 5.725380
vt 0.833170 2.832840
vt 0.999760 2.832840
vt 0.000240 4.640980
vt 0.999760 6.696340
vt 0.799850 6.696340
vt 0.599950 6.261250
vt 0.400050 6.261250
vt 0.999760 4.665450
vt 0.999760 8.642270
vt 0.333410 3.264450
vt 0.166830 3.264450
vt 0.166830 2.754970
vt 0.666590 4.334080
vt 0.500000 4.334080
vt 0.500000 4.111800
vt 0.666590 4.111800
vt 0.333410 3.326210
vt 0.166830 3.326210
vt 0.500000 3.602460
vt 0.333410 3.986000
vt 0.200150 5.994380
vt 0.200150 6.113780
vt 0.000240 6.113780
vt 0.000240 5.994380
vt 0.666590 5.328900
vt 0.500000 5.328900
vt 0.500000 5.088790
vt 0.666590 5.088790
vt 0.000240 4.317470
vt 0.000240 4.248790
vt 0.400050 4.736500
vt 0.599950 5.482370
vt 0.400050 5.528470
vt 0.166830 5.200890
vt 0.166830 5.066320
vt 0.333410 5.066320
vt 0.599950 6.452570
vt 0.999760 4.892340
vt 0.999760 1.998370
vt 0.833170 1.998370
vt 0.000240 3.653350
vt 0.000240 3.874240
vt 0.999760 4.923350
vt 0.833170 3.126590
vt 0.666590 3.126590
vt 0.166830 4.014760
vt 0.833170 5.762260
vt 0.833170 5.832270
vt 0.666590 5.762260
vt 0.000240 3.883380
vt 0.083540 5.934180
vt 0.250120 5.934180
vt 0.500000 3.883380
vt 0.416710 5.934180
vt 0.666590 3.883380
vt 0.583290 5.934180
vt 0.749880 5.934180
vt 0.916460 5.934180
vt 0.000240 2.539120
vt 0.000240 2.474630
vt 0.166830 2.361400
vt 0.333410 2.229500
vt 0.999760 6.440140
vt 0.999760 6.454680
vt 0.799850 6.454680
vt 0.799850 6.440140
vt 0.999760 2.474630
vt 0.999760 2.539120
vt 0.666590 1.966660
vt 0.666590 1.839840
vt 0.599950 5.111610
vt 0.599950 5.279800
vt 0.400050 5.091280
vt 0.500000 4.415910
vt 0.500000 4.387720
vt 0.000240 1.622320
vt 0.599950 4.966970
vt 0.599950 4.983300
vt 0.400050 4.983300
vt 0.400050 4.966970
vt 0.999760 5.111750
vt 0.166830 3.595810
vt 0.000240 3.595810
vt 0.000240 4.825260
vt 0.599950 4.545380
vt 0.400050 5.994380
vt 0.999760 5.333340
vt 0.999760 5.173540
vt 0.166830 5.840290
vt 0.166830 6.044750
vt 0.000240 6.044750
vt 0.000240 5.840290
vt 0.666590 4.856030
vt 0.666590 4.808610
vt 0.200150 6.151580
vt 0.200150 5.989860
vt 0.400050 5.989860
vt 0.666590 4.130510
vt 0.500000 4.130510
vt 0.500000 3.952160
vt 0.666590 3.952160
vt 0.333410 3.697800
vt 0.166830 3.697800
vt 0.166830 3.634200
vt 0.333410 3.634200
vt 0.200150 5.239120
vt 0.200150 5.514740
vt 0.000240 5.514740
vt 0.000240 5.239120
vt 0.999760 4.130510
vt 0.833170 4.130510
vt 0.833170 3.952160
vt 0.999760 3.952160
vt 0.999760 5.792890
vt 0.799850 5.792890
vt 0.166830 4.660070
vt 0.000240 4.660070
vt 0.166830 2.950470
vt 0.000240 3.240580
vt 0.000240 2.950470
vt 0.000240 4.403850
vt 0.000240 4.249610
vt 0.833170 4.640980
vt 0.833170 4.724530
vt 0.666590 4.724530
vt 0.666590 4.640980
vt 0.500000 3.549190
vt 0.500000 3.678950
vt 0.333410 3.678950
vt 0.333410 3.549190
vt 0.166830 3.528740
vt 0.333410 3.528740
vt 0.166830 4.308770
vt 0.166830 4.029860
vt 0.999760 8.393220
vt 0.799850 8.393220
vt 0.000240 4.046860
vt 0.333410 4.449660
vt 0.166830 4.449660
vt 0.166830 4.317930
vt 0.333410 4.317930
vt 0.000240 3.774430
vt 0.333410 3.973140
vt 0.333410 3.896720
vt 0.166830 5.333340
vt 0.166830 5.481290
vt 0.000240 5.481290
vt 0.000240 5.333340
vt 0.500000 3.326210
vt 0.500000 3.591020
vt 0.000240 4.350080
vt 0.000240 4.168230
vt 0.200150 3.980130
vt 0.833170 2.337690
vt 0.666590 2.629870
vt 0.666590 2.337690
vt 0.000240 3.326210
vt 0.799850 7.647400
vt 0.599950 7.647400
vt 0.599950 7.242690
vt 0.799850 7.242690
vt 0.999760 6.151580
vt 0.999760 6.308530
vt 0.799850 6.308530
vt 0.799850 6.151580
vt 0.500000 4.934160
vt 0.333410 3.341040
vt 0.333410 6.251700
vt 0.166830 6.251700
vt 0.333410 6.044750
vt 0.799850 7.467320
vt 0.599950 7.467320
vt 0.599950 7.083110
vt 0.799850 7.083110
vt 0.500000 4.470540
vt 0.333410 4.334080
vt 0.799850 7.023600
vt 0.599950 6.888810
vt 0.799850 6.950880
vt 0.666590 3.730000
vt 0.666590 3.529130
vt 0.833170 5.840290
vt 0.666590 5.840290
vt 0.833170 3.549630
vt 0.833170 3.653350
vt 0.666590 3.549630
vt 0.599950 4.600820
vt 0.999760 4.748010
vt 0.833170 4.748010
vt 0.799850 3.451420
vt 0.599950 3.451420
vt 0.599950 5.901050
vt 0.500000 4.542860
vt 0.500000 4.660070
vt 0.333410 4.660070
vt 0.666590 5.313570
vt 0.500000 5.313570
vt 0.666590 5.260670
vt 0.500000 4.179680
vt 0.999760 5.484300
vt 0.999760 5.428250
vt 0.666590 3.743690
vt 0.500000 3.743690
vt 0.500000 3.639890
vt 0.666590 3.639890
vt 0.000240 5.192750
vt 0.599950 8.657260
vt 0.599950 8.561260
vt 0.666590 2.420770
vt 0.166830 5.729200
vt 0.166830 5.774760
vt 0.000240 5.774760
vt 0.000240 5.729200
vt 0.500000 3.164020
vt 0.166830 4.422960
vt 0.166830 4.748010
vt 0.000240 4.748010
vt 0.000240 4.422960
vt 0.200150 5.528470
vt 0.200150 5.566230
vt 0.000240 5.566230
vt 0.000240 5.528470
vt 0.666590 3.513200
vt 0.500000 3.513200
vt 0.083540 7.598170
vt 0.333410 5.388700
vt 0.250120 7.598170
vt 0.500000 5.388700
vt 0.416710 7.598170
vt 0.666590 5.388700
vt 0.583290 7.598170
vt 0.833170 5.388700
vt 0.749880 7.598170
vt 0.999760 5.388700
vt 0.916460 7.598170
vt 0.000240 2.789210
vt 0.000240 2.722630
vt 0.500000 2.660980
vt 0.500000 2.468650
vt 0.000240 2.460150
vt 0.000240 2.383070
vt 0.999760 2.722630
vt 0.999760 2.239010
vt 0.833170 2.220120
vt 0.833170 2.135870
vt 0.999760 2.172050
vt 0.000240 2.219090
vt 0.333410 6.594940
vt 0.000240 6.594940
vt 0.000240 5.569810
vt 0.000240 5.532700
vt 0.333410 4.065620
vt 0.500000 7.421630
vt 0.000240 3.892370
vt 0.000240 3.482800
vt 0.999760 4.826320
vt 0.500000 5.840290
vt 0.500000 5.534510
vt 0.666590 5.534510
vt 0.666590 4.254660
vt 0.666590 4.162640
vt 0.666590 3.635180
vt 0.500000 3.635180
vt 0.500000 4.604310
vt 0.500000 4.785630
vt 0.333410 4.785630
vt 0.333410 4.604310
vt 0.500000 4.254660
vt 0.500000 4.162640
vt 0.200150 4.975560
vt 0.000240 4.975560
vt 0.166830 3.499090
vt 0.000240 3.499090
vt 0.000240 3.126590
vt 0.500000 3.772560
vt 0.166830 4.107000
vt 0.000240 4.107000
vt 0.833170 4.538070
vt 0.999760 4.538070
vt 0.999760 5.934990
vt 0.166830 3.628640
vt 0.000240 4.029860
vt 0.000240 3.628640
vt 0.500000 5.211000
vt 0.333410 5.211000
vt 0.799850 6.348630
vt 0.799850 6.308670
vt 0.666590 4.542860
vt 0.666590 4.427500
vt 0.999760 5.951040
vt 0.799850 5.951040
vt 0.166830 3.993310
vt 0.000240 3.993310
vt 0.166830 5.326630
vt 0.200150 8.295520
vt 0.000240 8.295520
vt 0.799850 4.249610
vt 0.400050 5.792890
vt 0.200150 5.792890
vt 0.250120 5.876750
vt 0.000240 5.876750
vt 0.799850 5.970210
vt 0.833170 4.012170
vt 0.999760 5.602930
vt 0.799850 5.602930
vt 0.200150 7.575790
vt 0.200150 7.903580
vt 0.000240 7.903580
vt 0.000240 7.575790
vt 0.999760 7.908410
vt 0.799850 7.908410
vt 0.166830 4.538070
vt 0.000240 4.538070
vt 0.500000 3.814870
vt 0.333410 3.814870
vt 0.599950 4.657990
vt 0.799850 6.089030
vt 0.833170 4.518830
vt 0.999760 4.518830
vt 0.166830 4.840880
vt 0.000240 5.066320
vt 0.000240 4.840880
vt 0.999760 4.249610
vt 0.500000 3.055420
vt 0.666590 4.582260
vt 0.666590 4.470540
vt 0.999760 5.994380
vt 0.999760 6.113780
vt 0.799850 6.113780
vt 0.799850 5.994380
vt 0.833170 3.272910
vt 0.833170 3.423930
vt 0.666590 3.423930
vt 0.400050 4.669440
vt 0.200150 4.823530
vt 0.000240 4.823530
vt 0.333410 3.513200
vt 0.166830 2.550360
vt 0.166830 2.792820
vt 0.000240 2.792820
vt 0.000240 2.550360
vt 0.999760 4.975560
vt 0.833170 6.586940
vt 0.833170 6.637080
vt 0.999760 5.762260
vt 0.799850 8.735910
vt 0.833170 3.529130
vt 0.250120 5.725680
vt 0.666590 2.567930
vt 0.500000 5.075050
vt 0.500000 5.111750
vt 0.333410 5.111750
vt 0.500000 2.052350
vt 0.500000 2.371320
vt 0.333410 2.052350
vt 0.666590 2.592240
vt 0.799850 4.966970
vt 0.599950 4.947400
vt 0.799850 4.947400
vt 0.999760 2.896770
vt 0.000240 4.830740
vt 0.999760 5.569810
vt 0.833170 5.569810
vt 0.833170 5.532700
vt 0.999760 5.532700
vt 0.599950 4.510910
vt 0.599950 4.680430
vt 0.833170 2.255350
vt 0.999760 2.255350
vt 0.000240 4.923130
vt 0.083540 7.443010
vt 0.250120 7.443010
vt 0.500000 4.923130
vt 0.416710 7.443010
vt 0.666590 4.923130
vt 0.583290 7.443010
vt 0.749880 7.443010
vt 0.916460 7.443010
vt 0.000240 2.892190
vt 0.624940 0.321570
vt 0.500000 2.610530
vt 0.666590 2.705780
vt 0.833170 2.816690
vt 0.999760 2.892190
vt 0.333410 1.301060
vt 0.999760 4.783750
vt 0.833170 4.783750
vt 0.999760 4.762000
vt 0.400050 4.924910
vt 0.666590 4.521000
vt 0.666590 3.442440
vt 0.666590 3.313020
vt 0.666590 1.806010
vt 0.500000 4.897280
vt 0.799850 3.980130
vt 0.166830 6.369400
vt 0.000240 6.369400
vt 0.000240 6.251700
vt 0.999760 4.724530
vt 0.999760 4.640980
vt 0.799850 6.222160
vt 0.500000 2.219090
vt 0.500000 2.525040
vt 0.999760 3.757180
vt 0.833170 3.697800
vt 0.999760 3.697800
vt 0.000240 6.452570
vt 0.400050 7.467320
vt 0.200150 7.467320
vt 0.200150 7.083110
vt 0.400050 7.083110
vt 0.000240 3.769320
vt 0.500000 3.673770
vt 0.333410 3.673770
vt 0.200150 5.970210
vt 0.000240 5.970210
vt 0.599950 5.792890
vt 0.599950 6.391860
vt 0.799850 6.391860
vt 0.666590 3.326210
vt 0.666590 3.055420
vt 0.333410 5.840290
vt 0.166830 5.534510
vt 0.333410 5.534510
vt 0.200150 4.379610
vt 0.000240 4.379610
vt 0.333410 4.130510
vt 0.500000 5.490180
vt 0.333410 5.490180
vt 0.333410 5.328900
vt 0.999760 4.308770
vt 0.833170 4.308770
vt 0.833170 4.029860
vt 0.999760 4.029860
vt 0.166830 2.865120
vt 0.000240 2.865120
vt 0.000240 2.525040
vt 0.333410 4.665450
vt 0.999760 3.423930
vt 0.999760 3.272910
vt 0.500000 3.549630
vt 0.333410 3.549630
vt 0.500000 6.251700
vt 0.500000 6.044750
vt 0.999760 7.467320
vt 0.999760 7.855800
vt 0.400050 4.759620
vt 0.200150 4.759620
vt 0.799850 5.432370
vt 0.166830 5.654210
vt 0.000240 5.654210
vt 0.999760 8.432330
vt 0.799850 8.432330
vt 0.500000 5.066320
vt 0.200150 6.089030
vt 0.200150 6.696340
vt 0.000240 6.696340
vt 0.000240 6.089030
vt 0.500000 4.840880
vt 0.333410 4.840880
vt 0.333410 4.624610
vt 0.500000 5.876750
vt 0.999760 4.074900
vt 0.833170 3.961790
vt 0.999760 3.961790
vt 0.999760 5.534510
vt 0.833170 5.534510
vt 0.599950 8.193440
vt 0.400050 8.193440
vt 0.833170 6.528980
vt 0.999760 4.736500
vt 0.999760 5.840290
vt 0.000240 4.366850
vt 0.000240 4.169480
vt 0.666590 3.906340
vt 0.500000 3.139590
vt 0.599950 4.389460
vt 0.599950 4.240100
vt 0.799850 4.331070
vt 0.833170 5.354080
vt 0.666590 5.354080
vt 0.500000 5.354080
vt 0.400050 5.150110
vt 0.200150 5.150110
vt 0.200150 4.875220
vt 0.999760 2.337690
vt 0.666590 2.371320
vt 0.666590 2.052350
vt 0.500000 5.762260
vt 0.333410 5.762260
vt 0.666590 1.998370
vt 0.500000 1.998370
vt 0.666590 1.813520
vt 0.500000 3.502450
vt 0.666590 3.502450
vt 0.999760 3.529130
vt 0.666590 4.061330
vt 0.666590 4.037150
vt 0.000240 3.625810
vt 0.500000 3.779500
vt 0.599950 4.145650
vt 0.999760 3.742660
vt 0.000240 1.536750
vt 0.833170 3.142360
vt 0.833170 3.232420
vt 0.666590 3.157280
vt 0.666590 2.997840
vt 0.083540 7.833900
vt 0.333410 5.144010
vt 0.250120 7.833900
vt 0.500000 5.144010
vt 0.416710 7.833900
vt 0.583290 7.833900
vt 0.749880 7.833900
vt 0.999760 5.144010
vt 0.916460 7.833900
vt 0.799850 6.181500
vt 0.999760 1.873100
vt 0.999760 1.798050
vt 0.999760 2.319390
vt 0.999760 2.442180
vt 0.799850 2.427380
vt 0.799850 2.293150
vt 0.500000 2.082150
vt 0.375060 1.202860
vt 0.999760 5.814500
vt 0.599950 8.432330
vt 0.200150 6.090000
vt 0.200150 5.951040
vt 0.400050 5.951040
vt 0.999760 4.275160
vt 0.833170 4.275160
vt 0.833170 3.892370
vt 0.999760 3.892370
vt 0.400050 6.507460
vt 0.999760 5.593560
vt 0.999760 5.810090
vt 0.799850 5.810090
vt 0.799850 5.593560
vt 0.333410 2.961450
vt 0.166830 2.961450
vt 0.333410 2.792820
vt 0.333410 4.074900
vt 0.200150 5.739490
vt 0.000240 5.989860
vt 0.000240 5.739490
vt 0.799850 4.473630
vt 0.599950 4.473630
vt 0.599950 4.350080
vt 0.799850 4.350080
vt 0.333410 3.442510
vt 0.166830 3.442510
vt 0.333410 3.353620
vt 0.333410 5.090180
vt 0.333410 5.725380
vt 0.000240 5.725380
vt 0.000240 5.090180
vt 0.599950 8.161300
vt 0.599950 8.295520
vt 0.400050 8.295520
vt 0.400050 8.161300
vt 0.333410 2.671880
vt 0.166830 2.671880
vt 0.166830 2.255350
vt 0.833170 3.343060
vt 0.666590 3.343060
vt 0.666590 3.164020
vt 0.666590 3.321470
vt 0.000240 3.055420
vt 0.599950 5.113620
vt 0.400050 5.113620
vt 0.666590 5.654210
vt 0.500000 5.654210
vt 0.666590 5.490180
vt 0.999760 7.957200
vt 0.999760 8.262300
vt 0.833170 4.604310
vt 0.666590 4.604310
vt 0.833170 3.055420
vt 0.999760 3.055420
vt 0.799850 7.903580
vt 0.599950 7.903580
vt 0.599950 7.575790
vt 0.999760 4.604310
vt 0.200150 5.113620
vt 0.000240 5.113620
vt 0.000240 4.680430
vt 0.333410 4.111800
vt 0.200150 4.439940
vt 0.200150 4.826320
vt 0.000240 4.826320
vt 0.000240 4.439940
vt 0.166830 3.814870
vt 0.166830 3.678950
vt 0.666590 3.499090
vt 0.333410 5.313570
vt 0.166830 5.313570
vt 0.400050 4.826320
vt 0.500000 4.275160
vt 0.200150 6.391860
vt 0.400050 6.391860
vt 0.666590 4.538070
vt 0.833170 3.634200
vt 0.666590 3.697800
vt 0.666590 3.634200
vt 0.833170 3.779500
vt 0.666590 3.779500
vt 0.000240 6.391860
vt 0.200150 3.991940
vt 0.200150 4.182810
vt 0.000240 4.182810
vt 0.000240 3.991940
vt 0.500000 2.880040
vt 0.500000 2.629870
vt 0.999760 3.906340
vt 0.833170 3.906340
vt 0.833170 3.841260
vt 0.999760 3.841260
vt 0.999760 4.342670
vt 0.999760 3.774430
vt 0.599950 3.710960
vt 0.400050 3.710960
vt 0.400050 3.451420
vt 0.166830 4.374330
vt 0.500000 4.427500
vt 0.333410 4.255830
vt 0.500000 2.337690
vt 0.666590 2.921050
vt 0.666590 2.693680
vt 0.166830 2.669230
vt 0.166830 3.483390
vt 0.333410 3.423320
vt 0.333410 3.190010
vt 0.166830 3.281740
vt 0.000240 3.426040
vt 0.000240 3.350500
vt 0.200150 4.757770
vt 0.999760 3.350500
vt 0.999760 4.966970
vt 0.999760 4.983300
vt 0.799850 4.983300
vt 0.500000 1.903280
vt 0.999760 4.947400
vt 0.666590 4.783750
vt 0.799850 5.402280
vt 0.599950 5.150110
vt 0.999760 3.451420
vt 0.500000 3.697800
vt 0.400050 7.903580
vt 0.200150 7.957200
vt 0.000240 7.957200
vt 0.166830 3.341040
vt 0.833170 3.743690
vt 0.000240 6.460140
vt 0.166830 4.906300
vt 0.000240 4.977040
vt 0.000240 4.906300
vt 0.749880 6.823300
vt 0.333410 4.308870
vt 0.666590 4.449660
vt 0.666590 4.317930
vt 0.999760 6.391860
vt 0.000240 4.449660
vt 0.000240 4.317930
vt 0.400050 7.855800
vt 0.166830 5.762260
vt 0.000240 5.762260
vt 0.333410 3.702260
vt 0.166830 3.702260
vt 0.000240 4.436300
vt 0.200150 5.291830
vt 0.999760 8.552290
vt 0.333410 3.092940
vt 0.166830 3.092940
vt 0.166830 2.880040
vt 0.333410 2.880040
vt 0.833170 2.371320
vt 0.833170 2.693680
vt 0.799850 4.600980
vt 0.500000 3.634200
vt 0.166830 4.687200
vt 0.000240 4.687200
vt 0.000240 4.415910
vt 0.599950 8.574530
vt 0.599950 8.508800
vt 0.999760 6.360110
vt 0.999760 6.396110
vt 0.000240 1.569160
vt 0.000240 1.362920
vt 0.999760 7.107470
vt 0.999760 6.823300
vt 0.000240 6.421530
vt 0.666590 3.947780
vt 0.599950 4.922760
vt 0.400050 4.922760
vt 0.000240 4.724530
vt 0.500000 1.902410
vt 0.166830 5.814500
vt 0.250120 5.719730
vt 0.000240 5.719730
vt 0.999760 3.606850
vt 0.999760 2.329870
vt 0.833170 2.329870
vt 0.999760 6.637080
vt 0.999760 6.586940
vt 0.000240 5.602000
vt 0.166830 5.602000
vt 0.333410 5.602000
vt 0.500000 5.602000
vt 0.666590 5.602000
vt 0.200150 3.229270
vt 0.200150 3.095080
vt 0.400050 3.004650
vt 0.833170 3.266880
vt 0.999760 3.296210
vt 0.083540 8.758510
vt 0.250120 8.758510
vt 0.416710 8.758510
vt 0.583290 8.758510
vt 0.833170 5.602000
vt 0.749880 8.758510
vt 0.999760 5.602000
vt 0.916460 8.758510
vt 0.000240 3.610870
vt 0.000240 3.557360
vt 0.500000 3.481400
vt 0.500000 3.308630
vt 0.500000 4.405030
vt 0.999760 4.802520
vt 0.833170 4.802520
vt 0.000240 3.653620
vt 0.000240 2.717260
vt 0.000240 0.414960
vt 0.000240 0.321570
vt 0.000240 6.300780
vt 0.999760 4.095020
vt 0.799850 4.038980
vt 0.200150 5.137070
vt 0.000240 5.189670
vt 0.000240 3.716090
vt 0.999760 3.482800
vt 0.166830 4.785630
vt 0.000240 4.934160
vt 0.000240 4.785630
vt 0.333410 5.654210
vt 0.500000 3.104110
vt 0.500000 3.360740
vt 0.333410 3.360740
vt 0.333410 3.104110
vt 0.333410 5.088790
vt 0.999760 5.328900
vt 0.833170 5.328900
vt 0.833170 5.088790
vt 0.999760 5.088790
vt 0.000240 5.784070
vt 0.000240 5.602930
vt 0.400050 8.076450
vt 0.166830 4.604310
vt 0.999760 5.073800
vt 0.833170 5.073800
vt 0.666590 5.166870
vt 0.666590 5.073800
vt 0.200150 5.462160
vt 0.500000 4.449660
vt 0.500000 4.737410
vt 0.333410 4.737410
vt 0.166830 3.953300
vt 0.000240 3.953300
vt 0.000240 3.702260
vt 0.200150 4.828420
vt 0.000240 3.935280
vt 0.000240 3.819960
vt 0.999760 1.813520
vt 0.833170 1.813520
vt 0.999760 4.772640
vt 0.799850 4.772640
vt 0.999760 5.432370
vt 0.999760 6.089030
vt 0.200150 5.180080
vt 0.333410 3.158880
vt 0.166830 3.227440
vt 0.166830 3.103800
vt 0.333410 2.960150
vt 0.500000 4.890470
vt 0.000240 4.802520
vt 0.000240 4.783750
vt 0.166830 4.802520
vt 0.333410 4.802520
vt 0.500000 4.802520
vt 0.666590 4.802520
vt 0.874820 1.202860
vt 0.999760 1.202860
vt 0.083540 8.226420
vt 0.250120 8.226420
vt 0.416710 8.226420
vt 0.583290 8.226420
vt 0.749880 8.226420
vt 0.916460 8.226420
vt 0.000240 2.043260
vt 0.000240 1.969750
vt 0.599950 4.788260
vt 0.500000 1.939650
vt 0.500000 1.757130
vt 0.200150 4.655970
vt 0.400050 4.603950
vt 0.375060 1.053470
vt 0.666590 1.466760
vt 0.666590 3.602460
vt 0.500000 3.559600
vt 0.500000 3.960830
vt 0.333410 3.960830
vt 0.500000 5.487980
vt 0.333410 5.487980
vt 0.833170 3.559600
vt 0.999760 3.559600
vt 0.666590 4.275160
vt 0.666590 3.892370
vt 0.000240 6.077120
vt 0.000240 5.934990
vt 0.166830 4.624610
vt 0.166830 4.308870
vt 0.999760 8.735910
vt 0.999760 8.802910
vt 0.799850 8.802910
vt 0.833170 4.382600
vt 0.999760 4.382600
vt 0.333410 4.219060
vt 0.166830 4.219060
vt 0.333410 3.953300
vt 0.166830 2.052350
vt 0.000240 2.052350
vt 0.200150 4.947400
vt 0.000240 4.947400
vt 0.999760 6.460140
vt 0.833170 6.460140
vt 0.833170 6.369400
vt 0.999760 6.369400
vt 0.400050 8.508800
vt 0.333410 4.748010
vt 0.666590 3.841260
vt 0.000240 2.632770
vt 0.833170 2.052350
vt 0.666590 4.425000
vt 0.999760 6.014560
vt 0.999760 6.074770
vt 0.333410 4.817050
vt 0.999760 6.177990
vt 0.999760 6.261250
vt 0.799850 6.261250
vt 0.799850 6.177990
vt 0.000240 2.671880
vt 0.000240 2.255350
vt 0.666590 4.374330
vt 0.000240 4.604310
vt 0.000240 4.308770
vt 0.999760 4.196950
vt 0.999760 4.093900
vt 0.500000 3.267100
vt 0.400050 4.473630
vt 0.200150 4.473630
vt 0.833170 3.485150
vt 0.400050 6.290130
vt 0.200150 6.290130
vt 0.599950 4.516340
vt 0.999760 8.076450
vt 0.999760 8.270240
vt 0.166830 2.972930
vt 0.333410 2.972930
vt 0.166830 3.272910
vt 0.833170 3.296120
vt 0.999760 2.371320
vt 0.999760 2.052350
vt 0.599950 8.752200
vt 0.166830 3.901690
vt 0.500000 2.792820
vt 0.666590 2.025680
vt 0.083540 5.888660
vt 0.250120 5.888660
vt 0.416710 5.888660
vt 0.583290 5.888660
vt 0.749880 5.888660
vt 0.916460 5.888660
vt 0.000240 2.316640
vt 0.166830 2.204250
vt 0.400050 3.472450
vt 0.333410 2.083210
vt 0.500000 2.034500
vt 0.000240 3.742660
vt 0.833170 2.229320
vt 0.999760 2.316640
vt 0.833170 2.338170
vt 0.999760 2.383070
vt 0.666590 2.131810
vt 0.666590 2.257830
vt 0.500000 3.174400
vt 0.000240 4.548610
vt 0.666590 2.394510
vt 0.000240 2.592240
vt 0.666590 5.211000
vt 0.666590 4.046860
vt 0.500000 2.592240
vt 0.200150 6.222160
vt 0.000240 6.222160
vt 0.000240 5.073800
vt 0.833170 3.240580
vt 0.666590 3.240580
vt 0.400050 7.647400
vt 0.400050 7.242690
vt 0.999760 6.090000
vt 0.799850 6.090000
vt 0.999760 4.467330
vt 0.500000 4.640980
vt 0.200150 5.045400
vt 0.599950 6.751080
vt 0.799850 6.876510
vt 0.666590 4.308770
vt 0.666590 4.029860
vt 0.599950 8.393140
vt 0.833170 4.906090
vt 0.999760 4.906090
vt 0.000240 3.442510
vt 0.599950 5.994380
vt 0.599950 5.810090
vt 0.666590 3.360740
vt 0.666590 3.104110
vt 0.666590 5.069240
vt 0.500000 5.069240
vt 0.000240 6.151580
vt 0.666590 6.369400
vt 0.500000 6.369400
vt 0.599950 5.951040
vt 0.666590 3.927160
vt 0.599950 7.908410
vt 0.400050 7.908410
vt 0.000240 4.582260
vt 0.200150 8.393220
vt 0.000240 8.393220
vt 0.999760 3.743690
vt 0.999760 4.473630
vt 0.999760 4.600980
vt 0.833170 4.840880
vt 0.666590 4.840880
vt 0.500000 4.023870
vt 0.999760 3.738100
vt 0.833170 3.738100
vt 0.999760 3.653350
vt 0.166830 3.971870
vt 0.000240 3.971870
vt 0.333410 3.267100
vt 0.333410 3.139590
vt 0.500000 4.093900
vt 0.333410 4.093900
vt 0.833170 4.107000
vt 0.999760 4.675890
vt 0.333410 4.107000
vt 0.166830 4.892340
vt 0.166830 4.923350
vt 0.000240 4.923350
vt 0.000240 4.892340
vt 0.083540 6.982510
vt 0.333410 4.923350
vt 0.250120 6.982510
vt 0.500000 4.923350
vt 0.416710 6.982510
vt 0.583290 6.982510
vt 0.749880 6.982510
vt 0.916460 6.982510
vt 0.200150 6.181500
vt 0.000240 6.181500
vt 0.200150 4.525190
vt 0.000240 4.704200
vt 0.000240 4.634080
vt 0.999760 2.717260
vt 0.999760 2.791490
vt 0.200150 3.333590
vt 0.999760 3.507900
vt 0.400050 4.947400
vt 0.999760 3.126590
vt 0.000240 2.329870
vt 0.999760 4.853790
vt 0.666590 3.814930
vt 0.500000 3.814930
vt 0.833170 4.111800
vt 0.666590 3.442510
vt 0.500000 3.442510
vt 0.500000 3.353620
vt 0.999760 4.759620
vt 0.999760 4.825260
vt 0.799850 4.759620
vt 0.999760 5.899890
vt 0.166830 3.973140
vt 0.166830 3.513200
vt 0.000240 3.639890
vt 0.000240 3.513200
vt 0.999760 4.080950
vt 0.833170 4.080950
vt 0.833170 3.814930
vt 0.999760 3.814930
vt 0.999760 5.016980
vt 0.500000 4.892340
vt 0.500000 4.355400
vt 0.166830 3.896720
vt 0.999760 4.303400
vt 0.833170 4.303400
vt 0.999760 4.624610
vt 0.833170 4.624610
vt 0.666590 3.814870
vt 0.999760 4.737410
vt 0.833170 2.550360
vt 0.999760 2.550360
vt 0.999760 4.823530
vt 0.799850 4.823530
vt 0.333410 4.787480
vt 0.333410 5.354080
vt 0.666590 3.559600
vt 0.799850 2.180720
vt 0.666590 5.573680
vt 0.999760 2.693680
vt 0.999760 4.436300
vt 0.749880 4.436300
vt 0.200150 3.451420
vt 0.000240 3.451420
vt 0.000240 3.344370
vt 0.083540 7.123280
vt 0.250120 7.123280
vt 0.416710 7.123280
vt 0.583290 7.123280
vt 0.749880 7.123280
vt 0.916460 7.123280
vt 0.000240 3.279260
vt 0.000240 3.222020
vt 0.599950 4.625010
vt 0.500000 3.116130
vt 0.500000 2.887230
vt 0.999760 3.222020
vt 0.999760 3.279260
vt 0.000240 3.349010
vt 0.166830 3.338220
vt 0.333410 3.308820
vt 0.500000 3.282830
vt 0.999760 3.349010
vt 0.833170 2.030900
vt 0.666590 2.108480
vt 0.666590 1.997020
vt 0.000240 3.114050
vt 0.000240 1.753570
vt 0.999760 7.903580
vt 0.833170 4.649530
vt 0.999760 4.840880
vt 0.333410 2.577990
vt 0.599950 4.168230
vt 0.799850 4.168230
vt 0.599950 5.593560
vt 0.000240 5.150110
vt 0.000240 4.875220
vt 0.200150 4.600980
vt 0.000240 4.675890
vt 0.000240 4.600980
vt 0.400050 5.810090
vt 0.400050 5.593560
vt 0.833170 3.702260
vt 0.000240 3.697800
vt 0.000240 3.634200
vt 0.250120 5.016980
vt 0.000240 5.016980
vt 0.999760 6.229380
vt 0.799850 6.229380
vt 0.999760 3.549190
vt 0.833170 3.549190
vt 0.000240 3.635180
vt 0.999760 4.219060
vt 0.999760 3.953300
vt 0.999760 5.325200
vt 0.000240 4.868180
vt 0.333410 4.254660
vt 0.400050 8.535390
vt 0.400050 8.470760
vt 0.999760 2.865120
vt 0.166830 5.088790
vt 0.333410 2.629870
vt 0.200150 8.470760
vt 0.200150 8.535390
vt 0.000240 8.535390
vt 0.000240 8.470760
vt 0.333410 3.580610
vt 0.333410 4.892340
vt 0.166830 3.442440
vt 0.000240 3.442440
vt 0.000240 3.356880
vt 0.000240 5.814500
vt 0.083540 8.730200
vt 0.250120 8.730200
vt 0.416710 8.730200
vt 0.583290 8.730200
vt 0.749880 8.730200
vt 0.916460 8.730200
vt 0.000240 3.821490
vt 0.000240 3.774800
vt 0.500000 3.665830
vt 0.500000 3.467140
vt 0.400050 4.181630
vt 0.999760 3.774800
vt 0.999760 3.821490
vt 0.000240 3.880370
vt 0.166830 3.867750
vt 0.000240 3.268340
vt 0.000240 3.187160
vt 0.999760 4.025040
vt 0.999760 4.105220
vt 0.799850 4.077430
vt 0.799850 3.965440
vt 0.999760 3.880370
vt 0.999760 5.566230
vt 0.999760 5.598340
vt 0.599950 3.066540
vt 0.999760 5.354080
vt 0.500000 3.343060
vt 0.333410 3.343060
vt 0.000240 5.675700
vt 0.000240 5.578890
vt 0.999760 3.092940
vt 0.833170 3.794960
vt 0.999760 5.532070
vt 0.799850 6.793910
vt 0.000240 8.270240
vt 0.833170 4.901730
vt 0.999760 4.901730
vt 0.333410 3.814930
vt 0.000240 4.901730
vt 0.200150 6.308530
vt 0.000240 2.961450
vt 0.000240 4.470540
vt 0.333410 6.369400
vt 0.166830 3.961790
vt 0.333410 3.961790
vt 0.666590 4.660070
vt 0.999760 4.836100
vt 0.999760 4.787480
vt 0.166830 3.814930
vt 0.000240 3.814930
vt 0.999760 3.485150
vt 0.999760 3.283020
vt 0.599950 8.393220
vt 0.799850 5.704150
vt 0.500000 4.757120
vt 0.999760 4.802670
vt 0.999760 4.828420
vt 0.799850 4.828420
vt 0.799850 4.802670
vt 0.999760 6.222160
vt 0.000240 5.975050
vt 0.166830 5.975050
vt 0.333410 5.975050
vt 0.000240 3.752400
vt 0.000240 3.625300
vt 0.500000 5.975050
vt 0.083540 9.463100
vt 0.250120 9.463100
vt 0.583290 9.463100
vt 0.749880 9.463100
vt 0.916460 9.463100
vt 0.000240 3.778330
vt 0.200150 3.723040
vt 0.400050 3.626470
vt 0.400050 3.774520
vt 0.000240 1.946550
vt 0.599950 3.634850
vt 0.799850 3.746170
vt 0.999760 3.778330
vt 0.999760 1.655860
vt 0.200150 3.564160
vt 0.000240 3.662050
vt 0.000240 1.202860
vt 0.799850 8.393140
vt 0.999760 3.980130
vt 0.999760 4.168230
vt 0.500000 2.865120
vt 0.000240 8.561260
vt 0.000240 8.432330
vt 0.000240 4.865260
vt 0.000240 4.836100
vt 0.333410 2.865120
vt 0.500000 5.407270
vt 0.333410 5.407270
vt 0.799850 2.587840
vt 0.000240 5.326630
vt 0.999760 3.794960
vt 0.999760 3.746600
vt 0.999760 4.012170
vt 0.999760 3.779500
vt 0.166830 1.731720
vt 0.666590 5.487980
vt 0.000240 4.887440
vt 0.200150 4.887440
vt 0.400050 4.887440
vt 0.100200 8.633830
vt 0.300100 8.633830
vt 0.500000 8.633830
vt 0.699900 8.633830
vt 0.899800 8.633830
vt 0.000240 2.100980
vt 0.500000 1.918130
vt 0.999760 2.972930
vt 0.999760 2.738950
vt 0.200150 8.735910
vt 0.000240 8.735910
vt 0.000240 8.657260
vt 0.666590 2.792820
vt 0.999760 5.832270
vt 0.000240 3.092940
vt 0.000240 2.880040
vt 0.999760 3.296120
vt 0.666590 4.023870
vt 0.000240 3.906340
vt 0.000240 3.901690
vt 0.833170 4.470540
vt 0.833170 4.582260
vt 0.666590 5.090180
vt 0.999760 5.200890
vt 0.333410 4.866980
vt 0.833170 3.635180
vt 0.999760 5.291830
vt 0.166830 3.673770
vt 0.000240 3.673770
vt 0.000240 5.200890
vt 0.999760 3.938350
vt 0.000240 3.164020
vt 0.833170 5.313570
vt 0.999760 3.240580
vt 0.999760 2.950470
vt 0.000240 4.014760
vt 0.000240 2.704630
vt 0.083540 5.633950
vt 0.250120 5.633950
vt 0.416710 5.633950
vt 0.583290 5.633950
vt 0.749880 5.633950
vt 0.999760 3.625810
vt 0.916460 5.633950
vt 0.000240 2.607240
vt 0.000240 2.561080
vt 0.166830 2.451900
vt 0.333410 2.346110
vt 0.833170 2.471190
vt 0.999760 2.561080
vt 0.599950 8.629950
vt 0.999760 4.704200
vt 0.799850 4.680380
vt 0.999760 6.421530
vt 0.599950 3.944550
vt 0.599950 4.059560
vt 0.999760 4.366850
vt 0.999760 5.090180
vt 0.999760 5.066320
vt 0.599950 5.784070
vt 0.000240 7.107470
vt 0.599950 5.527200
vt 0.000240 3.528740
vt 0.000240 4.308870
vt 0.599950 5.341450
vt 0.799850 5.545450
vt 0.000240 4.473630
vt 0.999760 4.470540
vt 0.833170 4.334080
vt 0.999760 4.334080
vt 0.999760 3.549630
vt 0.500000 4.817050
vt 0.000240 5.420430
vt 0.200150 5.593560
vt 0.000240 5.593560
vt 0.000240 5.291830
vt 0.599950 4.759620
vt 0.999760 5.481290
vt 0.200150 5.810090
vt 0.000240 5.810090
vt 0.333410 2.550360
vt 0.083540 6.769200
vt 0.250120 6.769200
vt 0.416710 6.769200
vt 0.583290 6.769200
vt 0.749880 6.769200
vt 0.916460 6.769200
vt 0.200150 5.432370
vt 0.999760 3.187160
vt 0.799850 3.121910
vt 0.833170 3.182850
vt 0.999760 3.229810
vt 0.200150 6.440140
vt 0.000240 6.440140
vt 0.999760 6.594940
vt 0.666590 6.594940
vt 0.000240 6.169600
vt 0.666590 2.203450
vt 0.000240 5.432370
vt 0.166830 3.307630
vt 0.000240 3.307630
vt 0.999760 3.028330
vt 0.666590 3.549190
vt 0.999760 4.687200
vt 0.999760 4.582260
vt 0.333410 6.637080
vt 0.000240 5.166870
vt 0.166830 4.093900
vt 0.000240 4.093900
vt 0.333410 3.843380
vt 0.999760 5.402280
vt 0.666590 3.678950
vt 0.000240 4.759620
vt 0.000240 4.657990
vt 0.333410 4.906090
vt 0.799850 4.156670
vt 0.000240 4.772640
vt 0.000240 6.290130
vt 0.000240 3.796570
vt 0.000240 3.757180
vt 0.000240 4.890470
vt 0.083540 7.991230
vt 0.250120 7.991230
vt 0.416710 7.991230
vt 0.583290 7.991230
vt 0.749880 7.991230
vt 0.916460 7.991230
vt 0.999760 5.197250
vt 0.799850 5.176890
vt 0.999760 2.219420
vt 0.333410 3.971870
vt 0.000240 3.296210
vt 0.000240 5.402280
vt 0.000240 3.980130
vt 0.000240 7.467320
vt 0.000240 7.083110
vt 0.000240 3.746600
vt 0.200150 3.710960
vt 0.000240 3.710960
vt 0.999760 3.036620
vt 0.999760 5.573680
vt 0.833170 5.573680
vt 0.599950 4.496110
vt 0.799850 4.595950
vt 0.000240 4.011440
vt 0.000240 2.878390
vt 0.000240 2.784890
vt 0.999760 0.762930
vt 0.166830 2.209350
vt 0.166830 2.106830
vt 0.599950 5.575410
vt 0.799850 5.641990
vt 0.000240 4.624610
vt 0.000240 4.012170
vt 0.000240 3.779500
vt 0.250120 5.428110
vt 0.000240 5.428110
vt 0.000240 5.482370
vt 0.999760 4.302930
vt 0.000240 5.901050
vt 0.000240 4.545380
vt 0.999760 6.290130
vt 0.833170 5.326630
vt 0.999760 5.326630
vt 0.200150 8.262300
vt 0.999760 5.313570
vt 0.500000 4.724530
vt 0.000240 2.978400
vt 0.000240 3.738100
vt 0.999760 6.308670
vt 0.999760 6.348630
vt 0.999760 3.129550
vt 0.083540 8.110900
vt 0.250120 8.110900
vt 0.416710 8.110900
vt 0.583290 8.110900
vt 0.749880 8.110900
vt 0.916460 8.110900
vt 0.000240 3.413730
vt 0.166830 3.312340
vt 0.333410 3.207670
vt 0.999760 7.039100
vt 0.999760 3.413730
vt 0.999760 2.859060
vt 0.000240 2.972930
vt 0.000240 2.860880
vt 0.999760 8.470760
vt 0.999760 8.535390
vt 0.999760 6.251700
vt 0.999760 6.044750
vt 0.999760 3.635180
vt 0.999760 6.528980
vt 0.166830 5.211000
vt 0.000240 5.534510
vt 0.000240 5.211000
vt 0.000240 3.814870
vt 0.000240 3.678950
vt 0.599950 6.507460
vt 0.799850 6.507460
vt 0.599950 5.969520
vt 0.999760 6.507460
vt 0.000240 6.090000
vt 0.000240 5.951040
vt 0.999760 5.970210
vt 0.000240 8.262300
vt 0.000240 3.961790
vt 0.999760 3.973140
vt 0.999760 3.896720
vt 0.000240 4.219060
vt 0.599950 4.123390
vt 0.599950 3.962410
vt 0.666590 4.901730
vt 0.500000 4.901730
vt 0.083540 9.768560
vt 0.250120 9.768560
vt 0.416710 9.768560
vt 0.583290 9.768560
vt 0.749880 9.768560
vt 0.916460 9.768560
vt 0.400050 4.636920
vt 0.999760 5.055490
vt 0.999760 4.906460
vt 0.000240 0.889770
vt 0.000240 4.771810
vt 0.999760 3.772560
vt 0.000240 5.045400
vt 0.200150 6.177990
vt 0.000240 3.599550
vt 0.000240 3.296120
vt 0.999760 6.793910
vt 0.999760 7.242690
vt 0.999760 7.647400
vt 0.333410 4.080950
vt 0.000240 5.792890
vt 0.200150 5.598340
vt 0.000240 8.802910
vt 0.200150 8.802910
vt 0.100200 13.326520
vt 0.300100 13.326520
vt 0.500000 13.326520
vt 0.699900 13.326520
vt 0.899800 13.326520
vt 0.000240 5.567020
vt 0.200150 5.407880
vt 0.400050 5.269590
vt 0.400050 5.531460
vt 0.999760 5.672500
vt 0.999760 5.567020
vt 0.599950 6.440140
vt 0.000240 2.230560
vt 0.000240 4.275160
vt 0.400050 7.575790
vt 0.500000 3.569260
vt 0.999760 4.111800
vt 0.999760 7.083110
vt 0.999760 3.343060
vt 0.999760 2.972960
vt 0.999760 2.100980
vt 0.100200 13.842200
vt 0.300100 13.842200
vt 0.500000 13.842200
vt 0.799850 8.629950
vt 0.699900 13.842200
vt 0.999760 8.629950
vt 0.899800 13.842200
vt 0.000240 1.750500
vt 0.999760 1.946550
vt 0.000240 5.197250
vt 0.999760 3.673770
vt 0.400050 8.393220
vt 0.200150 6.261250
vt 0.000240 6.261250
vt 0.500000 3.756110
vt 0.500000 4.317930
vt 0.999760 3.796570
vt 0.400050 4.788260
vt 0.999760 2.587840
vt 0.000240 5.598340
vt 0.000240 4.828420
vt 0.100200 7.906070
vt 0.300100 7.906070
vt 0.500000 7.906070
vt 0.699900 7.906070
vt 0.899800 7.906070
vt 0.999760 2.219090
vt 0.000240 5.462160
vt 0.000240 6.177990
vt 0.833170 3.499090
vt 0.999760 4.649530
vt 0.999760 4.757120
vt 0.999760 3.634200
vt 0.000240 5.313570
vt 0.400050 4.426630
vt 0.999760 4.634080
vt 0.000240 4.466610
vt 0.000240 0.515000
vt 0.000240 3.341040
vt 0.999760 3.702260
vt 0.999760 5.338720
vt 0.999760 5.420430
vt 0.599950 4.909290
vt 0.799850 5.015900
vt 0.999760 4.350080
vt 0.000240 4.802670
vt 0.400050 6.440140
vt 0.999760 5.057660
vt 0.100200 10.653810
vt 0.300100 10.653810
vt 0.699900 10.653810
vt 0.999760 6.181500
vt 0.899800 10.653810
vt 0.000240 1.053470
vt 0.999760 3.499090
vt 0.333410 4.352780
vt 0.000240 4.374330
vt 0.999760 4.107000
vt 0.000240 4.095020
vt 0.000240 3.501330
vt 0.100200 9.119970
vt 0.300100 9.119970
vt 0.500000 9.119970
vt 0.699900 9.119970
vt 0.899800 9.119970
vt 0.000240 4.384790
vt 0.200150 4.263070
vt 0.666590 1.221620
vt 0.999760 4.384790
vt 0.000240 5.725680
vt 0.000240 3.973140
vt 0.999760 4.170410
vt 0.100200 10.726280
vt 0.300100 10.726280
vt 0.500000 10.726280
vt 0.699900 10.726280
vt 0.899800 10.726280
vt 0.000240 2.617410
vt 0.400050 5.517910
vt 0.999760 5.726050
vt 0.999760 5.679750
vt 0.999760 3.662050
vt 0.000240 6.308530
vt 0.999760 2.525040
vt 0.000240 3.896720
vt 0.000240 5.260670
vt 0.000240 3.272910
vt 0.000240 6.454680
vt 0.200150 6.454680
vt 0.400050 6.454680
vt 0.599950 6.454680
vt 0.100200 12.056870
vt 0.300100 12.056870
vt 0.500000 12.056870
vt 0.699900 12.056870
vt 0.899800 12.056870
vt 0.400050 4.848370
vt 0.000240 2.154980
vt 0.000240 5.088790
vt 0.000240 3.264450
vt 0.999760 8.393140
vt 0.100200 10.237840
vt 0.300100 10.237840
vt 0.500000 10.237840
vt 0.699900 10.237840
vt 0.899800 10.237840
vt 0.000240 5.057660
vt 0.200150 4.934470
vt 0.416710 9.463100
vt 0.000240 3.229810
vt 0.100200 13.276730
vt 0.300100 13.276730
vt 0.500000 13.276730
vt 0.699900 13.276730
vt 0.899800 13.276730
vt 0.000240 6.902820
vt 0.200150 6.796880
vt 0.400050 6.698250
vt 0.999760 6.970230
vt 0.999760 6.902820
vt 0.000240 4.649530
vt 0.000240 2.754970
vt 0.000240 8.788020
vt 0.200150 8.788020
vt 0.400050 8.788020
vt 0.599950 8.788020
vt 0.100200 15.469220
vt 0.300100 15.469220
vt 0.500000 15.469220
vt 0.699900 15.469220
vt 0.899800 15.469220
vt 0.100200 8.996020
vt 0.300100 8.996020
vt 0.500000 8.996020
vt 0.699900 8.996020
vt 0.899800 8.996020
vt 0.086340 0.000490
vt 0.890240 0.000490
vt 0.859020 0.999510
vt 0.109760 0.999510
vt 0.999510 0.000490
vt 0.000490 0.000490
vt 0.000490 0.999510
vt 0.999510 0.999510
vt 1.998540 0.000490
vt 1.998540 0.999510
vt 0.999510 -0.998540
vt 0.000490 -0.998540
s 1
usemtl Bark_TwistedTree
f 1945/1/1 1957/2/2 1956/3/3 1955/4/4
f 5/5/5 4/6/6 3/7/7
f 4/6/6 2/8/8 3/7/7
f 7/9/9 1/10/10 6/11/11
f 150/12/12 149/13/13 133/14/14 134/15/15
f 7/9/9 10/16/16 1/10/10
f 10/16/16 9/17/17 1/10/10
f 12/18/18 8/19/19 11/20/20
f 14/21/21 13/22/22 8/19/19
f 12/18/18 15/23/23 8/19/19
f 15/23/23 14/21/21 8/19/19
f 16/24/24 13/22/22 14/21/21
f 17/25/25 13/22/22 16/24/24
f 2688/26/26 2699/27/27 2704/28/3 2687/29/28
f 17/25/25 20/30/29 13/22/22
f 20/30/29 19/31/30 13/22/22
f 22/32/31 18/33/32 21/34/33
f 24/35/34 23/36/35 18/33/32
f 22/32/31 25/37/36 18/33/32
f 25/37/36 24/35/34 18/33/32
f 26/38/37 23/36/35 24/35/34
f 27/39/38 23/36/35 26/38/37
f 3165/40/39 3164/41/40 3155/42/41 3158/43/42
f 27/39/38 30/44/43 23/36/35
f 31/45/44 28/46/45 29/47/46
f 32/48/47 28/46/45 31/45/44
f 1952/49/48 1949/50/49 1950/51/50 1951/52/51
f 32/48/47 35/53/52 28/46/45
f 35/53/52 34/54/53 28/46/45
f 37/55/54 33/56/55 36/57/56
f 39/58/57 38/59/58 33/56/55
f 37/55/54 40/60/59 33/56/55
f 40/60/59 39/58/57 33/56/55
f 41/61/60 38/59/58 39/58/57
f 42/62/61 38/59/58 41/61/60
f 1661/63/62 1660/64/63 1647/65/64 1650/66/65
f 42/62/61 45/67/66 38/59/58
f 46/68/67 43/69/68 44/70/69
f 47/71/70 43/69/68 46/68/67
f 3075/72/71 3077/73/72 3074/74/73 3068/75/74
f 47/71/70 50/76/75 43/69/68
f 50/76/75 49/77/76 43/69/68
f 52/78/77 48/79/78 51/80/79
f 54/81/80 53/82/81 48/79/78
f 52/78/77 55/83/82 48/79/78
f 55/83/82 54/81/80 48/79/78
f 56/84/83 53/82/81 54/81/80
f 57/85/84 53/82/81 56/84/83
f 1954/86/85 1953/87/86 1952/49/48 1951/52/51
f 57/85/84 60/88/87 53/82/81
f 61/89/88 58/90/89 59/91/90
f 62/92/91 58/90/89 61/89/88
f 3295/93/92 3292/94/93 3293/95/94 3294/96/95
f 62/92/91 65/97/96 58/90/89
f 65/97/96 64/98/97 58/90/89
f 67/99/98 63/100/99 66/101/100
f 3292/94/93 3302/102/101 3301/103/28 3300/104/102
f 67/99/98 70/105/103 63/100/99
f 70/105/103 69/106/104 63/100/99
f 72/107/105 68/108/106 71/109/107
f 137/110/108 153/111/109 152/112/110 136/113/111
f 72/107/105 75/114/112 68/108/106
f 75/114/112 74/115/113 68/108/106
f 77/116/114 73/117/115 76/118/116
f 2506/119/117 2503/120/118 2504/121/119 2505/122/120
f 77/116/114 79/123/121 73/117/115
f 79/123/121 78/124/122 73/117/115
f 5/125/5 3/126/7 80/127/123
f 96/128/124 95/129/125 73/117/115 3/126/7
f 101/130/126 100/131/127 83/132/128 84/133/129
f 84/133/129 18/33/32 85/134/130
f 23/36/35 85/134/130 18/33/32
f 735/135/131 734/136/132 733/137/133 732/138/134
f 86/139/135 28/46/45 87/140/136
f 33/56/55 87/140/136 28/46/45
f 33/56/55 38/59/58 87/140/136
f 2290/141/137 2289/142/138 2284/143/139 2285/144/140
f 1448/145/141 1460/146/142 1459/147/4 1447/148/4
f 91/149/143 108/150/144 107/151/145 90/152/146
f 90/152/146 48/79/78 91/149/143
f 53/82/81 91/149/143 48/79/78
f 1361/153/147 1360/154/148 1352/155/149 1355/156/28
f 111/157/150 110/158/151 93/159/152 94/160/153
f 84/133/129 83/132/128 13/22/22 18/33/32
f 139/161/154 155/162/155 154/163/156 138/164/157
f 85/134/130 102/165/158 101/130/126 84/133/129
f 63/100/99 93/159/152 92/166/159 58/90/89
f 1562/167/4 1567/168/160 1559/169/161 1561/170/4
f 2860/171/162 2871/172/163 2870/173/4 2868/174/4
f 107/151/145 106/175/164 89/176/165 90/152/146
f 83/132/128 100/131/127 99/177/166 82/178/167
f 13/22/22 83/132/128 82/178/167 8/19/19
f 105/179/168 104/180/169 88/181/170
f 97/182/171 112/183/172 95/129/125 96/128/124
f 90/152/146 89/176/165 43/69/68 48/79/78
f 86/139/135 85/134/130 23/36/35 28/46/45
f 122/184/173 137/110/108 136/113/111 121/185/174
f 81/186/175 98/187/176 97/188/171 96/189/124
f 2142/190/177 2139/191/178 2140/192/179 2141/193/180
f 2601/194/28 2598/195/181 2599/196/182 2600/197/3
f 1668/198/183 1667/199/184 1662/200/185 1663/201/186
f 1357/202/187 1356/203/188 1344/204/189 1347/205/190
f 2306/206/191 2318/207/192 2317/208/193 2305/209/193
f 3503/210/194 3500/211/195 3501/212/196 3502/213/197
f 420/214/198 419/215/199 409/216/200 412/217/201
f 1251/218/202 1250/219/203 1249/220/204 1248/221/205
f 2920/222/206 2926/223/207 2925/224/4 2924/225/208
f 1463/226/209 1462/227/210 1452/228/211 1455/229/212
f 294/230/213 293/231/214 283/232/215 286/233/216
f 117/234/217 116/235/218 100/131/127 101/130/126
f 1856/236/219 1855/237/220 1845/238/221 1848/239/222
f 1568/240/4 1573/241/223 1567/168/160 1562/167/4
f 2292/242/224 2291/243/225 2286/244/226 2287/245/227
f 3501/212/196 3500/211/195 3508/246/28 3499/247/3
f 2031/248/228 2037/249/229 2036/250/230 2030/251/231
f 2940/252/28 2945/253/193 2944/254/232 2939/255/233
f 92/166/159 91/149/143 53/82/81 58/90/89
f 133/14/14 149/13/13 148/256/234 132/257/235
f 286/233/216 283/232/215 284/258/236 285/259/237
f 3434/260/238 3444/261/239 3443/262/240 3442/263/4
f 746/264/241 745/265/242 741/266/243 742/267/244
f 89/176/165 106/175/164 105/179/168 88/181/170
f 3228/268/245 3227/269/246 3226/270/247 3225/271/248
f 99/177/166 98/187/176 81/186/175 82/178/167
f 2411/272/249 2408/273/250 2409/274/251 2410/275/252
f 2786/276/253 2785/277/254 2793/278/4 2784/279/3
f 1347/205/190 1344/204/189 1345/280/255 1346/281/256
f 1147/282/257 1144/283/258 1145/284/259 1146/285/260
f 279/286/261 291/287/262 290/288/263 289/289/264
f 2597/290/265 2594/291/266 2595/292/267 2596/293/268
f 141/294/269 157/295/270 156/296/271 140/297/272
f 2237/298/193 2243/299/4 2242/300/273 2236/301/274
f 1738/302/28 1747/303/275 1748/304/276 1749/305/4
f 140/297/272 139/161/154 124/306/277 125/307/278
f 2414/308/3 2419/309/279 2412/310/280 2403/311/4
f 734/136/132 741/266/243 740/312/281 733/137/133
f 152/112/110 151/313/282 135/314/283 136/113/111
f 941/315/284 938/316/285 939/317/286 940/318/287
f 146/319/288 145/320/289 129/321/290 130/322/291
f 156/296/271 155/162/155 139/161/154 140/297/272
f 135/314/283 151/313/282 150/12/12 134/15/15
f 643/323/292 642/324/293 641/325/294 650/326/295
f 1722/327/296 1728/328/297 1727/329/298 1721/330/299
f 160/331/300 159/332/301 143/333/302 144/334/303
f 2148/335/304 2147/336/305 2146/337/306 2145/338/307
f 906/339/308 905/340/309 902/341/310 903/342/311
f 2297/343/312 2301/344/313 2296/345/314 2290/141/137
f 2289/142/138 2295/346/315 2294/347/248 2293/348/4
f 230/349/316 229/350/317 221/351/318 222/352/319
f 151/313/282 167/353/320 166/354/321 150/12/12
f 178/355/322 177/356/323 161/357/324 162/358/325
f 2320/359/326 2326/360/327 2325/361/328 2319/362/329
f 219/363/330 227/364/331 226/365/332 218/366/333
f 1564/367/334 1563/368/335 1551/369/336 1554/370/337
f 221/351/318 229/350/317 228/371/338 220/372/339
f 2604/373/340 2611/374/341 2610/375/342 2603/376/343
f 853/377/344 857/378/345 856/379/346 852/380/347
f 1256/381/348 1261/382/349 1260/383/350 1255/384/351
f 3444/261/239 3448/385/352 3452/386/248 3443/262/240
f 1959/387/353 1964/388/354 1963/389/355 1958/390/356
f 157/295/270 173/391/357 172/392/358 156/296/271
f 182/393/359 181/394/360 169/395/361 170/396/362
f 176/397/363 161/357/324 177/356/323
f 162/358/325 163/398/364 178/355/322
f 223/399/365 231/400/366 230/349/316 222/352/319
f 164/401/367 165/402/368 179/403/369
f 166/354/321 167/353/320 180/404/370
f 235/405/371 234/406/372 225/407/373 226/365/332
f 168/408/374 169/395/361 181/394/360
f 2700/409/375 2699/27/27 2688/26/26 2691/410/376
f 170/396/362 171/411/377 182/393/359
f 3168/412/3 3169/413/248 3173/414/378 3167/415/379
f 172/392/358 173/391/357 183/416/380
f 1563/368/335 1569/417/381 1568/418/4 1562/419/4
f 174/420/382 175/421/383 184/422/384
f 3017/423/385 3022/424/247 3026/425/386 3021/426/387
f 642/324/293 651/427/388 655/428/389 641/325/294
f 2241/429/390 2247/430/391 2246/431/392 2240/432/393
f 1155/433/4 1154/434/394 1148/435/395 1139/436/3
f 739/437/396 738/438/397 737/439/398 736/440/399
f 804/441/400 803/442/401 800/443/402 797/444/403
f 1670/445/3 1669/446/404 1664/447/405 1659/448/247
f 3500/211/195 3510/449/406 3509/450/4 3508/246/28
f 3304/451/407 3309/452/408 3308/453/409 3303/454/410
f 424/455/411 423/456/412 417/457/413 418/458/414
f 2130/459/415 2135/460/416 2134/461/417 2129/462/418
f 1638/463/419 1637/464/420 1630/465/421 1631/466/422
f 555/467/423 554/468/424 549/469/425 544/470/426
f 199/471/427 198/472/428 189/473/429 190/474/430
f 106/175/164 122/184/173 121/185/174 105/179/168
f 2871/172/163 2875/475/431 2879/476/3 2870/173/4
f 2416/477/432 2415/478/433 2404/479/434 2407/480/435
f 282/481/436 279/286/261 280/482/437 281/483/438
f 2936/484/439 2943/485/440 2942/486/441 2935/487/442
f 2870/488/4 2879/489/3 2878/490/443 2874/491/444
f 3089/492/445 3088/493/446 3078/494/447 3081/495/448
f 1750/496/3 1755/497/449 1747/303/275 1738/302/28
f 3237/498/450 3243/499/451 3242/500/452 3236/501/453
f 2147/336/305 2154/502/454 2153/503/455 2146/337/306
f 659/504/456 664/505/457 663/506/458 658/507/459
f 2517/508/4 2522/509/460 2516/510/461 2511/511/4
f 646/512/462 653/513/463 645/514/464 644/515/465
f 2599/196/182 2598/195/181 2597/290/265 2596/293/268
f 2227/516/3 2226/517/466 2221/518/467 2216/519/4
f 2702/520/468 2701/521/469 2692/522/470 2695/523/471
f 3277/524/472 3276/525/473 3271/526/474 3272/527/475
f 2491/528/476 2497/529/477 2496/530/478 2490/531/479
f 2029/532/480 2035/533/481 2034/534/4 2028/535/247
f 2220/536/482 2219/537/483 2213/538/484 2214/539/485
f 1636/540/486 1635/541/487 1628/542/488 1629/543/489
f 801/544/490 805/545/491 808/546/492 804/547/400
f 306/548/493 305/549/494 298/550/495 299/551/496
f 2034/552/4 2039/553/497 2033/554/498 2028/555/247
f 2159/556/499 2158/557/500 2152/558/501 2153/503/455
f 2309/559/502 2306/206/191 2307/560/503 2308/561/504
f 548/562/505 547/563/506 540/564/507 541/565/508
f 153/111/109 169/395/361 168/408/374 152/112/110
f 232/566/509 231/400/366 223/399/365 224/567/510
f 806/568/511 805/545/491 801/544/490 802/569/512
f 299/551/496 298/550/495 293/231/214 294/230/213
f 3376/570/3 3377/571/3 3381/572/513 3375/573/514
f 239/574/515 238/575/516 229/350/317 230/349/316
f 1048/576/517 1047/577/518 1035/578/519 1038/579/520
f 3171/580/521 3170/581/522 3164/41/40 3165/40/39
f 193/582/523 200/583/524 191/584/525 192/585/526
f 2502/586/527 2499/587/528 2500/588/529 2501/589/530
f 180/404/370 179/403/369 165/402/368 166/354/321
f 1859/590/4 1864/591/531 1857/592/532 1858/593/4
f 233/594/533 234/406/372 241/595/534
f 214/596/535 213/597/536 206/598/537 207/599/538
f 235/405/371 236/600/539 242/601/540
f 1658/602/4 1664/447/405 1655/603/541 1657/604/3
f 237/605/542 238/575/516 243/606/543
f 541/565/508 540/564/507 531/607/544 534/608/545
f 239/574/515 240/609/546 244/610/547
f 1255/384/351 1254/611/548 1242/612/549 1245/613/550
f 530/614/551 527/615/552 528/616/553 529/617/554
f 1712/618/555 1718/619/556 1717/620/557 1711/621/558
f 1150/622/559 1156/623/560 1161/624/4 1155/625/4
f 3301/626/28 3306/627/4 3310/628/561 3305/629/562
f 630/630/563 636/631/564 635/632/565 629/633/566
f 1043/634/567 1051/635/568 1050/636/569 1042/637/570
f 2394/638/571 2400/639/572 2399/640/573 2393/641/574
f 1760/642/575 1759/643/576 1753/644/577 1754/645/578
f 1428/646/579 1434/647/580 1439/648/581 1433/649/4
f 510/650/582 515/651/583 514/652/584 509/653/585
f 2057/654/586 2064/655/587 2063/656/588 2056/657/589
f 2912/658/590 2911/659/591 2906/660/592 2907/661/593
f 2274/662/3 2283/663/4 2282/664/594 2278/665/595
f 1630/465/421 1637/464/420 1636/540/486 1629/543/489
f 889/666/596 888/667/597 884/668/598 885/669/599
f 1710/670/600 1716/671/601 1715/672/602 1709/673/603
f 2154/502/454 2160/674/604 2159/556/499 2153/503/455
f 857/378/345 861/675/605 860/676/606 856/379/346
f 559/677/607 564/678/608 563/679/609 558/680/610
f 2379/681/611 2378/682/612 2371/683/613 2372/684/614
f 2383/685/615 2390/686/616 2389/687/617 2388/688/240
f 390/689/618 396/690/619 395/691/620 389/692/621
f 2294/693/248 2303/694/247 2302/695/622 2298/696/623
f 1030/697/624 1029/698/625 1022/699/626 1023/700/627
f 1785/701/4 1784/702/628 1779/703/629 1774/704/248
f 1467/705/630 1466/706/631 1460/146/142 1461/707/632
f 2211/708/633 2217/709/634 2216/710/4 2210/711/635
f 276/712/636 273/713/637 277/714/638
f 273/713/637 274/715/639 277/716/640
f 274/715/639 275/717/641 277/718/642
f 275/717/641 276/719/636 277/720/638
f 289/289/264 278/721/643 279/286/261
f 280/482/437 279/286/261 278/721/643
f 241/722/534 244/610/547 240/609/546 233/723/533
f 284/258/236 283/232/215 281/483/438
f 1459/724/4 1464/725/644 1456/726/645 1447/727/4
f 3303/454/410 3302/102/101 3292/94/93 3295/93/92
f 288/728/646 278/729/643 287/730/647
f 2585/731/648 2584/732/649 2578/733/650 2579/734/651
f 531/607/544 540/564/507 530/614/551 529/617/554
f 2397/735/652 2396/736/653 2390/686/616 2391/737/654
f 1541/738/655 1548/739/656 1547/740/657 1540/741/658
f 189/473/429 198/472/428 197/742/659 188/743/660
f 247/744/661 246/745/662 242/601/540 243/606/543
f 104/180/169 120/746/663 119/747/664 103/748/665
f 751/749/666 750/750/667 747/751/668 744/752/669
f 297/753/670 292/754/671 298/550/495
f 1716/671/601 1722/327/296 1721/330/299 1715/672/602
f 301/755/672 300/756/673 290/757/263
f 191/584/525 200/583/524 199/471/427 190/474/430
f 535/758/674 542/759/675 541/565/508 534/608/545
f 1753/644/577 1759/643/576 1758/760/676 1752/761/677
f 394/762/678 401/763/679 400/764/680 393/765/681
f 264/766/682 263/767/683 260/768/684 257/769/685
f 166/354/321 165/402/368 149/13/13 150/12/12
f 392/770/686 399/771/687 398/772/688 397/773/689
f 3060/774/690 3064/775/691 3063/776/692 3059/777/693
f 1360/154/148 1367/778/694 1366/779/695 1359/780/696
f 667/781/697 666/782/698 662/783/699 663/506/458
f 577/784/700 582/785/701 581/786/702 576/787/703
f 1135/788/704 1134/789/705 1127/790/706 1128/791/707
f 1012/792/708 1011/793/709 1005/794/710 1006/795/711
f 2079/796/712 2078/797/713 2072/798/714 2073/799/715
f 2333/800/716 2332/801/717 2326/360/327 2327/802/718
f 3097/803/4 3102/804/719 3101/805/720 3096/806/721
f 3463/807/722 3468/808/723 3472/809/248 3467/810/3
f 2129/462/418 2128/811/724 2121/812/725 2122/813/726
f 3452/814/248 3453/815/248 3457/816/727 3451/817/728
f 3431/818/729 3430/819/730 3425/820/731 3426/821/732
f 719/822/733 723/823/734 722/824/735 718/825/736
f 1887/826/737 1894/827/738 1893/828/739 1886/829/740
f 1025/830/741 1024/831/742 1018/832/743 1019/833/744
f 2772/834/745 2778/835/746 2777/836/248 2771/837/3
f 1274/838/747 1280/839/748 1279/840/749 1273/841/750
f 1222/842/751 1228/843/752 1233/844/3 1227/845/248
f 2959/846/753 2964/847/754 2963/848/755 2958/849/756
f 1095/850/3 1100/851/757 1093/852/758 1094/853/247
f 1020/854/759 1026/855/760 1025/830/741 1019/833/744
f 2531/856/761 2530/857/762 2524/858/763 2525/859/764
f 2840/860/765 2839/861/766 2834/862/767 2835/863/768
f 1822/864/769 1829/865/770 1828/866/771 1827/867/240
f 2728/868/3 2727/869/772 2721/870/773 2722/871/3
f 3125/872/774 3131/873/775 3130/874/776 3124/875/777
f 3100/876/778 3106/877/779 3105/878/780 3099/879/781
f 1999/880/782 2004/881/783 2009/882/4 1998/883/4
f 2122/813/726 2121/812/725 2115/884/784 2116/885/785
f 3244/886/786 3243/499/451 3237/498/450 3238/887/787
f 2438/888/4 2443/889/788 2436/890/789 2437/891/3
f 2671/892/790 2676/893/791 2675/894/792 2670/895/793
f 3110/896/794 3115/897/795 3114/898/796 3109/899/797
f 1071/900/798 1077/901/799 1082/902/3 1076/903/247
f 2354/904/800 2360/905/801 2359/906/802 2353/907/3
f 2673/908/803 2678/909/804 2677/910/805 2672/911/806
f 2745/912/807 2751/913/808 2750/914/809 2744/915/810
f 605/916/811 611/917/812 610/918/813 604/919/814
f 2766/920/815 2772/834/745 2771/837/3 2765/921/4
f 3137/922/28 3142/923/4 3141/924/816 3136/925/817
f 1489/926/818 1496/927/819 1495/928/4 1494/929/193
f 1166/930/820 1173/931/821 1172/932/822 1165/933/823
f 2708/934/824 2713/935/825 2712/936/826 2707/937/827
f 3530/938/828 3529/939/829 3524/940/830 3525/941/831
f 2989/942/832 2988/943/833 2984/944/834 2985/945/835
f 1925/946/836 1930/947/837 1924/948/838 1919/949/4
f 1324/950/3 1323/951/839 1318/952/840 1313/953/3
f 2446/954/841 2445/955/842 2439/956/843 2440/957/844
f 2365/958/4 2370/959/845 2364/960/846 2359/961/802
f 1799/962/847 1798/963/848 1793/964/849 1794/965/850
f 1584/966/851 1583/967/852 1577/968/853 1578/969/854
f 1825/970/855 1824/971/856 1819/972/857 1820/973/858
f 1607/974/859 1612/975/860 1611/976/861 1606/977/862
f 3038/978/863 3037/979/864 3032/980/865 3033/981/866
f 2443/889/788 2449/982/867 2448/983/868 2442/984/869
f 2659/985/870 2658/986/871 2653/987/872 2654/988/873
f 1525/989/4 1530/990/874 1523/991/875 1524/992/876
f 2386/993/877 2385/994/878 2380/995/879 2381/996/880
f 2542/997/881 2548/998/882 2547/999/193 2541/1000/883
f 2160/674/604 2166/1001/884 2165/1002/885 2159/556/499
f 1275/1003/886 1274/838/747 1268/1004/887 1269/1005/888
f 267/1006/889 266/1007/890 261/1008/891 262/1009/892
f 1521/1010/893 1528/1011/894 1527/1012/895 1520/1013/896
f 2560/1014/897 2565/1015/898 2570/1016/4 2559/1017/4
f 427/1018/899 433/1019/900 432/1020/901 426/1021/902
f 337/1022/903 343/1023/904 342/1024/905 336/1025/906
f 610/1026/813 615/1027/907 609/1028/908 604/1029/814
f 1768/1030/909 1775/1031/910 1774/1032/248 1773/1033/247
f 2781/1034/911 2780/1035/912 2774/1036/913 2775/1037/914
f 567/1038/915 566/1039/916 561/1040/917 556/1041/918
f 1185/1042/247 1184/1043/919 1179/1044/920 1174/1045/4
f 3266/1046/921 3271/526/474 3270/1047/3 3265/1048/922
f 2325/361/328 2324/1049/923 2318/207/192 2319/362/329
f 752/1050/924 755/1051/925 750/750/667 751/749/666
f 2212/1052/926 2211/708/633 2204/1053/927 2205/1054/928
f 2632/1055/193 2637/1056/929 2631/1057/930 2626/1058/193
f 1027/1059/193 1026/855/760 1020/854/759 1021/1060/931
f 1177/1061/932 1182/1062/933 1181/1063/934 1176/1064/935
f 1032/1065/936 1031/1066/937 1024/831/742 1025/830/741
f 2275/1067/938 2279/1068/939 2283/1069/4 2274/1070/3
f 1614/1071/940 1620/1072/941 1619/1073/942 1613/1074/943
f 3273/1075/944 3278/1076/945 3277/524/472 3272/527/475
f 956/1077/946 962/1078/947 967/1079/4 961/1080/3
f 3065/1081/948 3064/775/691 3060/774/690 3061/1082/949
f 1366/779/695 1365/1083/950 1358/1084/951 1359/780/696
f 2215/1085/952 2221/518/467 2220/536/482 2214/539/485
f 723/823/734 729/1086/953 728/1087/954 722/824/735
f 1757/1088/955 1762/1089/956 1767/1090/957 1756/1091/240
f 398/772/688 399/771/687 404/1092/958
f 399/771/687 400/764/680 404/1093/959
f 400/764/680 401/763/679 404/1094/960
f 401/763/679 402/1095/961 404/1096/962
f 402/1095/961 403/1097/963 404/1098/964
f 403/1097/963 398/1099/688 404/1100/958
f 416/1101/965 415/1102/966 405/1103/967
f 406/1104/968 405/1103/967 415/1102/966
f 100/131/127 116/235/218 115/1105/969 99/177/166
f 1566/1106/970 1565/1107/971 1555/1108/972 1558/1109/973
f 410/1110/974 409/216/200 407/1111/975
f 95/129/125 112/183/172 111/157/150 94/160/153
f 1264/1112/3 1263/1113/976 1258/1114/977 1253/1115/3
f 414/1116/978 415/1117/966 413/1118/979
f 132/257/235 131/1119/980 116/235/218 117/234/217
f 3020/1120/981 3025/1121/982 3024/1122/983 3019/1123/984
f 2583/1124/248 2588/1125/985 2582/1126/986 2577/1127/4
f 3239/1128/248 3240/1129/4 3244/886/786 3238/887/787
f 631/1130/987 630/630/563 625/1131/988 626/1132/989
f 945/1133/990 944/1134/991 934/1135/992 937/1136/993
f 854/1137/994 857/378/345 853/377/344 850/1138/995
f 283/232/215 293/231/214 282/481/436 281/483/438
f 424/455/411 418/458/414 425/1139/996
f 2417/1140/997 2423/1141/998 2422/1142/999 2416/477/432
f 428/1143/1000 427/1018/899 422/1144/1001
f 2582/1126/986 2588/1125/985 2587/1145/1002 2581/1146/1003
f 3486/1147/1004 3485/1148/1005 3481/1149/1006 3482/1150/1007
f 198/472/428 206/598/537 205/1151/1008 197/742/659
f 249/1152/1009 252/1153/1010 248/1154/1011 245/1155/1012
f 332/1156/1013 337/1022/903 330/1157/1014 331/1158/1015
f 832/1159/1016 836/1160/1017 835/1161/1018 831/1162/1019
f 305/549/494 310/1163/1020 309/1164/1021 304/1165/1022
f 1983/1166/1023 1989/1167/1024 1988/1168/1025 1982/1169/1026
f 2399/640/573 2398/1170/1027 2392/1171/1028 2393/641/574
f 1655/603/541 1664/447/405 1663/201/186 1654/1172/1029
f 501/1173/1030 506/1174/1031 499/1175/1032 500/1176/1033
f 1414/1177/1034 1421/1178/1035 1420/1179/1036 1413/1180/1037
f 3182/1181/1038 3186/1182/1039 3185/1183/1040 3181/1184/1041
f 1536/1185/4 1535/1186/1042 1530/990/874 1525/989/4
f 371/1187/1043 376/1188/1044 375/1189/1045 370/1190/1046
f 549/469/425 554/468/424 553/1191/1047 548/562/505
f 3487/1192/1048 3492/1193/1049 3491/1194/1050 3486/1147/1004
f 2371/683/613 2378/682/612 2377/1195/3 2376/1196/1051
f 1527/1012/895 1526/1197/1052 1519/1198/1053 1520/1013/896
f 1280/839/748 1285/1199/1054 1284/1200/1055 1279/840/749
f 1762/1089/956 1768/1030/909 1773/1033/247 1767/1090/957
f 2549/1201/1056 2548/998/882 2542/997/881 2543/1202/1057
f 2993/1203/1058 2998/1204/1059 2997/1205/1060 2992/1206/1061
f 1011/793/709 1016/1207/1062 1021/1208/931 1010/1209/4
f 2631/1057/930 2637/1056/929 2636/1210/1063 2630/1211/1064
f 774/1212/1065 773/1213/1066 768/1214/1067 769/1215/1068
f 3525/941/831 3524/940/830 3520/1216/1069 3521/1217/1070
f 3481/1149/1006 3485/1148/1005 3484/1218/1071 3480/1219/1072
f 464/1220/1073 463/1221/1074 457/1222/1075 458/1223/1076
f 568/1224/1077 575/1225/1078 574/1226/1079 573/1227/1080
f 1124/1228/3 1123/1229/1081 1117/1230/1082 1118/1231/247
f 3243/499/451 3247/1232/1083 3246/1233/1084 3242/500/452
f 2347/1234/1085 2354/904/800 2353/907/3 2352/1235/248
f 2710/1236/1086 2715/1237/1087 2714/1238/1088 2709/1239/1089
f 2086/1240/1090 2085/1241/1091 2080/1242/1092 2081/1243/1093
f 1920/1244/1094 1926/1245/1095 1925/1246/836 1919/1247/4
f 1914/1248/1096 1913/1249/1097 1907/1250/1098 1908/1251/1099
f 2815/1252/1100 2820/1253/1101 2819/1254/4 2814/1255/3
f 1196/1256/1102 1195/1257/1103 1188/1258/1104 1189/1259/1105
f 3251/1260/1106 3255/1261/1107 3259/1262/771 3250/1263/3
f 2652/1264/1108 2651/1265/1109 2644/1266/1110 2645/1267/1111
f 2346/1268/1112 2351/1269/1113 2350/1270/1114 2345/1271/1115
f 811/1272/1116 815/1273/1117 814/1274/1118 810/1275/1119
f 1306/1276/247 1305/1277/1120 1300/1278/1121 1295/1279/4
f 3319/1280/1122 3318/1281/1123 3314/1282/1124 3315/1283/1125
f 1981/1284/1126 1987/1285/1127 1986/1286/3 1980/1287/240
f 3382/1288/1128 3387/1289/1129 3391/1290/4 3386/1291/3
f 997/1292/1130 1003/1293/1131 1002/1294/1132 996/1295/1133
f 1064/1296/1134 1070/1297/1135 1069/1298/1136 1063/1299/1137
f 2428/1300/1138 2427/1301/1139 2421/1302/1140 2422/1142/999
f 473/1303/1141 472/1304/1142 466/1305/1143 467/1306/1144
f 479/1307/1145 486/1308/1146 485/1309/1147 478/1310/1148
f 2650/1311/4 2655/1312/1149 2648/1313/1150 2649/1314/193
f 2904/1315/1151 2903/1316/1152 2898/1317/1153 2899/1318/1154
f 2468/1319/3 2473/1320/1155 2467/1321/1156 2462/1322/4
f 494/1323/1157 493/1324/1158 488/1325/1159 483/1326/1160
f 1975/1327/1161 1981/1284/1126 1980/1287/240 1974/1328/1162
f 779/1329/1163 778/1330/1164 775/1331/1165 772/1332/1166
f 1407/1333/1167 1412/1334/1168 1411/1335/1169 1406/1336/1170
f 2110/1337/1171 2115/884/784 2114/1338/1172 2109/1339/1173
f 1331/1340/1174 1337/1341/1175 1342/1342/193 1336/1343/28
f 1622/1344/248 1627/1345/1176 1620/1072/941 1621/1346/4
f 748/1347/1177 753/1348/1178 752/1349/924 751/1350/666
f 606/1351/1179 605/916/811 598/1352/1180 599/1353/1181
f 2099/1354/1182 2105/1355/1183 2104/1356/1184 2098/1357/1185
f 1986/1358/3 1991/1359/1186 1985/1360/1187 1980/1361/240
f 1518/1362/1188 1523/991/875 1522/1363/1189 1517/1364/1190
f 622/1365/1191 627/1366/1192 621/1367/1193 616/1368/1194
f 1217/1369/1195 1216/1370/1196 1211/1371/1197 1212/1372/1198
f 1179/1044/920 1184/1043/919 1183/1373/1199 1178/1374/1200
f 3320/1375/1201 3325/1376/4 3324/1377/1202 3319/1280/1122
f 666/782/698 672/1378/1203 671/1379/1204 670/1380/1205
f 1523/991/875 1530/990/874 1529/1381/1206 1522/1363/1189
f 383/1382/1207 382/1383/1208 376/1188/1044 377/1384/1209
f 372/1385/1210 371/1187/1043 364/1386/1211 365/1387/1212
f 2564/1388/1213 2569/1389/1214 2568/1390/1215 2563/1391/1216
f 2278/665/595 2277/1392/1217 2272/1393/1218 2273/1394/1219
f 2851/1395/1220 2856/1396/1221 2855/1397/1222 2850/1398/1223
f 3117/1399/3 3122/1400/4 3121/1401/1224 3116/1402/1225
f 1128/791/707 1127/790/706 1121/1403/1226 1122/1404/1227
f 3216/1405/1228 3215/1406/1229 3210/1407/1230 3211/1408/1231
f 265/1409/1232 268/1410/1233 263/767/683 264/766/682
f 2032/1411/1234 2031/248/228 2024/1412/1235 2025/1413/1236
f 276/719/636 275/717/641 271/1414/1237 272/1415/1238
f 2389/1416/617 2394/638/571 2387/1417/1239 2388/1418/240
f 2792/1419/1240 2789/1420/1241 2790/1421/1242 2791/1422/1243
f 1431/1423/1244 1430/1424/1245 1425/1425/1246 1426/1426/1247
f 781/1427/1248 784/1428/1249 787/1429/1250 780/1430/1251
f 519/1431/1252 520/1432/1253 525/1433/1254
f 520/1432/1253 521/1434/1255 525/1435/1256
f 521/1434/1255 522/1436/1257 525/1437/1258
f 522/1436/1257 523/1438/1259 525/1439/1260
f 523/1438/1259 524/1440/1261 525/1441/1262
f 524/1440/1261 519/1442/1252 525/1443/1254
f 1144/283/258 1152/1444/1263 1143/1445/1264 1142/1446/1265
f 775/1331/1165 778/1330/1164 777/1447/1266 774/1212/1065
f 2420/1448/3 2425/1449/1267 2419/309/279 2414/308/3
f 532/1450/1268 531/607/544 529/617/554
f 131/1119/980 147/1451/1269 146/319/288 130/322/291
f 536/1452/1270 526/1453/1271 535/758/674
f 434/1454/1272 433/1019/900 427/1018/899 428/1143/1000
f 744/752/669 747/751/668 743/1455/1273 740/1456/281
f 220/372/339 219/363/330 211/1457/1274 212/1458/1275
f 259/1459/1276 258/1460/1277 253/1461/1278 254/1462/1279
f 206/598/537 213/597/536 212/1458/1275 205/1151/1008
f 896/1463/1280 895/1464/1281 899/1465/1282 900/1466/1283
f 942/1467/1284 948/1468/1285 947/1469/1286 941/315/284
f 203/1470/1287 202/1471/1288 194/1472/1289 195/1473/1290
f 2492/1474/4 2497/529/477 2491/528/476 2486/1475/4
f 546/1476/1291 539/1477/1292 547/563/506
f 226/365/332 225/407/373 217/1478/1293 218/366/333
f 1656/1479/1294 1655/603/541 1654/1172/1029 1653/1480/1295
f 544/470/426 549/469/425 543/1481/1296
f 1233/1482/3 1232/1483/1297 1226/1484/1298 1227/1485/248
f 3242/500/452 3241/1486/1299 3235/1487/1300 3236/501/453
f 1559/169/161 1567/168/160 1566/1106/970 1558/1109/973
f 386/1488/1301 392/770/686 397/773/689 391/1489/1302
f 183/416/380 182/393/359 171/411/377 172/392/358
f 1783/1490/1303 1782/1491/1304 1777/1492/1305 1778/1493/1306
f 3098/1494/1307 3104/1495/1308 3103/1496/4 3102/1497/719
f 1026/855/760 1033/1498/1309 1032/1065/936 1025/830/741
f 608/1499/1310 607/1500/1311 600/1501/1312 601/1502/1313
f 1432/1503/1314 1438/1504/1315 1437/1505/1316 1431/1423/1244
f 509/653/585 508/1506/1317 502/1507/1318 503/1508/1319
f 2062/1509/1320 2068/1510/1321 2067/1511/1322 2061/1512/1323
f 2674/1513/1324 2681/1514/1325 2680/1515/4 2679/1516/3
f 576/787/703 575/1225/1078 568/1224/1077 569/1517/1326
f 348/1518/1327 347/1519/1328 341/1520/1329 342/1024/905
f 261/1008/891 266/1007/890 265/1521/1232 264/1522/682
f 2807/1523/1330 2811/1524/1331 2810/1525/1332 2806/1526/1333
f 2470/1527/1334 2469/1528/1335 2463/1529/1336 2464/1530/1337
f 2915/1531/1338 2920/222/206 2924/225/208 2919/1532/4
f 1380/1533/4 1385/1534/1339 1379/1535/1340 1374/1536/3
f 551/1537/1341 550/1538/1342 545/1539/1343 546/1476/1291
f 2639/1540/1344 2638/1541/1345 2633/1542/1346 2634/1543/1347
f 3146/1544/1348 3145/1545/1349 3140/1546/1350 3141/924/816
f 2919/1547/4 2924/1548/208 2923/1549/1351 2918/1550/1352
f 347/1519/1328 353/1551/1353 352/1552/1354 346/1553/1355
f 2172/1554/1356 2171/1555/1357 2164/1556/1358 2165/1002/885
f 1215/1557/1359 1220/1558/1360 1219/1559/1361 1214/1560/1362
f 1158/1561/1363 1164/1562/1364 1163/1563/1365 1157/1564/1366
f 3268/1565/1367 3273/1075/944 3272/527/475 3267/1566/1368
f 3467/1567/3 3472/1568/248 3471/1569/1369 3466/1570/1370
f 3351/1571/1371 3356/1572/1372 3360/1573/4 3355/1574/4
f 1433/1575/4 1432/1503/1314 1427/1576/1373 1422/1577/247
f 489/1578/1374 495/1579/1375 500/1580/1033 494/1581/1157
f 2121/812/725 2128/811/724 2127/1582/1376 2120/1583/1377
f 1922/1584/1378 1928/1585/1379 1927/1586/1380 1921/1587/1381
f 1320/1588/1382 1319/1589/1383 1314/1590/1384 1315/1591/1385
f 2353/1592/3 2358/1593/1386 2351/1269/1113 2352/1594/248
f 1483/1595/1387 1489/926/818 1494/929/193 1488/1596/3
f 870/1597/1388 875/1598/1389 874/1599/1390 873/1600/1391
f 1014/1601/1392 1013/1602/1393 1007/1603/1394 1008/1604/1395
f 1309/1605/1396 1316/1606/1397 1315/1591/1385 1308/1607/1398
f 1906/1608/4 1905/1609/1399 1900/1610/1400 1895/1611/4
f 2768/1612/1401 2774/1036/913 2773/1613/1402 2767/1614/1403
f 1904/1615/1404 1903/1616/1405 1898/1617/1406 1899/1618/1407
f 1377/1619/1408 1383/1620/1409 1382/1621/1410 1376/1622/1411
f 3192/1623/1412 3191/1624/1413 3186/1182/1039 3187/1625/1414
f 1694/1626/3 1693/1627/1415 1687/1628/1416 1688/1629/3
f 1866/1630/1417 1865/1631/1418 1860/1632/1419 1861/1633/1420
f 2822/1634/1421 2827/1635/1422 2826/1636/1423 2821/1637/1424
f 2541/1638/883 2546/1639/1425 2540/1640/1426 2535/1641/193
f 2206/1642/1427 2213/538/484 2212/1052/926 2205/1054/928
f 2811/1524/1331 2817/1643/1428 2816/1644/1429 2810/1525/1332
f 374/1645/1430 380/1646/1431 385/1647/1432 379/1648/1433
f 3066/1649/240 3071/1650/1434 3070/1651/1435 3065/1081/948
f 2911/659/591 2915/1531/1338 2919/1532/4 2910/1652/4
f 2569/1389/1214 2575/1653/1436 2574/1654/1437 2568/1390/1215
f 1977/1655/1438 1983/1166/1023 1982/1169/1026 1976/1656/1439
f 2013/1657/1440 2018/1658/1441 2017/1659/1442 2012/1660/1443
f 918/1661/1444 919/1662/1445 921/1663/1446 917/1664/1447
f 1229/1665/1448 1228/843/752 1222/842/751 1223/1666/1449
f 266/1007/890 269/1667/1450 272/1668/1238 265/1521/1232
f 2118/1669/4 2117/1670/1451 2112/1671/1452 2107/1672/4
f 313/1673/1453 312/1674/1454 307/1675/1455 302/1676/1456
f 3217/1677/1457 3221/1678/1458 3220/1679/1459 3216/1405/1228
f 962/1078/947 969/1680/1460 968/1681/3 967/1079/4
f 251/1682/1461 250/1683/1462 246/745/662 247/744/661
f 2703/1684/1463 2710/1236/1086 2709/1239/1089 2702/520/468
f 2114/1338/1172 2113/1685/1464 2108/1686/1465 2109/1339/1173
f 890/1687/1466 893/1688/1467 888/667/597 889/666/596
f 213/597/536 221/351/318 220/372/339 212/1458/1275
f 3372/1689/1468 3378/1690/1469 3377/1691/3 3376/1692/3
f 3483/1693/1470 3488/1694/1471 3492/1695/1049 3487/1696/1048
f 1424/1697/1472 1423/1698/1473 1417/1699/1474 1418/1700/1475
f 2276/1701/1476 2275/1067/938 2270/1702/1477 2271/1703/1478
f 195/1473/1290 194/1472/1289 185/1704/1479 186/1705/1480
f 2513/1706/1481 2512/1707/1482 2499/587/528 2502/586/527
f 812/1708/1483 811/1272/1116 807/1709/1484 808/1710/492
f 376/1188/1044 382/1383/1208 381/1711/1485 375/1189/1045
f 540/564/507 547/563/506 539/1477/1292 530/614/551
f 639/1712/1486 634/1713/1487 640/1714/1488
f 634/1713/1487 635/632/565 640/1715/1489
f 635/632/565 636/631/564 640/1716/1490
f 636/631/564 637/1717/1491 640/1718/1492
f 637/1717/1491 638/1719/1493 640/1720/1494
f 638/1719/1493 639/1721/1486 640/1722/1488
f 3362/1723/1495 3376/570/3 3375/573/514 3370/1724/1496
f 647/1725/1497 646/512/462 644/515/465
f 2213/538/484 2219/537/483 2218/1726/1498 2212/1052/926
f 649/1727/1499 648/1728/1500 641/1729/294
f 650/1730/295 641/1729/294 648/1728/1500
f 184/422/384 191/584/525 190/474/430 183/416/380
f 127/1731/1501 126/1732/1502 110/158/151 111/157/150
f 3480/1219/1072 3479/1733/1503 3473/1734/1504 3474/1735/1505
f 128/1736/1506 143/333/302 142/1737/1507 127/1731/1501
f 2697/1738/1508 2696/1739/1509 2695/523/471 2694/1740/1510
f 943/1741/1511 942/1467/1284 941/315/284 940/318/287
f 658/507/459 652/1742/1512 659/504/456
f 901/1743/1513 904/1744/1514 906/339/308 903/342/311
f 1756/1745/240 1761/1746/1515 1755/497/449 1750/496/3
f 909/1747/1516 908/1748/1517 905/340/309 906/339/308
f 176/1749/363 175/421/383 159/332/301 160/331/300
f 1991/1359/1186 1997/1750/1518 1996/1751/1519 1990/1752/1520
f 210/1753/1521 209/1754/1522 202/1471/1288 203/1470/1287
f 3479/1733/1503 3483/1693/1470 3487/1696/1048 3478/1755/1523
f 621/1367/1193 627/1366/1192 626/1132/989 620/1756/1524
f 3489/1757/1525 3488/1694/1471 3483/1693/1470 3484/1218/1071
f 3132/1758/1526 3131/873/775 3125/872/774 3126/1759/1527
f 253/1461/1278 258/1460/1277 257/1760/685 256/1761/1528
f 2021/1762/4 2020/1763/1529 2015/1764/1530 2010/1765/1531
f 1506/1766/1532 1512/1767/1533 1511/1768/1534 1505/1769/1535
f 2579/734/651 2578/733/650 2571/1770/1536 2572/1771/1537
f 2769/1772/1538 2768/1612/1401 2761/1773/1539 2762/1774/1540
f 815/1273/1117 820/1775/1541 819/1776/1542 814/1274/1118
f 579/1777/1543 584/1778/1544 583/1779/1545 578/1780/1546
f 511/1781/1547 510/650/582 504/1782/1548 505/1783/1549
f 3169/413/248 3174/1784/4 3178/1785/1550 3173/414/378
f 2481/1786/1551 2480/1787/1552 2475/1788/1553 2476/1789/1554
f 2020/1763/1529 2026/1790/1555 2025/1413/1236 2019/1791/1556
f 321/1792/1557 320/1793/1558 314/1794/1559 315/1795/1560
f 1423/1698/1473 1428/646/579 1433/649/4 1422/1796/247
f 859/1797/1561 862/1798/1562 865/1799/1563 858/1800/1564
f 2964/847/754 2969/1801/1565 2968/1802/1566 2963/848/755
f 1711/621/558 1710/670/600 1704/1803/1567 1705/1804/1568
f 2970/1805/1569 2969/1801/1565 2964/847/754 2965/1806/1570
f 3022/424/247 3027/1807/247 3031/1808/1571 3026/425/386
f 3315/1283/1125 3314/1282/1124 3309/452/408 3310/628/561
f 1417/1699/1474 1423/1698/1473 1422/1796/247 1416/1809/3
f 1496/927/819 1502/1810/1572 1501/1811/4 1495/928/4
f 2843/1812/4 2848/1813/3 2847/1814/1573 2842/1815/1574
f 2955/1816/247 2956/1817/248 2960/1818/1575 2954/1819/1576
f 2358/1593/1386 2364/960/846 2363/1820/1577 2357/1821/1578
f 472/1304/1142 477/1822/1579 482/1823/1580 471/1824/1581
f 820/1775/1541 824/1825/1582 823/1826/1583 819/1776/1542
f 575/1225/1078 580/1827/1584 585/1828/1585 574/1226/1079
f 2969/1801/1565 2973/1829/1586 2972/1830/1587 2968/1802/1566
f 2255/1831/1588 2254/1832/1589 2249/1833/1590 2250/1834/1591
f 1387/1835/1592 1393/1836/1593 1392/1837/4 1386/1838/248
f 3383/1839/1594 3382/1288/1128 3378/1690/1469 3379/1840/1595
f 2833/1841/1596 2832/1842/1597 2827/1635/1422 2828/1843/1598
f 3179/1844/3 3188/1845/4 3187/1625/1414 3183/1846/1599
f 1896/1847/1600 1901/1848/1601 1906/1849/4 1895/1850/4
f 1175/1851/1602 1180/1852/1603 1185/1853/247 1174/1854/4
f 3546/1855/1604 3545/1856/1605 3539/1857/1606 3540/1858/1607
f 580/1827/1584 586/1859/1608 591/1860/1609 585/1828/1585
f 1714/1861/1610 1720/1862/1611 1719/1863/240 1713/1864/3
f 1111/1865/1612 1110/1866/1613 1103/1867/1614 1104/1868/1615
f 1709/673/603 1708/1869/1616 1702/1870/1617 1703/1871/1618
f 452/1872/1619 457/1222/1075 456/1873/1620 451/1874/1621
f 1830/1875/1622 1829/865/770 1822/864/769 1823/1876/1623
f 1181/1063/934 1180/1852/1603 1175/1851/1602 1176/1064/935
f 1164/1562/1364 1171/1877/1624 1170/1878/1625 1163/1563/1365
f 2485/1879/4 2484/1880/1626 2479/1881/1627 2474/1882/4
f 1024/831/742 1031/1066/937 1030/697/624 1023/700/627
f 2484/1880/1626 2491/528/476 2490/531/479 2483/1883/1628
f 254/1462/1279 253/1461/1278 250/1683/1462 251/1682/1461
f 1231/1884/1629 1230/1885/1630 1224/1886/1631 1225/1887/1632
f 1839/1888/4 1838/1889/1633 1833/1890/1634 1828/1891/771
f 1535/1186/1042 1541/738/655 1540/741/658 1534/1892/1635
f 269/1667/1450 273/713/637 276/712/636 272/1668/1238
f 2422/1142/999 2421/1302/1140 2415/478/433 2416/477/432
f 1530/990/874 1535/1186/1042 1534/1892/1635 1529/1381/1206
f 726/1893/1636 727/1894/1637 731/1895/1638
f 727/1894/1637 728/1087/954 731/1896/1639
f 728/1087/954 729/1086/953 731/1897/1640
f 729/1086/953 730/1898/1641 731/1899/1642
f 730/1898/1641 726/1900/1636 731/1901/1638
f 87/140/136 104/180/169 103/748/665 86/139/135
f 735/135/131 736/440/399 734/136/132
f 737/439/398 734/136/132 736/440/399
f 180/404/370 187/1902/1643 186/1705/1480 179/403/369
f 739/437/396 732/1903/134 738/438/397
f 652/1742/1512 651/427/388 642/324/293 645/514/464
f 11/20/20 8/19/19 1/10/10 9/17/17
f 734/136/132 737/439/398 741/266/243
f 742/267/244 741/266/243 737/439/398
f 155/162/155 171/411/377 170/396/362 154/163/156
f 740/1456/281 743/1455/1273 733/1904/133
f 794/1905/1644 800/443/402 799/1906/1645 793/1907/1646
f 1249/220/204 1246/1908/1647 1247/1909/1648 1248/221/205
f 1234/1910/248 1239/1911/1649 1232/1483/1297 1233/1482/3
f 2927/1912/1650 2926/223/207 2920/222/206 2921/1913/1651
f 413/1118/979 421/1914/1652 420/214/198 412/217/201
f 1742/1915/1653 1739/1916/1654 1740/1917/1655 1741/1918/1656
f 389/692/621 388/1919/1657 382/1383/1208 383/1382/1207
f 3269/1920/1658 3268/1565/1367 3263/1921/1659 3264/1922/1660
f 1184/1043/919 1190/1923/1661 1189/1259/1105 1183/1373/1199
f 633/1924/1662 632/1925/1663 627/1366/1192 622/1365/1191
f 1771/1926/1664 1770/1927/1665 1764/1928/1666 1765/1929/1667
f 3378/1690/1469 3382/1288/1128 3386/1291/3 3377/1691/3
f 757/1930/1668 756/1931/1669 753/1348/1178 754/1932/1670
f 1180/1852/1603 1186/1933/1671 1191/1934/1672 1185/1853/247
f 1019/833/744 1018/832/743 1013/1602/1393 1014/1601/1392
f 2001/1935/1673 2006/1936/1674 2005/1937/1675 2000/1938/1676
f 2971/1939/1677 2976/1940/1678 2980/1941/3 2975/1942/1679
f 1271/1943/1680 1276/1944/1681 1270/1945/1682 1265/1946/3
f 1003/1293/1131 1009/1947/1683 1008/1604/1395 1002/1294/1132
f 3253/1948/1684 3257/1949/1685 3256/1950/1686 3252/1951/1687
f 1805/1952/1688 1804/1953/1689 1798/963/848 1799/962/847
f 683/1954/1690 682/1955/1691 677/1956/1692 678/1957/1693
f 385/1958/1432 384/1959/1694 378/1960/1695 379/1961/1433
f 2115/884/784 2121/812/725 2120/1583/1377 2114/1338/1172
f 3353/1962/1696 3358/1963/1697 3357/1964/1698 3352/1965/1699
f 2026/1790/1555 2033/554/498 2032/1411/1234 2025/1413/1236
f 2214/539/485 2213/538/484 2206/1642/1427 2207/1966/1700
f 3062/1967/1701 3067/1968/1702 3071/1969/1434 3066/1970/240
f 2676/893/791 2683/1971/1703 2682/1972/1704 2675/894/792
f 2242/300/273 2241/429/390 2233/1973/1705 2236/301/274
f 2480/1787/1552 2487/1974/1706 2486/1975/4 2485/1976/4
f 635/632/565 634/1713/1487 628/1977/1707 629/633/566
f 1603/1978/1708 1609/1979/1709 1608/1980/1710 1602/1981/1711
f 224/567/510 223/399/365 215/1982/1712 216/1983/1713
f 2283/663/4 2288/1984/4 2287/245/227 2282/664/594
f 215/1982/1712 223/399/365 222/352/319 214/596/535
f 380/1646/1431 386/1488/1301 391/1489/1302 385/1647/1432
f 3145/1545/1349 3151/1985/1714 3150/1986/1715 3144/1987/1716
f 882/1988/1717 886/1989/1718 889/1990/596 885/1991/599
f 2341/1992/4 2346/1268/1112 2340/1993/1719 2335/1994/4
f 787/1429/1250 784/1428/1249 788/1995/1720
f 784/1428/1249 785/1996/1721 788/1997/1722
f 785/1996/1721 786/1998/1723 788/1999/1724
f 786/1998/1723 787/2000/1250 788/2001/1720
f 789/2002/1725 796/2003/1726 790/2004/1727
f 791/2005/1728 790/2004/1727 796/2003/1726
f 791/2005/1728 792/2006/1729 790/2004/1727
f 793/1907/1646 790/2004/1727 792/2006/1729
f 2221/518/467 2226/517/466 2225/2007/1730 2220/536/482
f 795/2008/1731 796/2009/1726 794/1905/1644
f 789/2010/1725 794/1905/1644 796/2009/1726
f 1558/1109/973 1555/1108/972 1556/2011/1732 1557/2012/1733
f 790/2004/1727 793/1907/1646 798/2013/1734
f 799/1906/1645 798/2013/1734 793/1907/1646
f 115/1105/969 114/2014/1735 98/187/176 99/177/166
f 3445/2015/1736 3444/261/239 3434/260/238 3437/2016/1737
f 798/2013/1734 799/1906/1645 801/544/490
f 802/569/512 801/544/490 799/1906/1645
f 3090/2017/1738 3095/2018/1739 3094/2019/1740 3089/492/445
f 186/1705/1480 185/1704/1479 178/355/322 179/403/369
f 2128/811/724 2133/2020/1741 2132/2021/1742 2127/1582/1376
f 147/1451/1269 163/398/364 162/358/325 146/319/288
f 3215/1406/1229 3219/2022/1743 3223/2023/4 3214/2024/1744
f 237/605/542 236/600/539 227/364/331 228/371/338
f 2158/557/500 2164/1556/1358 2163/2025/1745 2157/2026/1746
f 3274/2027/1747 3273/1075/944 3268/1565/1367 3269/1920/1658
f 252/1153/1010 255/2028/1748 254/1462/1279 251/1682/1461
f 1300/1278/1121 1305/1277/1120 1304/2029/1749 1299/2030/1750
f 387/2031/1751 386/1488/1301 380/1646/1431 381/1711/1485
f 482/2032/1580 481/2033/1752 476/2034/1753 471/2035/1581
f 1829/865/770 1834/2036/1754 1839/2037/4 1828/866/771
f 1120/2038/1755 1119/2039/1756 1113/2040/1757 1114/2041/1758
f 1187/2042/1759 1186/1933/1671 1180/1852/1603 1181/1063/934
f 2478/2043/1760 2477/2044/1761 2471/2045/1762 2472/2046/1763
f 562/2047/1764 568/1224/1077 573/1227/1080 567/2048/915
f 2814/2049/3 2819/2050/4 2823/2051/1765 2818/2052/1766
f 3034/2053/1767 3039/2054/1768 3038/978/863 3033/981/866
f 677/1956/1692 682/1955/1691 681/2055/1769 676/2056/1770
f 3411/2057/3 3412/2058/4 3416/2059/1771 3410/2060/1772
f 1105/2061/1773 1112/2062/1774 1111/1865/1612 1104/1868/1615
f 2547/2063/193 2552/2064/1775 2546/1639/1425 2541/1638/883
f 1492/2065/1776 1491/2066/1777 1485/2067/1778 1486/2068/1779
f 2626/1058/193 2631/1057/930 2625/2069/1780 2620/2070/193
f 2606/2071/1781 2613/2072/1782 2612/2073/1783 2605/2074/1784
f 2707/937/827 2706/2075/1785 2699/27/27 2700/409/375
f 1610/2076/1786 1616/2077/1787 1621/2078/4 1615/2079/4
f 430/2080/1788 429/2081/1789 423/456/412 424/455/411
f 1751/2082/1790 1757/1088/955 1756/1091/240 1750/2083/3
f 778/1330/1164 783/2084/1791 782/2085/1792 777/1447/1266
f 528/616/553 527/615/552 537/2086/1793 526/2087/1271
f 2514/2088/1794 2520/2089/1795 2519/2090/1796 2513/1706/1481
f 143/333/302 159/332/301 158/2091/1797 142/1737/1507
f 1441/2092/1798 1440/2093/1799 1434/647/580 1435/2094/1800
f 840/2095/1801 837/2096/1802 841/2097/1803
f 837/2096/1802 838/2098/1804 841/2099/1805
f 838/2098/1804 839/2100/1806 841/2101/1807
f 839/2100/1806 840/2102/1801 841/2103/1803
f 93/159/152 110/158/151 109/2104/1808 92/166/159
f 845/2105/1809 846/2106/1810 844/2107/1811
f 847/2108/1812 844/2107/1811 846/2106/1810
f 2692/522/470 2701/521/469 2700/409/375 2691/410/376
f 849/2109/1813 842/2110/1814 848/2111/1815
f 843/2112/1816 848/2111/1815 842/2110/1814
f 158/2091/1797 157/295/270 141/294/269 142/1737/1507
f 844/2107/1811 847/2108/1812 851/2113/1817
f 852/380/347 851/2113/1817 847/2108/1812
f 291/287/262 296/2114/1818 301/2115/672 290/288/263
f 2229/2116/1819 2239/2117/1820 2243/2118/4 2237/2119/193
f 1035/578/519 1047/577/518 1052/2120/193 1046/2121/3
f 1854/2122/1821 1853/2123/1822 1841/2124/1823 1844/2125/1824
f 3154/2126/4 3168/412/3 3167/415/379 3162/2127/1825
f 3515/2128/1826 3514/2129/1827 3510/449/406 3511/2130/1828
f 3235/1487/1300 3241/1486/1299 3240/2131/4 3239/2132/248
f 3064/775/691 3069/2133/1829 3068/75/74 3063/776/692
f 3092/2134/4 3097/803/4 3096/806/721 3091/2135/1830
f 805/545/491 809/2136/1831 812/2137/1483 808/546/492
f 2875/475/431 2880/2138/1832 2884/2139/4 2879/476/3
f 2167/2140/4 2166/1001/884 2160/674/604 2161/2141/193
f 689/2142/1833 693/2143/1834 692/2144/1835 688/2145/1836
f 2977/2146/1837 2976/1940/1678 2971/1939/1677 2972/1830/1587
f 863/2147/1838 862/1798/1562 859/1797/1561 860/676/606
f 2616/2148/1839 2615/2149/1840 2609/2150/1841 2610/375/342
f 876/2151/1842 875/1598/1389 870/1597/1388 871/2152/1843
f 873/2153/1391 872/2154/1844 869/2155/1845 866/2156/1846
f 2083/2157/1847 2090/2158/1848 2089/2159/4 2088/2160/3
f 2821/1637/1424 2820/1253/1101 2815/1252/1100 2816/1644/1429
f 2460/2161/1849 2459/2162/1850 2453/2163/1851 2454/2164/1852
f 3121/1401/1224 3120/2165/1853 3115/897/795 3116/1402/1225
f 2067/1511/1322 2066/2166/1854 2060/2167/1855 2061/1512/1323
f 1376/1622/1411 1375/2168/1856 1368/2169/1857 1369/2170/1858
f 1077/901/799 1083/2171/1859 1088/2172/635 1082/902/3
f 1935/2173/1860 1942/2174/1861 1941/2175/1862 1934/2176/1863
f 2092/2177/1864 2097/2178/1865 2096/2179/1866 2091/2180/1867
f 502/1507/1318 508/1506/1317 507/2181/1868 501/2182/1030
f 2197/2183/3 2196/2184/1869 2191/2185/1870 2186/2186/3
f 604/1029/814 609/1028/908 602/2187/1871 603/2188/1872
f 725/2189/1873 726/1900/1636 730/1898/1641 724/2190/1874
f 429/2081/1789 436/2191/1875 435/2192/1876 434/2193/1272
f 303/2194/1877 308/2195/1878 313/2196/1453 302/2197/1456
f 3214/2198/1744 3223/2199/4 3222/2200/1879 3218/2201/1880
f 2797/2202/1881 2802/2203/1882 2801/2204/1883 2796/2205/1884
f 3379/1840/1595 3378/1690/1469 3372/1689/1468 3373/2206/1885
f 2593/2207/1886 2590/2208/1887 2591/2209/1888 2592/2210/1889
f 1718/619/556 1724/2211/1890 1723/2212/1891 1717/620/557
f 890/2213/1466 891/2214/1892 894/2215/1893
f 891/2214/1892 892/2216/1894 894/2217/1895
f 892/2216/1894 893/1688/1467 894/2218/1896
f 893/1688/1467 890/1687/1466 894/2219/1893
f 728/1087/954 727/1894/1637 721/2220/1897 722/824/735
f 896/1463/1280 897/2221/1898 895/1464/1281
f 898/2222/1899 895/1464/1281 897/2221/1898
f 898/2222/1899 897/2221/1898 899/2223/1282
f 900/2224/1283 899/2223/1282 897/2221/1898
f 1236/2225/1900 1235/2226/1901 1228/843/752 1229/1665/1448
f 895/1464/1281 898/2222/1899 902/341/310
f 903/342/311 902/341/310 898/2222/1899
f 36/57/56 33/56/55 28/46/45 34/54/53
f 916/2227/1902 920/2228/1903 919/2229/1445 918/2230/1444
f 925/2231/1904 928/2232/1905 930/2233/1906 927/2234/1907
f 351/2235/1908 356/2236/1909 361/2237/1910 350/2238/1911
f 3511/2130/1828 3510/449/406 3500/211/195 3503/210/194
f 3279/2239/1912 3278/1076/945 3273/1075/944 3274/2027/1747
f 3134/2240/1913 3133/2241/1914 3129/2242/1915 3130/874/776
f 766/2243/1916 765/2244/1917 760/2245/1918 761/2246/1919
f 1776/2247/1920 1775/1031/910 1768/1030/909 1769/2248/1921
f 1502/1810/1572 1508/2249/1922 1507/2250/248 1501/1811/4
f 1378/2251/1923 1377/1619/1408 1370/2252/1924 1371/2253/1925
f 1513/2254/4 1518/1362/1188 1512/1767/1533 1507/2255/248
f 992/2256/3 997/1292/1130 990/2257/1926 991/2258/3
f 1219/1559/1361 1218/2259/1927 1213/2260/1928 1214/1560/1362
f 458/1223/1076 457/1222/1075 452/1872/1619 447/2261/1929
f 513/2262/1930 520/1432/1253 519/1431/1252 518/2263/1931
f 289/2264/264 295/2265/1932 287/730/647 278/729/643
f 572/2266/1933 579/1777/1543 578/1780/1546 571/2267/1934
f 657/2268/1935 662/783/699 661/2269/1936 656/2270/1937
f 102/165/158 118/2271/1938 117/234/217 101/130/126
f 3094/2019/1740 3093/2272/1939 3088/493/446 3089/492/445
f 2602/2273/1940 2609/2150/1841 2608/2274/3 2607/2275/247
f 928/2276/1905 925/2277/1904 929/2278/1941
f 926/2279/1942 929/2278/1941 925/2277/1904
f 926/2279/1942 927/2234/1907 929/2278/1941
f 930/2233/1906 929/2278/1941 927/2234/1907
f 3492/1193/1049 3497/2280/4 3496/2281/1943 3491/1194/1050
f 928/2276/1905 929/2278/1941 931/2282/1944
f 929/2278/1941 930/2233/1906 931/2283/1945
f 930/2233/1906 928/2232/1905 931/2284/1944
f 933/2285/1946 932/2286/248 934/1135/992
f 935/2287/1947 934/1135/992 932/2286/248
f 3560/2288/1948 3564/2289/1949 3568/2290/4 3559/2291/4
f 937/1136/993 936/2292/1950 938/316/285
f 939/317/286 938/316/285 936/2292/1950
f 144/334/303 143/333/302 128/1736/1506 113/2293/1951
f 113/2293/1951 128/1736/1506 112/183/172 97/182/171
f 1949/50/49 1959/387/353 1948/2294/1952 1947/2295/1953
f 2152/558/501 2158/557/500 2157/2026/1746 2151/2296/1954
f 431/2297/1955 438/2298/1956 437/2299/1957 430/2080/1788
f 1052/2300/193 1051/635/568 1043/634/567 1046/2301/3
f 838/2098/1804 837/2096/1802 834/2302/1958 835/1161/1018
f 2319/362/329 2318/207/192 2306/206/191 2309/559/502
f 1462/227/210 1468/2303/1959 1467/705/630 1461/707/632
f 2424/2304/1960 2423/1141/998 2417/1140/997 2418/2305/1961
f 1831/2306/1962 1836/2307/1963 1835/2308/1964 1830/1875/1622
f 749/2309/1965 748/1347/1177 745/265/242 746/264/241
f 1537/2310/1966 1544/2311/1967 1543/2312/4 1542/2313/3
f 787/2000/1250 786/1998/1723 783/2084/1791 780/2314/1251
f 1964/388/354 1970/2315/1968 1969/2316/1969 1963/389/355
f 1505/1769/1535 1504/2317/1970 1498/2318/1971 1499/2319/1972
f 3209/2320/3 3214/2198/1744 3218/2201/1880 3213/2321/1973
f 2377/2322/3 2382/2323/1974 2375/2324/1975 2376/2325/1051
f 2658/986/871 2665/2326/1976 2664/2327/1977 2657/2328/1978
f 3544/2329/4 3549/2330/240 3553/2331/1979 3548/2332/1980
f 1532/2333/1981 1531/2334/1982 1526/1197/1052 1527/1012/895
f 3388/2335/1983 3387/1289/1129 3382/1288/1128 3383/1839/1594
f 2615/2149/1840 2621/2336/1984 2620/2337/193 2614/2338/4
f 2419/309/279 2425/1449/1267 2424/2304/1960 2418/2305/1961
f 578/1780/1546 577/784/700 570/2339/1985 571/2267/1934
f 2636/1210/1063 2635/2340/1986 2629/2341/1987 2630/1211/1064
f 768/1214/1067 773/1213/1066 772/2342/1166 771/2343/1988
f 3049/2344/1989 3048/2345/1990 3042/2346/1991 3043/2347/1992
f 828/2348/1993 832/1159/1016 831/1162/1019 827/2349/1994
f 1570/2350/1995 1569/417/381 1563/368/335 1564/367/334
f 3470/2351/1996 3475/2352/1997 3474/1735/1505 3469/2353/1998
f 438/2298/1956 443/2354/1999 442/2355/2000 437/2299/1957
f 3197/2356/2001 3201/2357/2002 3200/2358/2003 3196/2359/2004
f 3061/1082/949 3060/774/690 3055/2360/2005 3056/2361/2006
f 3095/2018/1739 3100/876/778 3099/879/781 3094/2019/1740
f 1308/1607/1398 1307/2362/2007 1301/2363/2008 1302/2364/2009
f 1886/829/740 1885/2365/2010 1880/2366/2011 1881/2367/2012
f 671/2368/1204 676/2369/1770 680/2370/2013 675/2371/2014
f 459/2372/2015 466/1305/1143 465/2373/2016 464/2374/1073
f 3545/1856/1605 3550/2375/2017 3549/2376/240 3544/2377/4
f 1191/2378/1672 1190/1923/1661 1184/1043/919 1185/1042/247
f 2896/2379/2018 2901/2380/2019 2900/2381/802 2895/2382/3
f 1827/2383/240 1826/2384/2020 1821/2385/2021 1816/2386/4
f 1767/2387/957 1766/2388/2022 1761/1746/1515 1756/1745/240
f 3046/2389/3 3047/2390/3 3051/2391/2023 3045/2392/2024
f 1445/2393/3 1444/2394/2025 1438/1504/1315 1439/2395/581
f 2581/1146/1003 2580/2396/2026 2573/2397/2027 2574/1654/1437
f 453/2398/2028 459/2372/2015 464/2374/1073 458/2399/1076
f 981/2400/2029 986/2401/2030 991/2402/3 980/2403/4
f 3053/2404/2031 3058/2405/2032 3057/2406/4 3052/2407/4
f 2965/1806/1570 2964/847/754 2959/846/753 2960/1818/1575
f 1874/2408/2033 1873/2409/2034 1867/2410/2035 1868/2411/2036
f 976/2412/2037 975/2413/2038 969/1680/1460 970/2414/2039
f 1976/1656/1439 1975/1327/1161 1968/2415/2040 1969/2316/1969
f 3339/2416/2041 3344/2417/2042 3343/2418/2043 3338/2419/2044
f 470/2420/2045 476/2034/1753 475/2421/2046 469/2422/2047
f 3120/2165/1853 3125/872/774 3124/875/777 3119/2423/2048
f 2539/2424/2049 2538/2425/2050 2532/2426/2051 2533/2427/2052
f 2845/2428/2053 2844/2429/2054 2839/861/766 2840/860/765
f 3519/2430/4 3528/2431/4 3527/2432/2055 3523/2433/2056
f 2473/1320/1155 2479/1881/1627 2478/2043/1760 2472/2046/1763
f 2909/2434/2057 2908/2435/2058 2903/1316/1152 2904/1315/1151
f 2767/1614/1403 2766/920/815 2759/2436/2059 2760/2437/2060
f 764/2438/2061 767/2439/2062 762/2440/2063 763/2441/2064
f 2663/2442/2065 2669/2443/2066 2668/2444/247 2662/2445/247
f 676/2369/1770 681/2446/1769 685/2447/2067 680/2370/2013
f 613/2448/2068 619/2449/2069 618/2450/2070 612/2451/2071
f 3476/2452/2072 3475/2352/1997 3470/2351/1996 3471/1569/1369
f 974/2453/4 979/2454/2073 973/2455/2074 968/2456/3
f 2976/1940/1678 2982/2457/2075 2981/2458/248 2980/1941/3
f 2016/2459/2076 2022/2460/2077 2027/2461/3 2021/2462/4
f 490/2463/2078 489/1578/1374 484/2464/2079 485/1309/1147
f 3085/2465/2080 3082/2466/2081 3083/2467/2082 3084/2468/2083
f 2667/2469/2084 2673/908/803 2672/911/806 2666/2470/2085
f 996/1295/1133 995/2471/2086 988/2472/2087 989/2473/2088
f 2574/1654/1437 2573/2397/2027 2567/2474/2089 2568/1390/1215
f 3473/1734/1504 3479/1733/1503 3478/1755/1523 3477/2475/4
f 2125/2476/4 2130/459/415 2123/2477/2090 2124/2478/4
f 1707/2479/4 1712/618/555 1706/2480/2091 1701/2481/247
f 557/2482/2092 562/2047/1764 567/2048/915 556/2483/918
f 1421/1178/1035 1427/1576/1373 1426/1426/1247 1420/1179/1036
f 3102/804/719 3103/2484/4 3107/2485/2093 3101/805/720
f 664/505/457 668/2486/2094 667/781/697 663/506/458
f 1961/2487/2095 1966/2488/2096 1965/2489/2097 1960/2490/2098
f 2123/2477/2090 2130/459/415 2129/462/418 2122/813/726
f 1777/1492/1305 1782/1491/1304 1781/2491/2099 1776/2247/1920
f 833/2492/2100 836/1160/1017 832/1159/1016 829/2493/2101
f 2998/1204/1059 3003/2494/2102 3002/2495/2103 2997/1205/1060
f 1028/2496/4 1029/698/625 1034/2497/2104
f 1029/698/625 1030/697/624 1034/2498/2105
f 1030/697/624 1031/1066/937 1034/2499/2106
f 1031/1066/937 1032/1065/936 1034/2500/2107
f 1032/1065/936 1033/1498/1309 1034/2501/2108
f 1033/1498/1309 1028/2502/4 1034/2503/2104
f 1046/2121/3 1045/2504/248 1035/578/519
f 1036/2505/2109 1035/578/519 1045/2504/248
f 3300/2506/102 3301/626/28 3305/629/562 3299/2507/2110
f 836/1160/1017 839/2100/1806 838/2098/1804 835/1161/1018
f 1040/2508/2111 1039/2509/2112 1037/2510/2113
f 66/101/100 63/100/99 58/90/89 64/98/97
f 651/427/388 657/2268/1935 656/2270/1937 655/428/389
f 1044/2511/2114 1045/2512/248 1043/634/567
f 1046/2301/3 1043/634/567 1045/2512/248
f 134/15/15 133/14/14 118/2271/1938 119/747/664
f 2036/250/230 2035/533/481 2029/532/480 2030/251/231
f 1048/576/517 1038/579/520 1049/2513/2115
f 851/2113/1817 855/2514/2116 854/2515/994 850/2516/995
f 422/1144/1001 427/1018/899 421/1914/1652 416/2517/965
f 1353/2518/2117 1352/155/149 1351/2519/2118 1350/2520/2119
f 184/422/384 183/416/380 173/391/357 174/420/382
f 396/690/619 403/1097/963 402/1095/961 395/691/620
f 162/358/325 161/357/324 145/320/289 146/319/288
f 1190/1923/1661 1197/2521/2120 1196/1256/1102 1189/1259/1105
f 1560/2522/2121 1559/169/161 1558/1109/973 1557/2012/1733
f 1672/2523/2122 1671/2524/2123 1665/2525/2124 1666/2526/2125
f 1499/2319/1972 1498/2318/1971 1491/2066/1777 1492/2065/1776
f 2093/2527/2126 2092/2177/1864 2085/1241/1091 2086/1240/1090
f 1061/2528/2127 1060/2529/2128 1054/2530/2129 1055/2531/2130
f 1899/1618/1407 1898/1617/1406 1892/2532/2131 1893/828/739
f 2720/2533/2132 2719/2534/2133 2713/935/825 2714/1238/1088
f 2827/1635/1422 2832/1842/1597 2831/2535/2134 2826/1636/1423
f 2711/2536/2135 2717/2537/2136 2722/2538/3 2716/2539/4
f 3392/2540/2137 3398/2541/2138 3397/2542/3 3396/2543/2139
f 1406/1336/1170 1405/2544/2140 1399/2545/2141 1400/2546/2142
f 2644/1266/1110 2651/1265/1109 2650/2547/4 2649/2548/193
f 1516/2549/2143 1521/1010/893 1520/1013/896 1515/2550/2144
f 2874/491/444 2873/2551/2145 2864/2552/2146 2867/2553/2147
f 821/2554/2148 824/1825/1582 820/1775/1541 817/2555/2149
f 2980/2556/3 2981/2557/248 2985/945/835 2979/2558/2150
f 3516/2559/2151 3522/2560/2152 3521/1217/1070 3515/2128/1826
f 471/2035/1581 476/2034/1753 470/2420/2045 465/2561/2016
f 1569/417/381 1575/2562/2153 1574/2563/3 1568/418/4
f 3250/2564/3 3259/2565/771 3258/2566/2154 3254/2567/2155
f 3126/1759/1527 3125/872/774 3120/2165/1853 3121/1401/1224
f 1798/963/848 1804/1953/1689 1809/2568/771 1803/2569/4
f 1671/2524/2123 1677/2570/2156 1682/2571/2157 1676/2572/3
f 3188/1845/4 3193/2573/3 3192/1623/1412 3187/1625/1414
f 880/2574/2158 884/668/598 883/2575/2159 879/2576/2160
f 1876/2577/4 1875/2578/2161 1869/2579/2162 1870/2580/4
f 1590/2581/2163 1589/2582/2164 1583/967/852 1584/966/851
f 3548/2332/1980 3547/2583/2165 3541/2584/2166 3542/2585/2167
f 1491/2066/1777 1498/2318/1971 1497/2586/2168 1490/2587/2169
f 1580/2588/3 1585/2589/2170 1579/2590/2171 1574/2591/3
f 1812/2592/2172 1811/2593/2173 1804/1953/1689 1805/1952/1688
f 3403/2594/2174 3407/2595/2175 3411/2596/3 3402/2597/3
f 589/2598/2176 588/2599/2177 582/785/701 583/1779/1545
f 865/2600/1563 864/2601/2178 861/675/605 858/2602/1564
f 3528/2431/4 3533/2603/2179 3532/2604/2180 3527/2432/2055
f 2961/2605/3 2966/2606/248 2970/1805/1569 2965/1806/1570
f 2094/2607/2181 2099/1354/1182 2098/1357/1185 2093/2527/2126
f 1082/2608/3 1081/2609/2182 1075/2610/2183 1076/2611/247
f 1170/1878/1625 1169/2612/2184 1162/2613/2185 1163/1563/1365
f 1902/2614/2186 1901/1848/1601 1896/1847/1600 1897/2615/2187
f 2966/2606/248 2975/2616/1679 2974/2617/2188 2970/1805/1569
f 1263/1113/976 1270/1945/1682 1269/1005/888 1262/2618/2189
f 3118/2619/2190 3123/2620/2191 3127/2621/4 3122/2622/4
f 2625/2069/1780 2631/1057/930 2630/1211/1064 2624/2623/2192
f 2097/2178/1865 2103/2624/2193 2102/2625/2194 2096/2179/1866
f 2003/2626/2195 2008/2627/2196 2007/2628/2197 2002/2629/2198
f 3384/2630/2199 3389/2631/2200 3388/2335/1983 3383/1839/1594
f 1468/2303/1959 1473/2632/2201 1472/2633/2202 1467/705/630
f 1702/1870/1617 1708/1869/1616 1707/2634/4 1701/2635/247
f 2457/2636/2203 2463/1529/1336 2462/2637/4 2456/2638/2204
f 879/2576/2160 878/2639/2205 875/1598/1389 876/2151/1842
f 377/1384/1209 376/1188/1044 371/1187/1043 372/1385/1210
f 320/1793/1558 326/2640/2206 331/2641/1015 325/2642/2207
f 455/2643/2208 461/2644/2209 460/2645/2210 454/2646/2211
f 2627/2647/2212 2633/1542/1346 2632/2648/193 2626/2649/193
f 2105/1355/1183 2112/1671/1452 2111/2650/2213 2104/1356/1184
f 2553/2651/3 2558/2652/2214 2552/2064/1775 2547/2063/193
f 1113/2040/1757 1119/2039/1756 1124/2653/3 1118/2654/247
f 1697/2655/2215 1704/1803/1567 1703/1871/1618 1696/2656/2216
f 1526/1197/1052 1531/2334/1982 1536/2657/4 1525/2658/4
f 3318/1281/1123 3323/2659/2217 3322/2660/2218 3317/2661/2219
f 2352/1594/248 2351/1269/1113 2346/1268/1112 2341/1992/4
f 2023/2662/2220 2022/2460/2077 2016/2459/2076 2017/1659/1442
f 391/2663/1302 390/689/618 384/1959/1694 385/1958/1432
f 1531/2334/1982 1537/2310/1966 1542/2313/3 1536/2657/4
f 314/1794/1559 320/1793/1558 325/2642/2207 319/2664/2221
f 1616/2077/1787 1623/2665/2222 1622/2666/248 1621/2078/4
f 2494/2667/2223 2493/2668/2224 2487/1974/1706 2488/2669/2225
f 519/1442/1252 524/1440/1261 517/2670/2226 518/2671/1931
f 3152/2672/2227 3151/1985/1714 3145/1545/1349 3146/1544/1348
f 1713/2673/3 1718/619/556 1712/618/555 1707/2479/4
f 300/756/673 307/1675/1455 306/548/493 299/551/496
f 1131/2674/247 1132/2675/2228 1137/2676/2229
f 1132/2675/2228 1133/2677/2230 1137/2678/2231
f 1133/2677/2230 1134/789/705 1137/2679/2232
f 1134/789/705 1135/788/704 1137/2680/2233
f 1135/788/704 1136/2681/2234 1137/2682/2235
f 1136/2681/2234 1131/2683/247 1137/2684/2229
f 3231/2685/2236 3237/498/450 3236/501/453 3230/2686/2237
f 287/730/647 295/2265/1932 294/230/213 286/233/216
f 1145/284/259 1144/283/258 1142/1446/1265
f 118/2271/1938 133/14/14 132/257/235 117/234/217
f 1050/636/569 1049/2513/2115 1039/2509/2112 1042/637/570
f 1149/2687/2238 1138/2688/3 1148/435/395
f 1139/436/3 1148/435/395 1138/2688/3
f 3446/2689/2239 3450/2690/2240 3449/2691/2241 3445/2015/1736
f 400/764/680 399/771/687 392/770/686 393/765/681
f 1151/2692/2242 1143/1445/1264 1152/1444/1263
f 2876/2693/2243 2875/475/431 2871/172/163 2872/2694/2244
f 623/2695/2245 628/1977/1707 633/2696/1662 622/2697/1191
f 1451/2698/2246 1448/145/141 1449/2699/2247 1450/2700/2248
f 545/1539/1343 550/1538/1342 555/2701/423 544/2702/426
f 1192/2703/247 1197/2521/2120 1190/1923/1661 1191/2378/1672
f 2415/478/433 2421/1302/1140 2420/2704/3 2414/2705/3
f 242/601/540 246/745/662 245/2706/1012 241/595/534
f 964/2707/2249 971/2708/2250 970/2414/2039 963/2709/2251
f 1727/329/298 1726/2710/2252 1720/1862/1611 1721/330/299
f 2982/2457/2075 2986/2711/2253 2990/2712/4 2981/2458/248
f 2439/956/843 2445/955/842 2444/2713/4 2438/2714/4
f 2204/1053/927 2211/708/633 2210/711/635 2209/2715/3
f 1806/2716/2254 1813/2717/2255 1812/2592/2172 1805/1952/1688
f 3054/2718/2256 3053/2404/2031 3048/2345/1990 3049/2344/1989
f 674/2719/2257 679/2720/2258 678/1957/1693 673/2721/2259
f 558/680/610 557/2482/2092 550/1538/1342 551/1537/1341
f 694/2722/2260 693/2143/1834 689/2142/1833 690/2723/2261
f 1051/635/568 1058/2724/2262 1057/2725/2263 1050/636/569
f 714/2726/2264 719/822/733 718/825/736 713/2727/2265
f 2267/2728/2266 2272/1393/1218 2271/1703/1478 2266/2729/2267
f 771/2730/1988 770/2731/2268 767/2439/2062 764/2438/2061
f 307/1675/1455 312/1674/1454 311/2732/2269 306/548/493
f 1379/1535/1340 1385/1534/1339 1384/2733/2270 1378/2251/1923
f 831/1162/1019 830/2734/2271 826/2735/2272 827/2349/1994
f 451/1874/1621 450/2736/2273 443/2354/1999 444/2737/2274
f 1169/2612/2184 1175/1851/1602 1174/1854/4 1168/2738/3
f 1664/447/405 1669/446/404 1668/198/183 1663/201/186
f 594/2739/2275 593/2740/2276 586/1859/1608 587/2741/2277
f 2713/935/825 2719/2534/2133 2718/2742/2278 2712/936/826
f 2997/1205/1060 2996/2743/2279 2991/2744/2280 2992/1206/1061
f 2536/2745/2281 2542/997/881 2541/1000/883 2535/2746/193
f 2180/2747/2282 2187/2748/2283 2186/2749/3 2185/2750/2284
f 1167/2751/4 1166/930/820 1160/2752/2285 1161/2753/4
f 1316/1606/1397 1321/2754/2286 1320/1588/1382 1315/1591/1385
f 988/2472/2087 995/2471/2086 994/2755/2287 987/2756/2288
f 1792/2757/3 1797/2758/2289 1791/2759/2290 1786/2760/240
f 963/2709/2251 962/1078/947 956/1077/946 957/2761/2291
f 308/2195/1878 314/1794/1559 319/2664/2221 313/2196/1453
f 370/1190/1046 369/2762/2292 362/2763/2293 363/2764/2294
f 2461/2765/2295 2467/1321/1156 2466/2766/2296 2460/2161/1849
f 913/2767/2297 918/1661/1444 917/1664/1447 915/2768/2298
f 1774/704/248 1779/703/629 1772/2769/2299 1773/2770/247
f 1901/1848/1601 1907/1250/1098 1912/2771/4 1906/1849/4
f 2813/2772/4 2814/2049/3 2818/2052/1766 2812/2773/2300
f 3348/2774/2301 3353/1962/1696 3352/1965/1699 3347/2775/2302
f 1507/2255/248 1512/1767/1533 1506/1766/1532 1501/2776/4
f 767/2439/2062 770/2731/2268 769/1215/1068 766/2243/1916
f 3478/2777/1523 3487/1192/1048 3486/1147/1004 3482/1150/1007
f 1267/2778/2303 1266/2779/2304 1259/2780/2305 1260/383/350
f 1396/2781/2306 1395/2782/2307 1389/2783/2308 1390/2784/2309
f 2433/2785/2310 2432/2786/2311 2427/1301/1139 2428/1300/1138
f 1571/2787/2312 1577/968/853 1576/2788/2313 1570/2350/1995
f 3124/875/777 3123/2620/2191 3118/2619/2190 3119/2423/2048
f 706/2789/2314 712/2790/2315 711/2791/2316 710/2792/2317
f 3091/2135/1830 3090/2017/1738 3082/2466/2081 3085/2465/2080
f 2474/1882/4 2479/1881/1627 2473/1320/1155 2468/1319/3
f 2111/2650/2213 2110/1337/1171 2103/2624/2193 2104/1356/1184
f 2183/2793/2318 2182/2794/2319 2177/2795/2320 2178/2796/2321
f 2469/1528/1335 2475/1788/1553 2474/2797/4 2468/2798/3
f 2988/943/833 2993/1203/1058 2992/1206/1061 2987/2799/2322
f 309/1164/1021 308/2195/1878 303/2194/1877 304/1165/1022
f 2682/1972/1704 2681/1514/1325 2674/1513/1324 2675/894/792
f 2393/641/574 2392/1171/1028 2385/994/878 2386/993/877
f 668/2486/2094 674/2719/2257 673/2721/2259 667/781/697
f 3135/2800/2323 3140/1546/1350 3139/2801/2324 3134/2240/1913
f 1606/977/862 1605/2802/2325 1599/2803/2326 1600/2804/2327
f 3212/2805/2328 3217/1677/1457 3216/1405/1228 3211/1408/1231
f 1936/2806/4 1935/2173/1860 1930/947/837 1925/946/836
f 319/2807/2221 318/2808/2329 312/1674/1454 313/1673/1453
f 356/2236/1909 362/2763/2293 367/2809/2330 361/2237/1910
f 1016/1207/1062 1022/699/626 1027/2810/193 1021/1208/931
f 1937/2811/240 1942/2174/1861 1935/2173/1860 1936/2806/4
f 570/2339/1985 577/784/700 576/787/703 569/1517/1326
f 1464/725/644 1470/2812/2331 1469/2813/2332 1463/226/209
f 514/652/584 513/2262/1930 508/1506/1317 509/653/585
f 2387/1417/1239 2394/638/571 2393/641/574 2386/993/877
f 618/2450/2070 617/2814/2333 611/917/812 612/2451/2071
f 2203/2815/2334 2208/2816/2335 2207/1966/1700 2202/2817/2336
f 3070/1651/1435 3069/2133/1829 3064/775/691 3065/1081/948
f 1666/2526/2125 1665/2525/2124 1660/64/63 1661/63/62
f 228/371/338 227/364/331 219/363/330 220/372/339
f 2412/310/280 2419/309/279 2418/2305/1961 2411/272/249
f 1234/2818/248 1235/2226/1901 1240/2819/2337
f 1235/2226/1901 1236/2225/1900 1240/2820/2338
f 1236/2225/1900 1237/2821/2339 1240/2822/2340
f 1237/2821/2339 1238/2823/2341 1240/2824/2342
f 1238/2823/2341 1239/1911/1649 1240/2825/2343
f 1239/1911/1649 1234/1910/248 1240/2826/2337
f 1241/2827/3 1252/2828/240 1242/612/549
f 1243/2829/2344 1242/612/549 1252/2828/240
f 1245/613/550 1244/2830/2345 1246/1908/1647
f 1247/1909/1648 1246/1908/1647 1244/2830/2345
f 3280/2831/4 3285/2832/3 3289/2833/2346 3284/2834/2347
f 1251/218/202 1252/2835/240 1250/219/203
f 1241/2836/3 1250/219/203 1252/2835/240
f 51/80/79 48/79/78 43/69/68 49/77/76
f 243/606/543 242/601/540 236/600/539 237/605/542
f 1255/384/351 1245/613/550 1256/381/348
f 1246/1908/1647 1256/381/348 1245/613/550
f 1748/304/276 1747/303/275 1746/2837/2348 1745/2838/2349
f 1238/2823/2341 1237/2821/2339 1230/1885/1630 1231/1884/1629
f 3367/2839/2350 3374/2840/2351 3373/2206/1885 3366/2841/2352
f 164/401/367 163/398/364 147/1451/1269 148/256/234
f 2496/530/478 2495/2842/2353 2489/2843/2354 2490/531/479
f 423/456/412 429/2081/1789 434/2193/1272 428/2844/1000
f 3562/2845/2355 3566/2846/2356 3565/2847/2357 3561/2848/2358
f 1542/2849/3 1541/738/655 1535/1186/1042 1536/1185/4
f 181/394/360 180/404/370 167/353/320 168/408/374
f 986/2401/2030 993/2850/2359 992/2851/3 991/2402/3
f 3539/1857/1606 3545/1856/1605 3544/2377/4 3543/2852/193
f 3527/2432/2055 3526/2853/2360 3522/2560/2152 3523/2433/2056
f 713/2727/2265 712/2790/2315 706/2789/2314 707/2854/2361
f 2100/2855/2362 2099/1354/1182 2094/2607/2181 2089/2856/4
f 2736/2857/2363 2741/2858/2364 2746/2859/2365 2735/2860/28
f 1929/2861/2366 1928/1585/1379 1922/1584/1378 1923/2862/2367
f 3196/2359/2004 3195/2863/2368 3189/2864/2369 3190/2865/2370
f 1680/2866/2371 1679/2867/2372 1673/2868/2373 1674/2869/2374
f 1206/2870/2375 1205/2871/2376 1199/2872/2377 1200/2873/2378
f 3316/2874/2379 3321/2875/2380 3325/2876/4 3320/2877/1201
f 1682/2878/2157 1681/2879/2381 1675/2880/2382 1676/2881/3
f 3325/1376/4 3330/2882/193 3329/2883/2383 3324/1377/1202
f 2554/2884/2384 2560/1014/897 2559/1017/4 2553/2885/3
f 1576/2788/2313 1575/2562/2153 1569/417/381 1570/2350/1995
f 1962/2886/2385 1968/2415/2040 1973/2887/4 1967/2888/4
f 3514/2129/1827 3520/1216/1069 3519/2889/4 3518/2890/4
f 1911/2891/2386 1917/2892/2387 1916/2893/2388 1910/2894/2389
f 1085/2895/2390 1091/2896/2391 1090/2897/2392 1084/2898/2393
f 1200/2873/2378 1199/2872/2377 1193/2899/2394 1194/2900/2395
f 1284/1200/1055 1283/2901/2396 1278/2902/2397 1279/840/749
f 3412/2058/4 3421/2903/4 3420/2904/2398 3416/2059/1771
f 484/2464/2079 489/1578/1374 494/1581/1157 483/2905/1160
f 1690/2906/2399 1689/2907/2400 1683/2908/2401 1684/2909/2402
f 2706/2075/1785 2711/2536/2135 2716/2539/4 2705/2910/4
f 1103/1867/1614 1110/1866/1613 1109/2911/2403 1102/2912/2404
f 2095/2913/2405 2101/2914/2406 2106/2915/3 2100/2916/2362
f 2434/2917/2407 2441/2918/2408 2440/957/844 2433/2785/2310
f 2249/1833/1590 2254/1832/1589 2258/2919/2409 2253/2920/3
f 2090/2158/1848 2095/2913/2405 2100/2916/2362 2089/2159/4
f 2250/1834/1591 2249/1833/1590 2245/2921/2410 2246/431/392
f 324/2922/2411 330/1157/1014 329/2923/2412 323/2924/2413
f 2432/2786/2311 2439/956/843 2438/2714/4 2437/2925/3
f 3401/2926/2414 3400/2927/2415 3394/2928/2416 3395/2929/2417
f 1268/1004/887 1274/838/747 1273/841/750 1267/2778/2303
f 3194/2930/4 3203/2931/4 3202/2932/2418 3198/2933/2419
f 2714/1238/1088 2713/935/825 2708/934/824 2709/1239/1089
f 1303/2934/2420 1309/1605/1396 1308/1607/1398 1302/2364/2009
f 1867/2410/2035 1873/2409/2034 1872/2935/2421 1866/1630/1417
f 2748/2936/2422 2747/2937/2423 2741/2858/2364 2742/2938/2424
f 2893/2939/2425 2892/2940/2426 2887/2941/2427 2888/2942/2428
f 1395/2782/2307 1401/2943/2429 1400/2546/2142 1394/2944/2430
f 3447/2945/2431 3446/2689/2239 3438/2946/2432 3441/2947/2433
f 1984/2948/2434 1983/1166/1023 1977/1655/1438 1978/2949/2435
f 2740/2950/2436 2745/912/807 2744/915/810 2739/2951/2437
f 360/2952/2438 366/2953/2439 365/1387/1212 359/2954/2440
f 2979/2558/2150 2978/2955/2441 2973/1829/1586 2974/2617/2188
f 1315/1591/1385 1314/1590/1384 1307/2362/2007 1308/1607/1398
f 2168/2956/28 2173/2957/2442 2166/1001/884 2167/2140/4
f 2950/2958/2443 2949/2959/2444 2943/485/440 2944/254/232
f 1779/703/629 1784/702/628 1783/1490/1303 1778/1493/1306
f 3050/2960/2445 3055/2360/2005 3054/2718/2256 3049/2344/1989
f 1212/1372/1198 1211/1371/1197 1205/2871/2376 1206/2870/2375
f 2550/2961/2446 2556/2962/2447 2555/2963/2448 2549/1201/1056
f 1328/2964/2449 1327/2965/2450 1321/2754/2286 1322/2966/2451
f 2465/2967/2452 2471/2045/1762 2470/1527/1334 2464/1530/1337
f 2668/2968/247 2673/908/803 2667/2469/2084 2662/2969/247
f 1801/2970/2453 1800/2971/2454 1795/2972/2455 1796/2973/2456
f 765/2244/1917 768/1214/1067 771/2343/1988 764/2974/2061
f 1881/2367/2012 1880/2366/2011 1873/2409/2034 1874/2408/2033
f 1988/1168/1025 1987/1285/1127 1981/1284/1126 1982/1169/1026
f 2847/1814/1573 2846/2975/2457 2841/2976/2458 2842/1815/1574
f 571/2267/1934 570/2339/1985 564/678/608 565/2977/2459
f 2119/2978/2460 2126/2979/2461 2125/2980/4 2124/2981/4
f 672/1378/1203 677/1956/1692 676/2056/1770 671/1379/1204
f 2018/1658/1441 2024/1412/1235 2023/2662/2220 2017/1659/1442
f 971/2708/2250 977/2982/2462 976/2412/2037 970/2414/2039
f 2162/2983/2463 2169/2984/2464 2168/2985/28 2167/2986/4
f 3138/2987/2465 3143/2988/2466 3147/2989/3 3142/2990/4
f 1790/2991/2467 1789/2992/2468 1782/1491/1304 1783/1490/1303
f 1342/1342/193 1337/1341/1175 1343/2993/2469
f 1337/1341/1175 1338/2994/2470 1343/2995/2471
f 1338/2994/2470 1339/2996/2472 1343/2997/2473
f 1339/2996/2472 1340/2998/2474 1343/2999/2475
f 1340/2998/2474 1341/3000/2476 1343/3001/2477
f 1341/3000/2476 1342/3002/193 1343/3003/2469
f 1355/3004/28 1354/3005/4 1344/204/189
f 1345/280/255 1344/204/189 1354/3005/4
f 1348/3006/2478 1358/1084/951 1357/202/187 1347/205/190
f 1347/205/190 1346/281/256 1348/3006/2478
f 1349/3007/2479 1348/3006/2478 1346/281/256
f 1841/2124/1823 1853/2123/1822 1858/3008/4 1852/3009/2480
f 1353/2518/2117 1354/3010/4 1352/155/149
f 1355/156/28 1352/155/149 1354/3010/4
f 2317/3011/193 2322/3012/2481 2314/3013/2482 2305/3014/193
f 6/11/11 1/10/10 3/7/7 2/8/8
f 1047/577/518 1054/2530/2129 1053/3015/4 1052/2120/193
f 142/1737/1507 141/294/269 126/1732/1502 127/1731/1501
f 920/2228/1903 922/3016/2483 924/3017/2484 919/2229/1445
f 218/366/333 217/1478/1293 209/1754/1522 210/1753/1521
f 886/1989/1718 891/2214/1892 890/2213/1466 889/1990/596
f 1628/542/488 1635/541/487 1634/3018/28 1633/3019/3
f 624/3020/2485 623/2695/2245 617/2814/2333 618/2450/2070
f 888/667/597 893/1688/1467 892/2216/1894 887/3021/2486
f 2060/2167/1855 2066/2166/1854 2065/3022/247 2059/3023/4
f 3306/627/4 3311/3024/4 3315/1283/1125 3310/628/561
f 2025/1413/1236 2024/1412/1235 2018/1658/1441 2019/1791/1556
f 2739/2951/2437 2738/3025/2487 2731/3026/2488 2732/3027/2489
f 493/1324/1158 499/1175/1032 498/3028/2490 492/3029/2491
f 596/3030/2492 595/3031/2493 588/2599/2177 589/2598/2176
f 1291/3032/2494 1298/3033/2495 1297/3034/2496 1290/3035/2497
f 3144/1987/1716 3143/2988/2466 3138/2987/2465 3139/2801/2324
f 498/3028/2490 497/3036/2498 491/3037/2499 492/3029/2491
f 682/1955/1691 687/3038/2500 686/3039/2501 681/2055/1769
f 1173/931/821 1179/1044/920 1178/1374/1200 1172/932/822
f 1466/706/631 1471/3040/2502 1476/3041/3 1465/3042/3
f 2454/2164/1852 2453/2163/1851 2447/3043/2503 2448/983/868
f 1119/2039/1756 1125/3044/2504 1130/3045/3 1124/2653/3
f 1701/2481/247 1706/2480/2091 1699/3046/2505 1700/3047/4
f 3521/1217/1070 3520/1216/1069 3514/2129/1827 3515/2128/1826
f 437/2299/1957 436/2191/1875 429/2081/1789 430/2080/1788
f 3105/878/780 3104/1495/1308 3098/1494/1307 3099/879/781
f 825/3048/2506 828/2348/1993 824/1825/1582 821/2554/2148
f 1272/3049/2507 1278/2902/2397 1277/3050/3 1271/3051/1680
f 2719/2534/2133 2725/3052/2508 2724/3053/2509 2718/2742/2278
f 3359/3054/2510 3358/1963/1697 3353/1962/1696 3354/3055/2511
f 2546/1639/1425 2552/2064/1775 2551/3056/2512 2545/3057/2513
f 3330/2882/193 3335/3058/193 3334/3059/2514 3329/2883/2383
f 2156/3060/2515 2162/2983/2463 2167/2986/4 2161/3061/193
f 2098/1357/1185 2097/2178/1865 2092/2177/1864 2093/2527/2126
f 2657/2328/1978 2656/3062/2516 2651/1265/1109 2652/1264/1108
f 3407/2595/2175 3413/3063/2517 3412/3064/4 3411/2596/3
f 3523/2433/2056 3522/2560/2152 3516/2559/2151 3517/3065/2518
f 3327/3066/2519 3326/3067/2520 3321/2875/2380 3322/2660/2218
f 862/1798/1562 867/3068/2521 866/3069/1846 865/1799/1563
f 3248/3070/2522 3247/1232/1083 3243/499/451 3244/886/786
f 2534/3071/2523 2540/1640/1426 2539/2424/2049 2533/2427/2052
f 3041/3072/248 3046/2389/3 3045/2392/2024 3040/3073/2524
f 3454/3074/2525 3458/3075/2526 3462/3076/247 3453/3077/248
f 1400/2546/2142 1399/2545/2141 1393/1836/1593 1394/2944/2430
f 3402/3078/3 3411/2057/3 3410/2060/1772 3406/3079/2527
f 1695/3080/2528 1702/1870/1617 1701/2635/247 1700/3081/4
f 1098/3082/2529 1103/1867/1614 1102/2912/2404 1097/3083/2530
f 3532/2604/2180 3531/3084/2531 3526/2853/2360 3527/2432/2055
f 2812/2773/2300 2811/1524/1331 2807/1523/1330 2808/3085/2532
f 1501/2776/4 1506/1766/1532 1500/3086/2533 1495/3087/4
f 1592/3088/2534 1599/2803/2326 1598/3089/3 1597/3090/2535
f 3518/3091/4 3519/2430/4 3523/2433/2056 3517/3065/2518
f 2429/3092/2536 2434/2917/2407 2433/2785/2310 2428/1300/1138
f 1408/3093/2537 1407/1333/1167 1401/2943/2429 1402/3094/2538
f 1908/1251/1099 1907/1250/1098 1901/1848/1601 1902/2614/2186
f 3055/2360/2005 3060/774/690 3059/777/693 3054/2718/2256
f 710/3095/2317 711/3096/2316 715/3097/2539 709/3098/2540
f 349/3099/2541 355/3100/2542 354/3101/2543 348/1518/1327
f 2978/2955/2441 2984/944/834 2983/3102/2544 2977/2146/1837
f 3104/1495/1308 3108/3103/2545 3112/3104/3 3103/1496/4
f 1789/2992/2468 1795/2972/2455 1794/965/850 1788/3105/2546
f 2330/3106/2547 2336/3107/2548 2335/3108/4 2329/3109/193
f 681/2446/1769 686/3110/2501 690/2723/2261 685/2447/2067
f 2776/3111/2549 2782/3112/2550 2781/1034/911 2775/1037/914
f 2198/3113/3 2203/2815/2334 2196/2184/1869 2197/2183/3
f 2852/3114/2551 2851/1395/1220 2846/2975/2457 2847/1814/1573
f 1979/3115/2552 1985/1360/1187 1984/2948/2434 1978/2949/2435
f 827/2349/1994 826/2735/2272 822/3116/2553 823/1826/1583
f 1258/1114/977 1263/1113/976 1262/2618/2189 1257/3117/2554
f 1533/3118/2555 1539/3119/2556 1538/3120/2557 1532/2333/1981
f 953/3121/2558 958/3122/2559 957/2761/2291 952/3123/2560
f 1857/592/532 1864/591/531 1863/3124/2561 1856/236/219
f 3563/3125/2562 3562/2845/2355 3557/3126/2563 3558/3127/2564
f 1174/1045/4 1179/1044/920 1173/931/821 1168/3128/3
f 255/2028/1748 260/768/684 259/1459/1276 254/1462/1279
f 2279/1068/939 2284/143/139 2288/3129/4 2283/1069/4
f 1634/3130/28 1639/3131/2565 1632/3132/2566 1633/3133/3
f 619/2449/2069 625/1131/988 624/3020/2485 618/2450/2070
f 3565/2847/2357 3564/2289/1949 3560/2288/1948 3561/2848/2358
f 2612/2073/1783 2611/374/341 2604/373/340 2605/2074/1784
f 3166/3134/2567 3172/3135/2568 3171/580/521 3165/40/39
f 855/2514/2116 859/1797/1561 858/1800/1564 854/2515/994
f 447/2261/1929 452/1872/1619 445/3136/2569 446/3137/2570
f 1445/3138/3 1440/2093/1799 1446/3139/2571
f 1440/2093/1799 1441/2092/1798 1446/3140/2572
f 1441/2092/1798 1442/3141/2573 1446/3142/2574
f 1442/3141/2573 1443/3143/2575 1446/3144/2576
f 1443/3143/2575 1444/2394/2025 1446/3145/2577
f 1444/2394/2025 1445/2393/3 1446/3146/2571
f 1447/148/4 1458/3147/3 1448/145/141
f 1449/2699/2247 1448/145/141 1458/3147/3
f 123/3148/2578 122/184/173 106/175/164 107/151/145
f 3227/269/246 3235/1487/1300 3239/2132/248 3226/270/247
f 1453/3149/2579 1452/228/211 1450/2700/2248
f 1453/3149/2579 1454/3150/2580 1452/228/211
f 1455/229/212 1452/228/211 1454/3150/2580
f 2134/461/417 2133/2020/1741 2128/811/724 2129/462/418
f 1457/3151/2581 1458/3152/3 1456/726/645
f 1447/727/4 1456/726/645 1458/3152/3
f 120/746/663 135/314/283 134/15/15 119/747/664
f 418/458/414 417/457/413 405/1103/967 408/3153/2582
f 1461/707/632 1451/2698/2246 1462/227/210
f 188/743/660 187/1902/1643 180/404/370 181/394/360
f 1725/3154/3 1730/3155/2583 1724/2211/1890 1719/3156/240
f 2789/1420/1241 2797/2202/1881 2796/2205/1884 2788/3157/2584
f 2033/554/498 2039/553/497 2038/3158/2585 2032/1411/1234
f 2516/510/461 2522/509/460 2521/3159/2586 2515/3160/2587
f 1044/2511/2114 1043/634/567 1042/637/570 1041/3161/2588
f 1443/3143/2575 1442/3141/2573 1436/3162/2589 1437/1505/1316
f 2248/3163/2590 2247/430/391 2241/429/390 2242/300/273
f 1460/146/142 1466/706/631 1465/3042/3 1459/147/4
f 1930/947/837 1935/2173/1860 1934/2176/1863 1929/2861/2366
f 2747/2937/2423 2753/3164/2591 2758/3165/248 2752/3166/4
f 1918/3167/4 1917/2892/2387 1911/2891/2386 1912/3168/4
f 720/3169/2592 719/822/733 714/2726/2264 715/3097/2539
f 1056/3170/2593 1062/3171/2594 1061/2528/2127 1055/2531/2130
f 1210/3172/4 1215/1557/1359 1209/3173/2595 1204/3174/248
f 3210/1407/1230 3215/1406/1229 3214/2024/1744 3209/3175/3
f 2891/3176/2596 2890/3177/2597 2885/3178/2598 2886/3179/2599
f 598/1352/1180 605/916/811 604/919/814 603/3180/1872
f 995/2471/2086 1001/3181/2600 1000/3182/2601 994/2755/2287
f 3241/1486/1299 3245/3183/2602 3249/3184/3 3240/2131/4
f 3323/2659/2217 3328/3185/2603 3327/3066/2519 3322/2660/2218
f 3213/2321/1973 3212/2805/2328 3206/3186/2604 3207/3187/2605
f 2435/3188/2606 2434/2917/2407 2429/3092/2536 2430/3189/2607
f 2737/3190/2608 2736/2857/2363 2729/3191/2609 2730/3192/2610
f 2967/3193/2611 2971/1939/1677 2975/1942/1679 2966/3194/248
f 1684/2909/2402 1683/2908/2401 1677/2570/2156 1678/3195/2612
f 2182/2794/2319 2189/3196/2613 2188/3197/2614 2181/3198/2615
f 3541/2584/2166 3547/2583/2165 3546/1855/1604 3540/1858/1607
f 1288/3199/2616 1287/3200/2617 1282/3201/2618 1277/3202/3
f 1060/2529/2128 1066/3203/2619 1065/3204/635 1059/3205/4
f 1503/3206/2620 1502/1810/1572 1496/927/819 1497/2586/2168
f 350/3207/1911 355/3100/2542 349/3099/2541 344/3208/2621
f 3252/1951/1687 3251/1260/1106 3245/3183/2602 3246/1233/1084
f 353/1551/1353 358/3209/2622 357/3210/2623 352/1552/1354
f 2750/914/809 2749/3211/2624 2743/3212/2625 2744/915/810
f 2894/3213/4 2895/3214/3 2899/1318/1154 2893/2939/2425
f 3536/3215/2626 3535/3216/2627 3529/939/829 3530/938/828
f 2808/3085/2532 2807/1523/1330 2802/2203/1882 2803/3217/2628
f 2187/2748/2283 2192/3218/2629 2197/3219/3 2186/2749/3
f 2838/3220/4 2843/1812/4 2842/1815/1574 2837/3221/2630
f 1601/3222/2631 1607/974/859 1606/977/862 1600/2804/2327
f 2805/3223/2632 2809/3224/2633 2813/3225/4 2804/3226/2634
f 807/1709/1484 811/1272/1116 810/1275/1119 806/568/511
f 1589/2582/2164 1594/3227/2635 1593/3228/2636 1588/3229/2637
f 1285/1199/1054 1291/3032/2494 1290/3035/2497 1284/1200/1055
f 864/2601/2178 869/2155/1845 868/3230/2638 863/2147/1838
f 2456/3231/2204 2461/2765/2295 2455/3232/2639 2450/3233/4
f 1384/2733/2270 1383/1620/1409 1377/1619/1408 1378/2251/1923
f 2734/3234/247 2733/3235/2640 2727/869/772 2728/868/3
f 3465/3236/2641 3470/2351/1996 3469/2353/1998 3464/3237/2642
f 2738/3025/2487 2743/3212/2625 2742/2938/2424 2737/3190/2608
f 2770/3238/2643 2776/3111/2549 2775/1037/914 2769/1772/1538
f 2981/2557/248 2990/3239/4 2989/942/832 2985/945/835
f 2735/3240/28 2740/2950/2436 2733/3235/2640 2734/3234/247
f 905/340/309 908/1748/1517 907/3241/2644 904/3242/1514
f 467/1306/1144 466/1305/1143 459/2372/2015 460/2645/2210
f 1820/973/858 1819/972/857 1813/2717/2255 1814/3243/2645
f 3141/924/816 3140/1546/1350 3135/2800/2323 3136/925/817
f 2350/1270/1114 2349/3244/2646 2344/227/2647 2345/1271/1115
f 3162/2127/1825 3159/3245/2648 3160/3246/2649 3161/3247/2650
f 1335/3248/2651 1341/3000/2476 1340/2998/2474 1334/3249/2652
f 1334/3249/2652 1333/3250/2653 1327/2965/2450 1328/2964/2449
f 3029/3251/2654 3028/3252/2655 3023/3253/2656 3024/1122/983
f 331/1158/1015 330/1157/1014 324/2922/2411 325/3254/2207
f 2802/2203/1882 2807/1523/1330 2806/1526/1333 2801/2204/1883
f 616/1368/1194 621/1367/1193 615/1027/907 610/1026/813
f 959/3255/2657 958/3122/2559 953/3121/2558 954/3256/2658
f 2201/3257/2659 2206/1642/1427 2205/1054/928 2200/3258/2660
f 317/3259/2661 316/3260/2662 310/1163/1020 311/2732/2269
f 439/3261/2663 438/2298/1956 431/2297/1955 432/1020/901
f 581/786/702 580/1827/1584 575/1225/1078 576/787/703
f 2381/996/880 2380/995/879 2373/3262/2664 2374/3263/2665
f 1980/1361/240 1985/1360/1187 1979/3115/2552 1974/3264/1162
f 1723/2212/1891 1722/327/296 1716/671/601 1717/620/557
f 1833/1890/1634 1838/1889/1633 1837/3265/2666 1832/3266/2667
f 2390/686/616 2396/736/653 2395/3267/247 2389/687/617
f 2526/3268/2668 2532/2426/2051 2531/856/761 2525/859/764
f 3512/3269/2669 3516/2559/2151 3515/2128/1826 3511/2130/1828
f 1461/707/632 1460/146/142 1448/145/141 1451/2698/2246
f 3086/3270/193 3092/2134/4 3091/2135/1830 3085/2465/2080
f 417/457/413 423/456/412 428/2844/1000 422/3271/1001
f 2051/3272/2670 2050/3273/2671 2049/3274/2672 2048/3275/2673
f 416/2517/965 421/1914/1652 413/1118/979 415/1117/966
f 1543/2312/4 1544/2311/1967 1549/3276/2674
f 1544/2311/1967 1545/3277/2675 1549/3278/2676
f 1545/3277/2675 1546/3279/2677 1549/3280/2678
f 1546/3279/2677 1547/740/657 1549/3281/2679
f 1547/740/657 1548/739/656 1549/3282/2680
f 1548/739/656 1543/3283/4 1549/3284/2674
f 3076/3285/2681 3075/72/71 3069/2133/1829 3070/1651/1435
f 933/3286/1946 942/1467/1284 943/1741/1511 932/3287/248
f 1245/613/550 1242/612/549 1243/2829/2344 1244/2830/2345
f 656/3288/1937 661/3289/1936 665/3290/2682 660/3291/2683
f 2310/3292/2684 2320/359/326 2319/362/329 2309/559/502
f 227/364/331 236/600/539 235/405/371 226/365/332
f 204/3293/2685 211/1457/1274 210/1753/1521 203/1470/1287
f 2136/3294/4 2135/460/416 2130/459/415 2125/2476/4
f 733/1904/133 743/1455/1273 738/438/397 732/1903/134
f 2832/1842/1597 2836/3295/2686 2835/863/768 2831/2535/2134
f 3338/2419/2044 3337/3296/2687 3331/3297/2688 3332/3298/2689
f 2071/3299/247 2076/3300/2690 2070/3301/2691 2065/3302/247
f 2886/3179/2599 2885/3178/2598 2880/2138/1832 2881/3303/2692
f 700/3304/2693 705/3305/2694 704/3306/2695 699/3307/2696
f 2343/3308/2697 2342/3309/2698 2336/3107/2548 2337/3310/2699
f 1761/1746/1515 1766/2388/2022 1765/1929/1667 1760/642/575
f 2459/2162/1850 2465/2967/2452 2464/1530/1337 2458/3311/2700
f 3184/3312/2701 3189/2864/2369 3193/3313/3 3188/3314/4
f 1894/827/738 1900/1610/1400 1899/1618/1407 1893/828/739
f 2263/3315/2702 2262/3316/2703 2256/3317/2704 2257/3318/2705
f 2367/3319/2706 2366/3320/2707 2360/905/801 2361/3321/2708
f 911/3322/2709 914/3323/2710 913/3324/2297 910/3325/2711
f 3409/3326/2712 3415/3327/2713 3414/3328/2714 3408/3329/2715
f 449/3330/2716 448/3331/2717 441/3332/2718 442/2355/2000
f 979/2454/2073 985/3333/2719 984/3334/2720 978/3335/2721
f 462/3336/2722 461/2644/2209 455/2643/2208 456/1873/1620
f 2427/1301/1139 2432/2786/2311 2437/2925/3 2426/3337/247
f 3172/3135/2568 3177/3338/2723 3176/3339/2724 3171/580/521
f 2195/3340/2725 2194/3341/2726 2189/3196/2613 2190/3342/2727
f 2824/3343/4 2829/3344/4 2833/1841/1596 2828/1843/1598
f 1990/1752/1520 1989/1167/1024 1983/1166/1023 1984/2948/2434
f 1293/3345/2728 1300/1278/1121 1299/2030/1750 1292/3346/2729
f 2437/891/3 2436/890/789 2431/3347/2730 2426/3348/247
f 3461/3349/2731 3460/3350/2732 3456/3351/2733 3457/816/727
f 2972/1830/1587 2971/1939/1677 2967/3193/2611 2968/1802/1566
f 1295/1279/4 1300/1278/1121 1293/3345/2728 1294/3352/247
f 485/1309/1147 484/2464/2079 477/1822/1579 478/1310/1148
f 3170/581/522 3175/3353/2734 3174/3354/4 3169/3355/248
f 1389/2783/2308 1395/2782/2307 1394/2944/2430 1388/3356/2735
f 3307/3357/2736 3312/3358/2737 3311/3359/4 3306/3360/4
f 1097/3083/2530 1096/3361/2738 1089/3362/2739 1090/2897/2392
f 1869/2579/2162 1875/2578/2161 1874/2408/2033 1868/2411/2036
f 1474/3363/2740 1473/2632/2201 1468/2303/1959 1469/2813/2332
f 2819/2050/4 2824/3343/4 2828/1843/1598 2823/2051/1765
f 1326/3364/2741 1325/3365/2742 1319/1589/1383 1320/1588/1382
f 3309/452/408 3314/1282/1124 3313/3366/2743 3308/453/409
f 2074/3367/2744 2080/1242/1092 2079/796/712 2073/799/715
f 569/1517/1326 568/1224/1077 562/2047/1764 563/679/609
f 3211/1408/1231 3210/1407/1230 3204/3368/2745 3205/3369/2746
f 1705/1804/1568 1704/1803/1567 1697/2655/2215 1698/3370/2747
f 1203/3371/2748 1209/3173/2595 1208/3372/2749 1202/3373/2750
f 2528/3374/2751 2534/3071/2523 2533/2427/2052 2527/3375/2752
f 3204/3368/2745 3210/1407/1230 3209/3175/3 3208/3376/3
f 1704/1803/1567 1710/670/600 1709/673/603 1703/1871/1618
f 2957/3377/2753 2962/3378/2754 2961/3379/3 2956/3380/248
f 336/1025/906 335/3381/2755 328/3382/2756 329/2923/2412
f 1810/3383/240 1815/3384/2757 1808/3385/2758 1809/3386/771
f 2716/3387/4 2715/1237/1087 2710/1236/1086 2705/3388/4
f 2949/2959/2444 2953/3389/2759 2952/3390/2760 2948/3391/2761
f 1982/1169/1026 1981/1284/1126 1975/1327/1161 1976/1656/1439
f 2017/1659/1442 2016/2459/2076 2011/3392/2762 2012/1660/1443
f 2538/2425/2050 2544/3393/2763 2543/1202/1057 2537/3394/2764
f 2575/1653/1436 2582/1126/986 2581/1146/1003 2574/1654/1437
f 316/3260/2662 322/3395/2765 321/1792/1557 315/1795/1560
f 972/3396/2766 971/2708/2250 964/2707/2249 965/3397/2767
f 1436/3162/2589 1442/3141/2573 1441/2092/1798 1435/2094/1800
f 295/2265/1932 300/756/673 299/551/496 294/230/213
f 1057/2725/2263 1056/3170/2593 1049/2513/2115 1050/636/569
f 1948/2294/1952 1945/1/1 1946/3398/2768 1947/2295/1953
f 304/1165/1022 303/2194/1877 296/2114/1818 297/753/670
f 1650/66/65 1647/65/64 1648/3399/2769 1649/3400/2770
f 1565/1107/971 1571/2787/2312 1570/2350/1995 1564/367/334
f 1554/370/337 1553/3401/2771 1555/1108/972
f 1556/2011/1732 1555/1108/972 1553/3401/2771
f 1552/3402/2772 1551/369/336 1561/3403/4 1550/3404/4
f 3024/1122/983 3023/3253/2656 3018/3405/2773 3019/1123/984
f 1560/2522/2121 1550/3406/4 1559/169/161
f 1561/170/4 1559/169/161 1550/3406/4
f 30/44/43 29/47/46 28/46/45 23/36/35
f 3559/3407/4 3568/3408/4 3567/3409/2774 3563/3125/2562
f 1564/367/334 1554/370/337 1565/1107/971
f 1555/1108/972 1565/1107/971 1554/370/337
f 432/1020/901 431/2297/1955 425/1139/996 426/1021/902
f 82/178/167 81/186/175 1/10/10 8/19/19
f 946/3410/2775 953/3121/2558 952/3123/2560 945/1133/990
f 425/1139/996 431/2297/1955 430/2080/1788 424/455/411
f 3554/3411/4 3559/3407/4 3563/3125/2562 3558/3127/2564
f 1724/2211/1890 1730/3155/2583 1729/3412/2776 1723/2212/1891
f 3035/3413/2777 3034/2053/1767 3030/3414/2778 3031/1808/1571
f 762/2440/2063 767/2439/2062 766/2243/1916 761/2246/1919
f 2946/3415/193 2955/1816/247 2954/1819/1576 2950/2958/2443
f 1207/3416/2779 1213/2260/1928 1212/1372/1198 1206/2870/2375
f 3460/3350/2732 3465/3236/2641 3464/3237/2642 3459/3417/2780
f 2820/1253/1101 2825/3418/2781 2824/3419/4 2819/1254/4
f 3245/3183/2602 3251/1260/1106 3250/1263/3 3249/3184/3
f 1872/2935/2421 1871/3420/2782 1865/1631/1418 1866/1630/1417
f 1797/2758/2289 1802/3421/2783 1801/2970/2453 1796/2973/2456
f 1261/382/349 1268/1004/887 1267/2778/2303 1260/383/350
f 2753/3164/2591 2759/2436/2059 2764/3422/248 2758/3165/248
f 3186/1182/1039 3191/1624/1413 3190/2865/2370 3185/1183/1040
f 1514/3423/2784 1519/1198/1053 1524/3424/876 1513/3425/4
f 877/3426/2785 880/2574/2158 879/2576/2160 876/2151/1842
f 2096/2179/1866 2095/2913/2405 2090/2158/1848 2091/2180/1867
f 1583/967/852 1589/2582/2164 1588/3229/2637 1582/3427/2786
f 1687/1628/1416 1693/1627/1415 1692/3428/2787 1686/3429/2788
f 3203/2931/4 3208/3430/3 3207/3187/2605 3202/2932/2418
f 1683/2908/2401 1689/2907/2400 1694/3431/3 1688/3432/3
f 2897/3433/2789 2896/2379/2018 2890/3177/2597 2891/3176/2596
f 2192/3218/2629 2199/3434/2790 2198/3435/3 2197/3219/3
f 2430/3189/2607 2429/3092/2536 2423/1141/998 2424/2304/1960
f 866/2156/1846 869/2155/1845 864/2601/2178 865/2600/1563
f 1879/3436/2791 1878/3437/2792 1871/3420/2782 1872/2935/2421
f 753/1348/1178 756/1931/1669 759/3438/2793 752/1349/924
f 2761/1773/1539 2768/1612/1401 2767/1614/1403 2760/2437/2060
f 692/2144/1835 691/3439/2794 687/3038/2500 688/2145/1836
f 3477/3440/4 3478/2777/1523 3482/1150/1007 3476/2452/2072
f 340/3441/2795 339/3442/2796 333/3443/2797 334/3444/2798
f 960/3445/2799 966/3446/2800 965/3397/2767 959/3255/2657
f 1209/3173/2595 1215/1557/1359 1214/1560/1362 1208/3372/2749
f 2273/1394/1219 2272/1393/1218 2267/2728/2266 2268/3447/2801
f 1201/3448/2802 1207/3416/2779 1206/2870/2375 1200/2873/2378
f 1410/3449/2803 1417/1699/1474 1416/1809/3 1415/3450/4
f 2022/2460/2077 2029/532/480 2028/535/247 2027/2461/3
f 330/1157/1014 337/1022/903 336/1025/906 329/2923/2412
f 2487/1974/1706 2493/2668/2224 2492/3451/4 2486/1975/4
f 2923/1549/1351 2922/3452/2804 2917/3453/2805 2918/1550/1352
f 3265/3454/922 3270/3455/3 3274/2027/1747 3269/1920/1658
f 747/751/668 750/750/667 749/2309/1965 746/264/241
f 209/1754/1522 217/1478/1293 224/3456/510 216/3457/1713
f 881/3458/2806 880/2574/2158 877/3426/2785 874/3459/1390
f 3271/526/474 3276/525/473 3275/3460/3 3270/1047/3
f 620/1756/1524 619/2449/2069 613/2448/2068 614/3461/2807
f 3547/2583/2165 3552/3462/2808 3551/3463/2809 3546/1855/1604
f 1538/3120/2557 1537/2310/1966 1531/2334/1982 1532/2333/1981
f 556/1041/918 561/1040/917 554/468/424 555/467/423
f 1913/1249/1097 1920/1244/1094 1919/1247/4 1918/3464/4
f 393/765/681 392/770/686 386/1488/1301 387/2031/1751
f 1028/2502/4 1033/1498/1309 1026/855/760 1027/1059/193
f 1765/1929/1667 1764/1928/1666 1759/643/576 1760/642/575
f 552/3465/2810 559/677/607 558/680/610 551/1537/1341
f 2132/2021/1742 2131/3466/2811 2126/2979/2461 2127/1582/1376
f 1225/1887/1632 1224/1886/1631 1218/2259/1927 1219/1559/1361
f 773/1213/1066 776/3467/2812 779/3468/1163 772/2342/1166
f 3220/1679/1459 3219/2022/1743 3215/1406/1229 3216/1405/1228
f 1456/726/645 1464/725/644 1463/226/209 1455/229/212
f 2705/3388/4 2710/1236/1086 2703/1684/1463 2704/3469/3
f 2323/3470/4 2328/3471/2813 2322/3012/2481 2317/3011/193
f 2777/3472/248 2782/3112/2550 2776/3111/2549 2771/3473/3
f 1640/3474/3 1634/3018/28 1641/3475/2814
f 1635/541/487 1641/3475/2814 1634/3018/28
f 1635/541/487 1636/540/486 1641/3475/2814
f 1642/3476/2815 1641/3475/2814 1636/540/486
f 1642/3476/2815 1636/540/486 1643/3477/2816
f 1637/464/420 1643/3477/2816 1636/540/486
f 1637/464/420 1638/463/419 1643/3477/2816
f 1644/3478/2817 1643/3477/2816 1638/463/419
f 2935/487/442 2932/3479/2818 2933/3480/2819 2934/3481/2820
f 2511/511/4 2516/510/461 2507/3482/2821 2510/3483/4
f 1640/3474/3 1641/3475/2814 1646/3484/2822
f 1641/3475/2814 1642/3476/2815 1646/3485/2823
f 1642/3476/2815 1643/3477/2816 1646/3486/2824
f 1643/3477/2816 1644/3478/2817 1646/3487/2825
f 1644/3478/2817 1645/3488/2826 1646/3489/2827
f 1645/3488/2826 1640/3490/3 1646/3491/2822
f 1658/3492/4 1657/3493/3 1647/65/64
f 1648/3399/2769 1647/65/64 1657/3493/3
f 1845/238/221 1855/237/220 1854/2122/1821 1844/2125/1824
f 1650/66/65 1649/3400/2770 1651/3494/2828
f 1652/3495/2829 1651/3494/2828 1649/3400/2770
f 1652/3495/2829 1653/1480/1295 1651/3494/2828
f 1654/1172/1029 1651/3494/2828 1653/1480/1295
f 274/715/639 273/713/637 269/1667/1450 270/3496/2830
f 1656/1479/1294 1657/604/3 1655/603/541
f 1731/3497/248 1736/3498/2831 1730/3155/2583 1725/3154/3
f 1659/3499/247 1658/3492/4 1660/64/63
f 1647/65/64 1660/64/63 1658/3492/4
f 1946/3398/2768 1945/1/1 1955/4/4 1944/3500/4
f 1661/63/62 1650/66/65 1662/200/185
f 1651/3494/2828 1662/200/185 1650/66/65
f 114/2014/1735 129/321/290 144/3501/303 113/3502/1951
f 721/2220/1897 727/1894/1637 726/1893/1636 725/3503/1873
f 1659/448/247 1664/447/405 1658/602/4
f 3291/3504/28 3300/2506/102 3299/2507/2110 3298/3505/2832
f 245/1155/1012 248/1154/1011 244/610/547 241/722/534
f 1666/2526/2125 1661/63/62 1667/199/184
f 1662/200/185 1667/199/184 1661/63/62
f 119/747/664 118/2271/1938 102/165/158 103/748/665
f 1717/620/557 1716/671/601 1710/670/600 1711/621/558
f 3363/3506/2833 3372/1689/1468 3376/1692/3 3362/3507/1495
f 1667/199/184 1673/2868/2373 1672/2523/2122 1666/2526/2125
f 1665/2525/2124 1671/2524/2123 1676/2572/3 1670/3508/3
f 1676/2881/3 1675/2880/2382 1669/446/404 1670/445/3
f 1669/446/404 1675/2880/2382 1674/2869/2374 1668/198/183
f 318/2808/2329 324/2922/2411 323/2924/2413 317/3259/2661
f 1674/2869/2374 1673/2868/2373 1667/199/184 1668/198/183
f 1675/2880/2382 1681/2879/2381 1680/2866/2371 1674/2869/2374
f 2065/3302/247 2070/3301/2691 2064/655/587 2059/3509/4
f 1678/3195/2612 1677/2570/2156 1671/2524/2123 1672/2523/2122
f 1296/3510/2834 1301/2363/2008 1306/3511/247 1295/3512/4
f 2193/3513/2835 2192/3218/2629 2187/2748/2283 2188/3197/2614
f 1073/3514/2836 1079/3515/2837 1078/3516/2838 1072/3517/2839
f 2177/2795/2320 2182/2794/2319 2181/3198/2615 2176/3518/2840
f 2185/3519/2284 2184/3520/2841 2179/3521/2842 2174/3522/3
f 3037/979/864 3042/2346/1991 3046/3523/3 3041/3524/248
f 2898/1317/1153 2903/1316/1152 2902/3525/2843 2897/3433/2789
f 1297/3034/2496 1296/3510/2834 1289/3526/2844 1290/3035/2497
f 2104/1356/1184 2103/2624/2193 2097/2178/1865 2098/1357/1185
f 1312/3527/4 1311/3528/2845 1305/1277/1120 1306/1276/247
f 1208/3372/2749 1207/3416/2779 1201/3448/2802 1202/3373/2750
f 354/3101/2543 353/1551/1353 347/1519/1328 348/1518/1327
f 1311/3528/2845 1318/952/840 1317/3529/2846 1310/3530/2847
f 2194/3341/2726 2201/3257/2659 2200/3258/2660 2193/3513/2835
f 375/1189/1045 374/1645/1430 369/2762/2292 370/1190/1046
f 1500/3086/2533 1506/1766/1532 1505/1769/1535 1499/2319/1972
f 3185/1183/1040 3184/3312/2701 3180/3531/2848 3181/1184/1041
f 1691/3532/2849 1697/2655/2215 1696/2656/2216 1690/2906/2399
f 2556/2962/2447 2562/3533/2850 2561/3534/2851 2555/2963/2448
f 1878/3437/2792 1883/3535/2852 1888/3536/240 1877/3537/4
f 780/2314/1251 783/2084/1791 778/1330/1164 779/1329/1163
f 1519/1198/1053 1526/1197/1052 1525/2658/4 1524/3424/876
f 2985/945/835 2984/944/834 2978/2955/2441 2979/2558/2150
f 3553/2331/1979 3552/3462/2808 3547/2583/2165 3548/2332/1980
f 310/1163/1020 316/3260/2662 315/1795/1560 309/1164/1021
f 3002/2495/2103 3001/3538/2853 2996/2743/2279 2997/1205/1060
f 3088/493/446 3093/2272/1939 3097/3539/4 3092/3540/4
f 435/3541/1876 440/3542/2854 433/1019/900 434/1454/1272
f 2990/3239/4 2995/3543/4 2994/3544/2855 2989/942/832
f 1438/1504/1315 1444/2394/2025 1443/3143/2575 1437/1505/1316
f 1958/390/356 1957/2/2 1945/1/1 1948/2294/1952
f 810/1275/1119 809/2136/1831 805/545/491 806/568/511
f 248/1154/1011 252/1153/1010 251/1682/1461 247/744/661
f 268/1410/1233 271/1414/1237 270/3496/2830 267/1006/889
f 2799/3545/4 2804/3546/2634 2808/3085/2532 2803/3217/2628
f 937/1136/993 934/1135/992 935/2287/1947 936/2292/1950
f 2796/2205/1884 2795/3547/2856 2785/277/254 2788/3157/2584
f 2045/3548/2857 2042/3549/2858 2043/3550/2859 2044/3551/2860
f 2587/1145/1002 2586/3552/2861 2580/2396/2026 2581/1146/1003
f 1721/330/299 1720/1862/1611 1714/1861/1610 1715/672/602
f 1731/3553/248 1725/3554/3 1732/3555/2862
f 1726/2710/2252 1732/3555/2862 1725/3554/3
f 1726/2710/2252 1727/329/298 1732/3555/2862
f 1733/3556/2863 1732/3555/2862 1727/329/298
f 1728/328/297 1729/3412/2776 1734/3557/2864
f 1735/3558/2865 1734/3557/2864 1729/3412/2776
f 216/1983/1713 215/1982/1712 208/3559/2866 201/3560/2867
f 1731/3553/248 1732/3555/2862 1737/3561/2868
f 1732/3555/2862 1733/3556/2863 1737/3562/2869
f 1733/3556/2863 1734/3557/2864 1737/3563/2870
f 1734/3557/2864 1735/3558/2865 1737/3564/2871
f 1735/3558/2865 1736/3498/2831 1737/3565/2872
f 1736/3498/2831 1731/3497/248 1737/3566/2868
f 1738/3567/28 1749/3568/4 1739/1916/1654
f 1740/1917/1655 1739/1916/1654 1749/3568/4
f 2282/664/594 2281/3569/2873 2277/1392/1217 2278/665/595
f 1742/1915/1653 1741/1918/1656 1743/3570/2874
f 1744/3571/2875 1743/3570/2874 1741/1918/1656
f 148/256/234 147/1451/1269 131/1119/980 132/257/235
f 3019/1123/984 3018/3405/2773 3008/3572/2876 3011/3573/2877
f 848/2111/1815 853/377/344 852/380/347 847/2108/1812
f 222/352/319 221/351/318 213/597/536 214/596/535
f 205/1151/1008 204/3293/2685 196/3574/2878 197/742/659
f 743/1455/1273 747/751/668 746/264/241 742/267/244
f 98/187/176 114/2014/1735 113/3502/1951 97/188/171
f 800/443/402 803/442/401 802/569/512 799/1906/1645
f 3549/2330/240 3554/3411/4 3558/3127/2564 3553/2331/1979
f 536/1452/1270 535/758/674 534/608/545 533/3575/2879
f 2696/1739/1509 2703/1684/1463 2702/520/468 2695/523/471
f 1572/3576/2880 1571/2787/2312 1565/1107/971 1566/1106/970
f 2617/3577/2881 2623/3578/2882 2622/3579/2883 2616/2148/1839
f 1625/3580/2884 1630/465/421 1629/543/489 1624/3581/2885
f 2620/2070/193 2625/2069/1780 2619/3582/2886 2614/3583/4
f 2075/3584/2887 2074/3367/2744 2068/1510/1321 2069/3585/2888
f 826/2735/2272 830/2734/2271 829/3586/2101 825/3587/2506
f 3558/3127/2564 3557/3126/2563 3552/3462/2808 3553/2331/1979
f 1588/3229/2637 1587/3588/2889 1581/3589/2890 1582/3427/2786
f 2853/3590/248 2858/3591/193 2857/3592/2891 2852/3114/2551
f 518/2671/1931 517/2670/2226 512/3593/2892 507/3594/1868
f 1891/3595/2893 1890/3596/2894 1883/3535/2852 1884/3597/2895
f 2030/251/231 2029/532/480 2022/2460/2077 2023/2662/2220
f 1970/2315/1968 1977/1655/1438 1976/1656/1439 1969/2316/1969
f 3272/527/475 3271/526/474 3266/1046/921 3267/1566/1368
f 951/3598/2896 956/1077/946 961/1080/3 950/3599/4
f 1755/497/449 1761/1746/1515 1760/642/575 1754/645/578
f 3555/3600/2897 3560/2288/1948 3559/2291/4 3554/3601/4
f 2764/3602/248 2763/3603/2898 2757/3604/2899 2758/3605/248
f 2921/1913/1651 2920/222/206 2915/1531/1338 2916/3606/2900
f 2164/1556/1358 2171/1555/1357 2170/3607/2901 2163/2025/1745
f 1861/1633/1420 1860/1632/1419 1853/2123/1822 1854/2122/1821
f 495/1579/1375 502/1507/1318 501/2182/1030 500/1580/1033
f 2573/2397/2027 2580/2396/2026 2579/734/651 2572/1771/1537
f 1176/1064/935 1175/1851/1602 1169/2612/2184 1170/1878/1625
f 3058/2405/2032 3062/1967/1701 3066/1970/240 3057/2406/4
f 1808/3385/2758 1815/3384/2757 1814/3243/2645 1807/3608/2902
f 3030/3414/2778 3034/2053/1767 3033/981/866 3029/3251/2654
f 600/1501/1312 607/1500/1311 606/1351/1179 599/1353/1181
f 1162/2613/2185 1169/2612/2184 1168/2738/3 1167/3609/4
f 955/3610/2903 960/3445/2799 959/3255/2657 954/3256/2658
f 516/3611/2904 515/651/583 510/650/582 511/1781/1547
f 3052/3612/4 3057/3613/4 3061/1082/949 3056/2361/2006
f 1509/3614/2905 1508/2249/1922 1502/1810/1572 1503/3206/2620
f 329/2923/2412 328/3382/2756 322/3395/2765 323/2924/2413
f 3341/3615/3 3350/3616/4 3349/3617/2906 3345/3618/2907
f 441/3332/2718 448/3331/2717 447/3619/1929 446/3620/2570
f 1578/969/854 1577/968/853 1571/2787/2312 1572/3576/2880
f 2014/3621/2908 2013/1657/1440 2006/1936/1674 2007/2628/2197
f 2463/1529/1336 2469/1528/1335 2468/2798/3 2462/2637/4
f 1283/2901/2396 1289/3526/2844 1294/3622/247 1288/3623/2616
f 2763/3603/2898 2770/3238/2643 2769/1772/1538 2762/1774/1540
f 3093/2272/1939 3098/1494/1307 3102/1497/719 3097/3539/4
f 1998/3624/4 2003/2626/2195 1997/1750/1518 1992/3625/4
f 2378/682/612 2383/685/615 2388/688/240 2377/1195/3
f 2357/1821/1578 2356/3626/2909 2349/3244/2646 2350/1270/1114
f 2261/3627/2910 2260/3628/2911 2254/1832/1589 2255/1831/1588
f 584/1778/1544 590/3629/2912 589/2598/2176 583/1779/1545
f 1214/1560/1362 1213/2260/1928 1207/3416/2779 1208/3372/2749
f 3262/3630/2913 3261/3631/2914 3255/1261/1107 3256/1950/1686
f 684/3632/2915 689/2142/1833 688/2145/1836 683/1954/1690
f 3031/1808/1571 3030/3414/2778 3025/1121/982 3026/425/386
f 2900/3633/802 2905/3634/4 2909/2434/2057 2904/1315/1151
f 3475/2352/1997 3481/1149/1006 3480/1219/1072 3474/1735/1505
f 1369/2170/1858 1368/2169/1857 1363/3635/2916 1364/3636/2917
f 352/1552/1354 351/2235/1908 345/3637/2918 346/1553/1355
f 1997/1750/1518 2003/2626/2195 2002/2629/2198 1996/1751/1519
f 1372/3638/2919 1379/1535/1340 1378/2251/1923 1371/2253/1925
f 961/3639/3 960/3445/2799 955/3610/2903 950/3640/4
f 3485/1148/1005 3490/3641/2920 3489/1757/1525 3484/1218/1071
f 627/1366/1192 632/1925/1663 631/1130/987 626/1132/989
f 2019/1791/1556 2018/1658/1441 2013/1657/1440 2014/3621/2908
f 1388/3356/2735 1387/1835/1592 1381/3642/2921 1382/1621/1410
f 2338/3643/2922 2344/227/2647 2343/3308/2697 2337/3310/2699
f 2166/1001/884 2173/2957/2442 2172/1554/1356 2165/1002/885
f 2611/374/341 2617/3577/2881 2616/2148/1839 2610/375/342
f 384/1959/1694 390/689/618 389/692/621 383/1382/1207
f 421/1914/1652 427/1018/899 426/1021/902 420/214/198
f 560/3644/2923 559/677/607 552/3465/2810 553/1191/1047
f 1839/2037/4 1834/2036/1754 1840/3645/2924
f 1834/2036/1754 1835/2308/1964 1840/3646/2925
f 1835/2308/1964 1836/2307/1963 1840/3647/2926
f 1836/2307/1963 1837/3265/2666 1840/3648/2927
f 1837/3265/2666 1838/1889/1633 1840/3649/2928
f 1838/1889/1633 1839/1888/4 1840/3650/2924
f 1852/3009/2480 1851/3651/4 1841/2124/1823
f 1842/3652/2929 1841/2124/1823 1851/3651/4
f 3083/2467/2082 3082/2466/2081 3081/495/448 3080/3653/2930
f 1844/2125/1824 1843/3654/2931 1845/238/221
f 1846/3655/2932 1845/238/221 1843/3654/2931
f 109/2104/1808 108/150/144 91/149/143 92/166/159
f 3078/494/447 3088/493/446 3092/3540/4 3086/3656/193
f 1850/3657/2933 1851/3658/4 1849/3659/2934
f 1852/3660/2480 1849/3659/2934 1851/3658/4
f 2298/696/623 2297/343/312 2291/243/225 2292/242/224
f 426/1021/902 425/1139/996 419/215/199 420/214/198
f 1848/239/222 1845/238/221 1846/3655/2932 1847/3661/2935
f 1539/3119/2556 1546/3279/2677 1545/3277/2675 1538/3120/2557
f 1148/435/395 1154/434/394 1153/3662/2936 1147/282/257
f 2695/523/471 2692/522/470 2693/3663/2937 2694/1740/1510
f 1161/2753/4 1160/2752/2285 1154/434/394 1155/433/4
f 887/3021/2486 886/1989/1718 882/1988/1717 883/2575/2159
f 168/408/374 167/353/320 151/313/282 152/112/110
f 3164/41/40 3170/581/522 3169/3355/248 3168/3664/3
f 1154/434/394 1160/2752/2285 1159/3665/2938 1153/3662/2936
f 1853/2123/1822 1860/1632/1419 1859/3666/4 1858/3008/4
f 3474/1735/1505 3473/1734/1504 3468/808/723 3469/2353/1998
f 3313/3366/2743 3312/3358/2737 3307/3357/2736 3308/453/409
f 2726/3667/2939 2725/3052/2508 2719/2534/2133 2720/2533/2132
f 488/1325/1159 493/1324/1158 492/3029/2491 487/3668/2940
f 2848/1813/3 2853/3590/248 2852/3114/2551 2847/1814/1573
f 1862/3669/2941 1867/2410/2035 1866/1630/1417 1861/1633/1420
f 1278/2902/2397 1283/2901/2396 1288/3623/2616 1277/3050/3
f 712/2790/2315 717/3670/2942 716/3671/2943 711/2791/2316
f 1301/2363/2008 1307/2362/2007 1312/3672/4 1306/3511/247
f 1972/3673/2944 1979/3115/2552 1978/2949/2435 1971/3674/2945
f 1197/2521/2120 1203/3371/2748 1202/3373/2750 1196/1256/1102
f 3394/2928/2416 3400/2927/2415 3399/3675/2946 3393/3676/2947
f 3335/3058/193 3336/3677/3 3340/3678/2948 3334/3059/2514
f 2027/3679/3 2026/1790/1555 2020/1763/1529 2021/1762/4
f 2476/1789/1554 2475/1788/1553 2469/1528/1335 2470/1527/1334
f 1910/2894/2389 1909/3680/2949 1903/1616/1405 1904/1615/1404
f 3119/2423/2048 3118/2619/2190 3113/3681/2950 3114/898/796
f 2423/1141/998 2429/3092/2536 2428/1300/1138 2422/1142/999
f 456/1873/1620 455/2643/2208 450/2736/2273 451/1874/1621
f 1706/2480/2091 1712/618/555 1711/621/558 1705/1804/1568
f 3414/3328/2714 3413/3063/2517 3407/2595/2175 3408/3329/2715
f 3441/2947/2433 3438/2946/2432 3439/3682/2951 3440/3683/2952
f 1282/3201/2618 1287/3200/2617 1286/3684/2953 1281/3685/2954
f 1063/1299/1137 1062/3171/2594 1056/3170/2593 1057/2725/2263
f 2908/2435/2058 2913/3686/2955 2912/658/590 2907/661/593
f 2089/2856/4 2094/2607/2181 2087/3687/2956 2088/3688/3
f 3107/2485/2093 3106/877/779 3100/876/778 3101/805/720
f 2360/905/801 2366/3320/2707 2365/3689/4 2359/906/802
f 709/3098/2540 708/3690/2957 703/3691/2958 704/3306/2695
f 1075/2610/2183 1081/2609/2182 1080/3692/2959 1074/3693/2960
f 3256/1950/1686 3255/1261/1107 3251/1260/1106 3252/1951/1687
f 2648/1313/1150 2655/1312/1149 2654/988/873 2647/3694/2961
f 1317/3529/2846 1316/1606/1397 1309/1605/1396 1310/3530/2847
f 2654/988/873 2653/987/872 2646/3695/2962 2647/3694/2961
f 3189/2864/2369 3195/2863/2368 3194/3696/4 3193/3313/3
f 2448/983/868 2447/3043/2503 2441/2918/2408 2442/984/869
f 2756/3697/2963 2755/3698/2964 2749/3211/2624 2750/914/809
f 3328/3185/2603 3333/3699/2965 3332/3298/2689 3327/3066/2519
f 487/3668/2940 486/1308/1146 479/1307/1145 480/3700/2966
f 1401/2943/2429 1407/1333/1167 1406/1336/1170 1400/2546/2142
f 1892/2532/2131 1898/1617/1406 1897/2615/2187 1891/3595/2893
f 3451/817/728 3450/2690/2240 3446/2689/2239 3447/2945/2431
f 1791/2759/2290 1797/2758/2289 1796/2973/2456 1790/2991/2467
f 3405/3701/2967 3409/3326/2712 3408/3329/2715 3404/3702/2968
f 1405/2544/2140 1410/3449/2803 1415/3450/4 1404/3703/4
f 2467/1321/1156 2473/1320/1155 2472/2046/1763 2466/2766/2296
f 1070/1297/1135 1075/2610/2183 1074/3693/2960 1069/1298/1136
f 3413/3063/2517 3417/3704/2969 3421/3705/4 3412/3064/4
f 1809/3386/771 1808/3385/2758 1802/3421/2783 1803/3706/4
f 2259/3707/4 2264/3708/4 2268/3447/2801 2263/3315/2702
f 1512/1767/1533 1518/1362/1188 1517/1364/1190 1511/1768/1534
f 1596/3709/2970 1603/1978/1708 1602/1981/1711 1595/3710/2971
f 2012/1660/1443 2011/3392/2762 2004/881/783 2005/1937/1675
f 1383/1620/1409 1389/2783/2308 1388/3356/2735 1382/1621/1410
f 2262/3316/2703 2267/2728/2266 2266/2729/2267 2261/3627/2910
f 2466/2766/2296 2465/2967/2452 2459/2162/1850 2460/2161/1849
f 1969/2316/1969 1968/2415/2040 1962/2886/2385 1963/389/355
f 1115/3711/2972 1121/1403/1226 1120/2038/1755 1114/2041/1758
f 2675/894/792 2674/1513/1324 2669/2443/2066 2670/895/793
f 1613/1074/943 1612/975/860 1607/974/859 1608/1980/1710
f 1394/2944/2430 1393/1836/1593 1387/1835/1592 1388/3356/2735
f 368/3712/2973 373/3713/2974 366/2953/2439 367/3714/2330
f 3551/3463/2809 3550/2375/2017 3545/1856/1605 3546/1855/1604
f 1817/3715/2975 1822/864/769 1827/867/240 1816/3716/4
f 2349/3244/2646 2356/3626/2909 2355/3717/2976 2348/3718/2977
f 1989/1167/1024 1995/3719/2978 1994/3720/2979 1988/1168/1025
f 2344/227/2647 2349/3244/2646 2348/3718/2977 2343/3308/2697
f 1213/2260/1928 1218/2259/1927 1217/1369/1195 1212/1372/1198
f 1123/1229/1081 1129/3721/2980 1128/791/707 1122/1404/1227
f 2264/3708/4 2269/3722/247 2273/1394/1219 2268/3447/2801
f 1126/3723/2981 1125/3044/2504 1119/2039/1756 1120/2038/1755
f 2109/1339/1173 2108/1686/1465 2101/2914/2406 2102/2625/2194
f 1931/3724/2982 1938/3725/2983 1937/3726/240 1936/3727/4
f 1937/3726/240 1938/3725/2983 1943/3728/2984
f 1938/3725/2983 1939/3729/2985 1943/3730/2986
f 1939/3729/2985 1940/3731/2987 1943/3732/2988
f 1940/3731/2987 1941/2175/1862 1943/3733/2989
f 1941/2175/1862 1942/2174/1861 1943/3734/2990
f 1942/2174/1861 1937/2811/240 1943/3735/2984
f 3067/1968/1702 3073/3736/2991 3072/3737/3 3071/1969/1434
f 229/350/317 238/575/516 237/605/542 228/371/338
f 21/34/33 18/33/32 13/22/22 19/31/30
f 1950/51/50 1949/50/49 1947/2295/1953
f 3009/3738/2992 3008/3572/2876 3007/3739/635 3016/3740/248
f 2418/2305/1961 2417/1140/997 2408/273/250 2411/272/249
f 1954/86/85 1944/3741/4 1953/87/86
f 1955/3742/4 1953/87/86 1944/3741/4
f 1960/2490/2098 1959/387/353 1949/50/49 1952/49/48
f 3302/102/101 3307/3357/2736 3306/3360/4 3301/103/28
f 1958/390/356 1948/2294/1952 1959/387/353
f 2942/486/441 2941/3743/2993 2932/3479/2818 2935/487/442
f 3491/1194/1050 3490/3641/2920 3485/1148/1005 3486/1147/1004
f 2704/3469/3 2703/1684/1463 2696/1739/1509 2687/3744/28
f 625/1131/988 630/630/563 629/633/566 624/3020/2485
f 3561/2848/2358 3560/2288/1948 3555/3600/2897 3556/3745/2994
f 1465/3746/3 1470/2812/2331 1464/725/644 1459/724/4
f 2318/207/192 2324/1049/923 2323/3747/4 2317/208/193
f 2293/3748/4 2294/693/248 2298/696/623 2292/242/224
f 547/563/506 552/3465/2810 551/1537/1341 546/1476/1291
f 3099/879/781 3098/1494/1307 3093/2272/1939 3094/2019/1740
f 1390/2784/2309 1389/2783/2308 1383/1620/1409 1384/2733/2270
f 450/2736/2273 455/2643/2208 454/2646/2211 449/3330/2716
f 1480/3749/2995 1479/3750/2996 1473/2632/2201 1474/3363/2740
f 1385/1534/1339 1391/3751/2997 1390/2784/2309 1384/2733/2270
f 2369/3752/2998 2368/3753/2999 2362/3754/3000 2363/1820/1577
f 3534/3755/3001 3543/3756/193 3542/2585/2167 3538/3757/3002
f 2216/519/4 2221/518/467 2215/1085/952 2210/3758/635
f 3174/1784/4 3179/1844/3 3183/1846/1599 3178/1785/1550
f 2810/1525/1332 2809/3224/2633 2805/3223/2632 2806/1526/1333
f 378/1960/1695 384/1959/1694 383/1382/1207 377/1384/1209
f 3167/415/379 3166/3134/2567 3159/3245/2648 3162/2127/1825
f 1194/2900/2395 1193/2899/2394 1186/1933/1671 1187/2042/1759
f 803/442/401 807/1709/1484 806/568/511 802/569/512
f 3410/2060/1772 3409/3326/2712 3405/3701/2967 3406/3079/2527
f 1778/1493/1306 1777/1492/1305 1770/1927/1665 1771/1926/1664
f 542/759/675 549/469/425 548/562/505 541/565/508
f 1298/3033/2495 1303/2934/2420 1302/2364/2009 1297/3034/2496
f 1114/2041/1758 1113/2040/1757 1108/3759/3003 1109/2911/2403
f 2903/1316/1152 2908/2435/2058 2907/661/593 2902/3525/2843
f 506/1174/1031 512/3593/2892 511/1781/1547 505/1783/1549
f 2520/2089/1795 2526/3268/2668 2525/859/764 2519/2090/1796
f 3254/2567/2155 3253/1948/1684 3247/1232/1083 3248/3070/2522
f 3267/1566/1368 3266/1046/921 3261/3631/2914 3262/3630/2913
f 1787/3760/3004 1793/964/849 1792/3761/3 1786/3762/240
f 1488/3763/3 1487/3764/3005 1481/3765/3006 1482/3766/3
f 1156/623/560 1162/2613/2185 1167/3609/4 1161/624/4
f 817/2555/2149 820/1775/1541 815/1273/1117 816/3767/3007
f 1941/2175/1862 1940/3731/2987 1933/3768/3008 1934/2176/1863
f 2477/2044/1761 2482/3769/3009 2481/1786/1551 2476/1789/1554
f 1109/2911/2403 1108/3759/3003 1101/3770/3010 1102/2912/2404
f 2364/960/846 2370/959/845 2369/3752/2998 2363/1820/1577
f 1163/1563/1365 1162/2613/2185 1156/623/560 1157/1564/1366
f 1494/3771/193 1493/3772/3011 1487/3764/3005 1488/3763/3
f 1586/3773/4 1591/3774/3012 1585/2589/2170 1580/2588/3
f 1100/851/757 1105/2061/1773 1104/1868/1615 1099/3775/3013
f 2008/2627/2196 2015/1764/1530 2014/3621/2908 2007/2628/2197
f 2559/3776/4 2564/1388/1213 2558/2652/2214 2553/2651/3
f 1795/2972/2455 1800/2971/2454 1799/962/847 1794/965/850
f 2335/1994/4 2340/1993/1719 2334/3777/3014 2329/3778/193
f 3103/2484/4 3112/3779/3 3111/3780/3015 3107/2485/2093
f 1824/971/856 1831/2306/1962 1830/1875/1622 1823/1876/1623
f 3176/3339/2724 3175/3353/2734 3170/581/522 3171/580/521
f 335/3381/2755 341/1520/1329 340/3441/2795 334/3444/2798
f 2562/3533/2850 2567/2474/2089 2566/3781/3016 2561/3534/2851
f 1338/2994/2470 1337/1341/1175 1331/1340/1174 1332/3782/3017
f 2624/2623/2192 2623/3578/2882 2617/3577/2881 2618/3783/3018
f 3139/2801/2324 3138/2987/2465 3133/2241/1914 3134/2240/1913
f 654/3784/3019 653/513/463 646/512/462 649/1727/1499
f 2684/3785/3020 2683/1971/1703 2676/893/791 2677/910/805
f 968/2456/3 973/2455/2074 966/3446/2800 967/3786/4
f 270/3496/2830 269/1667/1450 266/1007/890 267/1006/889
f 759/3787/2793 758/3788/3021 755/1051/925 752/1050/924
f 1364/3636/2917 1363/3635/2916 1356/203/188 1357/202/187
f 2507/3482/2821 2516/510/461 2515/3160/2587 2506/119/117
f 947/1469/1286 946/3410/2775 938/316/285 941/315/284
f 60/88/87 59/91/90 58/90/89 53/82/81
f 212/1458/1275 211/1457/1274 204/3293/2685 205/1151/1008
f 2941/3743/2993 2947/3789/3022 2946/3790/193 2945/3791/193
f 2034/534/4 2035/533/481 2040/3792/3023
f 2035/533/481 2036/250/230 2040/3793/3024
f 2036/250/230 2037/249/229 2040/3794/3025
f 2037/249/229 2038/3158/2585 2040/3795/3026
f 2038/3158/2585 2039/553/497 2040/3796/3027
f 2039/553/497 2034/552/4 2040/3797/3023
f 2052/3798/4 2041/3799/247 2042/3549/2858
f 2043/3550/2859 2042/3549/2858 2041/3799/247
f 3012/3800/3028 3020/1120/981 3019/1123/984 3011/3573/2877
f 2045/3548/2857 2044/3551/2860 2046/3801/3029
f 2047/3802/3030 2046/3801/3029 2044/3551/2860
f 2047/3802/3030 2048/3275/2673 2046/3801/3029
f 2049/3274/2672 2046/3801/3029 2048/3275/2673
f 1359/780/696 1358/1084/951 1348/3006/2478 1351/2519/2118
f 2051/3272/2670 2041/3803/247 2050/3273/2671
f 2052/3804/4 2050/3273/2671 2041/3803/247
f 2058/3805/4 2052/3798/4 2053/3806/3031
f 2042/3549/2858 2053/3806/3031 2052/3798/4
f 2605/2074/1784 2604/373/340 2594/291/266 2597/290/265
f 2054/3807/3032 2045/3548/2857 2055/3808/3033
f 2046/3801/3029 2055/3808/3033 2045/3548/2857
f 1743/3570/2874 1753/644/577 1752/761/677 1742/1915/1653
f 2521/3159/2586 2520/2089/1795 2514/2088/1794 2515/3160/2587
f 2050/3273/2671 2052/3804/4 2057/654/586
f 2058/3809/4 2057/654/586 2052/3804/4
f 2315/3810/3034 2314/3013/2482 2313/3811/3035 2312/3812/3036
f 745/265/242 748/1347/1177 751/1350/666 744/3813/669
f 121/185/174 120/746/663 104/180/169 105/179/168
f 225/407/373 234/406/372 233/594/533 232/3814/509
f 1427/1576/1373 1432/1503/1314 1431/1423/1244 1426/1426/1247
f 1153/3662/2936 1152/1444/1263 1144/283/258 1147/282/257
f 2171/1555/1357 2177/2795/2320 2176/3518/2840 2170/3607/2901
f 990/2257/1926 997/1292/1130 996/1295/1133 989/2473/2088
f 3462/3815/247 3467/1567/3 3466/1570/1370 3461/3349/2731
f 1413/1180/1037 1412/1334/1168 1407/1333/1167 1408/3093/2537
f 2076/3300/2690 2082/3816/3037 2081/1243/1093 2075/3584/2887
f 1597/3817/2535 1596/3709/2970 1591/3774/3012 1586/3773/4
f 2809/3224/2633 2815/1252/1100 2814/1255/3 2813/3225/4
f 2081/1243/1093 2080/1242/1092 2074/3367/2744 2075/3584/2887
f 3096/806/721 3095/2018/1739 3090/2017/1738 3091/2135/1830
f 1763/3818/3038 1762/1089/956 1757/1088/955 1758/760/676
f 2645/1267/1111 2644/1266/1110 2638/1541/1345 2639/1540/1344
f 1912/3168/4 1911/2891/2386 1905/1609/1399 1906/1608/4
f 1688/1629/3 1687/1628/1416 1681/2879/2381 1682/2878/2157
f 2913/3686/2955 2917/3453/2805 2916/3606/2900 2912/658/590
f 2257/3318/2705 2256/3317/2704 2251/3819/3039 2252/3820/3040
f 2540/1640/1426 2546/1639/1425 2545/3057/2513 2539/2424/2049
f 699/3307/2696 698/3821/3041 693/2143/1834 694/2722/2260
f 1766/2388/2022 1772/2769/2299 1771/1926/1664 1765/1929/1667
f 1873/2409/2034 1880/2366/2011 1879/3436/2791 1872/2935/2421
f 483/1326/1160 488/1325/1159 481/2033/1752 482/2032/1580
f 3023/3253/2656 3028/3252/2655 3027/3822/247 3022/3823/247
f 673/2721/2259 672/1378/1203 666/782/698 667/781/697
f 2265/3824/3042 2270/1702/1477 2269/3825/247 2264/3826/4
f 2968/1802/1566 2967/3193/2611 2962/3378/2754 2963/848/755
f 3043/2347/1992 3042/2346/1991 3037/979/864 3038/978/863
f 698/3821/3041 703/3691/2958 702/3827/3043 697/3828/3044
f 1875/2578/2161 1882/3829/3045 1881/2367/2012 1874/2408/2033
f 1199/2872/2377 1205/2871/2376 1204/3830/248 1198/3831/3
f 809/2136/1831 813/3832/3046 816/3833/3007 812/2137/1483
f 3377/571/3 3386/3834/3 3385/3835/3047 3381/572/513
f 1815/3384/2757 1821/2385/2021 1820/973/858 1814/3243/2645
f 1088/3836/635 1087/3837/3048 1081/2609/2182 1082/2608/3
f 593/2740/2276 598/1352/1180 603/3180/1872 592/3838/3049
f 1340/2998/2474 1339/2996/2472 1333/3250/2653 1334/3249/2652
f 2568/1390/1215 2567/2474/2089 2562/3533/2850 2563/1391/1216
f 1889/3839/248 1894/827/738 1887/826/737 1888/3840/240
f 512/3593/2892 517/2670/2226 516/3611/2904 511/1781/1547
f 1621/1346/4 1620/1072/941 1614/1071/940 1615/3841/4
f 756/1931/1669 760/2245/1918 763/3842/2064 759/3438/2793
f 496/3843/3050 495/1579/1375 489/1578/1374 490/2463/2078
f 3425/820/731 3430/819/730 3429/3844/3051 3424/3845/3052
f 1076/2611/247 1075/2610/2183 1070/1297/1135 1065/3846/635
f 2329/3778/193 2334/3777/3014 2328/3471/2813 2323/3470/4
f 2176/3518/2840 2175/3847/3053 2169/2984/2464 2170/3607/2901
f 1007/1603/1394 1013/1602/1393 1012/792/708 1006/795/711
f 1520/1013/896 1519/1198/1053 1514/3423/2784 1515/2550/2144
f 328/3382/2756 335/3381/2755 334/3444/2798 327/3848/3054
f 3423/3849/3055 3428/3850/3056 3427/3851/3 3422/3852/3
f 2385/994/878 2392/1171/1028 2391/737/654 2384/3853/3057
f 3057/3613/4 3066/1649/240 3065/1081/948 3061/1082/949
f 505/1783/1549 504/1782/1548 497/3036/2498 498/3028/2490
f 754/1932/1670 753/1348/1178 748/1347/1177 749/2309/1965
f 1939/3729/2985 1938/3725/2983 1931/3724/2982 1932/3854/3058
f 1171/1877/1624 1177/1061/932 1176/1064/935 1170/1878/1625
f 629/633/566 628/1977/1707 623/2695/2245 624/3020/2485
f 835/1161/1018 834/2302/1958 830/2734/2271 831/1162/1019
f 1250/219/203 1258/1114/977 1257/3117/2554 1249/220/204
f 2512/1707/1482 2518/3855/3059 2517/3856/4 2511/3857/4
f 2392/1171/1028 2398/1170/1027 2397/735/652 2391/737/654
f 2136/3858/4 2131/3466/2811 2137/3859/3060
f 2131/3466/2811 2132/2021/1742 2137/3860/3061
f 2132/2021/1742 2133/2020/1741 2137/3861/3062
f 2133/2020/1741 2134/461/417 2137/3862/3063
f 2134/461/417 2135/460/416 2137/3863/3064
f 2135/460/416 2136/3294/4 2137/3864/3060
f 2149/3865/771 2138/3866/3 2139/191/178
f 2140/192/179 2139/191/178 2138/3866/3
f 1/10/10 81/186/175 96/189/124 3/7/7
f 2142/190/177 2141/193/180 2143/3867/3065
f 2144/3868/3066 2143/3867/3065 2141/193/180
f 2144/3868/3066 2145/338/307 2143/3867/3065
f 2146/337/306 2143/3867/3065 2145/338/307
f 3160/3246/2649 3159/3245/2648 3158/43/42 3157/3869/3067
f 2148/335/304 2138/3870/3 2147/336/305
f 2149/3871/771 2147/336/305 2138/3870/3
f 2155/3872/4 2149/3865/771 2150/3873/3068
f 2139/191/178 2150/3873/3068 2149/3865/771
f 2151/2296/1954 2142/190/177 2152/558/501
f 2143/3867/3065 2152/558/501 2142/190/177
f 2933/3480/2819 2932/3479/2818 2940/3874/28 2931/3875/4
f 3499/3876/3 3508/3877/28 3507/3878/3069 3506/3879/3070
f 2147/336/305 2149/3871/771 2154/502/454
f 2155/3880/4 2154/502/454 2149/3871/771
f 2515/3160/2587 2514/2088/1794 2503/120/118 2506/119/117
f 297/753/670 296/2114/1818 291/287/262 292/754/671
f 1739/1916/1654 1751/2082/1790 1750/2083/3 1738/3567/28
f 298/550/495 305/549/494 304/1165/1022 297/753/670
f 3147/3881/3 3148/3882/248 3152/2672/2227 3146/1544/1348
f 2937/3883/3071 2936/484/439 2935/487/442 2934/3481/2820
f 1321/2754/2286 1327/2965/2450 1326/3364/2741 1320/1588/1382
f 1342/3002/193 1341/3000/2476 1335/3248/2651 1336/3884/28
f 2184/3520/2841 2191/2185/1870 2190/3342/2727 2183/2793/2318
f 1971/3674/2945 1970/2315/1968 1964/388/354 1965/2489/2097
f 977/2982/2462 983/3885/3072 982/3886/3073 976/2412/2037
f 2087/3687/2956 2094/2607/2181 2093/2527/2126 2086/1240/1090
f 1333/3250/2653 1339/2996/2472 1338/2994/2470 1332/3782/3017
f 443/2354/1999 450/2736/2273 449/3330/2716 442/2355/2000
f 2108/1686/1465 2113/1685/1464 2118/3887/4 2107/3888/4
f 338/3889/3074 343/1023/904 337/1022/903 332/1156/1013
f 2170/3607/2901 2169/2984/2464 2162/2983/2463 2163/2025/1745
f 3375/573/514 3374/2840/2351 3367/2839/2350 3370/1724/1496
f 1015/3890/3075 1020/854/759 1019/833/744 1014/1601/1392
f 2679/3891/3 2678/909/804 2673/908/803 2668/2968/247
f 3390/3892/3076 3389/2631/2200 3384/2630/2199 3385/3835/3047
f 463/1221/1074 470/2420/2045 469/2422/2047 462/3336/2722
f 2906/660/592 2911/659/591 2910/1652/4 2905/3893/4
f 2649/1314/193 2648/1313/1150 2642/3894/3077 2643/3895/193
f 1473/2632/2201 1479/3750/2996 1478/3896/3078 1472/2633/2202
f 1681/2879/2381 1687/1628/1416 1686/3429/2788 1680/2866/2371
f 2712/936/826 2711/2536/2135 2706/2075/1785 2707/937/827
f 2633/1542/1346 2638/1541/1345 2643/3897/193 2632/2648/193
f 3101/805/720 3100/876/778 3095/2018/1739 3096/806/721
f 2984/944/834 2988/943/833 2987/2799/2322 2983/3102/2544
f 3205/3369/2746 3204/3368/2745 3199/3898/3079 3200/2358/2003
f 1183/1373/1199 1182/1062/933 1177/1061/932 1178/1374/1200
f 2342/3309/2698 2347/1234/1085 2352/1235/248 2341/3899/4
f 1399/2545/2141 1405/2544/2140 1404/3703/4 1398/3900/4
f 2455/3232/2639 2461/2765/2295 2460/2161/1849 2454/2164/1852
f 2760/2437/2060 2759/2436/2059 2753/3164/2591 2754/3901/3080
f 760/2245/1918 765/2244/1917 764/2974/2061 763/3842/2064
f 2458/3311/2700 2457/2636/2203 2451/3902/3081 2452/3903/3082
f 2755/3698/2964 2761/1773/1539 2760/2437/2060 2754/3901/3080
f 1277/3202/3 1282/3201/2618 1276/1944/1681 1271/1943/1680
f 2817/1643/1428 2822/1634/1421 2821/1637/1424 2816/1644/1429
f 2552/2064/1775 2558/2652/2214 2557/3904/3083 2551/3056/2512
f 2576/3905/240 2575/1653/1436 2569/1389/1214 2570/3906/4
f 1477/3907/3084 1483/1595/1387 1488/1596/3 1482/3908/3
f 591/3909/1609 590/3629/2912 584/1778/1544 585/3910/1585
f 3420/2904/2398 3419/3911/3085 3415/3327/2713 3416/2059/1771
f 2363/1820/1577 2362/3754/3000 2356/3626/2909 2357/1821/1578
f 3484/1218/1071 3483/1693/1470 3479/1733/1503 3480/1219/1072
f 2486/1475/4 2491/528/476 2484/1880/1626 2485/1879/4
f 885/669/599 884/668/598 880/2574/2158 881/3458/2806
f 446/3137/2570 445/3136/2569 440/3542/2854 435/3541/1876
f 3238/887/787 3237/498/450 3231/2685/2236 3234/3912/3086
f 3550/2375/2017 3555/3600/2897 3554/3601/4 3549/2376/240
f 1228/843/752 1235/2226/1901 1234/2818/248 1233/844/3
f 1419/3913/3087 1425/1425/1246 1424/1697/1472 1418/1700/1475
f 1127/790/706 1134/789/705 1133/2677/2230 1126/3723/2981
f 3510/449/406 3514/2129/1827 3518/2890/4 3509/450/4
f 3000/3914/248 3005/3915/4 3004/3916/3088 2999/3917/3089
f 395/691/620 394/762/678 388/1919/1657 389/692/621
f 1752/761/677 1751/2082/1790 1739/1916/1654 1742/1915/1653
f 711/3096/2316 716/3918/2943 720/3169/2592 715/3097/2539
f 2227/3919/3 2216/710/4 2222/3920/3090
f 2217/709/634 2222/3920/3090 2216/710/4
f 2217/709/634 2218/1726/1498 2222/3920/3090
f 2223/3921/3091 2222/3920/3090 2218/1726/1498
f 845/2105/1809 844/2107/1811 843/3922/1816 842/3923/1814
f 2219/537/483 2224/3924/3092 2218/1726/1498
f 2219/537/483 2220/536/482 2224/3924/3092
f 2225/2007/1730 2224/3924/3092 2220/536/482
f 2161/2141/193 2160/674/604 2154/502/454 2155/3880/4
f 1554/370/337 1551/369/336 1552/3402/2772 1553/3401/2771
f 2227/3919/3 2222/3920/3090 2228/3925/3093
f 2222/3920/3090 2223/3921/3091 2228/3926/3094
f 2224/3924/3092 2225/2007/1730 2228/3927/3095
f 2225/2007/1730 2226/517/466 2228/3928/3096
f 2226/517/466 2227/516/3 2228/3929/3093
f 2237/2119/193 2238/3930/4 2229/2116/1819
f 2230/3931/3097 2229/2116/1819 2238/3930/4
f 2230/3931/3097 2231/3932/3098 2229/2116/1819
f 2232/3933/3099 2229/2116/1819 2231/3932/3098
f 934/1135/992 944/1134/991 949/3934/3 933/2285/1946
f 2234/3935/3100 2233/1973/1705 2231/3932/3098
f 108/150/144 124/306/277 123/3148/2578 107/151/145
f 2236/301/274 2235/3936/3101 2237/298/193
f 2238/3937/4 2237/298/193 2235/3936/3101
f 43/69/68 89/176/165 88/181/170 38/59/58
f 2229/2116/1819 2232/3933/3099 2239/2117/1820
f 2240/432/393 2239/2117/1820 2232/3933/3099
f 2240/432/393 2232/3933/3099 2241/429/390
f 543/1481/1296 549/469/425 542/759/675 537/3938/1793
f 3079/3939/3102 3078/494/447 3086/3656/193 3087/3940/4
f 1754/645/578 1753/644/577 1743/3570/2874 1746/2837/2348
f 202/1471/1288 209/1754/1522 216/3457/1713 201/3941/2867
f 3159/3245/2648 3166/3134/2567 3165/40/39 3158/43/42
f 2918/1550/1352 2917/3453/2805 2913/3686/2955 2914/3942/3103
f 2244/3943/193 2253/3944/3 2252/3820/3040 2248/3163/2590
f 2828/1843/1598 2827/1635/1422 2822/1634/1421 2823/2051/1765
f 3329/2883/2383 3328/3185/2603 3323/2659/2217 3324/1377/1202
f 2252/3820/3040 2251/3819/3039 2247/430/391 2248/3163/2590
f 1497/2586/2168 1496/927/819 1489/926/818 1490/2587/2169
f 1074/3693/2960 1073/3514/2836 1068/3945/3104 1069/1298/1136
f 2351/1269/1113 2358/1593/1386 2357/1821/1578 2350/1270/1114
f 861/675/605 864/2601/2178 863/2147/1838 860/676/606
f 2975/2616/1679 2980/2556/3 2979/2558/2150 2974/2617/2188
f 3526/2853/2360 3531/3084/2531 3530/938/828 3525/941/831
f 2380/995/879 2385/994/878 2384/3853/3057 2379/681/611
f 2834/862/767 2839/861/766 2843/3946/4 2838/3947/4
f 1978/2949/2435 1977/1655/1438 1970/2315/1968 1971/3674/2945
f 2571/1770/1536 2578/733/650 2577/3948/4 2576/3949/240
f 1062/3171/2594 1068/3945/3104 1067/3950/3105 1061/2528/2127
f 1618/3951/3106 1625/3580/2884 1624/3581/2885 1617/3952/3107
f 1102/2912/2404 1101/3770/3010 1096/3361/2738 1097/3083/2530
f 359/2954/2440 358/3209/2622 353/1551/1353 354/3101/2543
f 675/2371/2014 674/2719/2257 668/2486/2094 669/3953/3108
f 3552/3462/2808 3557/3126/2563 3556/3745/2994 3551/3463/2809
f 2651/1265/1109 2656/3062/2516 2661/3954/3109 2650/2547/4
f 1010/3955/4 1015/3890/3075 1009/1947/1683 1004/3956/4
f 2120/1583/1377 2119/2978/2460 2113/1685/1464 2114/1338/1172
f 3398/2541/2138 3403/2594/2174 3402/2597/3 3397/2542/3
f 1226/1484/1298 1232/1483/1297 1231/1884/1629 1225/1887/1632
f 2816/1644/1429 2815/1252/1100 2809/3224/2633 2810/1525/1332
f 2529/3957/193 2534/3071/2523 2528/3374/2751 2523/3958/4
f 2544/3393/2763 2550/2961/2446 2549/1201/1056 2543/1202/1057
f 546/1476/1291 545/1539/1343 538/3959/3110 539/1477/1292
f 829/2493/2101 832/1159/1016 828/2348/1993 825/3048/2506
f 860/676/606 859/1797/1561 855/2514/2116 856/379/346
f 1617/3952/3107 1616/2077/1787 1610/2076/1786 1611/976/861
f 2489/2843/2354 2495/2842/2353 2494/2667/2223 2488/2669/2225
f 808/1710/492 807/1709/1484 803/442/401 804/441/400
f 508/1506/1317 513/2262/1930 518/2263/1931 507/2181/1868
f 2157/2026/1746 2156/3060/2515 2150/3873/3068 2151/2296/1954
f 1224/1886/1631 1230/1885/1630 1229/1665/1448 1223/1666/1449
f 3222/2200/1879 3221/1678/1458 3217/1677/1457 3218/2201/1880
f 1042/637/570 1039/2509/2112 1040/2508/2111 1041/3161/2588
f 922/3016/2483 926/2279/1942 925/2277/1904 924/3017/2484
f 2519/2090/1796 2518/3855/3059 2512/1707/1482 2513/1706/1481
f 2289/142/138 2290/141/137 2295/346/315
f 2296/345/314 2295/346/315 2290/141/137
f 844/2107/1811 851/2113/1817 850/2516/995 843/3922/1816
f 2291/243/225 2297/343/312 2290/141/137
f 856/379/346 855/2514/2116 851/2113/1817 852/380/347
f 1626/3960/3111 1625/3580/2884 1618/3951/3106 1619/1073/942
f 2303/3961/247 2294/347/248 2299/3962/3112
f 2295/346/315 2299/3962/3112 2294/347/248
f 2295/346/315 2296/345/314 2299/3962/3112
f 2300/3963/3113 2299/3962/3112 2296/345/314
f 2300/3963/3113 2296/345/314 2301/344/313
f 2297/343/312 2298/696/623 2301/344/313
f 2302/695/622 2301/344/313 2298/696/623
f 2126/2979/2461 2131/3466/2811 2136/3858/4 2125/2980/4
f 2303/3961/247 2299/3962/3112 2304/3964/3114
f 2299/3962/3112 2300/3963/3113 2304/3965/3115
f 2300/3963/3113 2301/344/313 2304/3966/3116
f 2301/344/313 2302/695/622 2304/3967/3117
f 2302/695/622 2303/694/247 2304/3968/3114
f 2305/209/193 2316/3969/3 2306/206/191
f 2307/560/503 2306/206/191 2316/3969/3
f 1232/1483/1297 1239/1911/1649 1238/2823/2341 1231/1884/1629
f 2309/559/502 2308/561/504 2310/3292/2684
f 2311/3970/3118 2310/3292/2684 2308/561/504
f 534/608/545 531/607/544 532/1450/1268 533/3575/2879
f 3082/2466/2081 3090/2017/1738 3089/492/445 3081/495/448
f 201/3560/2867 208/3559/2866 200/583/524 193/582/523
f 795/2008/1731 794/1905/1644 793/1907/1646 792/2006/1729
f 1362/3971/3 1367/778/694 1360/154/148 1361/153/147
f 1262/2618/2189 1261/382/349 1256/381/348 1257/3117/2554
f 2059/3509/4 2064/655/587 2057/654/586 2058/3809/4
f 1230/1885/1630 1237/2821/2339 1236/2225/1900 1229/1665/1448
f 573/3972/1080 572/2266/1933 566/1039/916 567/1038/915
f 2701/521/469 2708/934/824 2707/937/827 2700/409/375
f 1715/672/602 1714/1861/1610 1708/1869/1616 1709/673/603
f 3482/1150/1007 3481/1149/1006 3475/2352/1997 3476/2452/2072
f 1957/2/2 1962/2886/2385 1967/2888/4 1956/3/3
f 2844/2429/2054 2849/3973/3119 2853/3974/248 2848/3975/3
f 2421/1302/1140 2427/1301/1139 2426/3337/247 2420/2704/3
f 2850/1398/1223 2849/3973/3119 2844/2429/2054 2845/2428/2053
f 1327/2965/2450 1333/3250/2653 1332/3782/3017 1326/3364/2741
f 1585/2589/2170 1591/3774/3012 1590/2581/2163 1584/966/851
f 1932/3854/3058 1931/3724/2982 1926/1245/1095 1927/1586/1380
f 1985/1360/1187 1991/1359/1186 1990/1752/1520 1984/2948/2434
f 2334/3777/3014 2340/1993/1719 2339/3976/3120 2333/800/716
f 1612/975/860 1618/3951/3106 1617/3952/3107 1611/976/861
f 2199/3434/2790 2204/1053/927 2209/2715/3 2198/3435/3
f 1481/3765/3006 1487/3764/3005 1486/2068/1779 1480/3749/2995
f 1926/1245/1095 1931/3724/2982 1936/3727/4 1925/1246/836
f 2209/3977/3 2208/2816/2335 2203/2815/2334 2198/3113/3
f 333/3443/2797 339/3442/2796 338/3978/3074 332/3979/1013
f 782/2085/1792 781/1427/1248 776/3467/2812 777/1447/1266
f 2271/1703/1478 2270/1702/1477 2265/3824/3042 2266/2729/2267
f 1903/1616/1405 1909/3680/2949 1908/1251/1099 1902/2614/2186
f 1773/2770/247 1772/2769/2299 1766/2388/2022 1767/2387/957
f 499/1175/1032 506/1174/1031 505/1783/1549 498/3028/2490
f 2744/915/810 2743/3212/2625 2738/3025/2487 2739/2951/2437
f 1373/3980/3 1372/3638/2919 1367/778/694 1362/3971/3
f 460/2645/2210 459/2372/2015 453/2398/2028 454/2646/2211
f 478/1310/1148 477/1822/1579 472/1304/1142 473/1303/1141
f 660/3291/2683 659/504/456 653/513/463 654/3784/3019
f 1117/1230/1082 1123/1229/1081 1122/1404/1227 1116/3981/3121
f 3472/1568/248 3477/3440/4 3476/2452/2072 3471/1569/1369
f 1804/1953/1689 1811/2593/2173 1810/3982/240 1809/2568/771
f 1381/3642/2921 1387/1835/1592 1386/1838/248 1380/3983/4
f 1403/3984/3122 1409/3985/3123 1408/3093/2537 1402/3094/2538
f 2488/2669/2225 2487/1974/1706 2480/1787/1552 2481/1786/1551
f 2483/1883/1628 2482/3769/3009 2477/2044/1761 2478/2043/1760
f 912/3986/3124 911/3322/2709 908/1748/1517 909/1747/1516
f 3059/777/693 3058/2405/2032 3053/2404/2031 3054/2718/2256
f 1615/3841/4 1614/1071/940 1609/1979/1709 1604/3987/4
f 1425/1425/1246 1430/1424/1245 1429/3988/3125 1424/1697/1472
f 1409/3985/3123 1414/1177/1034 1413/1180/1037 1408/3093/2537
f 554/468/424 561/1040/917 560/3644/2923 553/1191/1047
f 590/3629/2912 597/3989/3126 596/3030/2492 589/2598/2176
f 686/3110/2501 695/3990/3127 694/2722/2260 690/2723/2261
f 3206/3186/2604 3212/2805/2328 3211/1408/1231 3205/3369/2746
f 993/2850/2359 999/3991/3128 998/3992/4 992/2851/3
f 2189/3196/2613 2194/3341/2726 2193/3513/2835 2188/3197/2614
f 500/1176/1033 499/1175/1032 493/1324/1158 494/1323/1157
f 1605/2802/2325 1610/2076/1786 1615/2079/4 1604/3993/4
f 398/1099/688 403/1097/963 396/690/619 397/3994/689
f 3556/3745/2994 3555/3600/2897 3550/2375/2017 3551/3463/2809
f 2618/3783/3018 2617/3577/2881 2611/374/341 2612/2073/1783
f 975/2413/2038 981/2400/2029 980/2403/4 974/3995/4
f 2336/3107/2548 2342/3309/2698 2341/3899/4 2335/3108/4
f 1835/2308/1964 1834/2036/1754 1829/865/770 1830/1875/1622
f 373/3713/2974 378/1960/1695 377/1384/1209 372/1385/1210
f 1329/3996/3129 1335/3248/2651 1334/3249/2652 1328/2964/2449
f 1995/3719/2978 2001/1935/1673 2000/1938/1676 1994/3720/2979
f 2324/1049/923 2330/3106/2547 2329/3109/193 2323/3747/4
f 2572/1771/1537 2571/1770/1536 2565/1015/898 2566/3781/3016
f 346/1553/1355 345/3637/2918 339/3442/2796 340/3441/2795
f 772/1332/1166 775/1331/1165 770/2731/2268 771/2730/1988
f 1973/3997/4 1972/3673/2944 1966/2488/2096 1967/3998/4
f 2391/737/654 2390/686/616 2383/685/615 2384/3853/3057
f 2028/555/247 2033/554/498 2026/1790/1555 2027/3679/3
f 611/917/812 617/2814/2333 616/3999/1194 610/918/813
f 1188/1258/1104 1195/1257/1103 1194/2900/2395 1187/2042/1759
f 3068/75/74 3067/1968/1702 3062/1967/1701 3063/776/692
f 388/1919/1657 394/762/678 393/765/681 387/2031/1751
f 2857/3592/2891 2856/1396/1221 2851/1395/1220 2852/3114/2551
f 1627/1345/1176 1632/3132/2566 1631/466/422 1626/3960/3111
f 553/1191/1047 552/3465/2810 547/563/506 548/562/505
f 246/745/662 250/1683/1462 249/4000/1009 245/2706/1012
f 2395/3267/247 2396/736/653 2401/4001/3130
f 2396/736/653 2397/735/652 2401/4002/3131
f 2397/735/652 2398/1170/1027 2401/4003/3132
f 2398/1170/1027 2399/640/573 2401/4004/3133
f 2399/640/573 2400/639/572 2401/4005/3134
f 2400/639/572 2395/4006/247 2401/4007/3130
f 2403/4008/4 2402/4009/248 2404/479/434
f 2405/4010/3135 2404/479/434 2402/4009/248
f 3081/495/448 3078/494/447 3079/3939/3102 3080/3653/2930
f 1663/201/186 1662/200/185 1651/3494/2828 1654/1172/1029
f 2409/274/251 2408/273/250 2406/4011/3136
f 850/1138/995 853/377/344 848/2111/1815 843/2112/1816
f 207/599/538 206/598/537 198/472/428 199/471/427
f 2413/4012/3137 2402/4013/248 2412/310/280
f 2403/311/4 2412/310/280 2402/4013/248
f 2414/2705/3 2403/4008/4 2415/478/433
f 2404/479/434 2415/478/433 2403/4008/4
f 244/610/547 243/606/543 238/575/516 239/574/515
f 2416/477/432 2407/480/435 2417/1140/997
f 2922/3452/2804 2928/4014/3138 2927/1912/1650 2921/1913/1651
f 2948/3391/2761 2947/3789/3022 2941/3743/2993 2942/486/441
f 3007/4015/635 3017/423/385 3021/426/387 3015/4016/3139
f 172/392/358 171/411/377 155/162/155 156/296/271
f 3275/4017/3 3280/2831/4 3284/2834/2347 3279/2239/1912
f 2050/3273/2671 2057/654/586 2056/657/589 2049/3274/2672
f 1828/1891/771 1833/1890/1634 1826/2384/2020 1827/2383/240
f 3505/4018/3140 3504/4019/3141 3503/210/194 3502/213/197
f 907/4020/2644 910/4021/2711 912/3986/3124 909/1747/1516
f 1598/4022/3 1603/1978/1708 1596/3709/2970 1597/3817/2535
f 3051/2391/2023 3050/2960/2445 3044/4023/3142 3045/2392/2024
f 3045/2392/2024 3044/4023/3142 3039/2054/1768 3040/3073/2524
f 1411/1335/1169 1410/3449/2803 1405/2544/2140 1406/1336/1170
f 1772/2769/2299 1779/703/629 1778/1493/1306 1771/1926/1664
f 1006/795/711 1005/794/710 999/3991/3128 1000/3182/2601
f 875/1598/1389 878/2639/2205 881/4024/2806 874/1599/1390
f 3381/572/513 3380/4025/3143 3374/2840/2351 3375/573/514
f 1968/2415/2040 1975/1327/1161 1974/1328/1162 1973/2887/4
f 1882/3829/3045 1887/826/737 1886/829/740 1881/2367/2012
f 693/2143/1834 698/3821/3041 697/3828/3044 692/2144/1835
f 1186/1933/1671 1193/2899/2394 1192/4026/247 1191/1934/1672
f 1193/2899/2394 1199/2872/2377 1198/3831/3 1192/4026/247
f 1575/2562/2153 1581/3589/2890 1580/4027/3 1574/2563/3
f 2867/2553/2147 2864/2552/2146 2865/4028/3144 2866/4029/3145
f 872/2154/1844 877/3426/2785 876/2151/1842 871/2152/1843
f 2254/1832/1589 2260/3628/2911 2259/4030/4 2258/2919/2409
f 665/3290/2682 664/505/457 659/504/456 660/3291/2683
f 601/1502/1313 600/1501/1312 595/3031/2493 596/3030/2492
f 1398/4031/4 1403/3984/3122 1397/4032/3146 1392/4033/4
f 1084/2898/2393 1083/2171/1859 1077/901/799 1078/3516/2838
f 3310/628/561 3309/452/408 3304/451/407 3305/629/562
f 361/4034/1910 360/2952/2438 355/3100/2542 350/3207/1911
f 1510/4035/3147 1516/2549/2143 1515/2550/2144 1509/3614/2905
f 2260/3628/2911 2265/3824/3042 2264/3826/4 2259/4030/4
f 2622/3579/2883 2621/2336/1984 2615/2149/1840 2616/2148/1839
f 3123/2620/2191 3129/2242/1915 3128/4036/4 3127/2621/4
f 2826/1636/1423 2825/3418/2781 2820/1253/1101 2821/1637/1424
f 691/3439/2794 696/4037/3148 700/4038/2693 695/4039/3127
f 1000/3182/2601 999/3991/3128 993/2850/2359 994/2755/2287
f 1595/3710/2971 1594/3227/2635 1589/2582/2164 1590/2581/2163
f 1807/3608/2902 1806/2716/2254 1800/2971/2454 1801/2970/2453
f 342/1024/905 341/1520/1329 335/3381/2755 336/1025/906
f 1332/3782/3017 1331/1340/1174 1325/3365/2742 1326/3364/2741
f 3317/2661/2219 3316/2874/2379 3312/3358/2737 3313/3366/2743
f 2272/1393/1218 2277/1392/1217 2276/1701/1476 2271/1703/1478
f 3542/2585/2167 3541/2584/2166 3537/4040/3149 3538/3757/3002
f 1471/3040/2502 1477/3907/3084 1482/3908/3 1476/3041/3
f 2106/4041/3 2105/1355/1183 2099/1354/1182 2100/2855/2362
f 701/4042/3150 706/2789/2314 710/2792/2317 705/4043/2694
f 3533/2603/2179 3534/3755/3001 3538/3757/3002 3532/2604/2180
f 2361/3321/2708 2360/905/801 2354/904/800 2355/3717/2976
f 1393/1836/1593 1399/2545/2141 1398/3900/4 1392/1837/4
f 2374/3263/2665 2373/3262/2664 2368/3753/2999 2369/3752/2998
f 2643/3895/193 2642/3894/3077 2637/1056/929 2632/1055/193
f 717/3670/2942 721/2220/1897 725/3503/1873 716/3671/2943
f 586/1859/1608 593/2740/2276 592/3838/3049 591/1860/1609
f 2326/360/327 2332/801/717 2331/4044/3151 2325/361/328
f 1367/778/694 1372/3638/2919 1371/2253/1925 1366/779/695
f 343/1023/904 349/3099/2541 348/1518/1327 342/1024/905
f 967/3786/4 966/3446/2800 960/3445/2799 961/3639/3
f 3112/3779/3 3117/1399/3 3116/1402/1225 3111/3780/3015
f 984/3334/2720 983/3885/3072 977/2982/2462 978/3335/2721
f 3142/923/4 3147/3881/3 3146/1544/1348 3141/924/816
f 716/3918/2943 725/2189/1873 724/2190/1874 720/3169/2592
f 250/1683/1462 253/1461/1278 256/1761/1528 249/4000/1009
f 1629/543/489 1628/542/488 1623/2665/2222 1624/3581/2885
f 1631/466/422 1630/465/421 1625/3580/2884 1626/3960/3111
f 1620/1072/941 1627/1345/1176 1626/3960/3111 1619/1073/942
f 2492/3451/4 2493/2668/2224 2498/4045/3152
f 2493/2668/2224 2494/2667/2223 2498/4046/3153
f 2494/2667/2223 2495/2842/2353 2498/4047/3154
f 2495/2842/2353 2496/530/478 2498/4048/3155
f 2496/530/478 2497/529/477 2498/4049/3156
f 2497/529/477 2492/1474/4 2498/4050/3152
f 2801/2204/1883 2800/4051/3157 2795/3547/2856 2796/2205/1884
f 2931/4052/4 2940/252/28 2939/255/233 2938/4053/3158
f 2504/121/119 2503/120/118 2501/589/530
f 797/444/403 800/443/402 794/1905/1644 789/2010/1725
f 2508/4054/3159 2509/4055/3 2507/3482/2821
f 2510/3483/4 2507/3482/2821 2509/4055/3
f 190/474/430 189/473/429 182/393/359 183/416/380
f 3276/525/473 3281/4056/3160 3280/4057/4 3275/3460/3
f 2513/1706/1481 2502/586/527 2514/2088/1794
f 200/583/524 208/3559/2866 207/599/538 199/471/427
f 1039/2509/2112 1049/2513/2115 1038/579/520 1037/2510/2113
f 919/1662/1445 924/4058/2484 923/4059/3161 921/1663/1446
f 662/783/699 666/782/698 670/1380/1205 661/2269/1936
f 196/3574/2878 204/3293/2685 203/1470/1287 195/1473/1290
f 830/2734/2271 834/2302/1958 833/4060/2100 829/3586/2101
f 1624/3581/2885 1623/2665/2222 1616/2077/1787 1617/3952/3107
f 2321/4061/3162 2320/359/326 2310/3292/2684 2313/3811/3035
f 2551/3056/2512 2550/2961/2446 2544/3393/2763 2545/3057/2513
f 2974/2617/2188 2973/1829/1586 2969/1801/1565 2970/1805/1569
f 1803/3706/4 1802/3421/2783 1797/2758/2289 1792/2757/3
f 763/2441/2064 762/2440/2063 758/3788/3021 759/3787/2793
f 2800/4051/3157 2805/3223/2632 2804/3226/2634 2799/4062/4
f 1780/4063/3163 1787/3760/3004 1786/3762/240 1785/4064/4
f 507/3594/1868 512/3593/2892 506/1174/1031 501/1173/1030
f 1814/3243/2645 1813/2717/2255 1806/2716/2254 1807/3608/2902
f 3557/3126/2563 3562/2845/2355 3561/2848/2358 3556/3745/2994
f 1365/1083/950 1370/2252/1924 1369/2170/1858 1364/3636/2917
f 3426/821/732 3425/820/731 3419/3911/3085 3420/2904/2398
f 256/4065/1528 255/2028/1748 252/1153/1010 249/1152/1009
f 3130/874/776 3129/2242/1915 3123/2620/2191 3124/875/777
f 1081/2609/2182 1087/3837/3048 1086/4066/3164 1080/3692/2959
f 2107/1672/4 2112/1671/1452 2105/1355/1183 2106/4041/3
f 1811/2593/2173 1817/3715/2975 1816/3716/4 1810/3982/240
f 1415/4067/4 1414/1177/1034 1409/3985/3123 1404/4068/4
f 2994/3544/2855 2993/1203/1058 2988/943/833 2989/942/832
f 2902/3525/2843 2901/2380/2019 2896/2379/2018 2897/3433/2789
f 1608/1980/1710 1607/974/859 1601/3222/2631 1602/1981/1711
f 2774/1036/913 2780/1035/912 2779/4069/3165 2773/1613/1402
f 1307/2362/2007 1314/1590/1384 1313/4070/3 1312/3672/4
f 1993/4071/3166 1999/880/782 1998/883/4 1992/4072/4
f 1018/832/743 1024/831/742 1023/700/627 1017/4073/3167
f 2200/3258/2660 2199/3434/2790 2192/3218/2629 2193/3513/2835
f 366/2953/2439 373/3713/2974 372/1385/1210 365/1387/1212
f 969/1680/1460 975/2413/2038 974/3995/4 968/1681/3
f 3027/1807/247 3036/4074/4 3035/3413/2777 3031/1808/1571
f 1323/951/839 1329/3996/3129 1328/2964/2449 1322/2966/2451
f 769/1215/1068 768/1214/1067 765/2244/1917 766/2243/1916
f 3466/1570/1370 3465/3236/2641 3460/3350/2732 3461/3349/2731
f 1092/4075/3168 1091/2896/2391 1085/2895/2390 1086/4066/3164
f 2638/1541/1345 2644/1266/1110 2649/2548/193 2643/3897/193
f 3529/939/829 3535/3216/2627 3534/4076/3001 3533/4077/2179
f 3187/1625/1414 3186/1182/1039 3182/1181/1038 3183/1846/1599
f 2116/885/785 2115/884/784 2110/1337/1171 2111/2650/2213
f 1397/4032/3146 1403/3984/3122 1402/3094/2538 1396/2781/2306
f 2085/1241/1091 2092/2177/1864 2091/2180/1867 2084/4078/3169
f 2836/3295/2686 2841/2976/2458 2840/860/765 2835/863/768
f 3517/3065/2518 3516/2559/2151 3512/3269/2669 3513/4079/3170
f 2124/2478/4 2123/2477/2090 2117/1670/1451 2118/1669/4
f 2986/2711/2253 2991/2744/2280 2995/4080/4 2990/2712/4
f 1110/1866/1613 1115/3711/2972 1114/2041/1758 1109/2911/2403
f 3468/808/723 3473/1734/1504 3477/2475/4 3472/809/248
f 1992/3625/4 1997/1750/1518 1991/1359/1186 1986/1358/3
f 3261/3631/2914 3266/1046/921 3265/1048/922 3260/4081/3
f 708/3690/2957 714/2726/2264 713/2727/2265 707/2854/2361
f 2718/2742/2278 2717/2537/2136 2711/2536/2135 2712/936/826
f 3400/2927/2415 3405/3701/2967 3404/3702/2968 3399/3675/2946
f 2779/4069/3165 2778/835/746 2772/834/745 2773/1613/1402
f 688/2145/1836 687/3038/2500 682/1955/1691 683/1954/1690
f 1708/1869/1616 1714/1861/1610 1713/1864/3 1707/2634/4
f 1832/3266/2667 1831/2306/1962 1824/971/856 1825/970/855
f 1211/1371/1197 1216/1370/1196 1221/4082/3 1210/4083/4
f 2610/375/342 2609/2150/1841 2602/2273/1940 2603/376/343
f 564/678/608 570/2339/1985 569/1517/1326 563/679/609
f 587/2741/2277 586/1859/1608 580/1827/1584 581/786/702
f 2914/3942/3103 2913/3686/2955 2908/2435/2058 2909/2434/2057
f 858/2602/1564 861/675/605 857/378/345 854/1137/994
f 179/403/369 178/355/322 163/398/364 164/401/367
f 2054/3807/3032 2053/3806/3031 2042/3549/2858 2045/3548/2857
f 170/396/362 169/395/361 153/111/109 154/163/156
f 257/769/685 260/768/684 255/2028/1748 256/4065/1528
f 2583/4084/248 2584/732/649 2589/4085/3171
f 2584/732/649 2585/731/648 2589/4086/3172
f 2585/731/648 2586/3552/2861 2589/4087/3173
f 2586/3552/2861 2587/1145/1002 2589/4088/3174
f 2587/1145/1002 2588/1125/985 2589/4089/3175
f 2588/1125/985 2583/1124/248 2589/4090/3171
f 3236/501/453 3235/1487/1300 3227/269/246 3230/2686/2237
f 2794/4091/4 2799/3545/4 2803/3217/2628 2798/4092/3176
f 1730/3155/2583 1736/3498/2831 1735/3558/2865 1729/3412/2776
f 770/2731/2268 775/1331/1165 774/1212/1065 769/1215/1068
f 2038/3158/2585 2037/249/229 2031/248/228 2032/1411/1234
f 2413/4012/3137 2412/310/280 2411/272/249 2410/275/252
f 641/1729/294 655/4093/389 654/3784/3019 649/1727/1499
f 1823/1876/1623 1822/864/769 1817/3715/2975 1818/4094/3177
f 2499/587/528 2512/1707/1482 2511/3857/4 2510/4095/4
f 2247/430/391 2251/3819/3039 2250/1834/1591 2246/431/392
f 1304/2029/1749 1303/2934/2420 1298/3033/2495 1299/2030/1750
f 1769/2248/1921 1768/1030/909 1762/1089/956 1763/3818/3038
f 1080/3692/2959 1079/3515/2837 1073/3514/2836 1074/3693/2960
f 3032/980/865 3037/979/864 3041/3524/248 3036/4096/4
f 327/3848/3054 326/2640/2206 320/1793/1558 321/1792/1557
f 1504/2317/1970 1510/4035/3147 1509/3614/2905 1503/3206/2620
f 3448/385/352 3454/3074/2525 3453/3077/248 3452/386/248
f 1781/2491/2099 1780/4063/3163 1775/1031/910 1776/2247/1920
f 1493/3772/3011 1500/3086/2533 1499/2319/1972 1492/2065/1776
f 1794/965/850 1793/964/849 1787/3760/3004 1788/3105/2546
f 2762/1774/1540 2761/1773/1539 2755/3698/2964 2756/3697/2963
f 2245/2921/2410 2249/1833/1590 2253/2920/3 2244/4097/193
f 2002/2629/2198 2001/1935/1673 1995/3719/2978 1996/1751/1519
f 2885/3178/2598 2890/3177/2597 2894/4098/4 2889/4099/193
f 2188/3197/2614 2187/2748/2283 2180/2747/2282 2181/3198/2615
f 695/3990/3127 700/3304/2693 699/3307/2696 694/2722/2260
f 3036/4074/4 3041/3072/248 3040/3073/2524 3035/3413/2777
f 1279/840/749 1278/2902/2397 1272/3049/2507 1273/841/750
f 1528/1011/894 1533/3118/2555 1532/2333/1981 1527/1012/895
f 1927/1586/1380 1926/1245/1095 1920/1244/1094 1921/1587/1381
f 1005/794/710 1011/793/709 1010/1209/4 1004/4100/4
f 1784/702/628 1791/2759/2290 1790/2991/2467 1783/1490/1303
f 3140/1546/1350 3145/1545/1349 3144/1987/1716 3139/2801/2324
f 2951/4101/3178 2957/3377/2753 2956/3380/248 2955/4102/247
f 1374/1536/3 1379/1535/1340 1372/3638/2919 1373/3980/3
f 2388/1418/240 2387/1417/1239 2382/2323/1974 2377/2322/3
f 574/4103/1079 579/1777/1543 572/2266/1933 573/3972/1080
f 1813/2717/2255 1819/972/857 1818/4094/3177 1812/2592/2172
f 1439/2395/581 1438/1504/1315 1432/1503/1314 1433/1575/4
f 1609/1979/1709 1614/1071/940 1613/1074/943 1608/1980/1710
f 1055/2531/2130 1054/2530/2129 1047/577/518 1048/576/517
f 2570/3906/4 2569/1389/1214 2564/1388/1213 2559/3776/4
f 1619/1073/942 1618/3951/3106 1612/975/860 1613/1074/943
f 1764/1928/1666 1770/1927/1665 1769/2248/1921 1763/3818/3038
f 1182/1062/933 1188/1258/1104 1187/2042/1759 1181/1063/934
f 1437/1505/1316 1436/3162/2589 1430/1424/1245 1431/1423/1244
f 2680/4104/4 2685/4105/3179 2678/909/804 2679/3891/3
f 3015/4016/3139 3012/3800/3028 3013/4106/3180 3014/4107/3181
f 609/1028/908 615/1027/907 614/3461/2807 608/1499/1310
f 895/1464/1281 902/341/310 901/4108/1513 899/1465/1282
f 1632/3132/2566 1639/3131/2565 1638/463/419 1631/466/422
f 539/1477/1292 538/3959/3110 527/615/552 530/614/551
f 302/1676/1456 307/1675/1455 300/756/673 301/755/672
f 260/768/684 263/767/683 262/1009/892 259/1459/1276
f 1850/3657/2933 1849/3659/2934 1848/239/222 1847/3661/2935
f 2601/4109/28 2600/4110/3 2590/2208/1887
f 2591/2209/1888 2590/2208/1887 2600/4110/3
f 177/4111/323 184/422/384 175/421/383 176/1749/363
f 2593/2207/1886 2592/2210/1889 2594/291/266
f 2595/292/267 2594/291/266 2592/2210/1889
f 76/118/116 73/117/115 68/108/106 74/115/113
f 741/266/243 745/265/242 744/3813/669 740/312/281
f 1746/2837/2348 1743/3570/2874 1744/3571/2875 1745/2838/2349
f 45/67/66 44/70/69 43/69/68 38/59/58
f 1965/2489/2097 1964/388/354 1959/387/353 1960/2490/2098
f 2313/3811/3035 2310/3292/2684 2311/3970/3118 2312/3812/3036
f 2239/2117/1820 2245/2921/2410 2244/4097/193 2243/2118/4
f 2314/3013/2482 2322/3012/2481 2321/4061/3162 2313/3811/3035
f 1143/1445/1264 1140/4112/3182 1141/4113/3183 1142/1446/1265
f 217/1478/1293 225/407/373 232/3814/509 224/3456/510
f 2598/195/181 2606/2071/1781 2605/2074/1784 2597/290/265
f 3234/3912/3086 3231/2685/2236 3232/4114/3184 3233/4115/3185
f 3106/877/779 3110/896/794 3109/899/797 3105/878/780
f 1581/3589/2890 1587/3588/2889 1586/4116/4 1580/4027/3
f 2678/909/804 2685/4105/3179 2684/3785/3020 2677/910/805
f 2015/1764/1530 2020/1763/1529 2019/1791/1556 2014/3621/2908
f 1508/2249/1922 1514/3423/2784 1513/3425/4 1507/2250/248
f 814/1274/1118 813/3832/3046 809/2136/1831 810/1275/1119
f 2992/1206/1061 2991/2744/2280 2986/2711/2253 2987/2799/2322
f 1517/1364/1190 1516/2549/2143 1510/4035/3147 1511/1768/1534
f 1178/1374/1200 1177/1061/932 1171/1877/1624 1172/932/822
f 1826/2384/2020 1833/1890/1634 1832/3266/2667 1825/970/855
f 2524/858/763 2530/857/762 2529/4117/193 2523/4118/4
f 3021/426/387 3020/1120/981 3012/3800/3028 3015/4016/3139
f 1160/2752/2285 1166/930/820 1165/933/823 1159/3665/2938
f 632/1925/1663 638/1719/1493 637/1717/1491 631/1130/987
f 1116/3981/3121 1115/3711/2972 1110/1866/1613 1111/1865/1612
f 2565/1015/898 2571/1770/1536 2576/3949/240 2570/1016/4
f 311/2732/2269 310/1163/1020 305/549/494 306/548/493
f 381/1711/1485 380/1646/1431 374/1645/1430 375/1189/1045
f 813/3832/3046 818/4119/3186 817/4120/2149 816/3833/3007
f 334/3444/2798 333/3443/2797 326/2640/2206 327/3848/3054
f 1058/2724/2262 1064/1296/1134 1063/1299/1137 1057/2725/2263
f 2210/3758/635 2215/1085/952 2208/2816/2335 2209/3977/3
f 2339/3976/3120 2338/3643/2922 2332/801/717 2333/800/716
f 3193/2573/3 3194/2930/4 3198/2933/2419 3192/1623/1412
f 3129/2242/1915 3133/2241/1914 3137/4121/28 3128/4036/4
f 2009/4122/4 2008/2627/2196 2003/2626/2195 1998/3624/4
f 1299/2030/1750 1298/3033/2495 1291/3032/2494 1292/3346/2729
f 2007/2628/2197 2006/1936/1674 2001/1935/1673 2002/2629/2198
f 2749/3211/2624 2755/3698/2964 2754/3901/3080 2748/2936/2422
f 3042/2346/1991 3048/2345/1990 3047/4123/3 3046/3523/3
f 2191/2185/1870 2196/2184/1869 2195/3340/2725 2190/3342/2727
f 3524/940/830 3529/939/829 3533/4077/2179 3528/4124/4
f 1921/1587/1381 1920/1244/1094 1913/1249/1097 1914/1248/1096
f 3260/4125/3 3265/3454/922 3269/1920/1658 3264/1922/1660
f 2545/3057/2513 2544/3393/2763 2538/2425/2050 2539/2424/2049
f 878/2639/2205 882/1988/1717 885/1991/599 881/4024/2806
f 3190/2865/2370 3189/2864/2369 3184/3312/2701 3185/1183/1040
f 1885/2365/2010 1892/2532/2131 1891/3595/2893 1884/3597/2895
f 2664/2327/1977 2663/2442/2065 2656/3062/2516 2657/2328/1978
f 3458/3075/2526 3463/807/722 3467/810/3 3462/3076/247
f 2662/2969/247 2667/2469/2084 2660/4126/3187 2661/4127/3109
f 2660/4126/3187 2667/2469/2084 2666/2470/2085 2659/985/870
f 2558/2652/2214 2564/1388/1213 2563/1391/1216 2557/3904/3083
f 2835/863/768 2834/862/767 2830/4128/3188 2831/2535/2134
f 1330/4129/193 1329/3996/3129 1323/951/839 1324/950/3
f 3178/1785/1550 3177/3338/2723 3172/3135/2568 3173/414/378
f 1923/2862/2367 1922/1584/1378 1915/4130/3189 1916/2893/2388
f 2196/2184/1869 2203/2815/2334 2202/2817/2336 2195/3340/2725
f 1793/964/849 1798/963/848 1803/2569/4 1792/3761/3
f 433/1019/900 440/3542/2854 439/3261/2663 432/1020/901
f 3540/1858/1607 3539/1857/1606 3535/3216/2627 3536/3215/2626
f 1860/1632/1419 1865/1631/1418 1870/4131/4 1859/3666/4
f 362/2763/2293 369/2762/2292 368/4132/2973 367/2809/2330
f 1223/1666/1449 1222/842/751 1216/1370/1196 1217/1369/1195
f 3355/4133/4 3360/4134/4 3359/3054/2510 3354/3055/2511
f 2614/3583/4 2619/3582/2886 2613/2072/1782 2608/4135/3
f 1157/1564/1366 1156/623/560 1150/622/559 1151/2692/2242
f 2680/1515/4 2681/1514/1325 2686/4136/3190
f 2681/1514/1325 2682/1972/1704 2686/4137/3191
f 2682/1972/1704 2683/1971/1703 2686/4138/3192
f 2683/1971/1703 2684/3785/3020 2686/4139/3193
f 2684/3785/3020 2685/4105/3179 2686/4140/3194
f 2685/4105/3179 2680/4104/4 2686/4141/3190
f 2687/29/28 2698/4142/248 2688/26/26
f 2689/4143/3195 2688/26/26 2698/4142/248
f 1253/1115/3 1258/1114/977 1250/219/203 1241/2836/3
f 2691/410/376 2690/4144/3196 2692/522/470
f 2693/3663/2937 2692/522/470 2690/4144/3196
f 3443/4145/240 3452/814/248 3451/817/728 3447/2945/2431
f 2697/1738/1508 2698/4146/248 2696/1739/1509
f 2687/3744/28 2696/1739/1509 2698/4146/248
f 1551/369/336 1563/368/335 1562/419/4 1561/3403/4
f 1967/3998/4 1966/2488/2096 1961/2487/2095 1956/4147/3
f 154/163/156 153/111/109 137/110/108 138/164/157
f 2932/3479/2818 2941/3743/2993 2945/3791/193 2940/3874/28
f 1863/3124/2561 1862/3669/2941 1855/237/220 1856/236/219
f 1547/740/657 1546/3279/2677 1539/3119/2556 1540/741/658
f 1356/203/188 1363/3635/2916 1362/4148/3 1361/4149/147
f 1151/2692/2242 1150/622/559 1140/4112/3182 1143/1445/1264
f 1125/3044/2504 1132/2675/2228 1131/2674/247 1130/3045/3
f 3504/4019/3141 3512/3269/2669 3511/2130/1828 3503/210/194
f 1294/3352/247 1293/3345/2728 1287/3200/2617 1288/3199/2616
f 566/1039/916 572/2266/1933 571/2267/1934 565/2977/2459
f 497/3036/2498 504/1782/1548 503/1508/1319 496/3843/3050
f 1287/3200/2617 1293/3345/2728 1292/3346/2729 1286/3684/2953
f 3422/4150/3 3427/4151/3 3431/818/729 3426/821/732
f 2842/1815/1574 2841/2976/2458 2836/3295/2686 2837/3221/2630
f 917/1664/1447 916/2227/1902 914/3323/2710 915/2768/2298
f 2752/4152/4 2751/913/808 2745/912/807 2746/4153/2365
f 2839/861/766 2844/2429/2054 2848/3975/3 2843/3946/4
f 1286/3684/2953 1285/1199/1054 1280/839/748 1281/3685/2954
f 1870/2580/4 1869/2579/2162 1864/591/531 1859/590/4
f 3417/3704/2969 3423/3849/3055 3422/3852/3 3421/3705/4
f 603/2188/1872 602/2187/1871 597/3989/3126 592/4154/3049
f 2732/3027/2489 2731/3026/2488 2725/3052/2508 2726/3667/2939
f 358/3209/2622 364/1386/1211 363/2764/2294 357/3210/2623
f 1864/591/531 1869/2579/2162 1868/2411/2036 1863/3124/2561
f 1371/2253/1925 1370/2252/1924 1365/1083/950 1366/779/695
f 2771/3473/3 2776/3111/2549 2770/3238/2643 2765/4155/4
f 3131/873/775 3135/2800/2323 3134/2240/1913 3130/874/776
f 2723/4156/3197 2729/3191/2609 2734/4157/247 2728/4158/3
f 2730/3192/2610 2729/3191/2609 2723/4156/3197 2724/3053/2509
f 3543/3756/193 3544/2329/4 3548/2332/1980 3542/2585/2167
f 3453/815/248 3462/3815/247 3461/3349/2731 3457/816/727
f 1089/3362/2739 1096/3361/2738 1095/4159/3 1094/4160/247
f 1008/1604/1395 1007/1603/1394 1001/3181/2600 1002/1294/1132
f 2888/2942/2428 2887/2941/2427 2882/4161/3198 2883/4162/3199
f 824/1825/1582 828/2348/1993 827/2349/1994 823/1826/1583
f 481/2033/1752 488/1325/1159 487/3668/2940 480/3700/2966
f 1079/3515/2837 1085/2895/2390 1084/2898/2393 1078/3516/2838
f 1895/1611/4 1900/1610/1400 1894/827/738 1889/3839/248
f 874/3459/1390 877/3426/2785 872/2154/1844 873/2153/1391
f 2877/4163/3200 2882/4161/3198 2881/3303/2692 2876/2693/2243
f 1698/3370/2747 1697/2655/2215 1691/3532/2849 1692/3428/2787
f 867/3068/2521 870/1597/1388 873/1600/1391 866/3069/1846
f 1310/3530/2847 1309/1605/1396 1303/2934/2420 1304/2029/1749
f 1069/1298/1136 1068/3945/3104 1062/3171/2594 1063/1299/1137
f 2879/489/3 2884/4164/4 2883/4162/3199 2878/490/443
f 3393/3676/2947 3392/2540/2137 3387/1289/1129 3388/2335/1983
f 2880/2138/1832 2885/3178/2598 2889/4099/193 2884/2139/4
f 3331/3297/2688 3337/3296/2687 3336/4165/3 3335/4166/193
f 583/1779/1545 582/785/701 577/784/700 578/1780/1546
f 2751/913/808 2757/3604/2899 2756/3697/2963 2750/914/809
f 3240/1129/4 3249/4167/3 3248/3070/2522 3244/886/786
f 2829/3344/4 2838/3220/4 2837/3221/2630 2833/1841/1596
f 1498/2318/1971 1504/2317/1970 1503/3206/2620 1497/2586/2168
f 2613/2072/1782 2619/3582/2886 2618/3783/3018 2612/2073/1783
f 985/3333/2719 990/2257/1926 989/2473/2088 984/3334/2720
f 2202/2817/2336 2201/3257/2659 2194/3341/2726 2195/3340/2725
f 2825/3418/2781 2830/4128/3188 2829/4168/4 2824/3419/4
f 2445/955/842 2451/3902/3081 2450/4169/4 2444/2713/4
f 1107/4170/247 1112/2062/1774 1105/2061/1773 1106/4171/3201
f 2952/3390/2760 2951/4101/3178 2947/3789/3022 2948/3391/2761
f 669/3953/3108 668/2486/2094 664/505/457 665/3290/2682
f 3263/1921/1659 3268/1565/1367 3267/1566/1368 3262/3630/2913
f 1883/3535/2852 1890/3596/2894 1889/4172/248 1888/3536/240
f 3299/2507/2110 3296/4173/3202 3297/4174/3203 3298/3505/2832
f 1313/953/3 1318/952/840 1311/3528/2845 1312/3527/4
f 2641/4175/3204 2640/4176/3205 2635/2340/1986 2636/1210/1063
f 2725/3052/2508 2731/3026/2488 2730/3192/2610 2724/3053/2509
f 3255/1261/1107 3261/3631/2914 3260/4081/3 3259/1262/771
f 2266/2729/2267 2265/3824/3042 2260/3628/2911 2261/3627/2910
f 2806/1526/1333 2805/3223/2632 2800/4051/3157 2801/2204/1883
f 2490/531/479 2489/2843/2354 2482/3769/3009 2483/1883/1628
f 379/1961/1433 378/1960/1695 373/3713/2974 368/3712/2973
f 444/2737/2274 443/2354/1999 438/2298/1956 439/3261/2663
f 2777/836/248 2778/835/746 2783/4177/3206
f 2778/835/746 2779/4069/3165 2783/4178/3207
f 2779/4069/3165 2780/1035/912 2783/4179/3208
f 2780/1035/912 2781/1034/911 2783/4180/3209
f 2781/1034/911 2782/3112/2550 2783/4181/3210
f 2782/3112/2550 2777/3472/248 2783/4182/3206
f 405/1103/967 417/457/413 422/3271/1001 416/1101/965
f 2786/276/253 2787/4183/3211 2785/277/254
f 2788/3157/2584 2785/277/254 2787/4183/3211
f 2788/3157/2584 2787/4183/3211 2789/1420/1241
f 2790/1421/1242 2789/1420/1241 2787/4183/3211
f 2999/3917/3089 2998/1204/1059 2993/1203/1058 2994/3544/2855
f 2792/1419/1240 2791/1422/1243 2793/4184/4
f 2784/4185/3 2793/4184/4 2791/1422/1243
f 178/355/322 185/1704/1479 192/4186/526 177/356/323
f 1844/2125/1824 1841/2124/1823 1842/3652/2929 1843/3654/2931
f 2407/480/435 2404/479/434 2405/4010/3135 2406/4011/3136
f 1699/3046/2505 1706/2480/2091 1705/1804/1568 1698/3370/2747
f 124/306/277 139/161/154 138/164/157 123/3148/2578
f 3018/3405/2773 3023/3253/2656 3022/3823/247 3017/4187/385
f 296/2114/1818 303/2194/1877 302/2197/1456 301/2115/672
f 1152/1444/1263 1158/1561/1363 1157/1564/1366 1151/2692/2242
f 3389/2631/2200 3394/2928/2416 3393/3676/2947 3388/2335/1983
f 292/754/671 291/287/262 279/286/261 282/481/436
f 3471/1569/1369 3470/2351/1996 3465/3236/2641 3466/1570/1370
f 585/3910/1585 584/1778/1544 579/1777/1543 574/4103/1079
f 2619/3582/2886 2625/2069/1780 2624/2623/2192 2618/3783/3018
f 523/1438/1259 522/1436/1257 515/651/583 516/3611/2904
f 2064/655/587 2070/3301/2691 2069/3585/2888 2063/656/588
f 1336/3884/28 1335/3248/2651 1329/3996/3129 1330/4129/193
f 1172/932/822 1171/1877/1624 1164/1562/1364 1165/933/823
f 1086/4066/3164 1085/2895/2390 1079/3515/2837 1080/3692/2959
f 1009/1947/1683 1015/3890/3075 1014/1601/1392 1008/1604/1395
f 2453/2163/1851 2459/2162/1850 2458/3311/2700 2452/3903/3082
f 2665/2326/1976 2671/892/790 2670/895/793 2664/2327/1977
f 2450/3233/4 2455/3232/2639 2449/982/867 2444/4188/4
f 3113/3681/2950 3118/2619/2190 3122/2622/4 3117/4189/3
f 1472/2633/2202 1471/3040/2502 1466/706/631 1467/705/630
f 2803/3217/2628 2802/2203/1882 2797/2202/1881 2798/4092/3176
f 1905/1609/1399 1911/2891/2386 1910/2894/2389 1904/1615/1404
f 871/2152/1843 870/1597/1388 867/3068/2521 868/3230/2638
f 3343/2418/2043 3342/4190/3212 3337/3296/2687 3338/2419/2044
f 1919/949/4 1924/948/838 1917/2892/2387 1918/3167/4
f 2340/1993/1719 2346/1268/1112 2345/1271/1115 2339/3976/3120
f 2179/3521/2842 2184/3520/2841 2183/2793/2318 2178/2796/2321
f 1368/2169/1857 1375/2168/1856 1374/4191/3 1373/4192/3
f 3386/3834/3 3391/4193/4 3390/3892/3076 3385/3835/3047
f 3396/4194/2139 3397/4195/3 3401/2926/2414 3395/2929/2417
f 3324/1377/1202 3323/2659/2217 3318/1281/1123 3319/1280/1122
f 3116/1402/1225 3115/897/795 3110/896/794 3111/3780/3015
f 3025/1121/982 3030/3414/2778 3029/3251/2654 3024/1122/983
f 1485/2067/1778 1491/2066/1777 1490/2587/2169 1484/4196/3213
f 3326/3067/2520 3331/3297/2688 3335/4166/193 3330/4197/193
f 2530/857/762 2536/2745/2281 2535/2746/193 2529/4117/193
f 2091/2180/1867 2090/2158/1848 2083/2157/1847 2084/4078/3169
f 1013/1602/1393 1018/832/743 1017/4073/3167 1012/792/708
f 758/3788/3021 762/2440/2063 761/2246/1919 757/1930/1668
f 1269/1005/888 1268/1004/887 1261/382/349 1262/2618/2189
f 1218/2259/1927 1224/1886/1631 1223/1666/1449 1217/1369/1195
f 1633/3133/3 1632/3132/2566 1627/1345/1176 1622/1344/248
f 2953/3389/2759 2959/846/753 2958/849/756 2952/3390/2760
f 565/2977/2459 564/678/608 559/677/607 560/3644/2923
f 2846/2975/2457 2851/1395/1220 2850/1398/1223 2845/2428/2053
f 1719/3156/240 1724/2211/1890 1718/619/556 1713/2673/3
f 3150/1986/1715 3149/4198/3214 3143/2988/2466 3144/1987/1716
f 3270/3455/3 3275/4017/3 3279/2239/1912 3274/2027/1747
f 989/2473/2088 988/2472/2087 983/3885/3072 984/3334/2720
f 2858/4199/193 2854/4200/3215 2859/4201/3216
f 2854/4200/3215 2855/1397/1222 2859/4202/3217
f 2855/1397/1222 2856/1396/1221 2859/4203/3218
f 2856/1396/1221 2857/3592/2891 2859/4204/3219
f 2857/3592/2891 2858/3591/193 2859/4205/3216
f 2868/174/4 2869/4206/28 2860/171/162
f 2861/4207/3220 2860/171/162 2869/4206/28
f 2861/4207/3220 2862/4208/3221 2860/171/162
f 2863/4209/3222 2860/171/162 2862/4208/3221
f 2863/4209/3222 2862/4208/3221 2864/2552/2146
f 2865/4028/3144 2864/2552/2146 2862/4208/3221
f 1796/2973/2456 1795/2972/2455 1789/2992/2468 1790/2991/2467
f 2867/2553/2147 2866/4029/3145 2868/4210/4
f 2869/4211/28 2868/4210/4 2866/4029/3145
f 103/748/665 102/165/158 85/134/130 86/139/135
f 2860/171/162 2863/4209/3222 2871/172/163
f 2872/2694/2244 2871/172/163 2863/4209/3222
f 2872/2694/2244 2863/4209/3222 2873/2551/2145
f 2864/2552/2146 2873/2551/2145 2863/4209/3222
f 2830/4128/3188 2834/862/767 2838/3947/4 2829/4168/4
f 2874/491/444 2867/2553/2147 2870/488/4
f 2868/4210/4 2870/488/4 2867/2553/2147
f 242/601/540 241/595/534 234/406/372 235/405/371
f 208/3559/2866 215/1982/1712 214/596/535 207/599/538
f 3284/2834/2347 3283/4212/3223 3278/1076/945 3279/2239/1912
f 702/3827/3043 701/4042/3150 696/4037/3148 697/3828/3044
f 1140/4112/3182 1150/622/559 1155/625/4 1139/4213/3
f 910/4021/2711 913/2767/2297 915/2768/2298 912/3986/3124
f 2066/2166/1854 2072/798/714 2071/4214/247 2065/3022/247
f 3249/4167/3 3250/2564/3 3254/2567/2155 3248/3070/2522
f 2741/2858/2364 2747/2937/2423 2752/3166/4 2746/2859/2365
f 3111/3780/3015 3110/896/794 3106/877/779 3107/2485/2093
f 3455/4215/3224 3454/3074/2525 3448/385/352 3449/2691/2241
f 2729/3191/2609 2736/2857/2363 2735/2860/28 2734/4157/247
f 469/2422/2047 468/4216/3225 461/2644/2209 462/3336/2722
f 1392/4033/4 1397/4032/3146 1391/3751/2997 1386/4217/248
f 2954/1819/1576 2953/3389/2759 2949/2959/2444 2950/2958/2443
f 1495/3087/4 1500/3086/2533 1493/3772/3011 1494/3771/193
f 2887/2941/2427 2892/2940/2426 2891/3176/2596 2886/3179/2599
f 1594/3227/2635 1601/3222/2631 1600/2804/2327 1593/3228/2636
f 2462/1322/4 2467/1321/1156 2461/2765/2295 2456/3231/2204
f 2884/4164/4 2889/4218/193 2888/2942/2428 2883/4162/3199
f 2068/1510/1321 2074/3367/2744 2073/799/715 2067/1511/1322
f 561/1040/917 566/1039/916 565/2977/2459 560/3644/2923
f 705/3305/2694 710/3095/2317 709/3098/2540 704/3306/2695
f 2831/2535/2134 2830/4128/3188 2825/3418/2781 2826/1636/1423
f 1917/2892/2387 1924/948/838 1923/2862/2367 1916/2893/2388
f 477/1822/1579 484/2464/2079 483/2905/1160 482/1823/1580
f 1066/3203/2619 1071/900/798 1076/903/247 1065/3204/635
f 3537/4040/3149 3541/2584/2166 3540/1858/1607 3536/3215/2626
f 687/3038/2500 691/3439/2794 695/4039/3127 686/3039/2501
f 1386/4217/248 1391/3751/2997 1385/1534/1339 1380/1533/4
f 1816/2386/4 1821/2385/2021 1815/3384/2757 1810/3383/240
f 2270/1702/1477 2275/1067/938 2274/1070/3 2269/3825/247
f 612/2451/2071 611/917/812 605/916/811 606/1351/1179
f 697/3828/3044 696/4037/3148 691/3439/2794 692/2144/1835
f 724/2190/1874 723/823/734 719/822/733 720/3169/2592
f 3357/1964/1698 3356/1572/1372 3351/1571/1371 3352/1965/1699
f 777/1447/1266 776/3467/2812 773/1213/1066 774/1212/1065
f 2578/733/650 2584/732/649 2583/4084/248 2577/3948/4
f 1479/3750/2996 1485/2067/1778 1484/4196/3213 1478/3896/3078
f 722/824/735 721/2220/1897 717/3670/2942 718/825/736
f 1118/1231/247 1117/1230/1082 1112/2062/1774 1107/4170/247
f 2916/3606/2900 2915/1531/1338 2911/659/591 2912/658/590
f 2804/3546/2634 2813/2772/4 2812/2773/2300 2808/3085/2532
f 258/1460/1277 261/1008/891 264/1522/682 257/1760/685
f 991/2258/3 990/2257/1926 985/3333/2719 980/4219/4
f 2607/4220/247 2606/2071/1781 2598/195/181 2601/194/28
f 2233/1973/1705 2241/429/390 2232/3933/3099 2231/3932/3098
f 2305/3014/193 2314/3013/2482 2315/3810/3034 2316/4221/3
f 159/332/301 175/421/383 174/420/382 158/2091/1797
f 2925/224/4 2926/223/207 2930/4222/3226
f 2926/223/207 2927/1912/1650 2930/4223/3227
f 2927/1912/1650 2928/4014/3138 2930/4224/3228
f 2928/4014/3138 2929/4225/3229 2930/4226/3230
f 2929/4225/3229 2925/4227/4 2930/4228/3226
f 1729/3412/2776 1728/328/297 1722/327/296 1723/2212/1891
f 1956/4147/3 1961/2487/2095 1953/87/86 1955/3742/4
f 1529/1381/1206 1528/1011/894 1521/1010/893 1522/1363/1189
f 2691/410/376 2688/26/26 2689/4143/3195 2690/4144/3196
f 538/3959/3110 545/1539/1343 544/2702/426 543/4229/1296
f 658/507/459 657/2268/1935 651/427/388 652/1742/1512
f 949/4230/3 948/1468/1285 942/1467/1284 933/3286/1946
f 2567/2474/2089 2573/2397/2027 2572/1771/1537 2566/3781/3016
f 1257/3117/2554 1256/381/348 1246/1908/1647 1249/220/204
f 2327/802/718 2326/360/327 2320/359/326 2321/4061/3162
f 187/1902/1643 196/3574/2878 195/1473/1290 186/1705/1480
f 2637/1056/929 2642/3894/3077 2641/4175/3204 2636/1210/1063
f 2795/3547/2856 2800/4051/3157 2799/4062/4 2794/4231/4
f 2431/3347/2730 2436/890/789 2435/3188/2606 2430/3189/2607
f 2464/1530/1337 2463/1529/1336 2457/2636/2203 2458/3311/2700
f 1966/2488/2096 1972/3673/2944 1971/3674/2945 1965/2489/2097
f 2328/3471/2813 2334/3777/3014 2333/800/716 2327/802/718
f 998/4232/4 1003/1293/1131 997/1292/1130 992/2256/3
f 2186/2186/3 2191/2185/1870 2184/3520/2841 2185/3519/2284
f 3418/4233/3231 3417/3704/2969 3413/3063/2517 3414/3328/2714
f 3346/4234/3232 3351/1571/1371 3355/1574/4 3350/4235/4
f 3399/3675/2946 3398/2541/2138 3392/2540/2137 3393/3676/2947
f 3513/4079/3170 3512/3269/2669 3504/4019/3141 3507/3878/3069
f 3380/4025/3143 3384/2630/2199 3383/1839/1594 3379/1840/1595
f 1382/1621/1410 1381/3642/2921 1375/2168/1856 1376/1622/1411
f 475/2421/2046 474/4236/3233 468/4216/3225 469/2422/2047
f 1165/933/823 1164/1562/1364 1158/1561/1363 1159/3665/2938
f 3345/3618/2907 3344/2417/2042 3339/2416/2041 3340/3678/2948
f 1004/3956/4 1009/1947/1683 1003/1293/1131 998/4232/4
f 2101/2914/2406 2108/1686/1465 2107/3888/4 2106/2915/3
f 2113/1685/1464 2119/2978/2460 2124/2981/4 2118/3887/4
f 1685/4237/3234 1691/3532/2849 1690/2906/2399 1684/2909/2402
f 1486/2068/1779 1485/2067/1778 1479/3750/2996 1480/3749/2995
f 2647/3694/2961 2646/3695/2962 2640/4176/3205 2641/4175/3204
f 3208/3430/3 3209/2320/3 3213/2321/1973 3207/3187/2605
f 2449/982/867 2455/3232/2639 2454/2164/1852 2448/983/868
f 582/785/701 588/2599/2177 587/2741/2277 581/786/702
f 1023/700/627 1022/699/626 1016/1207/1062 1017/4073/3167
f 2532/2426/2051 2538/2425/2050 2537/3394/2764 2531/856/761
f 980/4219/4 985/3333/2719 979/2454/2073 974/2453/4
f 595/3031/2493 600/1501/1312 599/1353/1181 594/2739/2275
f 2181/3198/2615 2180/2747/2282 2175/3847/3053 2176/3518/2840
f 341/1520/1329 347/1519/1328 346/1553/1355 340/3441/2795
f 2677/910/805 2676/893/791 2671/892/790 2672/911/806
f 2440/957/844 2439/956/843 2432/2786/2311 2433/2785/2310
f 2112/1671/1452 2117/1670/1451 2116/885/785 2111/2650/2213
f 679/2720/2258 684/3632/2915 683/1954/1690 678/1957/1693
f 718/825/736 717/3670/2942 712/2790/2315 713/2727/2265
f 2523/3958/4 2528/3374/2751 2522/509/460 2517/508/4
f 1227/1485/248 1226/1484/1298 1220/1558/1360 1221/4238/3
f 2609/2150/1841 2615/2149/1840 2614/2338/4 2608/2274/3
f 263/767/683 268/1410/1233 267/1006/889 262/1009/892
f 3115/897/795 3120/2165/1853 3119/2423/2048 3114/898/796
f 1933/3768/3008 1940/3731/2987 1939/3729/2985 1932/3854/3058
f 2277/1392/1217 2281/3569/2873 2280/4239/3235 2276/1701/1476
f 1022/699/626 1029/698/625 1028/2496/4 1027/2810/193
f 661/3289/1936 670/4240/1205 669/3953/3108 665/3290/2682
f 3143/2988/2466 3149/4198/3214 3148/4241/248 3147/2989/3
f 2208/2816/2335 2215/1085/952 2214/539/485 2207/1966/1700
f 3005/4242/4 3001/3538/2853 3006/4243/3236
f 3001/3538/2853 3002/2495/2103 3006/4244/3237
f 3002/2495/2103 3003/2494/2102 3006/4245/3238
f 3003/2494/2102 3004/3916/3088 3006/4246/3239
f 3004/3916/3088 3005/3915/4 3006/4247/3236
f 2372/684/614 2371/683/613 2366/3320/2707 2367/3319/2706
f 899/2223/1282 901/1743/1513 903/342/311 898/2222/1899
f 2594/291/266 2604/373/340 2603/376/343 2593/2207/1886
f 73/117/115 95/129/125 94/160/153 68/108/106
f 2841/2976/2458 2846/2975/2457 2845/2428/2053 2840/860/765
f 130/322/291 129/321/290 114/2014/1735 115/1105/969
f 1053/4248/4 1058/2724/2262 1051/635/568 1052/2300/193
f 1352/155/149 1360/154/148 1359/780/696 1351/2519/2118
f 1855/237/220 1862/3669/2941 1861/1633/1420 1854/2122/1821
f 2561/3534/2851 2560/1014/897 2554/2884/2384 2555/2963/2448
f 1545/3277/2675 1544/2311/1967 1537/2310/1966 1538/3120/2557
f 2368/3753/2999 2373/3262/2664 2372/684/614 2367/3319/2706
f 2892/2940/2426 2898/1317/1153 2897/3433/2789 2891/3176/2596
f 2962/3378/2754 2967/3193/2611 2966/3194/248 2961/3379/3
f 3180/3531/2848 3184/3312/2701 3188/3314/4 3179/4249/3
f 3342/4190/3212 3346/4234/3232 3350/4235/4 3341/4250/3
f 2717/2537/2136 2723/4156/3197 2728/4158/3 2722/2538/3
f 2366/3320/2707 2371/683/613 2376/1196/1051 2365/3689/4
f 597/3989/3126 602/2187/1871 601/1502/1313 596/3030/2492
f 326/2640/2206 333/3443/2797 332/3979/1013 331/2641/1015
f 3314/1282/1124 3318/1281/1123 3317/2661/2219 3313/3366/2743
f 3247/1232/1083 3253/1948/1684 3252/1951/1687 3246/1233/1084
f 3429/3844/3051 3428/3850/3056 3423/3849/3055 3424/3845/3052
f 3173/414/378 3172/3135/2568 3166/3134/2567 3167/415/379
f 1689/2907/2400 1695/3080/2528 1700/3081/4 1694/3431/3
f 3039/2054/1768 3044/4023/3142 3043/2347/1992 3038/978/863
f 1002/1294/1132 1001/3181/2600 995/2471/2086 996/1295/1133
f 1484/4196/3213 1483/1595/1387 1477/3907/3084 1478/3896/3078
f 3056/2361/2006 3055/2360/2005 3050/2960/2445 3051/2391/2023
f 2901/2380/2019 2906/660/592 2905/3893/4 2900/2381/802
f 3387/1289/1129 3392/2540/2137 3396/2543/2139 3391/1290/4
f 3419/3911/3085 3425/820/731 3424/3845/3052 3418/4233/3231
f 1579/2590/2171 1585/2589/2170 1584/966/851 1578/969/854
f 1600/2804/2327 1599/2803/2326 1592/3088/2534 1593/3228/2636
f 3258/2566/2154 3257/1949/1685 3253/1948/1684 3254/2567/2155
f 2666/2470/2085 2665/2326/1976 2658/986/871 2659/985/870
f 1470/2812/2331 1475/4251/3240 1474/3363/2740 1469/2813/2332
f 1909/3680/2949 1915/4130/3189 1914/1248/1096 1908/1251/1099
f 2088/3688/3 2087/3687/2956 2082/3816/3037 2077/4252/4
f 3114/898/796 3113/3681/2950 3108/3103/2545 3109/899/797
f 3264/1922/1660 3263/1921/1659 3257/1949/1685 3258/2566/2154
f 1703/1871/1618 1702/1870/1617 1695/3080/2528 1696/2656/2216
f 2670/895/793 2669/2443/2066 2663/2442/2065 2664/2327/1977
f 3424/3845/3052 3423/3849/3055 3417/3704/2969 3418/4233/3231
f 1422/1577/247 1427/1576/1373 1421/1178/1035 1416/4253/3
f 1198/4254/3 1203/3371/2748 1197/2521/2120 1192/2703/247
f 1325/3365/2742 1331/1340/1174 1336/1343/28 1330/4255/193
f 2635/2340/1986 2640/4176/3205 2639/1540/1344 2634/1543/1347
f 1934/2176/1863 1933/3768/3008 1928/1585/1379 1929/2861/2366
f 397/3994/689 396/690/619 390/689/618 391/2663/1302
f 1758/760/676 1757/1088/955 1751/2082/1790 1752/761/677
f 2281/3569/2873 2286/244/226 2285/144/140 2280/4239/3235
f 884/668/598 888/667/597 887/3021/2486 883/2575/2159
f 3004/3916/3088 3003/2494/2102 2998/1204/1059 2999/3917/3089
f 2793/4184/4 2794/4091/4 2798/4092/3176 2792/1419/1240
f 3009/3738/2992 3010/4256/3241 3008/3572/2876
f 3011/3573/2877 3008/3572/2876 3010/4256/3241
f 3011/3573/2877 3010/4256/3241 3012/3800/3028
f 3013/4106/3180 3012/3800/3028 3010/4256/3241
f 626/1132/989 625/1131/988 619/2449/2069 620/1756/1524
f 3015/4016/3139 3014/4107/3181 3007/4015/635
f 3016/4257/248 3007/4015/635 3014/4107/3181
f 3155/42/41 3164/41/40 3168/3664/3 3154/4258/4
f 1660/64/63 1665/2525/2124 1670/3508/3 1659/3499/247
f 1858/593/4 1857/592/532 1849/3659/2934 1852/3660/2480
f 1974/3264/1162 1979/3115/2552 1972/3673/2944 1973/3997/4
f 129/321/290 145/320/289 160/4259/300 144/3501/303
f 1469/2813/2332 1468/2303/1959 1462/227/210 1463/226/209
f 149/13/13 165/402/368 164/401/367 148/256/234
f 1049/2513/2115 1056/3170/2593 1055/2531/2130 1048/576/517
f 1871/3420/2782 1878/3437/2792 1877/3537/4 1876/4260/4
f 2246/431/392 2245/2921/2410 2239/2117/1820 2240/432/393
f 1054/2530/2129 1060/2529/2128 1059/3205/4 1053/3015/4
f 1087/3837/3048 1093/852/758 1092/4075/3168 1086/4066/3164
f 592/4154/3049 597/3989/3126 590/3629/2912 591/3909/1609
f 2773/1613/1402 2772/834/745 2766/920/815 2767/1614/1403
f 1888/3840/240 1887/826/737 1882/3829/3045 1877/4261/4
f 685/2447/2067 684/3632/2915 679/2720/2258 680/2370/2013
f 3127/4262/4 3128/4263/4 3132/1758/1526 3126/1759/1527
f 1318/952/840 1323/951/839 1322/2966/2451 1317/3529/2846
f 2653/987/872 2658/986/871 2657/2328/1978 2652/1264/1108
f 2672/911/806 2671/892/790 2665/2326/1976 2666/2470/2085
f 2973/1829/1586 2978/2955/2441 2977/2146/1837 2972/1830/1587
f 3246/1233/1084 3245/3183/2602 3241/1486/1299 3242/500/452
f 1900/1610/1400 1905/1609/1399 1904/1615/1404 1899/1618/1407
f 3198/2933/2419 3197/2356/2001 3191/1624/1413 3192/1623/1412
f 2759/2436/2059 2766/920/815 2765/921/4 2764/3422/248
f 1305/1277/1120 1311/3528/2845 1310/3530/2847 1304/2029/1749
f 3175/3353/2734 3180/3531/2848 3179/4249/3 3174/3354/4
f 2522/509/460 2528/3374/2751 2527/3375/2752 2521/3159/2586
f 2010/1765/1531 2015/1764/1530 2008/2627/2196 2009/4122/4
f 3040/3073/2524 3039/2054/1768 3034/2053/1767 3035/3413/2777
f 970/2414/2039 969/1680/1460 962/1078/947 963/2709/2251
f 1587/3588/2889 1592/3088/2534 1597/3090/2535 1586/4116/4
f 3370/1724/1496 3367/2839/2350 3368/4264/3242 3369/4265/3243
f 2006/1936/1674 2013/1657/1440 2012/1660/1443 2005/1937/1675
f 2548/998/882 2554/2884/2384 2553/2885/3 2547/999/193
f 2555/2963/2448 2554/2884/2384 2548/998/882 2549/1201/1056
f 999/3991/3128 1005/794/710 1004/4100/4 998/3992/4
f 3333/3699/2965 3339/2416/2041 3338/2419/2044 3332/3298/2689
f 1574/2591/3 1579/2590/2171 1573/241/223 1568/240/4
f 2258/4266/2409 2259/3707/4 2263/3315/2702 2257/3318/2705
f 3109/899/797 3108/3103/2545 3104/1495/1308 3105/878/780
f 958/3122/2559 964/2707/2249 963/2709/2251 957/2761/2291
f 369/2762/2292 374/1645/1430 379/1648/1433 368/4132/2973
f 1782/1491/1304 1789/2992/2468 1788/3105/2546 1781/2491/2099
f 816/3767/3007 815/1273/1117 811/1272/1116 812/1708/1483
f 2991/2744/2280 2996/2743/2279 3000/4267/248 2995/4080/4
f 1435/2094/1800 1434/647/580 1428/646/579 1429/3988/3125
f 2482/3769/3009 2489/2843/2354 2488/2669/2225 2481/1786/1551
f 2218/1726/1498 2217/709/634 2211/708/633 2212/1052/926
f 293/231/214 298/550/495 292/754/671 282/481/436
f 904/1744/1514 907/4020/2644 909/1747/1516 906/339/308
f 517/2670/2226 524/1440/1261 523/1438/1259 516/3611/2904
f 3278/1076/945 3283/4212/3223 3282/4268/3244 3277/524/472
f 3067/1968/1702 3068/75/74 3073/3736/2991
f 3074/74/73 3073/3736/2991 3068/75/74
f 80/127/123 3/126/7 73/117/115 78/124/122
f 3069/2133/1829 3075/72/71 3068/75/74
f 3371/4269/4 3362/1723/1495 3370/1724/1496 3369/4265/3243
f 3072/3737/3 3073/3736/2991 3077/4270/3245
f 3073/3736/2991 3074/74/73 3077/4271/3246
f 3075/72/71 3076/3285/2681 3077/4272/3247
f 3076/3285/2681 3072/4273/3 3077/4274/3245
f 1953/87/86 1961/2487/2095 1960/2490/2098 1952/49/48
f 1728/328/297 1734/3557/2864 1733/3556/2863 1727/329/298
f 94/160/153 93/159/152 63/100/99 68/108/106
f 948/1468/1285 955/3610/2903 954/3256/2658 947/1469/1286
f 194/1472/1289 202/1471/1288 201/3941/2867 193/4275/523
f 125/307/278 124/306/277 108/150/144 109/2104/1808
f 2785/277/254 2795/3547/2856 2794/4231/4 2793/278/4
f 1700/3047/4 1699/3046/2505 1693/1627/1415 1694/1626/3
f 3296/4173/3202 3304/451/407 3303/454/410 3295/93/92
f 908/1748/1517 911/3322/2709 910/3325/2711 907/3241/2644
f 761/2246/1919 760/2245/1918 756/1931/1669 757/1930/1668
f 1577/968/853 1583/967/852 1582/3427/2786 1576/2788/2313
f 1202/3373/2750 1201/3448/2802 1195/1257/1103 1196/1256/1102
f 344/3208/2621 349/3099/2541 343/1023/904 338/3889/3074
f 2069/3585/2888 2068/1510/1321 2062/1509/1320 2063/656/588
f 3026/425/386 3025/1121/982 3020/1120/981 3021/426/387
f 1482/3766/3 1481/3765/3006 1475/4251/3240 1476/4276/3
f 1412/1334/1168 1419/3913/3087 1418/1700/1475 1411/1335/1169
f 755/1051/925 758/3788/3021 757/1930/1668 754/1932/1670
f 365/1387/1212 364/1386/1211 358/3209/2622 359/2954/2440
f 1802/3421/2783 1808/3385/2758 1807/3608/2902 1801/2970/2453
f 2944/254/232 2943/485/440 2936/484/439 2939/255/233
f 2000/1938/1676 1999/880/782 1993/4071/3166 1994/3720/2979
f 2656/3062/2516 2663/2442/2065 2662/2445/247 2661/3954/3109
f 602/2187/1871 609/1028/908 608/1499/1310 601/1502/1313
f 2642/3894/3077 2648/1313/1150 2647/3694/2961 2641/4175/3204
f 2956/1817/248 2961/2605/3 2965/1806/1570 2960/1818/1575
f 1220/1558/1360 1226/1484/1298 1225/1887/1632 1219/1559/1361
f 1281/3685/2954 1280/839/748 1274/838/747 1275/1003/886
f 3202/2932/2418 3201/2357/2002 3197/2356/2001 3198/2933/2419
f 323/2924/2413 322/3395/2765 316/3260/2662 317/3259/2661
f 3122/1400/4 3127/4262/4 3126/1759/1527 3121/1401/1224
f 2566/3781/3016 2565/1015/898 2560/1014/897 2561/3534/2851
f 1759/643/576 1764/1928/1666 1763/3818/3038 1758/760/676
f 2722/871/3 2721/870/773 2715/1237/1087 2716/3387/4
f 2623/3578/2882 2629/2341/1987 2628/4277/3248 2622/3579/2883
f 2629/2341/1987 2635/2340/1986 2634/1543/1347 2628/4277/3248
f 2004/881/783 2011/3392/2762 2010/4278/1531 2009/882/4
f 783/2084/1791 786/1998/1723 785/1996/1721 782/2085/1792
f 785/1996/1721 784/1428/1249 781/1427/1248 782/2085/1792
f 615/1027/907 621/1367/1193 620/1756/1524 614/3461/2807
f 1426/1426/1247 1425/1425/1246 1419/3913/3087 1420/1179/1036
f 1131/2683/247 1136/2681/2234 1129/3721/2980 1130/4279/3
f 364/1386/1211 371/1187/1043 370/1190/1046 363/2764/2294
f 1434/647/580 1440/2093/1799 1445/3138/3 1439/648/581
f 2945/253/193 2946/3415/193 2950/2958/2443 2944/254/232
f 515/651/583 522/1436/1257 521/1434/1255 514/652/584
f 2395/4006/247 2400/639/572 2394/638/571 2389/1416/617
f 1623/2665/2222 1628/542/488 1633/3019/3 1622/2666/248
f 409/216/200 419/215/199 408/3153/2582 407/1111/975
f 2055/3808/3033 2062/1509/1320 2061/1512/1323 2054/3807/3032
f 2408/273/250 2417/1140/997 2407/480/435 2406/4011/3136
f 3293/95/94 3292/94/93 3300/104/102 3291/4280/28
f 3297/4174/3203 3296/4173/3202 3295/93/92 3294/96/95
f 3469/2353/1998 3468/808/723 3463/807/722 3464/3237/2642
f 1640/3490/3 1645/3488/2826 1639/3131/2565 1634/3130/28
f 653/513/463 659/504/456 652/1742/1512 645/514/464
f 2236/301/274 2233/1973/1705 2234/3935/3100 2235/3936/3101
f 2150/3873/3068 2156/3060/2515 2161/3061/193 2155/3872/4
f 678/1957/1693 677/1956/1692 672/1378/1203 673/2721/2259
f 798/2013/1734 801/544/490 804/547/400 797/4281/403
f 954/3256/2658 953/3121/2558 946/3410/2775 947/1469/1286
f 1849/3659/2934 1857/592/532 1856/236/219 1848/239/222
f 185/1704/1479 194/1472/1289 193/4275/523 192/4186/526
f 3538/3757/3002 3537/4040/3149 3531/3084/2531 3532/2604/2180
f 892/2216/1894 891/2214/1892 886/1989/1718 887/3021/2486
f 3133/2241/1914 3138/2987/2465 3142/2990/4 3137/4121/28
f 2640/4176/3205 2646/3695/2962 2645/1267/1111 2639/1540/1344
f 2117/1670/1451 2123/2477/2090 2122/813/726 2116/885/785
f 1686/3429/2788 1685/4237/3234 1679/2867/2372 1680/2866/2371
f 2356/3626/2909 2362/3754/3000 2361/3321/2708 2355/3717/2976
f 355/3100/2542 360/2952/2438 359/2954/2440 354/3101/2543
f 322/3395/2765 328/3382/2756 327/3848/3054 321/1792/1557
f 2960/1818/1575 2959/846/753 2953/3389/2759 2954/1819/1576
f 883/2575/2159 882/1988/1717 878/2639/2205 879/2576/2160
f 2178/2796/2321 2177/2795/2320 2171/1555/1357 2172/1554/1356
f 1534/1892/1635 1533/3118/2555 1528/1011/894 1529/1381/1206
f 2337/3310/2699 2336/3107/2548 2330/3106/2547 2331/4044/3151
f 436/2191/1875 441/3332/2718 446/3620/2570 435/2192/1876
f 2362/3754/3000 2368/3753/2999 2367/3319/2706 2361/3321/2708
f 2907/661/593 2906/660/592 2901/2380/2019 2902/3525/2843
f 325/3254/2207 324/2922/2411 318/2808/2329 319/2807/2221
f 3450/2690/2240 3456/3351/2733 3455/4215/3224 3449/2691/2241
f 1130/4279/3 1129/3721/2980 1123/1229/1081 1124/1228/3
f 1800/2971/2454 1806/2716/2254 1805/1952/1688 1799/962/847
f 2917/3453/2805 2922/3452/2804 2921/1913/1651 2916/3606/2900
f 1963/389/355 1962/2886/2385 1957/2/2 1958/390/356
f 2646/3695/2962 2653/987/872 2652/1264/1108 2645/1267/1111
f 3416/2059/1771 3415/3327/2713 3409/3326/2712 3410/2060/1772
f 1021/1060/931 1020/854/759 1015/3890/3075 1010/3955/4
f 599/1353/1181 598/1352/1180 593/2740/2276 594/2739/2275
f 1370/2252/1924 1377/1619/1408 1376/1622/1411 1369/2170/1858
f 1693/1627/1415 1699/3046/2505 1698/3370/2747 1692/3428/2787
f 2370/959/845 2375/2324/1975 2374/3263/2665 2369/3752/2998
f 966/3446/2800 973/2455/2074 972/3396/2766 965/3397/2767
f 3352/1965/1699 3351/1571/1371 3346/4234/3232 3347/2775/2302
f 1204/3174/248 1209/3173/2595 1203/3371/2748 1198/4254/3
f 1083/2171/1859 1089/3362/2739 1094/4160/247 1088/2172/635
f 2715/1237/1087 2721/870/773 2720/2533/2132 2714/1238/1088
f 2384/3853/3057 2383/685/615 2378/682/612 2379/681/611
f 1216/1370/1196 1222/842/751 1227/845/248 1221/4082/3
f 2983/3102/2544 2982/2457/2075 2976/1940/1678 2977/2146/1837
f 1916/2893/2388 1915/4130/3189 1909/3680/2949 1910/2894/2389
f 1420/1179/1036 1419/3913/3087 1412/1334/1168 1413/1180/1037
f 3218/2201/1880 3217/1677/1457 3212/2805/2328 3213/2321/1973
f 1821/2385/2021 1826/2384/2020 1825/970/855 1820/973/858
f 1416/4253/3 1421/1178/1035 1414/1177/1034 1415/4067/4
f 2207/1966/1700 2206/1642/1427 2201/3257/2659 2202/2817/2336
f 1611/976/861 1610/2076/1786 1605/2802/2325 1606/977/862
f 1567/168/160 1573/241/223 1572/3576/2880 1566/1106/970
f 550/1538/1342 557/2482/2092 556/2483/918 555/2701/423
f 1430/1424/1245 1436/3162/2589 1435/2094/1800 1429/3988/3125
f 3148/4241/248 3149/4198/3214 3153/4282/3249
f 3149/4198/3214 3150/1986/1715 3153/4283/3250
f 3150/1986/1715 3151/1985/1714 3153/4284/3251
f 3151/1985/1714 3152/2672/2227 3153/4285/3252
f 3152/2672/2227 3148/3882/248 3153/4286/3249
f 3154/4258/4 3163/4287/240 3155/42/41
f 3156/4288/3253 3155/42/41 3163/4287/240
f 3156/4288/3253 3157/3869/3067 3155/42/41
f 3158/43/42 3155/42/41 3157/3869/3067
f 412/217/201 409/216/200 410/1110/974 411/4289/3254
f 3162/2127/1825 3161/3247/2650 3154/2126/4
f 3163/4290/240 3154/2126/4 3161/3247/2650
f 2151/2296/1954 2150/3873/3068 2139/191/178 2142/190/177
f 3373/2206/1885 3372/1689/1468 3363/3506/2833 3366/2841/2352
f 527/615/552 538/3959/3110 543/4229/1296 537/2086/1793
f 1402/3094/2538 1401/2943/2429 1395/2782/2307 1396/2781/2306
f 938/316/285 946/3410/2775 945/1133/990 937/1136/993
f 1159/3665/2938 1158/1561/1363 1152/1444/1263 1153/3662/2936
f 2280/4239/3235 2279/1068/939 2275/1067/938 2276/1701/1476
f 1457/3151/2581 1456/726/645 1455/229/212 1454/3150/2580
f 3047/2390/3 3052/3612/4 3056/2361/2006 3051/2391/2023
f 663/506/458 662/783/699 657/2268/1935 658/507/459
f 2899/1318/1154 2898/1317/1153 2892/2940/2426 2893/2939/2425
f 2939/255/233 2936/484/439 2937/3883/3071 2938/4053/3158
f 3464/3237/2642 3463/807/722 3458/3075/2526 3459/3417/2780
f 2721/870/773 2727/869/772 2726/3667/2939 2720/2533/2132
f 715/3097/2539 714/2726/2264 708/3690/2957 709/3098/2540
f 2070/3301/2691 2076/3300/2690 2075/3584/2887 2069/3585/2888
f 1907/1250/1098 1913/1249/1097 1918/3464/4 1912/2771/4
f 2331/4044/3151 2330/3106/2547 2324/1049/923 2325/361/328
f 1924/948/838 1930/947/837 1929/2861/2366 1923/2862/2367
f 1696/2656/2216 1695/3080/2528 1689/2907/2400 1690/2906/2399
f 1602/1981/1711 1601/3222/2631 1594/3227/2635 1595/3710/2971
f 2165/1002/885 2164/1556/1358 2158/557/500 2159/556/499
f 2823/2051/1765 2822/1634/1421 2817/1643/1428 2818/2052/1766
f 3257/1949/1685 3263/1921/1659 3262/3630/2913 3256/1950/1686
f 822/3116/2553 826/2735/2272 825/3587/2506 821/4291/2148
f 1375/2168/1856 1381/3642/2921 1380/3983/4 1374/4191/3
f 3028/3252/2655 3032/980/865 3036/4096/4 3027/3822/247
f 2661/4127/3109 2660/4126/3187 2655/1312/1149 2650/1311/4
f 2253/3944/3 2258/4266/2409 2257/3318/2705 2252/3820/3040
f 2441/2918/2408 2447/3043/2503 2446/954/841 2440/957/844
f 315/1795/1560 314/1794/1559 308/2195/1878 309/1164/1021
f 1205/2871/2376 1211/1371/1197 1210/4083/4 1204/3830/248
f 312/1674/1454 318/2808/2329 317/3259/2661 311/2732/2269
f 1890/3596/2894 1896/1847/1600 1895/1850/4 1889/4172/248
f 1673/2868/2373 1679/2867/2372 1678/3195/2612 1672/2523/2122
f 1265/1946/3 1270/1945/1682 1263/1113/976 1264/1112/3
f 474/4236/3233 479/1307/1145 478/1310/1148 473/1303/1141
f 3201/2357/2002 3206/3186/2604 3205/3369/2746 3200/2358/2003
f 2958/849/756 2957/3377/2753 2951/4101/3178 2952/3390/2760
f 3391/4193/4 3396/4194/2139 3395/2929/2417 3390/3892/3076
f 3397/4195/3 3402/3078/3 3406/3079/2527 3401/2926/2414
f 3207/3187/2605 3206/3186/2604 3201/2357/2002 3202/2932/2418
f 2080/1242/1092 2085/1241/1091 2084/4078/3169 2079/796/712
f 2527/3375/2752 2526/3268/2668 2520/2089/1795 2521/3159/2586
f 3337/3296/2687 3342/4190/3212 3341/4250/3 3336/4165/3
f 491/3037/2499 497/3036/2498 496/3843/3050 490/2463/2078
f 921/1663/1446 920/2228/1903 916/2227/1902 917/1664/1447
f 2669/2443/2066 2674/1513/1324 2679/1516/3 2668/2444/247
f 1121/1403/1226 1127/790/706 1126/3723/2981 1120/2038/1755
f 750/750/667 755/1051/925 754/1932/1670 749/2309/1965
f 2995/3543/4 3000/3914/248 2999/3917/3089 2994/3544/2855
f 1108/3759/3003 1113/2040/1757 1118/2654/247 1107/4292/247
f 1540/741/658 1539/3119/2556 1533/3118/2555 1534/1892/1635
f 776/3467/2812 781/1427/1248 780/1430/1251 779/3468/1163
f 2996/2743/2279 3001/3538/2853 3005/4242/4 3000/4267/248
f 3509/4293/4 3518/3091/4 3517/3065/2518 3513/4079/3170
f 2061/1512/1323 2060/2167/1855 2053/3806/3031 2054/3807/3032
f 3223/2023/4 3219/2022/1743 3224/4294/3255
f 3219/2022/1743 3220/1679/1459 3224/4295/3256
f 3220/1679/1459 3221/1678/1458 3224/4296/3257
f 3221/1678/1458 3222/2200/1879 3224/4297/3258
f 3222/2200/1879 3223/2199/4 3224/4298/3255
f 1242/612/549 1254/611/548 1253/4299/3 1241/2827/3
f 3228/268/245 3229/4300/3259 3227/269/246
f 3230/2686/2237 3227/269/246 3229/4300/3259
f 3230/2686/2237 3229/4300/3259 3231/2685/2236
f 3232/4114/3184 3231/2685/2236 3229/4300/3259
f 2287/245/227 2286/244/226 2281/3569/2873 2282/664/594
f 3234/3912/3086 3233/4115/3185 3226/4301/247
f 3225/4302/248 3226/4301/247 3233/4115/3185
f 3087/4303/4 3086/3270/193 3085/2465/2080 3084/2468/2083
f 116/235/218 131/1119/980 130/322/291 115/1105/969
f 645/514/464 642/324/293 643/323/292 644/515/465
f 2849/3973/3119 2854/4200/3215 2858/4199/193 2853/3974/248
f 126/1732/1502 141/294/269 140/297/272 125/307/278
f 3449/2691/2241 3448/385/352 3444/261/239 3445/2015/1736
f 112/183/172 128/1736/1506 127/1731/1501 111/157/150
f 1112/2062/1774 1117/1230/1082 1116/3981/3121 1111/1865/1612
f 408/3153/2582 405/1103/967 406/1104/968 407/1111/975
f 1996/1751/1519 1995/3719/2978 1989/1167/1024 1990/1752/1520
f 3321/2875/2380 3326/3067/2520 3330/4197/193 3325/2876/4
f 1475/4251/3240 1481/3765/3006 1480/3749/2995 1474/3363/2740
f 1091/2896/2391 1098/3082/2529 1097/3083/2530 1090/2897/2392
f 3195/2863/2368 3199/3898/3079 3203/4304/4 3194/3696/4
f 2348/3718/2977 2347/1234/1085 2342/3309/2698 2343/3308/2697
f 1591/3774/3012 1596/3709/2970 1595/3710/2971 1590/2581/2163
f 1987/1285/1127 1993/4071/3166 1992/4072/4 1986/1286/3
f 1582/3427/2786 1581/3589/2890 1575/2562/2153 1576/2788/2313
f 1692/3428/2787 1691/3532/2849 1685/4237/3234 1686/3429/2788
f 3340/3678/2948 3339/2416/2041 3333/3699/2965 3334/3059/2514
f 1059/4305/4 1064/1296/1134 1058/2724/2262 1053/4248/4
f 3404/3702/2968 3403/2594/2174 3398/2541/2138 3399/3675/2946
f 1101/3770/3010 1108/3759/3003 1107/4292/247 1106/4306/3201
f 3259/2565/771 3260/4125/3 3264/1922/1660 3258/2566/2154
f 696/4037/3148 701/4042/3150 705/4043/2694 700/4038/2693
f 454/2646/2211 453/2398/2028 448/3331/2717 449/3330/2716
f 1476/4276/3 1475/4251/3240 1470/2812/2331 1465/3746/3
f 1319/1589/1383 1325/3365/2742 1330/4255/193 1324/4307/3
f 3507/3878/3069 3504/4019/3141 3505/4018/3140 3506/3879/3070
f 2475/1788/1553 2480/1787/1552 2485/1976/4 2474/2797/4
f 345/3637/2918 351/2235/1908 350/2238/1911 344/4308/2621
f 2533/2427/2052 2532/2426/2051 2526/3268/2668 2527/3375/2752
f 952/3123/2560 951/3598/2896 944/1134/991 945/1133/990
f 1418/1700/1475 1417/1699/1474 1410/3449/2803 1411/1335/1169
f 2205/1054/928 2204/1053/927 2199/3434/2790 2200/3258/2660
f 607/1500/1311 613/2448/2068 612/2451/2071 606/1351/1179
f 637/1717/1491 636/631/564 630/630/563 631/1130/987
f 2709/1239/1089 2708/934/824 2701/521/469 2702/520/468
f 521/1434/1255 520/1432/1253 513/2262/1930 514/652/584
f 244/610/547 248/1154/1011 247/744/661 243/606/543
f 2024/1412/1235 2031/248/228 2030/251/231 2023/2662/2220
f 2284/143/139 2289/142/138 2293/348/4 2288/3129/4
f 2153/503/455 2152/558/501 2143/3867/3065 2146/337/306
f 192/585/526 191/584/525 184/422/384 177/4111/323
f 3008/3572/2876 3018/3405/2773 3017/4187/385 3007/3739/635
f 3285/4309/3 3280/4057/4 3286/4310/3260
f 3281/4056/3160 3286/4310/3260 3280/4057/4
f 3281/4056/3160 3282/4268/3244 3286/4310/3260
f 3287/4311/3261 3286/4310/3260 3282/4268/3244
f 3287/4311/3261 3282/4268/3244 3288/4312/3262
f 3283/4212/3223 3288/4312/3262 3282/4268/3244
f 3283/4212/3223 3284/2834/2347 3288/4312/3262
f 3289/2833/2346 3288/4312/3262 3284/2834/2347
f 2053/3806/3031 2060/2167/1855 2059/3023/4 2058/3805/4
f 3285/4309/3 3286/4310/3260 3290/4313/3263
f 3286/4310/3260 3287/4311/3261 3290/4314/3264
f 3287/4311/3261 3288/4312/3262 3290/4315/3265
f 3288/4312/3262 3289/2833/2346 3290/4316/3266
f 3289/2833/2346 3285/2832/3 3290/4317/3263
f 2286/244/226 2291/243/225 2290/141/137 2285/144/140
f 3368/4264/3242 3367/2839/2350 3366/2841/2352 3365/4318/3267
f 1141/4113/3183 1140/4112/3182 1139/4213/3 1138/4319/3
f 2102/2625/2194 2101/2914/2406 2095/2913/2405 2096/2179/1866
f 1639/3131/2565 1645/3488/2826 1644/3478/2817 1638/463/419
f 110/158/151 126/1732/1502 125/307/278 109/2104/1808
f 1038/579/520 1035/578/519 1036/2505/2109 1037/2510/2113
f 1149/2687/2238 1148/435/395 1147/282/257 1146/285/260
f 1893/828/739 1892/2532/2131 1885/2365/2010 1886/829/740
f 182/393/359 189/473/429 188/743/660 181/394/360
f 402/1095/961 401/763/679 394/762/678 395/691/620
f 927/2234/1907 926/2279/1942 922/3016/2483 923/4059/3161
f 1543/3283/4 1548/739/656 1541/738/655 1542/2849/3
f 3520/1216/1069 3524/940/830 3528/4124/4 3519/2889/4
f 944/1134/991 951/3598/2896 950/3599/4 949/3934/3
f 3199/3898/3079 3204/3368/2745 3208/3376/3 3203/4304/4
f 2169/2984/2464 2175/3847/3053 2174/4320/3 2168/2985/28
f 819/1776/1542 818/4119/3186 813/3832/3046 814/1274/1118
f 915/2768/2298 914/3323/2710 911/3322/2709 912/3986/3124
f 2332/801/717 2338/3643/2922 2337/3310/2699 2331/4044/3151
f 1877/4261/4 1882/3829/3045 1875/2578/2161 1876/2577/4
f 465/2561/2016 470/2420/2045 463/1221/1074 464/1220/1073
f 2472/2046/1763 2471/2045/1762 2465/2967/2452 2466/2766/2296
f 1290/3035/2497 1289/3526/2844 1283/2901/2396 1284/1200/1055
f 2479/1881/1627 2484/1880/1626 2483/1883/1628 2478/2043/1760
f 2947/3789/3022 2951/4101/3178 2955/4102/247 2946/3790/193
f 3311/3024/4 3320/1375/1201 3319/1280/1122 3315/1283/1125
f 2163/2025/1745 2162/2983/2463 2156/3060/2515 2157/2026/1746
f 2073/799/715 2072/798/714 2066/2166/1854 2067/1511/1322
f 1720/1862/1611 1726/2710/2252 1725/3554/3 1719/1863/240
f 2251/3819/3039 2256/3317/2704 2255/1831/1588 2250/1834/1591
f 2775/1037/914 2774/1036/913 2768/1612/1401 2769/1772/1538
f 1679/2867/2372 1685/4237/3234 1684/2909/2402 1678/3195/2612
f 2798/4092/3176 2797/2202/1881 2789/1420/1241 2792/1419/1240
f 994/2755/2287 993/2850/2359 986/2401/2030 987/2756/2288
f 869/2155/1845 872/2154/1844 871/2152/1843 868/3230/2638
f 1093/852/758 1100/851/757 1099/3775/3013 1092/4075/3168
f 1522/1363/1189 1521/1010/893 1516/2549/2143 1517/1364/1190
f 2758/3605/248 2757/3604/2899 2751/913/808 2752/4152/4
f 2757/3604/2899 2763/3603/2898 2762/1774/1540 2756/3697/2963
f 707/2854/2361 706/2789/2314 701/4042/3150 702/3827/3043
f 2746/4153/2365 2745/912/807 2740/2950/2436 2735/3240/28
f 2634/1543/1347 2633/1542/1346 2627/2647/2212 2628/4277/3248
f 3406/3079/2527 3405/3701/2967 3400/2927/2415 3401/2926/2414
f 1818/4094/3177 1817/3715/2975 1811/2593/2173 1812/2592/2172
f 2005/1937/1675 2004/881/783 1999/880/782 2000/1938/1676
f 3522/2560/2152 3526/2853/2360 3525/941/831 3521/1217/1070
f 3349/3617/2906 3348/2774/2301 3344/2417/2042 3345/3618/2907
f 363/2764/2294 362/2763/2293 356/2236/1909 357/3210/2623
f 3347/2775/2302 3346/4234/3232 3342/4190/3212 3343/2418/2043
f 3350/3616/4 3355/4133/4 3354/3055/2511 3349/3617/2906
f 3354/3055/2511 3353/1962/1696 3348/2774/2301 3349/3617/2906
f 1266/2779/2304 1272/3049/2507 1271/3051/1680 1265/4321/3
f 1195/1257/1103 1201/3448/2802 1200/2873/2378 1194/2900/2395
f 3033/981/866 3032/980/865 3028/3252/2655 3029/3251/2654
f 2905/3634/4 2910/4322/4 2914/3942/3103 2909/2434/2057
f 2269/3722/247 2274/662/3 2278/665/595 2273/1394/1219
f 1221/4238/3 1220/1558/1360 1215/1557/1359 1210/3172/4
f 902/341/310 905/340/309 904/3242/1514 901/4108/1513
f 1168/3128/3 1173/931/821 1166/930/820 1167/2751/4
f 3360/1573/4 3356/1572/1372 3361/4323/3268
f 3356/1572/1372 3357/1964/1698 3361/4324/3269
f 3357/1964/1698 3358/1963/1697 3361/4325/3270
f 3358/1963/1697 3359/3054/2510 3361/4326/3271
f 3359/3054/2510 3360/4134/4 3361/4327/3268
f 3362/3507/1495 3371/4328/4 3363/3506/2833
f 3364/4329/3272 3363/3506/2833 3371/4328/4
f 3364/4329/3272 3365/4318/3267 3363/3506/2833
f 3366/2841/2352 3363/3506/2833 3365/4318/3267
f 136/113/111 135/314/283 120/746/663 121/185/174
f 3421/2903/4 3422/4150/3 3426/821/732 3420/2904/2398
f 2224/3924/3092 2228/4330/3273 2223/3921/3091 2218/1726/1498
f 2590/2208/1887 2602/2273/1940 2607/2275/247 2601/4109/28
f 2500/588/529 2499/587/528 2510/4095/4 2509/4331/3
f 2056/657/589 2055/3808/3033 2046/3801/3029 2049/3274/2672
f 1452/228/211 1462/227/210 1451/2698/2246 1450/2700/2248
f 2603/376/343 2602/2273/1940 2590/2208/1887 2593/2207/1886
f 924/4058/2484 925/2231/1904 927/2234/1907 923/4059/3161
f 2608/4135/3 2613/2072/1782 2606/2071/1781 2607/4220/247
f 480/3700/2966 479/1307/1145 474/4236/3233 475/2421/2046
f 231/400/366 240/609/546 239/574/515 230/349/316
f 2890/3177/2597 2896/2379/2018 2895/2382/3 2894/4098/4
f 1599/2803/2326 1605/2802/2325 1604/3993/4 1598/3089/3
f 1292/3346/2729 1291/3032/2494 1285/1199/1054 1286/3684/2953
f 1511/1768/1534 1510/4035/3147 1504/2317/1970 1505/1769/1535
f 2452/3903/3082 2451/3902/3081 2445/955/842 2446/954/841
f 3385/3835/3047 3384/2630/2199 3380/4025/3143 3381/572/513
f 1322/2966/2451 1321/2754/2286 1316/1606/1397 1317/3529/2846
f 1068/3945/3104 1073/3514/2836 1072/3517/2839 1067/3950/3105
f 2174/3522/3 2179/3521/2842 2173/2957/2442 2168/2956/28
f 1099/3775/3013 1098/3082/2529 1091/2896/2391 1092/4075/3168
f 3191/1624/1413 3197/2356/2001 3196/2359/2004 3190/2865/2370
f 2447/3043/2503 2453/2163/1851 2452/3903/3082 2446/954/841
f 2425/1449/1267 2431/3347/2730 2430/3189/2607 2424/2304/1960
f 1898/1617/1406 1903/1616/1405 1902/2614/2186 1897/2615/2187
f 486/1308/1146 491/3037/2499 490/2463/2078 485/1309/1147
f 1302/2364/2009 1301/2363/2008 1296/3510/2834 1297/3034/2496
f 1314/1590/1384 1319/1589/1383 1324/4307/3 1313/4070/3
f 3535/3216/2627 3539/1857/1606 3543/2852/193 3534/4076/3001
f 468/4216/3225 474/4236/3233 473/1303/1141 467/1306/1144
f 448/3331/2717 453/2398/2028 458/2399/1076 447/3619/1929
f 703/3691/2958 708/3690/2957 707/2854/2361 702/3827/3043
f 2963/848/755 2962/3378/2754 2957/3377/2753 2958/849/756
f 3136/925/817 3135/2800/2323 3131/873/775 3132/1758/1526
f 1096/3361/2738 1101/3770/3010 1106/4306/3201 1095/4159/3
f 2742/2938/2424 2741/2858/2364 2736/2857/2363 2737/3190/2608
f 2355/3717/2976 2354/904/800 2347/1234/1085 2348/3718/2977
f 357/3210/2623 356/2236/1909 351/2235/1908 352/1552/1354
f 2077/4252/4 2082/3816/3037 2076/3300/2690 2071/3299/247
f 1104/1868/1615 1103/1867/1614 1098/3082/2529 1099/3775/3013
f 367/3714/2330 366/2953/2439 360/2952/2438 361/4034/1910
f 3128/4263/4 3137/922/28 3136/925/817 3132/1758/1526
f 2525/859/764 2524/858/763 2518/3855/3059 2519/2090/1796
f 492/3029/2491 491/3037/2499 486/1308/1146 487/3668/2940
f 2175/3847/3053 2180/2747/2282 2185/2750/2284 2174/4320/3
f 3332/3298/2689 3331/3297/2688 3326/3067/2520 3327/3066/2519
f 1001/3181/2600 1007/1603/1394 1006/795/711 1000/3182/2601
f 3044/4023/3142 3050/2960/2445 3049/2344/1989 3043/2347/1992
f 1072/3517/2839 1071/900/798 1066/3203/2619 1067/3950/3105
f 588/2599/2177 595/3031/2493 594/2739/2275 587/2741/2277
f 614/3461/2807 613/2448/2068 607/1500/1311 608/1499/1310
f 2382/2323/1974 2387/1417/1239 2386/993/877 2381/996/880
f 1017/4073/3167 1016/1207/1062 1011/793/709 1012/792/708
f 2910/4322/4 2919/1547/4 2918/1550/1352 2914/3942/3103
f 2376/2325/1051 2375/2324/1975 2370/959/845 2365/958/4
f 3427/3851/3 3428/3850/3056 3432/4332/3274
f 3428/3850/3056 3429/3844/3051 3432/4333/3275
f 3429/3844/3051 3430/819/730 3432/4334/3276
f 3430/819/730 3431/818/729 3432/4335/3277
f 3431/818/729 3427/4151/3 3432/4336/3274
f 3442/263/4 3433/4337/247 3434/260/238
f 3435/4338/3278 3434/260/238 3433/4337/247
f 3435/4338/3278 3436/4339/3279 3434/260/238
f 3437/2016/1737 3434/260/238 3436/4339/3279
f 3437/2016/1737 3436/4339/3279 3438/2946/2432
f 3439/3682/2951 3438/2946/2432 3436/4339/3279
f 3181/1184/1041 3180/3531/2848 3175/3353/2734 3176/3339/2724
f 3441/2947/2433 3440/3683/2952 3442/4340/4
f 3433/4341/247 3442/4340/4 3440/3683/2952
f 88/181/170 104/180/169 87/140/136 38/59/58
f 138/164/157 137/110/108 122/184/173 123/3148/2578
f 3445/2015/1736 3437/2016/1737 3446/2689/2239
f 3438/2946/2432 3446/2689/2239 3437/2016/1737
f 2537/3394/2764 2536/2745/2281 2530/857/762 2531/856/761
f 3447/2945/2431 3441/2947/2433 3443/4145/240
f 3442/4340/4 3443/4145/240 3441/2947/2433
f 2924/1548/208 2925/4227/4 2929/4225/3229 2923/1549/1351
f 738/438/397 743/1455/1273 742/267/244 737/439/398
f 2878/490/443 2877/4163/3200 2873/2551/2145 2874/491/444
f 2243/299/4 2244/3943/193 2248/3163/2590 2242/300/273
f 3177/3338/2723 3182/1181/1038 3181/1184/1041 3176/3339/2724
f 3457/816/727 3456/3351/2733 3450/2690/2240 3451/817/728
f 2889/4218/193 2894/3213/4 2893/2939/2425 2888/2942/2428
f 2818/2052/1766 2817/1643/1428 2811/1524/1331 2812/2773/2300
f 3395/2929/2417 3394/2928/2416 3389/2631/2200 3390/3892/3076
f 2078/797/713 2083/2157/1847 2088/2160/3 2077/4342/4
f 1363/3635/2916 1368/2169/1857 1373/4192/3 1362/4148/3
f 1478/3896/3078 1477/3907/3084 1471/3040/2502 1472/2633/2202
f 3408/3329/2715 3407/2595/2175 3403/2594/2174 3404/3702/2968
f 1189/1259/1105 1188/1258/1104 1182/1062/933 1183/1373/1199
f 440/3542/2854 445/3136/2569 444/2737/2274 439/3261/2663
f 1819/972/857 1824/971/856 1823/1876/1623 1818/4094/3177
f 3108/3103/2545 3113/3681/2950 3117/4189/3 3112/3104/3
f 1078/3516/2838 1077/901/799 1071/900/798 1072/3517/2839
f 466/1305/1143 472/1304/1142 471/1824/1581 465/2373/2016
f 2630/1211/1064 2629/2341/1987 2623/3578/2882 2624/2623/2192
f 2190/3342/2727 2189/3196/2613 2182/2794/2319 2183/2793/2318
f 2765/4155/4 2770/3238/2643 2763/3603/2898 2764/3602/248
f 2577/1127/4 2582/1126/986 2575/1653/1436 2576/3905/240
f 690/2723/2261 689/2142/1833 684/3632/2915 685/2447/2067
f 978/3335/2721 977/2982/2462 971/2708/2250 972/3396/2766
f 2373/3262/2664 2380/995/879 2379/681/611 2372/684/614
f 1515/2550/2144 1514/3423/2784 1508/2249/1922 1509/3614/2905
f 1133/2677/2230 1132/2675/2228 1125/3044/2504 1126/3723/2981
f 2733/3235/2640 2740/2950/2436 2739/2951/2437 2732/3027/2489
f 1837/3265/2666 1836/2307/1963 1831/2306/1962 1832/3266/2667
f 2288/1984/4 2293/3748/4 2292/242/224 2287/245/227
f 457/1222/1075 463/1221/1074 462/3336/2722 456/1873/1620
f 1129/3721/2980 1136/2681/2234 1135/788/704 1128/791/707
f 1259/2780/2305 1266/2779/2304 1265/4321/3 1264/4343/3
f 730/1898/1641 729/1086/953 723/823/734 724/2190/1874
f 2375/2324/1975 2382/2323/1974 2381/996/880 2374/3263/2665
f 628/1977/1707 634/1713/1487 639/1712/1486 633/2696/1662
f 670/4240/1205 671/2368/1204 675/2371/2014 669/3953/3108
f 3497/4344/4 3492/1695/1049 3493/4345/3280
f 3488/1694/1471 3493/4345/3280 3492/1695/1049
f 3488/1694/1471 3489/1757/1525 3493/4345/3280
f 3494/4346/3281 3493/4345/3280 3489/1757/1525
f 3494/4346/3281 3489/1757/1525 3495/4347/3282
f 3490/3641/2920 3495/4347/3282 3489/1757/1525
f 3490/3641/2920 3491/1194/1050 3495/4347/3282
f 3496/2281/1943 3495/4347/3282 3491/1194/1050
f 2873/2551/2145 2877/4163/3200 2876/2693/2243 2872/2694/2244
f 3497/4344/4 3493/4345/3280 3498/4348/3283
f 3493/4345/3280 3494/4346/3281 3498/4349/3284
f 3494/4346/3281 3495/4347/3282 3498/4350/3285
f 3495/4347/3282 3496/2281/1943 3498/4351/3286
f 3496/2281/1943 3497/2280/4 3498/4352/3283
f 71/109/107 68/108/106 63/100/99 69/106/104
f 288/728/646 287/730/647 286/233/216 285/259/237
f 145/320/289 161/357/324 176/397/363 160/4259/300
f 174/420/382 173/391/357 157/295/270 158/2091/1797
f 2699/27/27 2706/2075/1785 2705/2910/4 2704/28/3
f 3508/3877/28 3509/4293/4 3513/4079/3170 3507/3878/3069
f 414/1116/978 413/1118/979 412/217/201 411/4289/3254
f 2173/2957/2442 2179/3521/2842 2178/2796/2321 2172/1554/1356
f 2063/656/588 2062/1509/1320 2055/3808/3033 2056/657/589
f 639/1721/1486 638/1719/1493 632/1925/1663 633/1924/1662
f 840/2102/1801 839/2100/1806 836/1160/1017 833/2492/2100
f 3308/453/409 3307/3357/2736 3302/102/101 3303/454/410
f 1915/4130/3189 1922/1584/1378 1921/1587/1381 1914/1248/1096
f 1573/241/223 1579/2590/2171 1578/969/854 1572/3576/2880
f 868/3230/2638 867/3068/2521 862/1798/1562 863/2147/1838
f 2563/1391/1216 2562/3533/2850 2556/2962/2447 2557/3904/3083
f 680/2370/2013 679/2720/2258 674/2719/2257 675/2371/2014
f 3305/629/562 3304/451/407 3296/4173/3202 3299/2507/2110
f 563/679/609 562/2047/1764 557/2482/2092 558/680/610
f 1106/4171/3201 1105/2061/1773 1100/851/757 1095/850/3
f 3334/3059/2514 3333/3699/2965 3328/3185/2603 3329/2883/2383
f 1270/1945/1682 1276/1944/1681 1275/1003/886 1269/1005/888
f 1788/3105/2546 1787/3760/3004 1780/4063/3163 1781/2491/2099
f 957/2761/2291 956/1077/946 951/3598/2896 952/3123/2560
f 1067/3950/3105 1066/3203/2619 1060/2529/2128 1061/2528/2127
f 1897/2615/2187 1896/1847/1600 1890/3596/2894 1891/3595/2893
f 2543/1202/1057 2542/997/881 2536/2745/2281 2537/3394/2764
f 2451/3902/3081 2457/2636/2203 2456/2638/2204 2450/4169/4
f 2895/3214/3 2900/3633/802 2904/1315/1151 2899/1318/1154
f 1884/3597/2895 1883/3535/2852 1878/3437/2792 1879/3436/2791
f 1122/1404/1227 1121/1403/1226 1115/3711/2972 1116/3981/3121
f 1524/992/876 1523/991/875 1518/1362/1188 1513/2254/4
f 2268/3447/2801 2267/2728/2266 2262/3316/2703 2263/3315/2702
f 1865/1631/1418 1871/3420/2782 1876/4260/4 1870/4131/4
f 2655/1312/1149 2660/4126/3187 2659/985/870 2654/988/873
f 2987/2799/2322 2986/2711/2253 2982/2457/2075 2983/3102/2544
f 3415/3327/2713 3419/3911/3085 3418/4233/3231 3414/3328/2714
f 2436/890/789 2443/889/788 2442/984/869 2435/3188/2606
f 818/4119/3186 822/3116/2553 821/4291/2148 817/4120/2149
f 2011/3392/2762 2016/2459/2076 2021/2462/4 2010/4278/1531
f 1928/1585/1379 1933/3768/3008 1932/3854/3058 1927/1586/1380
f 3322/2660/2218 3321/2875/2380 3316/2874/2379 3317/2661/2219
f 2103/2624/2193 2110/1337/1171 2109/1339/1173 2102/2625/2194
f 2535/1641/193 2540/1640/1426 2534/3071/2523 2529/3957/193
f 1429/3988/3125 1428/646/579 1423/1698/1473 1424/1697/1472
f 1786/2760/240 1791/2759/2290 1784/702/628 1785/701/4
f 2359/961/802 2364/960/846 2358/1593/1386 2353/1592/3
f 965/3397/2767 964/2707/2249 958/3122/2559 959/3255/2657
f 1770/1927/1665 1777/1492/1305 1776/2247/1920 1769/2248/1921
f 2322/3012/2481 2328/3471/2813 2327/802/718 2321/4061/3162
f 382/1383/1208 388/1919/1657 387/2031/1751 381/1711/1485
f 649/1727/1499 646/512/462 647/1725/1497 648/1728/1500
f 271/1414/1237 275/717/641 274/715/639 270/3496/2830
f 537/3938/1793 542/759/675 535/758/674 526/1453/1271
f 211/1457/1274 219/363/330 218/366/333 210/1753/1521
f 290/757/263 300/756/673 295/2265/1932 289/2264/264
f 1254/611/548 1259/2780/2305 1264/4343/3 1253/4299/3
f 3567/3409/2774 3566/2846/2356 3562/2845/2355 3563/3125/2562
f 3568/2290/4 3564/2289/1949 3569/4353/3287
f 3564/2289/1949 3565/2847/2357 3569/4354/3288
f 3565/2847/2357 3566/2846/2356 3569/4355/3289
f 3566/2846/2356 3567/3409/2774 3569/4356/3290
f 3567/3409/2774 3568/3408/4 3569/4357/3287
f 3226/4301/247 3239/1128/248 3238/887/787 3234/3912/3086
f 1351/2519/2118 1348/3006/2478 1349/3007/2479 1350/2520/2119
f 834/2302/1958 837/2096/1802 840/2095/1801 833/4060/2100
f 3282/4268/3244 3281/4056/3160 3276/525/473 3277/524/472
f 2508/4054/3159 2507/3482/2821 2506/119/117 2505/122/120
f 2557/3904/3083 2556/2962/2447 2550/2961/2446 2551/3056/2512
f 1344/204/189 1356/203/188 1361/4149/147 1355/3004/28
f 950/3640/4 955/3610/2903 948/1468/1285 949/4230/3
f 2285/144/140 2284/143/139 2279/1068/939 2280/4239/3235
f 3374/2840/2351 3380/4025/3143 3379/1840/1595 3373/2206/1885
f 2426/3348/247 2431/3347/2730 2425/1449/1267 2420/1448/3
f 233/723/533 240/609/546 231/400/366 232/566/509
f 2883/4162/3199 2882/4161/3198 2877/4163/3200 2878/490/443
f 3183/1846/1599 3182/1181/1038 3177/3338/2723 3178/1785/1550
f 1289/3526/2844 1296/3510/2834 1295/3512/4 1294/3622/247
f 704/3306/2695 703/3691/2958 698/3821/3041 699/3307/2696
f 3336/3677/3 3341/3615/3 3345/3618/2907 3340/3678/2948
f 2881/3303/2692 2880/2138/1832 2875/475/431 2876/2693/2243
f 2256/3317/2704 2262/3316/2703 2261/3627/2910 2255/1831/1588
f 2754/3901/3080 2753/3164/2591 2747/2937/2423 2748/2936/2422
f 1094/853/247 1093/852/758 1087/3837/3048 1088/3836/635
f 2837/3221/2630 2836/3295/2686 2832/1842/1597 2833/1841/1596
f 442/2355/2000 441/3332/2718 436/2191/1875 437/2299/1957
f 2082/3816/3037 2087/3687/2956 2086/1240/1090 2081/1243/1093
f 823/1826/1583 822/3116/2553 818/4119/3186 819/1776/1542
f 1404/4068/4 1409/3985/3123 1403/3984/3122 1398/4031/4
f 1273/841/750 1272/3049/2507 1266/2779/2304 1267/2778/2303
f 3459/3417/2780 3458/3075/2526 3454/3074/2525 3455/4215/3224
f 1487/3764/3005 1493/3772/3011 1492/2065/1776 1486/2068/1779
f 2072/798/714 2078/797/713 2077/4342/4 2071/4214/247
f 982/3886/3073 981/2400/2029 975/2413/2038 976/2412/2037
f 1677/2570/2156 1683/2908/2401 1688/3432/3 1682/2571/2157
f 2743/3212/2625 2749/3211/2624 2748/2936/2422 2742/2938/2424
f 476/2034/1753 481/2033/1752 480/3700/2966 475/2421/2046
f 2882/4161/3198 2887/2941/2427 2886/3179/2599 2881/3303/2692
f 2727/869/772 2733/3235/2640 2732/3027/2489 2726/3667/2939
f 461/2644/2209 468/4216/3225 467/1306/1144 460/2645/2210
f 3531/3084/2531 3537/4040/3149 3536/3215/2626 3530/938/828
f 1994/3720/2979 1993/4071/3166 1987/1285/1127 1988/1168/1025
f 987/2756/2288 986/2401/2030 981/2400/2029 982/3886/3073
f 2518/3855/3059 2524/858/763 2523/4118/4 2517/3856/4
f 1090/2897/2392 1089/3362/2739 1083/2171/1859 1084/2898/2393
f 445/3136/2569 452/1872/1619 451/1874/1621 444/2737/2274
f 503/1508/1319 502/1507/1318 495/1579/1375 496/3843/3050
f 2084/4078/3169 2083/2157/1847 2078/797/713 2079/796/712
f 2621/2336/1984 2627/2647/2212 2626/2649/193 2620/2337/193
f 923/4059/3161 922/3016/2483 920/2228/1903 921/1663/1446
f 1391/3751/2997 1397/4032/3146 1396/2781/2306 1390/2784/2309
f 504/1782/1548 510/650/582 509/653/585 503/1508/1319
f 1880/2366/2011 1885/2365/2010 1884/3597/2895 1879/3436/2791
f 1260/383/350 1259/2780/2305 1254/611/548 1255/384/351
f 419/215/199 425/1139/996 418/458/414 408/3153/2582
f 2855/1397/1222 2854/4200/3215 2849/3973/3119 2850/1398/1223
f 1747/303/275 1755/497/449 1754/645/578 1746/2837/2348
f 1775/1031/910 1780/4063/3163 1785/4064/4 1774/1032/248
f 2929/4225/3229 2928/4014/3138 2922/3452/2804 2923/1549/1351
f 849/2109/1813 848/2111/1815 847/2108/1812 846/2106/1810
f 1358/1084/951 1365/1083/950 1364/3636/2917 1357/202/187
f 2580/2396/2026 2586/3552/2861 2585/731/648 2579/734/651
f 2503/120/118 2514/2088/1794 2502/586/527 2501/589/530
f 2943/485/440 2949/2959/2444 2948/3391/2761 2942/486/441
f 655/4093/389 656/3288/1937 660/3291/2683 654/3784/3019
f 3200/2358/2003 3199/3898/3079 3195/2863/2368 3196/2359/2004
f 1490/2587/2169 1489/926/818 1483/1595/1387 1484/4196/3213
f 973/2455/2074 979/2454/2073 978/3335/2721 972/3396/2766
f 3456/3351/2733 3460/3350/2732 3459/3417/2780 3455/4215/3224
f 1593/3228/2636 1592/3088/2534 1587/3588/2889 1588/3229/2637
f 2442/984/869 2441/2918/2408 2434/2917/2407 2435/3188/2606
f 1065/3846/635 1070/1297/1135 1064/1296/1134 1059/4305/4
f 339/3442/2796 345/3637/2918 344/4308/2621 338/3978/3074
f 1604/3987/4 1609/1979/1709 1603/1978/1708 1598/4022/3
f 3048/2345/1990 3053/2404/2031 3052/2407/4 3047/4123/3
f 3312/3358/2737 3316/2874/2379 3320/2877/1201 3311/3359/4
f 2731/3026/2488 2738/3025/2487 2737/3190/2608 2730/3192/2610
f 2471/2045/1762 2477/2044/1761 2476/1789/1554 2470/1527/1334
f 1868/2411/2036 1867/2410/2035 1862/3669/2941 1863/3124/2561
f 914/3323/2710 916/2227/1902 918/2230/1444 913/3324/2297
f 2724/3053/2509 2723/4156/3197 2717/2537/2136 2718/2742/2278
f 2127/1582/1376 2126/2979/2461 2119/2978/2460 2120/1583/1377
f 983/3885/3072 988/2472/2087 987/2756/2288 982/3886/3073
f 2345/1271/1115 2344/227/2647 2338/3643/2922 2339/3976/3120
f 272/1415/1238 271/1414/1237 268/1410/1233 265/1409/1232
f 3063/776/692 3062/1967/1701 3058/2405/2032 3059/777/693
f 262/1009/892 261/1008/891 258/1460/1277 259/1459/1276
f 617/2814/2333 623/2695/2245 622/2697/1191 616/3999/1194
f 197/742/659 196/3574/2878 187/1902/1643 188/743/660
f 3071/1650/1434 3072/4273/3 3076/3285/2681 3070/1651/1435
f 790/2004/1727 798/2013/1734 797/4281/403 789/2002/1725
f 2444/4188/4 2449/982/867 2443/889/788 2438/888/4
f 3344/2417/2042 3348/2774/2301 3347/2775/2302 3343/2418/2043
f 1276/1944/1681 1282/3201/2618 1281/3685/2954 1275/1003/886
f 2628/4277/3248 2627/2647/2212 2621/2336/1984 2622/3579/2883
usemtl Leaves_TwistedTree
f 5602/4358/3291 5605/4359/3292 5604/4360/3293 5603/4361/3294
f 6766/4358/3295 6769/4359/3296 6768/4360/3297 6767/4361/3298
f 3838/4358/3299 3841/4359/3300 3840/4360/3301 3839/4361/3302
f 4074/4358/3303 4077/4359/3304 4076/4360/3305 4075/4361/3306
f 5650/4358/3307 5653/4359/3308 5652/4360/3309 5651/4361/3310
f 5598/4358/3311 5601/4359/3312 5600/4360/3313 5599/4361/3314
f 4570/4358/3315 4573/4359/3316 4572/4360/3317 4571/4361/3318
f 3917/4362/3319 3916/4363/3320 3915/4364/3321 3914/4365/3322
f 6042/4358/3323 6045/4359/3324 6044/4360/3325 6043/4361/3326
f 6454/4358/3327 6457/4359/3328 6456/4360/3329 6455/4361/3330
f 6593/4362/3331 6592/4363/3332 6591/4364/3333 6590/4365/3334
f 7998/4358/3335 8001/4359/3336 8000/4360/3337 7999/4361/3338
f 3906/4358/3339 3909/4359/3340 3908/4360/3341 3907/4361/3342
f 6077/4362/3343 6076/4363/3344 6075/4364/3345 6074/4365/3346
f 3730/4358/3347 3733/4359/3348 3732/4360/3349 3731/4361/3350
f 6658/4358/3351 6661/4359/3352 6660/4360/3353 6659/4361/3354
f 6677/4362/3355 6676/4363/3356 6675/4364/3357 6674/4365/3358
f 7286/4358/3359 7289/4359/3360 7288/4360/3361 7287/4361/3362
f 5686/4358/3363 5689/4359/3364 5688/4360/3365 5687/4361/3366
f 6701/4362/3367 6700/4363/3368 6699/4364/3369 6698/4365/3370
f 4534/4358/3371 4537/4359/3372 4536/4360/3373 4535/4361/3374
f 6342/4358/3375 6345/4359/3376 6344/4360/3377 6343/4361/3378
f 4685/4362/3379 4684/4363/3380 4683/4364/3381 4682/4365/3382
f 4690/4358/3383 4693/4359/3384 4692/4360/3385 4691/4361/3386
f 3762/4358/3387 3765/4359/3388 3764/4360/3389 3763/4361/3390
f 4325/4362/3391 4324/4363/3392 4323/4364/3393 4322/4365/3394
f 8006/4358/3395 8009/4359/3396 8008/4360/3397 8007/4361/3398
f 3862/4358/3399 3865/4359/3400 3864/4360/3401 3863/4361/3402
f 3737/4362/3403 3736/4363/3404 3735/4364/3405 3734/4365/3406
f 4990/4358/3407 4993/4359/3408 4992/4360/3409 4991/4361/3410
f 6910/4358/3411 6913/4359/3412 6912/4360/3413 6911/4361/3414
f 7309/4362/3415 7308/4363/3416 7307/4364/3417 7306/4365/3418
f 4590/4358/3419 4593/4359/3420 4592/4360/3421 4591/4361/3422
f 8126/4358/3423 8129/4359/3424 8128/4360/3425 8127/4361/3426
f 4781/4362/3427 4780/4363/3428 4779/4364/3429 4778/4365/3430
f 4758/4358/3431 4761/4359/3432 4760/4360/3433 4759/4361/3434
f 4450/4358/3435 4453/4359/3436 4452/4360/3437 4451/4361/3438
f 6997/4362/3439 6996/4363/3440 6995/4364/3441 6994/4365/3442
f 4114/4358/3443 4117/4359/3444 4116/4360/3445 4115/4361/3446
f 4866/4358/3447 4869/4359/3448 4868/4360/3449 4867/4361/3450
f 6353/4362/3451 6352/4363/3452 6351/4364/3453 6350/4365/3454
f 5122/4358/3455 5125/4359/3456 5124/4360/3457 5123/4361/3458
f 3706/4358/3459 3709/4359/3460 3708/4360/3461 3707/4361/3462
f 3653/4362/3463 3652/4363/3464 3651/4364/3465 3650/4365/3466
f 6522/4358/3467 6525/4359/3468 6524/4360/3469 6523/4361/3470
f 7190/4358/3471 7193/4359/3472 7192/4360/3473 7191/4361/3474
f 3725/4362/3475 3724/4363/3476 3723/4364/3477 3722/4365/3478
f 8102/4358/3479 8105/4359/3480 8104/4360/3481 8103/4361/3482
f 6562/4358/3483 6565/4359/3484 6564/4360/3485 6563/4361/3486
f 6569/4362/3487 6568/4363/3488 6567/4364/3489 6566/4365/3490
f 3766/4358/3491 3769/4359/3492 3768/4360/3493 3767/4361/3494
f 4794/4358/3495 4797/4359/3496 4796/4360/3497 4795/4361/3498
f 4901/4362/3499 4900/4363/3500 4899/4364/3501 4898/4365/3502
f 5782/4358/3503 5785/4359/3504 5784/4360/3505 5783/4361/3506
f 5646/4358/3507 5649/4359/3508 5648/4360/3509 5647/4361/3510
f 5381/4362/3511 5380/4363/3512 5379/4364/3513 5378/4365/3514
f 6694/4358/3515 6697/4359/3516 6696/4360/3517 6695/4361/3518
f 4666/4358/3519 4669/4359/3520 4668/4360/3521 4667/4361/3522
f 5693/4362/3523 5692/4363/3524 5691/4364/3525 5690/4365/3526
f 7898/4358/3527 7901/4359/3528 7900/4360/3529 7899/4361/3530
f 3622/4358/3531 3625/4359/3532 3624/4360/3533 3623/4361/3534
f 7333/4362/3535 7332/4363/3536 7331/4364/3537 7330/4365/3538
f 8238/4358/3539 8241/4359/3540 8240/4360/3541 8239/4361/3542
f 4774/4358/3543 4777/4359/3544 4776/4360/3545 4775/4361/3546
f 6245/4362/3547 6244/4363/3548 6243/4364/3549 6242/4365/3550
f 3958/4358/3551 3961/4359/3552 3960/4360/3553 3959/4361/3554
f 6822/4358/3555 6825/4359/3556 6824/4360/3557 6823/4361/3558
f 4817/4362/3559 4816/4363/3560 4815/4364/3561 4814/4365/3562
f 6538/4358/3563 6541/4359/3564 6540/4360/3565 6539/4361/3566
f 6082/4358/3567 6085/4359/3568 6084/4360/3569 6083/4361/3570
f 4241/4362/3571 4240/4363/3572 4239/4364/3573 4238/4365/3574
f 7770/4358/3575 7773/4359/3576 7772/4360/3577 7771/4361/3578
f 5466/4358/3579 5469/4359/3580 5468/4360/3581 5467/4361/3582
f 5429/4362/3583 5428/4363/3584 5427/4364/3585 5426/4365/3586
f 6598/4358/3587 6601/4359/3588 6600/4360/3589 6599/4361/3590
f 5742/4358/3591 5745/4359/3592 5744/4360/3593 5743/4361/3594
f 6725/4362/3595 6724/4363/3596 6723/4364/3597 6722/4365/3598
f 7226/4358/3599 7229/4359/3600 7228/4360/3601 7227/4361/3602
f 4654/4358/3603 4657/4359/3604 4656/4360/3605 4655/4361/3606
f 7945/4362/3607 7944/4363/3608 7943/4364/3609 7942/4365/3610
f 7574/4358/3611 7577/4359/3612 7576/4360/3613 7575/4361/3614
f 8178/4358/3615 8181/4359/3616 8180/4360/3617 8179/4361/3618
f 4733/4362/3619 4732/4363/3620 4731/4364/3621 4730/4365/3622
f 5146/4358/3623 5149/4359/3624 5148/4360/3625 5147/4361/3626
f 5058/4358/3627 5061/4359/3628 5060/4360/3629 5059/4361/3630
f 5297/4362/3631 5296/4363/3632 5295/4364/3633 5294/4365/3634
f 4686/4358/3635 4689/4359/3636 4688/4360/3637 4687/4361/3638
f 4318/4358/3639 4321/4359/3640 4320/4360/3641 4319/4361/3642
f 3629/4362/3643 3628/4363/3644 3627/4364/3645 3626/4365/3646
f 3870/4358/3647 3873/4359/3648 3872/4360/3649 3871/4361/3650
f 3678/4358/3651 3681/4359/3652 3680/4360/3653 3679/4361/3654
f 5957/4362/3655 5956/4363/3656 5955/4364/3657 5954/4365/3658
f 4786/4358/3659 4789/4359/3660 4788/4360/3661 4787/4361/3662
f 4518/4358/3663 4521/4359/3664 4520/4360/3665 4519/4361/3666
f 6017/4362/3667 6016/4363/3668 6015/4364/3669 6014/4365/3670
f 8174/4358/3671 8177/4359/3672 8176/4360/3673 8175/4361/3674
f 8042/4358/3675 8045/4359/3676 8044/4360/3677 8043/4361/3678
f 8233/4362/3679 8232/4363/3680 8231/4364/3681 8230/4365/3682
f 7862/4358/3683 7865/4359/3684 7864/4360/3685 7863/4361/3686
f 5986/4358/3687 5989/4359/3688 5988/4360/3689 5987/4361/3690
f 7381/4362/3691 7380/4363/3692 7379/4364/3693 7378/4365/3694
f 4894/4358/3695 4897/4359/3696 4896/4360/3697 4895/4361/3698
f 4434/4358/3699 4437/4359/3700 4436/4360/3701 4435/4361/3702
f 6257/4362/3703 6256/4363/3704 6255/4364/3705 6254/4365/3706
f 7074/4358/3707 7077/4359/3708 7076/4360/3709 7075/4361/3710
f 6826/4358/3711 6829/4359/3712 6828/4360/3713 6827/4361/3714
f 3689/4362/3715 3688/4363/3716 3687/4364/3717 3686/4365/3718
f 8018/4358/3719 8021/4359/3720 8020/4360/3721 8019/4361/3722
f 3798/4358/3723 3801/4359/3724 3800/4360/3725 3799/4361/3726
f 3773/4362/3727 3772/4363/3728 3771/4364/3729 3770/4365/3730
f 6366/4358/3731 6369/4359/3732 6368/4360/3733 6367/4361/3734
f 3718/4358/3735 3721/4359/3736 3720/4360/3737 3719/4361/3738
f 5741/4362/3739 5740/4363/3740 5739/4364/3741 5738/4365/3742
f 5622/4358/3743 5625/4359/3744 5624/4360/3745 5623/4361/3746
f 3634/4358/3747 3637/4359/3748 3636/4360/3749 3635/4361/3750
f 5633/4362/3751 5632/4363/3752 5631/4364/3753 5630/4365/3754
f 3750/4358/3755 3753/4359/3756 3752/4360/3757 3751/4361/3758
f 7082/4358/3759 7085/4359/3760 7084/4360/3761 7083/4361/3762
f 5837/4362/3763 5836/4363/3764 5835/4364/3765 5834/4365/3766
f 7638/4358/3767 7641/4359/3768 7640/4360/3769 7639/4361/3770
f 6606/4358/3771 6609/4359/3772 6608/4360/3773 6607/4361/3774
f 4745/4362/3775 4744/4363/3776 4743/4364/3777 4742/4365/3778
f 7710/4358/3779 7713/4359/3780 7712/4360/3781 7711/4361/3782
f 4018/4358/3783 4021/4359/3784 4020/4360/3785 4019/4361/3786
f 7573/4362/3787 7572/4363/3788 7571/4364/3789 7570/4365/3790
f 5898/4358/3791 5901/4359/3792 5900/4360/3793 5899/4361/3794
f 4254/4358/3795 4257/4359/3796 4256/4360/3797 4255/4361/3798
f 3977/4362/3799 3976/4363/3800 3975/4364/3801 3974/4365/3802
f 8202/4358/3803 8205/4359/3804 8204/4360/3805 8203/4361/3806
f 6586/4358/3807 6589/4359/3808 6588/4360/3809 6587/4361/3810
f 7861/4362/3811 7860/4363/3812 7859/4364/3813 7858/4365/3814
f 5586/4358/3815 5589/4359/3816 5588/4360/3817 5587/4361/3818
f 8094/4358/3819 8097/4359/3820 8096/4360/3821 8095/4361/3822
f 5477/4362/3823 5476/4363/3824 5475/4364/3825 5474/4365/3826
f 7242/4358/3827 7245/4359/3828 7244/4360/3829 7243/4361/3830
f 6790/4358/3831 6793/4359/3832 6792/4360/3833 6791/4361/3834
f 5117/4362/3835 5116/4363/3836 5115/4364/3837 5114/4365/3838
f 4086/4358/3839 4089/4359/3840 4088/4360/3841 4087/4361/3842
f 6862/4358/3843 6865/4359/3844 6864/4360/3845 6863/4361/3846
f 4829/4362/3847 4828/4363/3848 4827/4364/3849 4826/4365/3850
f 7946/4358/3851 7949/4359/3852 7948/4360/3853 7947/4361/3854
f 3946/4358/3855 3949/4359/3856 3948/4360/3857 3947/4361/3858
f 7273/4362/3859 7272/4363/3860 7271/4364/3861 7270/4365/3862
f 6998/4358/3863 7001/4359/3864 7000/4360/3865 6999/4361/3866
f 5478/4358/3867 5481/4359/3868 5480/4360/3869 5479/4361/3870
f 4337/4362/3871 4336/4363/3872 4335/4364/3873 4334/4365/3874
f 3978/4358/3875 3981/4359/3876 3980/4360/3877 3979/4361/3878
f 7746/4358/3879 7749/4359/3880 7748/4360/3881 7747/4361/3882
f 5009/4362/3883 5008/4363/3884 5007/4364/3885 5006/4365/3886
f 5562/4358/3887 5565/4359/3888 5564/4360/3889 5563/4361/3890
f 3882/4358/3891 3885/4359/3892 3884/4360/3893 3883/4361/3894
f 4613/4362/3895 4612/4363/3896 4611/4364/3897 4610/4365/3898
f 7422/4358/3899 7425/4359/3900 7424/4360/3901 7423/4361/3902
f 3954/4358/3903 3957/4359/3904 3956/4360/3905 3955/4361/3906
f 4301/4362/3907 4300/4363/3908 4299/4364/3909 4298/4365/3910
f 6702/4358/3911 6705/4359/3912 6704/4360/3913 6703/4361/3914
f 6906/4358/3915 6909/4359/3916 6908/4360/3917 6907/4361/3918
f 5525/4362/3919 5524/4363/3920 5523/4364/3921 5522/4365/3922
f 6186/4358/3923 6189/4359/3924 6188/4360/3925 6187/4361/3926
f 6533/4362/3927 6532/4363/3928 6531/4364/3929 6530/4365/3930
f 6558/4358/3931 6561/4359/3932 6560/4360/3933 6559/4361/3934
f 4350/4358/3935 4353/4359/3936 4352/4360/3937 4351/4361/3938
f 4625/4362/3939 4624/4363/3940 4623/4364/3941 4622/4365/3942
f 6810/4358/3943 6813/4359/3944 6812/4360/3945 6811/4361/3946
f 4050/4358/3947 4053/4359/3948 4052/4360/3949 4051/4361/3950
f 5405/4362/3951 5404/4363/3952 5403/4364/3953 5402/4365/3954
f 4914/4358/3955 4917/4359/3956 4916/4360/3957 4915/4361/3958
f 3778/4358/3959 3781/4359/3960 3780/4360/3961 3779/4361/3962
f 3713/4362/3963 3712/4363/3964 3711/4364/3965 3710/4365/3966
f 4042/4358/3967 4045/4359/3968 4044/4360/3969 4043/4361/3970
f 6054/4358/3971 6057/4359/3972 6056/4360/3973 6055/4361/3974
f 4805/4362/3975 4804/4363/3976 4803/4364/3977 4802/4365/3978
f 6762/4358/3979 6765/4359/3980 6764/4360/3981 6763/4361/3982
f 4482/4358/3983 4485/4359/3984 4484/4360/3985 4483/4361/3986
f 8137/4362/3987 8136/4363/3988 8135/4364/3989 8134/4365/3990
f 5362/4358/3991 5365/4359/3992 5364/4360/3993 5363/4361/3994
f 4882/4358/3995 4885/4359/3996 4884/4360/3997 4883/4361/3998
f 5849/4362/3999 5848/4363/4000 5847/4364/4001 5846/4365/4002
f 6406/4358/4003 6409/4359/4004 6408/4360/4005 6407/4361/4006
f 6594/4358/4007 6597/4359/4008 6596/4360/4009 6595/4361/4010
f 5573/4362/4011 5572/4363/4012 5571/4364/4013 5570/4365/4014
f 8070/4358/4015 8073/4359/4016 8072/4360/4017 8071/4361/4018
f 5874/4358/4019 5877/4359/4020 5876/4360/4021 5875/4361/4022
f 6605/4362/4023 6604/4363/4024 6603/4364/4025 6602/4365/4026
f 5418/4358/4027 5421/4359/4028 5420/4360/4029 5419/4361/4030
f 6666/4358/4031 6669/4359/4032 6668/4360/4033 6667/4361/4034
f 5753/4362/4035 5752/4363/4036 5751/4364/4037 5750/4365/4038
f 7310/4358/4039 7313/4359/4040 7312/4360/4041 7311/4361/4042
f 7754/4358/4043 7757/4359/4044 7756/4360/4045 7755/4361/4046
f 5045/4362/4047 5044/4363/4048 5043/4364/4049 5042/4365/4050
f 6986/4358/4051 6989/4359/4052 6988/4360/4053 6987/4361/4054
f 7970/4358/4055 7973/4359/4056 7972/4360/4057 7971/4361/4058
f 5465/4362/4059 5464/4363/4060 5463/4364/4061 5462/4365/4062
f 4522/4358/4063 4525/4359/4064 4524/4360/4065 4523/4361/4066
f 4474/4358/4067 4477/4359/4068 4476/4360/4069 4475/4361/4070
f 7549/4362/4071 7548/4363/4072 7547/4364/4073 7546/4365/4074
f 6486/4358/4075 6489/4359/4076 6488/4360/4077 6487/4361/4078
f 6430/4358/4079 6433/4359/4080 6432/4360/4081 6431/4361/4082
f 5309/4362/4083 5308/4363/4084 5307/4364/4085 5306/4365/4086
f 6166/4358/4087 6169/4359/4088 6168/4360/4089 6167/4361/4090
f 7374/4358/4091 7377/4359/4092 7376/4360/4093 7375/4361/4094
f 6461/4362/4095 6460/4363/4096 6459/4364/4097 6458/4365/4098
f 6622/4358/4099 6625/4359/4100 6624/4360/4101 6623/4361/4102
f 7526/4358/4103 7529/4359/4104 7528/4360/4105 7527/4361/4106
f 5621/4362/4107 5620/4363/4108 5619/4364/4109 5618/4365/4110
f 3714/4358/4111 3717/4359/4112 3716/4360/4113 3715/4361/4114
f 5818/4358/4115 5821/4359/4116 5820/4360/4117 5819/4361/4118
f 5765/4362/4119 5764/4363/4120 5763/4364/4121 5762/4365/4122
f 6526/4358/4123 6529/4359/4124 6528/4360/4125 6527/4361/4126
f 7734/4358/4127 7737/4359/4128 7736/4360/4129 7735/4361/4130
f 4853/4362/4131 4852/4363/4132 4851/4364/4133 4850/4365/4134
f 6634/4358/4135 6637/4359/4136 6636/4360/4137 6635/4361/4138
f 4530/4358/4139 4533/4359/4140 4532/4360/4141 4531/4361/4142
f 7693/4362/4143 7692/4363/4144 7691/4364/4145 7690/4365/4146
f 7626/4358/4147 7629/4359/4148 7628/4360/4149 7627/4361/4150
f 7562/4358/4151 7565/4359/4152 7564/4360/4153 7563/4361/4154
f 4397/4362/4155 4396/4363/4156 4395/4364/4157 4394/4365/4158
f 6714/4358/4159 6717/4359/4160 6716/4360/4161 6715/4361/4162
f 5614/4358/4163 5617/4359/4164 5616/4360/4165 5615/4361/4166
f 4985/4362/4167 4984/4363/4168 4983/4364/4169 4982/4365/4170
f 3786/4358/4171 3789/4359/4172 3788/4360/4173 3787/4361/4174
f 7614/4358/4175 7617/4359/4176 7616/4360/4177 7615/4361/4178
f 6785/4362/4179 6784/4363/4180 6783/4364/4181 6782/4365/4182
f 6058/4358/4183 6061/4359/4184 6060/4360/4185 6059/4361/4186
f 6546/4358/4187 6549/4359/4188 6548/4360/4189 6547/4361/4190
f 6497/4362/4191 6496/4363/4192 6495/4364/4193 6494/4365/4194
f 7482/4358/4195 7485/4359/4196 7484/4360/4197 7483/4361/4198
f 7062/4358/4199 7065/4359/4200 7064/4360/4201 7063/4361/4202
f 5705/4362/4203 5704/4363/4204 5703/4364/4205 5702/4365/4206
f 4650/4358/4207 4653/4359/4208 4652/4360/4209 4651/4361/4210
f 4510/4358/4211 4513/4359/4212 4512/4360/4213 4511/4361/4214
f 5609/4362/4215 5608/4363/4216 5607/4364/4217 5606/4365/4218
f 3654/4358/4219 3657/4359/4220 3656/4360/4221 3655/4361/4222
f 7530/4358/4223 7533/4359/4224 7532/4360/4225 7531/4361/4226
f 7777/4362/4227 7776/4363/4228 7775/4364/4229 7774/4365/4230
f 7878/4358/4231 7881/4359/4232 7880/4360/4233 7879/4361/4234
f 3922/4358/4235 3925/4359/4236 3924/4360/4237 3923/4361/4238
f 6173/4362/4239 6172/4363/4240 6171/4364/4241 6170/4365/4242
f 6786/4358/4243 6789/4359/4244 6788/4360/4245 6787/4361/4246
f 7238/4358/4247 7241/4359/4248 7240/4360/4249 7239/4361/4250
f 5369/4362/4251 5368/4363/4252 5367/4364/4253 5366/4365/4254
f 3642/4358/4255 3645/4359/4256 3644/4360/4257 3643/4361/4258
f 7806/4358/4259 7809/4359/4260 7808/4360/4261 7807/4361/4262
f 3881/4362/4263 3880/4363/4264 3879/4364/4265 3878/4365/4266
f 5934/4358/4267 5937/4359/4268 5936/4360/4269 5935/4361/4270
f 7430/4358/4271 7433/4359/4272 7432/4360/4273 7431/4361/4274
f 7813/4362/4275 7812/4363/4276 7811/4364/4277 7810/4365/4278
f 6630/4358/4279 6633/4359/4280 6632/4360/4281 6631/4361/4282
f 6174/4358/4283 6177/4359/4284 6176/4360/4285 6175/4361/4286
f 5093/4362/4287 5092/4363/4288 5091/4364/4289 5090/4365/4290
f 8214/4358/4291 8217/4359/4292 8216/4360/4293 8215/4361/4294
f 7406/4358/4295 7409/4359/4296 7408/4360/4297 7407/4361/4298
f 4133/4362/4299 4132/4363/4300 4131/4364/4301 4130/4365/4302
f 5802/4358/4303 5805/4359/4304 5804/4360/4305 5803/4361/4306
f 5190/4358/4307 5193/4359/4308 5192/4360/4309 5191/4361/4310
f 6629/4362/4311 6628/4363/4312 6627/4364/4313 6626/4365/4314
f 7490/4358/4315 7493/4359/4316 7492/4360/4317 7491/4361/4318
f 5374/4358/4319 5377/4359/4320 5376/4360/4321 5375/4361/4322
f 4433/4362/4323 4432/4363/4324 4431/4364/4325 4430/4365/4326
f 5542/4358/4327 5545/4359/4328 5544/4360/4329 5543/4361/4330
f 4446/4358/4331 4449/4359/4332 4448/4360/4333 4447/4361/4334
f 5033/4362/4335 5032/4363/4336 5031/4364/4337 5030/4365/4338
f 4422/4358/4339 4425/4359/4340 4424/4360/4341 4423/4361/4342
f 4962/4358/4343 4965/4359/4344 4964/4360/4345 4963/4361/4346
f 4445/4362/4347 4444/4363/4348 4443/4364/4349 4442/4365/4350
f 7326/4358/4351 7329/4359/4352 7328/4360/4353 7327/4361/4354
f 5814/4358/4355 5817/4359/4356 5816/4360/4357 5815/4361/4358
f 7177/4362/4359 7176/4363/4360 7175/4364/4361 7174/4365/4362
f 5734/4358/4363 5737/4359/4364 5736/4360/4365 5735/4361/4366
f 7362/4358/4367 7365/4359/4368 7364/4360/4369 7363/4361/4370
f 7225/4362/4371 7224/4363/4372 7223/4364/4373 7222/4365/4374
f 7142/4358/4375 7145/4359/4376 7144/4360/4377 7143/4361/4378
f 8246/4358/4379 8249/4359/4380 8248/4360/4381 8247/4361/4382
f 7045/4362/4383 7044/4363/4384 7043/4364/4385 7042/4365/4386
f 6378/4358/4387 6381/4359/4388 6380/4360/4389 6379/4361/4390
f 4206/4358/4391 4209/4359/4392 4208/4360/4393 4207/4361/4394
f 7117/4362/4395 7116/4363/4396 7115/4364/4397 7114/4365/4398
f 5610/4358/4399 5613/4359/4400 5612/4360/4401 5611/4361/4402
f 7854/4358/4403 7857/4359/4404 7856/4360/4405 7855/4361/4406
f 3965/4362/4407 3964/4363/4408 3963/4364/4409 3962/4365/4410
f 6370/4358/4411 6373/4359/4412 6372/4360/4413 6371/4361/4414
f 6478/4358/4415 6481/4359/4416 6480/4360/4417 6479/4361/4418
f 6929/4362/4419 6928/4363/4420 6927/4364/4421 6926/4365/4422
f 6258/4358/4423 6261/4359/4424 6260/4360/4425 6259/4361/4426
f 7974/4358/4427 7977/4359/4428 7976/4360/4429 7975/4361/4430
f 7297/4362/4431 7296/4363/4432 7295/4364/4433 7294/4365/4434
f 4782/4358/4435 4785/4359/4436 4784/4360/4437 4783/4361/4438
f 5866/4358/4439 5869/4359/4440 5868/4360/4441 5867/4361/4442
f 4085/4362/4443 4084/4363/4444 4083/4364/4445 4082/4365/4446
f 3990/4358/4447 3993/4359/4448 3992/4360/4449 3991/4361/4450
f 7266/4358/4451 7269/4359/4452 7268/4360/4453 7267/4361/4454
f 3905/4362/4455 3904/4363/4456 3903/4364/4457 3902/4365/4458
f 5838/4358/4459 5841/4359/4460 5840/4360/4461 5839/4361/4462
f 7170/4358/4463 7173/4359/4464 7172/4360/4465 7171/4361/4466
f 4661/4362/4467 4660/4363/4468 4659/4364/4469 4658/4365/4470
f 3930/4358/4471 3933/4359/4472 3932/4360/4473 3931/4361/4474
f 5482/4358/4475 5485/4359/4476 5484/4360/4477 5483/4361/4478
f 7237/4362/4479 7236/4363/4480 7235/4364/4481 7234/4365/4482
f 4618/4358/4483 4621/4359/4484 4620/4360/4485 4619/4361/4486
f 7386/4358/4487 7389/4359/4488 7388/4360/4489 7387/4361/4490
f 6797/4362/4491 6796/4363/4492 6795/4364/4493 6794/4365/4494
f 7110/4358/4495 7113/4359/4496 7112/4360/4497 7111/4361/4498
f 7046/4358/4499 7049/4359/4500 7048/4360/4501 7047/4361/4502
f 6713/4362/4503 6712/4363/4504 6711/4364/4505 6710/4365/4506
f 6202/4358/4507 6205/4359/4508 6204/4360/4509 6203/4361/4510
f 5358/4358/4511 5361/4359/4512 5360/4360/4513 5359/4361/4514
f 4121/4362/4515 4120/4363/4516 4119/4364/4517 4118/4365/4518
f 6934/4358/4519 6937/4359/4520 6936/4360/4521 6935/4361/4522
f 8234/4358/4523 8237/4359/4524 8236/4360/4525 8235/4361/4526
f 6089/4362/4527 6088/4363/4528 6087/4364/4529 6086/4365/4530
f 7158/4358/4531 7161/4359/4532 7160/4360/4533 7159/4361/4534
f 8082/4358/4535 8085/4359/4536 8084/4360/4537 8083/4361/4538
f 6509/4362/4539 6508/4363/4540 6507/4364/4541 6506/4365/4542
f 7346/4358/4543 7349/4359/4544 7348/4360/4545 7347/4361/4546
f 7766/4358/4547 7769/4359/4548 7768/4360/4549 7767/4361/4550
f 6581/4362/4551 6580/4363/4552 6579/4364/4553 6578/4365/4554
f 6106/4358/4555 6109/4359/4556 6108/4360/4557 6107/4361/4558
f 6846/4358/4559 6849/4359/4560 6848/4360/4561 6847/4361/4562
f 5489/4362/4563 5488/4363/4564 5487/4364/4565 5486/4365/4566
f 7886/4358/4567 7889/4359/4568 7888/4360/4569 7887/4361/4570
f 4746/4358/4571 4749/4359/4572 4748/4360/4573 4747/4361/4574
f 5441/4362/4575 5440/4363/4576 5439/4364/4577 5438/4365/4578
f 5442/4358/4579 5445/4359/4580 5444/4360/4581 5443/4361/4582
f 6426/4358/4583 6429/4359/4584 6428/4360/4585 6427/4361/4586
f 6857/4362/4587 6856/4363/4588 6855/4364/4589 6854/4365/4590
f 6066/4358/4591 6069/4359/4592 6068/4360/4593 6067/4361/4594
f 3910/4358/4595 3913/4359/4596 3912/4360/4597 3911/4361/4598
f 6521/4362/4599 6520/4363/4600 6519/4364/4601 6518/4365/4602
f 3582/4358/4603 3585/4359/4604 3584/4360/4605 3583/4361/4606
f 4678/4358/4607 4681/4359/4608 4680/4360/4609 4679/4361/4610
f 4757/4362/4611 4756/4363/4612 4755/4364/4613 4754/4365/4614
f 6750/4358/4615 6753/4359/4616 6752/4360/4617 6751/4361/4618
f 7686/4358/4619 7689/4359/4620 7688/4360/4621 7687/4361/4622
f 6053/4362/4623 6052/4363/4624 6051/4364/4625 6050/4365/4626
f 6022/4358/4627 6025/4359/4628 6024/4360/4629 6023/4361/4630
f 5118/4358/4631 5121/4359/4632 5120/4360/4633 5119/4361/4634
f 3857/4362/4635 3856/4363/4636 3855/4364/4637 3854/4365/4638
f 5286/4358/4639 5289/4359/4640 5288/4360/4641 5287/4361/4642
f 8166/4358/4643 8169/4359/4644 8168/4360/4645 8167/4361/4646
f 6773/4362/4647 6772/4363/4648 6771/4364/4649 6770/4365/4650
f 4290/4358/4651 4293/4359/4652 4292/4360/4653 4291/4361/4654
f 3826/4358/4655 3829/4359/4656 3828/4360/4657 3827/4361/4658
f 3749/4362/4659 3748/4363/4660 3747/4364/4661 3746/4365/4662
f 7214/4358/4663 7217/4359/4664 7216/4360/4665 7215/4361/4666
f 6858/4358/4667 6861/4359/4668 6860/4360/4669 6859/4361/4670
f 6341/4362/4671 6340/4363/4672 6339/4364/4673 6338/4365/4674
f 4366/4358/4675 4369/4359/4676 4368/4360/4677 4367/4361/4678
f 3814/4358/4679 3817/4359/4680 3816/4360/4681 3815/4361/4682
f 3809/4362/4683 3808/4363/4684 3807/4364/4685 3806/4365/4686
f 7146/4358/4687 7149/4359/4688 7148/4360/4689 7147/4361/4690
f 5206/4358/4691 5209/4359/4692 5208/4360/4693 5207/4361/4694
f 6809/4362/4695 6808/4363/4696 6807/4364/4697 6806/4365/4698
f 7230/4358/4699 7233/4359/4700 7232/4360/4701 7231/4361/4702
f 7718/4358/4703 7721/4359/4704 7720/4360/4705 7719/4361/4706
f 6065/4362/4707 6064/4363/4708 6063/4364/4709 6062/4365/4710
f 5550/4358/4711 5553/4359/4712 5552/4360/4713 5551/4361/4714
f 4090/4358/4715 4093/4359/4716 4092/4360/4717 4091/4361/4718
f 7633/4362/4719 7632/4363/4720 7631/4364/4721 7630/4365/4722
f 6138/4358/4723 6141/4359/4724 6140/4360/4725 6139/4361/4726
f 6142/4358/4727 6145/4359/4728 6144/4360/4729 6143/4361/4730
f 6149/4362/4731 6148/4363/4732 6147/4364/4733 6146/4365/4734
f 5022/4358/4735 5025/4359/4736 5024/4360/4737 5023/4361/4738
f 5502/4358/4739 5505/4359/4740 5504/4360/4741 5503/4361/4742
f 4373/4362/4743 4372/4363/4744 4371/4364/4745 4370/4365/4746
f 4438/4358/4747 4441/4359/4748 4440/4360/4749 4439/4361/4750
f 6974/4358/4751 6977/4359/4752 6976/4360/4753 6975/4361/4754
f 6437/4362/4755 6436/4363/4756 6435/4364/4757 6434/4365/4758
f 3802/4358/4759 3805/4359/4760 3804/4360/4761 3803/4361/4762
f 7922/4358/4763 7925/4359/4764 7924/4360/4765 7923/4361/4766
f 5021/4362/4767 5020/4363/4768 5019/4364/4769 5018/4365/4770
f 6990/4358/4771 6993/4359/4772 6992/4360/4773 6991/4361/4774
f 6962/4358/4775 6965/4359/4776 6964/4360/4777 6963/4361/4778
f 5453/4362/4779 5452/4363/4780 5451/4364/4781 5450/4365/4782
f 6286/4358/4783 6289/4359/4784 6288/4360/4785 6287/4361/4786
f 7218/4358/4787 7221/4359/4788 7220/4360/4789 7219/4361/4790
f 4889/4362/4791 4888/4363/4792 4887/4364/4793 4886/4365/4794
f 5062/4358/4795 5065/4359/4796 5064/4360/4797 5063/4361/4798
f 5070/4358/4799 5073/4359/4800 5072/4360/4801 5071/4361/4802
f 6317/4362/4803 6316/4363/4804 6315/4364/4805 6314/4365/4806
f 3982/4358/4807 3985/4359/4808 3984/4360/4809 3983/4361/4810
f 7178/4358/4811 7181/4359/4812 7180/4360/4813 7179/4361/4814
f 3989/4362/4815 3988/4363/4816 3987/4364/4817 3986/4365/4818
f 4182/4358/4819 4185/4359/4820 4184/4360/4821 4183/4361/4822
f 7034/4358/4823 7037/4359/4824 7036/4360/4825 7035/4361/4826
f 5945/4362/4827 5944/4363/4828 5943/4364/4829 5942/4365/4830
f 6262/4358/4831 6265/4359/4832 6264/4360/4833 6263/4361/4834
f 8142/4358/4835 8145/4359/4836 8144/4360/4837 8143/4361/4838
f 6893/4362/4839 6892/4363/4840 6891/4364/4841 6890/4365/4842
f 6126/4358/4843 6129/4359/4844 6128/4360/4845 6127/4361/4846
f 8226/4358/4847 8229/4359/4848 8228/4360/4849 8227/4361/4850
f 6961/4362/4851 6960/4363/4852 6959/4364/4853 6958/4365/4854
f 8222/4358/4855 8225/4359/4856 8224/4360/4857 8223/4361/4858
f 6358/4358/4859 6361/4359/4860 6360/4360/4861 6359/4361/4862
f 4049/4362/4863 4048/4363/4864 4047/4364/4865 4046/4365/4866
f 4594/4358/4867 4597/4359/4868 4596/4360/4869 4595/4361/4870
f 5958/4358/4871 5961/4359/4872 5960/4360/4873 5959/4361/4874
f 6029/4362/4875 6028/4363/4876 6027/4364/4877 6026/4365/4878
f 5302/4358/4879 5305/4359/4880 5304/4360/4881 5303/4361/4882
f 5730/4358/4883 5733/4359/4884 5732/4360/4885 5731/4361/4886
f 7429/4362/4887 7428/4363/4888 7427/4364/4889 7426/4365/4890
f 7394/4358/4891 7397/4359/4892 7396/4360/4893 7395/4361/4894
f 6618/4358/4895 6621/4359/4896 6620/4360/4897 6619/4361/4898
f 7081/4362/4899 7080/4363/4900 7079/4364/4901 7078/4365/4902
f 5370/4358/4903 5373/4359/4904 5372/4360/4905 5371/4361/4906
f 6178/4358/4907 6181/4359/4908 6180/4360/4909 6179/4361/4910
f 6425/4362/4911 6424/4363/4912 6423/4364/4913 6422/4365/4914
f 6834/4358/4915 6837/4359/4916 6836/4360/4917 6835/4361/4918
f 7926/4358/4919 7929/4359/4920 7928/4360/4921 7927/4361/4922
f 5585/4362/4923 5584/4363/4924 5583/4364/4925 5582/4365/4926
f 6894/4358/4927 6897/4359/4928 6896/4360/4929 6895/4361/4930
f 6438/4358/4931 6441/4359/4932 6440/4360/4933 6439/4361/4934
f 7453/4362/4935 7452/4363/4936 7451/4364/4937 7450/4365/4938
f 7314/4358/4939 7317/4359/4940 7316/4360/4941 7315/4361/4942
f 5130/4358/4943 5133/4359/4944 5132/4360/4945 5131/4361/4946
f 5669/4362/4947 5668/4363/4948 5667/4364/4949 5666/4365/4950
f 6490/4358/4951 6493/4359/4952 6492/4360/4953 6491/4361/4954
f 6006/4358/4955 6009/4359/4956 6008/4360/4957 6007/4361/4958
f 6941/4362/4959 6940/4363/4960 6939/4364/4961 6938/4365/4962
f 7086/4358/4963 7089/4359/4964 7088/4360/4965 7087/4361/4966
f 4098/4358/4967 4101/4359/4968 4100/4360/4969 4099/4361/4970
f 5321/4362/4971 5320/4363/4972 5319/4364/4973 5318/4365/4974
f 3630/4358/4975 3633/4359/4976 3632/4360/4977 3631/4361/4978
f 7002/4358/4979 7005/4359/4980 7004/4360/4981 7003/4361/4982
f 6689/4362/4983 6688/4363/4984 6687/4364/4985 6686/4365/4986
f 6882/4358/4987 6885/4359/4988 6884/4360/4989 6883/4361/4990
f 6250/4358/4991 6253/4359/4992 6252/4360/4993 6251/4361/4994
f 5273/4362/4995 5272/4363/4996 5271/4364/4997 5270/4365/4998
f 4674/4358/4999 4677/4359/5000 4676/4360/5001 4675/4361/5002
f 7154/4358/5003 7157/4359/5004 7156/4360/5005 7155/4361/5006
f 7801/4362/5007 7800/4363/5008 7799/4364/5009 7798/4365/5010
f 7958/4358/5011 7961/4359/5012 7960/4360/5013 7959/4361/5014
f 7446/4358/5015 7449/4359/5016 7448/4360/5017 7447/4361/5018
f 5069/4362/5019 5068/4363/5020 5067/4364/5021 5066/4365/5022
f 5394/4358/5023 5397/4359/5024 5396/4360/5025 5395/4361/5026
f 6354/4358/5027 6357/4359/5028 6356/4360/5029 6355/4361/5030
f 6449/4362/5031 6448/4363/5032 6447/4364/5033 6446/4365/5034
f 5890/4358/5035 5893/4359/5036 5892/4360/5037 5891/4361/5038
f 6150/4358/5039 6153/4359/5040 6152/4360/5041 6151/4361/5042
f 5513/4362/5043 5512/4363/5044 5511/4364/5045 5510/4365/5046
f 6394/4358/5047 6397/4359/5048 6396/4360/5049 6395/4361/5050
f 5910/4358/5051 5913/4359/5052 5912/4360/5053 5911/4361/5054
f 5801/4362/5055 5800/4363/5056 5799/4364/5057 5798/4365/5058
f 7370/4358/5059 7373/4359/5060 7372/4360/5061 7371/4361/5062
f 3618/4358/5063 3621/4359/5064 3620/4360/5065 3619/4361/5066
f 6197/4362/5067 6196/4363/5068 6195/4364/5069 6194/4365/5070
f 7610/4358/5071 7613/4359/5072 7612/4360/5073 7611/4361/5074
f 7298/4358/5075 7301/4359/5076 7300/4360/5077 7299/4361/5078
f 8173/4362/5079 8172/4363/5080 8171/4364/5081 8170/4365/5082
f 4258/4358/5083 4261/4359/5084 4260/4360/5085 4259/4361/5086
f 8210/4358/5087 8213/4359/5088 8212/4360/5089 8211/4361/5090
f 7249/4362/5091 7248/4363/5092 7247/4364/5093 7246/4365/5094
f 7130/4358/5095 7133/4359/5096 7132/4360/5097 7131/4361/5098
f 3774/4358/5099 3777/4359/5100 3776/4360/5101 3775/4361/5102
f 5597/4362/5103 5596/4363/5104 5595/4364/5105 5594/4365/5106
f 6642/4358/5107 6645/4359/5108 6644/4360/5109 6643/4361/5110
f 5789/4362/5111 5788/4363/5112 5787/4364/5113 5786/4365/5114
f 7010/4358/5115 7013/4359/5116 7012/4360/5117 7011/4361/5118
f 7434/4358/5119 7437/4359/5120 7436/4360/5121 7435/4361/5122
f 4961/4362/5123 4960/4363/5124 4959/4364/5125 4958/4365/5126
f 4498/4358/5127 4501/4359/5128 4500/4360/5129 4499/4361/5130
f 4314/4358/5131 4317/4359/5132 4316/4360/5133 4315/4361/5134
f 7033/4362/5135 7032/4363/5136 7031/4364/5137 7030/4365/5138
f 4122/4358/5139 4125/4359/5140 4124/4360/5141 4123/4361/5142
f 5346/4358/5143 5349/4359/5144 5348/4360/5145 5347/4361/5146
f 4481/4362/5147 4480/4363/5148 4479/4364/5149 4478/4365/5150
f 4506/4358/5151 4509/4359/5152 4508/4360/5153 4507/4361/5154
f 8010/4358/5155 8013/4359/5156 8012/4360/5157 8011/4361/5158
f 6833/4362/5159 6832/4363/5160 6831/4364/5161 6830/4365/5162
f 5034/4358/5163 5037/4359/5164 5036/4360/5165 5035/4361/5166
f 5194/4358/5167 5197/4359/5168 5196/4360/5169 5195/4361/5170
f 4361/4362/5171 4360/4363/5172 4359/4364/5173 4358/4365/5174
f 4218/4358/5175 4221/4359/5176 4220/4360/5177 4219/4361/5178
f 5166/4358/5179 5169/4359/5180 5168/4360/5181 5167/4361/5182
f 5225/4362/5183 5224/4363/5184 5223/4364/5185 5222/4365/5186
f 5766/4358/5187 5769/4359/5188 5768/4360/5189 5767/4361/5190
f 3594/4358/5191 3597/4359/5192 3596/4360/5193 3595/4361/5194
f 8161/4362/5195 8160/4363/5196 8159/4364/5197 8158/4365/5198
f 5842/4358/5199 5845/4359/5200 5844/4360/5201 5843/4361/5202
f 5970/4358/5203 5973/4359/5204 5972/4360/5205 5971/4361/5206
f 4313/4362/5207 4312/4363/5208 4311/4364/5209 4310/4365/5210
f 5938/4358/5211 5941/4359/5212 5940/4360/5213 5939/4361/5214
f 7106/4358/5215 7109/4359/5216 7108/4360/5217 7107/4361/5218
f 8041/4362/5219 8040/4363/5220 8039/4364/5221 8038/4365/5222
f 6726/4358/5223 6729/4359/5224 6728/4360/5225 6727/4361/5226
f 5626/4358/5227 5629/4359/5228 5628/4360/5229 5627/4361/5230
f 3665/4362/5231 3664/4363/5232 3663/4364/5233 3662/4365/5234
f 4210/4358/5235 4213/4359/5236 4212/4360/5237 4211/4361/5238
f 6462/4358/5239 6465/4359/5240 6464/4360/5241 6463/4361/5242
f 5825/4362/5243 5824/4363/5244 5823/4364/5245 5822/4365/5246
f 3610/4358/5247 3613/4359/5248 3612/4360/5249 3611/4361/5250
f 6706/4358/5251 6709/4359/5252 6708/4360/5253 6707/4361/5254
f 7057/4362/5255 7056/4363/5256 7055/4364/5257 7054/4365/5258
f 8162/4358/5259 8165/4359/5260 8164/4360/5261 8163/4361/5262
f 6282/4358/5263 6285/4359/5264 6284/4360/5265 6283/4361/5266
f 8065/4362/5267 8064/4363/5268 8063/4364/5269 8062/4365/5270
f 5850/4358/5271 5853/4359/5272 5852/4360/5273 5851/4361/5274
f 4974/4358/5275 4977/4359/5276 4976/4360/5277 4975/4361/5278
f 6473/4362/5279 6472/4363/5280 6471/4364/5281 6470/4365/5282
f 8190/4358/5283 8193/4359/5284 8192/4360/5285 8191/4361/5286
f 8058/4358/5287 8061/4359/5288 8060/4360/5289 8059/4361/5290
f 4865/4362/5291 4864/4363/5292 4863/4364/5293 4862/4365/5294
f 6234/4358/5295 6237/4359/5296 6236/4360/5297 6235/4361/5298
f 6246/4358/5299 6249/4359/5300 6248/4360/5301 6247/4361/5302
f 7897/4362/5303 7896/4363/5304 7895/4364/5305 7894/4365/5306
f 6450/4358/5307 6453/4359/5308 6452/4360/5309 6451/4361/5310
f 6966/4358/5311 6969/4359/5312 6968/4360/5313 6967/4361/5314
f 4457/4362/5315 4456/4363/5316 4455/4364/5317 4454/4365/5318
f 6318/4358/5319 6321/4359/5320 6320/4360/5321 6319/4361/5322
f 4002/4358/5323 4005/4359/5324 4004/4360/5325 4003/4361/5326
f 4505/4362/5327 4504/4363/5328 4503/4364/5329 4502/4365/5330
f 4942/4358/5331 4945/4359/5332 4944/4360/5333 4943/4361/5334
f 4110/4358/5335 4113/4359/5336 4112/4360/5337 4111/4361/5338
f 6125/4362/5339 6124/4363/5340 6123/4364/5341 6122/4365/5342
f 7566/4358/5343 7569/4359/5344 7568/4360/5345 7567/4361/5346
f 3670/4358/5347 3673/4359/5348 3672/4360/5349 3671/4361/5350
f 5189/4362/5351 5188/4363/5352 5187/4364/5353 5186/4365/5354
f 4626/4358/5355 4629/4359/5356 4628/4360/5357 4627/4361/5358
f 7674/4358/5359 7677/4359/5360 7676/4360/5361 7675/4361/5362
f 7753/4362/5363 7752/4363/5364 7751/4364/5365 7750/4365/5366
f 7122/4358/5367 7125/4359/5368 7124/4360/5369 7123/4361/5370
f 5526/4358/5371 5529/4359/5372 5528/4360/5373 5527/4361/5374
f 6845/4362/5375 6844/4363/5376 6843/4364/5377 6842/4365/5378
f 7742/4358/5379 7745/4359/5380 7744/4360/5381 7743/4361/5382
f 4630/4358/5383 4633/4359/5384 4632/4360/5385 4631/4361/5386
f 4541/4362/5387 4540/4363/5388 4539/4364/5389 4538/4365/5390
f 3682/4358/5391 3685/4359/5392 3684/4360/5393 3683/4361/5394
f 4194/4358/5395 4197/4359/5396 4196/4360/5397 4195/4361/5398
f 6005/4362/5399 6004/4363/5400 6003/4364/5401 6002/4365/5402
f 8150/4358/5403 8153/4359/5404 8152/4360/5405 8151/4361/5406
f 7866/4358/5407 7869/4359/5408 7868/4360/5409 7867/4361/5410
f 5645/4362/5411 5644/4363/5412 5643/4364/5413 5642/4365/5414
f 3918/4358/5415 3921/4359/5416 3920/4360/5417 3919/4361/5418
f 5310/4358/5419 5313/4359/5420 5312/4360/5421 5311/4361/5422
f 7729/4362/5423 7728/4363/5424 7727/4364/5425 7726/4365/5426
f 4270/4358/5427 4273/4359/5428 4272/4360/5429 4271/4361/5430
f 4410/4358/5431 4413/4359/5432 4412/4360/5433 4411/4361/5434
f 4109/4362/5435 4108/4363/5436 4107/4364/5437 4106/4365/5438
f 7506/4358/5439 7509/4359/5440 7508/4360/5441 7507/4361/5442
f 8078/4358/5443 8081/4359/5444 8080/4360/5445 8079/4361/5446
f 3605/4362/5447 3604/4363/5448 3603/4364/5449 3602/4365/5450
f 8046/4358/5451 8049/4359/5452 8048/4360/5453 8047/4361/5454
f 4698/4358/5455 4701/4359/5456 4700/4360/5457 4699/4361/5458
f 5861/4362/5459 5860/4363/5460 5859/4364/5461 5858/4365/5462
f 3886/4358/5463 3889/4359/5464 3888/4360/5465 3887/4361/5466
f 5694/4358/5467 5697/4359/5468 5696/4360/5469 5695/4361/5470
f 5561/4362/5471 5560/4363/5472 5559/4364/5473 5558/4365/5474
f 4026/4358/5475 4029/4359/5476 4028/4360/5477 4027/4361/5478
f 8130/4358/5479 8133/4359/5480 8132/4360/5481 8131/4361/5482
f 7153/4362/5483 7152/4363/5484 7151/4364/5485 7150/4365/5486
f 4938/4358/5487 4941/4359/5488 4940/4360/5489 4939/4361/5490
f 7518/4358/5491 7521/4359/5492 7520/4360/5493 7519/4361/5494
f 5057/4362/5495 5056/4363/5496 5055/4364/5497 5054/4365/5498
f 5242/4358/5499 5245/4359/5500 5244/4360/5501 5243/4361/5502
f 6402/4358/5503 6405/4359/5504 6404/4360/5505 6403/4361/5506
f 4553/4362/5507 4552/4363/5508 4551/4364/5509 4550/4365/5510
f 7058/4358/5511 7061/4359/5512 7060/4360/5513 7059/4361/5514
f 6474/4358/5515 6477/4359/5516 6476/4360/5517 6475/4361/5518
f 8209/4362/5519 8208/4363/5520 8207/4364/5521 8206/4365/5522
f 6718/4358/5523 6721/4359/5524 6720/4360/5525 6719/4361/5526
f 6514/4358/5527 6517/4359/5528 6516/4360/5529 6515/4361/5530
f 5501/4362/5531 5500/4363/5532 5499/4364/5533 5498/4365/5534
f 6222/4358/5535 6225/4359/5536 6224/4360/5537 6223/4361/5538
f 7722/4358/5539 7725/4359/5540 7724/4360/5541 7723/4361/5542
f 4517/4362/5543 4516/4363/5544 4515/4364/5545 4514/4365/5546
f 5574/4358/5547 5577/4359/5548 5576/4360/5549 5575/4361/5550
f 5590/4358/5551 5593/4359/5552 5592/4360/5553 5591/4361/5554
f 7981/4362/5555 7980/4363/5556 7979/4364/5557 7978/4365/5558
f 7670/4358/5559 7673/4359/5560 7672/4360/5561 7671/4361/5562
f 4266/4358/5563 4269/4359/5564 4268/4360/5565 4267/4361/5566
f 7093/4362/5567 7092/4363/5568 7091/4364/5569 7090/4365/5570
f 5170/4358/5571 5173/4359/5572 5172/4360/5573 5171/4361/5574
f 5758/4358/5575 5761/4359/5576 5760/4360/5577 5759/4361/5578
f 7021/4362/5579 7020/4363/5580 7019/4364/5581 7018/4365/5582
f 7730/4358/5583 7733/4359/5584 7732/4360/5585 7731/4361/5586
f 6886/4358/5587 6889/4359/5588 6888/4360/5589 6887/4361/5590
f 4265/4362/5591 4264/4363/5592 4263/4364/5593 4262/4365/5594
f 6382/4358/5595 6385/4359/5596 6384/4360/5597 6383/4361/5598
f 6306/4358/5599 6309/4359/5600 6308/4360/5601 6307/4361/5602
f 7597/4362/5603 7596/4363/5604 7595/4364/5605 7594/4365/5606
f 4246/4358/5607 4249/4359/5608 4248/4360/5609 4247/4361/5610
f 5682/4358/5611 5685/4359/5612 5684/4360/5613 5683/4361/5614
f 8017/4362/5615 8016/4363/5616 8015/4364/5617 8014/4365/5618
f 5658/4358/5619 5661/4359/5620 5660/4360/5621 5659/4361/5622
f 5142/4358/5623 5145/4359/5624 5144/4360/5625 5143/4361/5626
f 5873/4362/5627 5872/4363/5628 5871/4364/5629 5870/4365/5630
f 5578/4358/5631 5581/4359/5632 5580/4360/5633 5579/4361/5634
f 4458/4358/5635 4461/4359/5636 4460/4360/5637 4459/4361/5638
f 8101/4362/5639 8100/4363/5640 8099/4364/5641 8098/4365/5642
f 5350/4358/5643 5353/4359/5644 5352/4360/5645 5351/4361/5646
f 8034/4358/5647 8037/4359/5648 8036/4360/5649 8035/4361/5650
f 7885/4362/5651 7884/4363/5652 7883/4364/5653 7882/4365/5654
f 4282/4358/5655 4285/4359/5656 4284/4360/5657 4283/4361/5658
f 4554/4358/5659 4557/4359/5660 4556/4360/5661 4555/4361/5662
f 7873/4362/5663 7872/4363/5664 7871/4364/5665 7870/4365/5666
f 5410/4358/5667 5413/4359/5668 5412/4360/5669 5411/4361/5670
f 7910/4358/5671 7913/4359/5672 7912/4360/5673 7911/4361/5674
f 4025/4362/5675 4024/4363/5676 4023/4364/5677 4022/4365/5678
f 4710/4358/5679 4713/4359/5680 4712/4360/5681 4711/4361/5682
f 7586/4358/5683 7589/4359/5684 7588/4360/5685 7587/4361/5686
f 7837/4362/5687 7836/4363/5688 7835/4364/5689 7834/4365/5690
f 5278/4358/5691 5281/4359/5692 5280/4360/5693 5279/4361/5694
f 7022/4358/5695 7025/4359/5696 7024/4360/5697 7023/4361/5698
f 4793/4362/5699 4792/4363/5700 4791/4364/5701 4790/4365/5702
f 5538/4358/5703 5541/4359/5704 5540/4360/5705 5539/4361/5706
f 8114/4358/5707 8117/4359/5708 8116/4360/5709 8115/4361/5710
f 6917/4362/5711 6916/4363/5712 6915/4364/5713 6914/4365/5714
f 3850/4358/5715 3853/4359/5716 3852/4360/5717 3851/4361/5718
f 6550/4358/5719 6553/4359/5720 6552/4360/5721 6551/4361/5722
f 6413/4362/5723 6412/4363/5724 6411/4364/5725 6410/4365/5726
f 5506/4358/5727 5509/4359/5728 5508/4360/5729 5507/4361/5730
f 5250/4358/5731 5253/4359/5732 5252/4360/5733 5251/4361/5734
f 6821/4362/5735 6820/4363/5736 6819/4364/5737 6818/4365/5738
f 4150/4358/5739 4153/4359/5740 4152/4360/5741 4151/4361/5742
f 4582/4358/5743 4585/4359/5744 4584/4360/5745 4583/4361/5746
f 5813/4362/5747 5812/4363/5748 5811/4364/5749 5810/4365/5750
f 4842/4358/5751 4845/4359/5752 4844/4360/5753 4843/4361/5754
f 3666/4358/5755 3669/4359/5756 3668/4360/5757 3667/4361/5758
f 6185/4362/5759 6184/4363/5760 6183/4364/5761 6182/4365/5762
f 8154/4358/5763 8157/4359/5764 8156/4360/5765 8155/4361/5766
f 4414/4358/5767 4417/4359/5768 4416/4360/5769 4415/4361/5770
f 4001/4362/5771 4000/4363/5772 3999/4364/5773 3998/4365/5774
f 7902/4358/5775 7905/4359/5776 7904/4360/5777 7903/4361/5778
f 4614/4358/5779 4617/4359/5780 4616/4360/5781 4615/4361/5782
f 5201/4362/5783 5200/4363/5784 5199/4364/5785 5198/4365/5786
f 4354/4358/5787 4357/4359/5788 4356/4360/5789 4355/4361/5790
f 5010/4358/5791 5013/4359/5792 5012/4360/5793 5011/4361/5794
f 4997/4362/5795 4996/4363/5796 4995/4364/5797 4994/4365/5798
f 5086/4358/5799 5089/4359/5800 5088/4360/5801 5087/4361/5802
f 6954/4358/5803 6957/4359/5804 6956/4360/5805 6955/4361/5806
f 7609/4362/5807 7608/4363/5808 7607/4364/5809 7606/4365/5810
f 4330/4358/5811 4333/4359/5812 4332/4360/5813 4331/4361/5814
f 4798/4358/5815 4801/4359/5816 4800/4360/5817 4799/4361/5818
f 4637/4362/5819 4636/4363/5820 4635/4364/5821 4634/4365/5822
f 4722/4358/5823 4725/4359/5824 4724/4360/5825 4723/4361/5826
f 4306/4358/5827 4309/4359/5828 4308/4360/5829 4307/4361/5830
f 3869/4362/5831 3868/4363/5832 3867/4364/5833 3866/4365/5834
f 6090/4358/5835 6093/4359/5836 6092/4360/5837 6091/4361/5838
f 4338/4358/5839 4341/4359/5840 4340/4360/5841 4339/4361/5842
f 7105/4362/5843 7104/4363/5844 7103/4364/5845 7102/4365/5846
f 5710/4358/5847 5713/4359/5848 5712/4360/5849 5711/4361/5850
f 5926/4358/5851 5929/4359/5852 5928/4360/5853 5927/4361/5854
f 7345/4362/5855 7344/4363/5856 7343/4364/5857 7342/4365/5858
f 6046/4358/5859 6049/4359/5860 6048/4360/5861 6047/4361/5862
f 7550/4358/5863 7553/4359/5864 7552/4360/5865 7551/4361/5866
f 5165/4362/5867 5164/4363/5868 5163/4364/5869 5162/4365/5870
f 7538/4358/5871 7541/4359/5872 7540/4360/5873 7539/4361/5874
f 4578/4358/5875 4581/4359/5876 4580/4360/5877 4579/4361/5878
f 8221/4362/5879 8220/4363/5880 8219/4364/5881 8218/4365/5882
f 4398/4358/5883 4401/4359/5884 4400/4360/5885 4399/4361/5886
f 8090/4358/5887 8093/4359/5888 8092/4360/5889 8091/4361/5890
f 4097/4362/5891 4096/4363/5892 4095/4364/5893 4094/4365/5894
f 6774/4358/5895 6777/4359/5896 6776/4360/5897 6775/4361/5898
f 6730/4358/5899 6733/4359/5900 6732/4360/5901 6731/4361/5902
f 7741/4362/5903 7740/4363/5904 7739/4364/5905 7738/4365/5906
f 5098/4358/5907 5101/4359/5908 5100/4360/5909 5099/4361/5910
f 7982/4358/5911 7985/4359/5912 7984/4360/5913 7983/4361/5914
f 8089/4362/5915 8088/4363/5916 8087/4364/5917 8086/4365/5918
f 4146/4358/5919 4149/4359/5920 4148/4360/5921 4147/4361/5922
f 4714/4358/5923 4717/4359/5924 4716/4360/5925 4715/4361/5926
f 4577/4362/5927 4576/4363/5928 4575/4364/5929 4574/4365/5930
f 4902/4358/5931 4905/4359/5932 4904/4360/5933 4903/4361/5934
f 4810/4358/5935 4813/4359/5936 4812/4360/5937 4811/4361/5938
f 6221/4362/5939 6220/4363/5940 6219/4364/5941 6218/4365/5942
f 6118/4358/5943 6121/4359/5944 6120/4360/5945 6119/4361/5946
f 5950/4358/5947 5953/4359/5948 5952/4360/5949 5951/4361/5950
f 6269/4362/5951 6268/4363/5952 6267/4364/5953 6266/4365/5954
f 4966/4358/5955 4969/4359/5956 4968/4360/5957 4967/4361/5958
f 3574/4358/5959 3577/4359/5960 3576/4360/5961 3575/4361/5962
f 5981/4362/5963 5980/4363/5964 5979/4364/5965 5978/4365/5966
f 4278/4358/5967 4281/4359/5968 4280/4360/5969 4279/4361/5829
f 5094/4358/5970 5097/4359/5971 5096/4360/5972 5095/4361/5973
f 3701/4362/5974 3700/4363/5975 3699/4364/5976 3698/4365/5977
f 6802/4358/5978 6805/4359/5979 6804/4360/5980 6803/4361/5981
f 5334/4358/5982 5337/4359/5983 5336/4360/5984 5335/4361/5985
f 7969/4362/5986 7968/4363/5987 7967/4364/5988 7966/4365/5989
f 5202/4358/5990 5205/4359/5991 5204/4360/5992 5203/4361/5993
f 5998/4358/5994 6001/4359/5995 6000/4360/5996 5999/4361/5997
f 4973/4362/5998 4972/4363/5999 4971/4364/6000 4970/4365/6001
f 5382/4358/6002 5385/4359/6003 5384/4360/6004 5383/4361/6005
f 3942/4358/6006 3945/4359/6007 3944/4360/6008 3943/4361/6009
f 4469/4362/6010 4468/4363/6011 4467/4364/6012 4466/4365/6013
f 5298/4358/6014 5301/4359/6015 5300/4360/6016 5299/4361/6017
f 7466/4358/6018 7469/4359/6019 7468/4360/6020 7467/4361/6021
f 4217/4362/6022 4216/4363/6023 4215/4364/6024 4214/4365/6025
f 7814/4358/6026 7817/4359/6027 7816/4360/6028 7815/4361/6029
f 7622/4358/6030 7625/4359/6031 7624/4360/6032 7623/4361/6033
f 5909/4362/6034 5908/4363/6035 5907/4364/6036 5906/4365/6037
f 6390/4358/6038 6393/4359/6039 6392/4360/6040 6391/4361/6041
f 4402/4358/6042 4405/4359/6043 4404/4360/6044 4403/4361/6045
f 4037/4362/6046 4036/4363/6047 4035/4364/6048 4034/4365/6049
f 3694/4358/6050 3697/4359/6051 3696/4360/6052 3695/4361/6053
f 6778/4358/6054 6781/4359/6055 6780/4360/6056 6779/4361/6057
f 4409/4362/6058 4408/4363/6059 4407/4364/6060 4406/4365/6061
f 7290/4358/6062 7293/4359/6063 7292/4360/6064 7291/4361/6065
f 5706/4358/6066 5709/4359/6067 5708/4360/6068 5707/4361/6069
f 8245/4362/6070 8244/4363/6071 8243/4364/6072 8242/4365/6073
f 5554/4358/6074 5557/4359/6075 5556/4360/6076 5555/4361/6077
f 6210/4358/6078 6213/4359/6079 6212/4360/6080 6211/4361/6081
f 4925/4362/6082 4924/4363/6083 4923/4364/6084 4922/4365/6085
f 7874/4358/6086 7877/4359/6087 7876/4360/6088 7875/4361/6089
f 7014/4358/6090 7017/4359/6091 7016/4360/6092 7015/4361/6093
f 4181/4362/6094 4180/4363/6095 4179/4364/6096 4178/4365/6097
f 4878/4358/6098 4881/4359/6099 4880/4360/6100 4879/4361/6101
f 5014/4358/6102 5017/4359/6103 5016/4360/6104 5015/4361/6105
f 4289/4362/6106 4288/4363/6107 4287/4364/6108 4286/4365/6109
f 6034/4358/6110 6037/4359/6111 6036/4360/6112 6035/4361/6113
f 5074/4358/6114 5077/4359/6115 5076/4360/6116 5075/4361/6117
f 4349/4362/6118 4348/4363/6119 4347/4364/6120 4346/4365/6121
f 5110/4358/6122 5113/4359/6123 5112/4360/6124 5111/4361/6125
f 7250/4358/6126 7253/4359/6127 7252/4360/6128 7251/4361/6129
f 5393/4362/6130 5392/4363/6131 5391/4364/6132 5390/4365/6133
f 7202/4358/6134 7205/4359/6135 7204/4360/6136 7203/4361/6137
f 6274/4358/6138 6277/4359/6139 6276/4360/6140 6275/4361/6141
f 4277/4362/6142 4276/4363/6143 4275/4364/6144 4274/4365/6145
f 7478/4358/6146 7481/4359/6147 7480/4360/6148 7479/4361/6149
f 5322/4358/6150 5325/4359/6151 5324/4360/6152 5323/4361/6153
f 6329/4362/6154 6328/4363/6155 6327/4364/6156 6326/4365/6157
f 5754/4358/6158 5757/4359/6159 5756/4360/6160 5755/4361/6161
f 6850/4358/6162 6853/4359/6163 6852/4360/6164 6851/4361/6165
f 6209/4362/6166 6208/4363/6167 6207/4364/6168 6206/4365/6169
f 4702/4358/6170 4705/4359/6171 4704/4360/6172 4703/4361/6173
f 6030/4358/6174 6033/4359/6175 6032/4360/6176 6031/4361/6177
f 7681/4362/6178 7680/4363/6179 7679/4364/6180 7678/4365/6181
f 5398/4358/6182 5401/4359/6183 5400/4360/6184 5399/4361/6185
f 5914/4358/6186 5917/4359/6187 5916/4360/6188 5915/4361/6189
f 7825/4362/6190 7824/4363/6191 7823/4364/6192 7822/4365/6193
f 7830/4358/6194 7833/4359/6195 7832/4360/6196 7831/4361/6197
f 6918/4358/6198 6921/4359/6199 6920/4360/6200 6919/4361/6201
f 5993/4362/6202 5992/4363/6203 5991/4364/6204 5990/4365/6205
f 6870/4358/6206 6873/4359/6207 6872/4360/6208 6871/4361/6209
f 6646/4358/6210 6649/4359/6211 6648/4360/6212 6647/4361/6213
f 7285/4362/6214 7284/4363/6215 7283/4364/6216 7282/4365/6217
f 7334/4358/6218 7337/4359/6219 7336/4360/6220 7335/4361/6221
f 7494/4358/6222 7497/4359/6223 7496/4360/6224 7495/4361/6225
f 8005/4362/6226 8004/4363/6227 8003/4364/6228 8002/4365/6229
f 3586/4358/6230 3589/4359/6231 3588/4360/6232 3587/4361/6233
f 5830/4358/6234 5833/4359/6235 5832/4360/6236 5831/4361/6237
f 7165/4362/6238 7164/4363/6239 7163/4364/6240 7162/4365/6241
f 6294/4358/6242 6297/4359/6243 6296/4360/6244 6295/4361/6245
f 6102/4358/6246 6105/4359/6247 6104/4360/6248 6103/4361/6249
f 4385/4362/6250 4384/4363/6251 4383/4364/6252 4382/4365/6253
f 5794/4358/6254 5797/4359/6255 5796/4360/6256 5795/4361/6257
f 8250/4358/6258 8253/4359/6259 8252/4360/6260 8251/4361/6261
f 6985/4362/6262 6984/4363/6263 6983/4364/6264 6982/4365/6265
f 4542/4358/6266 4545/4359/6267 4544/4360/6268 4543/4361/6269
f 4078/4358/6270 4081/4359/6271 4080/4360/6272 4079/4361/6273
f 6617/4362/6274 6616/4363/6275 6615/4364/6276 6614/4365/6277
f 4770/4358/6278 4773/4359/6279 4772/4360/6280 4771/4361/6281
f 3834/4358/6282 3837/4359/6283 3836/4360/6284 3835/4361/6285
f 6305/4362/6286 6304/4363/6287 6303/4364/6288 6302/4365/6289
f 7838/4358/6290 7841/4359/6291 7840/4360/6292 7839/4361/6293
f 7070/4358/6294 7073/4359/6295 7072/4360/6296 7071/4361/6297
f 4601/4362/6298 4600/4363/6299 4599/4364/6300 4598/4365/6301
f 4378/4358/6302 4381/4359/6303 4380/4360/6304 4379/4361/6305
f 5038/4358/6306 5041/4359/6307 5040/4360/6308 5039/4361/6309
f 7405/4362/6310 7404/4363/6311 7403/4364/6312 7402/4365/6313
f 7410/4358/6314 7413/4359/6315 7412/4360/6316 7411/4361/6317
f 5698/4358/6318 5701/4359/6319 5700/4360/6320 5699/4361/6321
f 6113/4362/6322 6112/4363/6323 6111/4364/6324 6110/4365/6325
f 6950/4358/6326 6953/4359/6327 6952/4360/6328 6951/4361/6329
f 5490/4358/6330 5493/4359/6331 5492/4360/6332 5491/4361/6333
f 7513/4362/6334 7512/4363/6335 7511/4364/6336 7510/4365/6337
f 6654/4358/6338 6657/4359/6339 6656/4360/6340 6655/4361/6341
f 6346/4358/6342 6349/4359/6343 6348/4360/6344 6347/4361/6345
f 4157/4362/6346 4156/4363/6347 4155/4364/6348 4154/4365/6349
f 4930/4358/6350 4933/4359/6351 4932/4360/6352 4931/4361/6353
f 7986/4358/6354 7989/4359/6355 7988/4360/6356 7987/4361/6357
f 4949/4362/6358 4948/4363/6359 4947/4364/6360 4946/4365/6361
f 4234/4358/6362 4237/4359/6363 4236/4360/6364 4235/4361/6365
f 6442/4358/6366 6445/4359/6367 6444/4360/6368 6443/4361/6369
f 4145/4362/6370 4144/4363/6371 4143/4364/6372 4142/4365/6373
f 5274/4358/6374 5277/4359/6375 5276/4360/6376 5275/4361/6377
f 4222/4358/6378 4225/4359/6379 4224/4360/6380 4223/4361/6381
f 3677/4362/6382 3676/4363/6383 3675/4364/6384 3674/4365/6385
f 6418/4358/6386 6421/4359/6387 6420/4360/6388 6419/4361/6389
f 5434/4358/6390 5437/4359/6391 5436/4360/6392 5435/4361/6393
f 6749/4362/6394 6748/4363/6395 6747/4364/6396 6746/4365/6397
f 5002/4358/6398 5005/4359/6399 5004/4360/6400 5003/4361/6401
f 5026/4358/6402 5029/4359/6403 5028/4360/6404 5027/4361/6405
f 3941/4362/6406 3940/4363/6407 3939/4364/6408 3938/4365/6409
f 3994/4358/6410 3997/4359/6411 3996/4360/6412 3995/4361/6413
f 4822/4358/6414 4825/4359/6415 4824/4360/6416 4823/4361/6417
f 7645/4362/6418 7644/4363/6419 7643/4364/6420 7642/4365/6421
f 5518/4358/6422 5521/4359/6423 5520/4360/6424 5519/4361/6425
f 4038/4358/6426 4041/4359/6427 4040/4360/6428 4039/4361/6429
f 3761/4362/6430 3760/4363/6431 3759/4364/6432 3758/4365/6433
f 5406/4358/6434 5409/4359/6435 5408/4360/6436 5407/4361/6437
f 5962/4358/6438 5965/4359/6439 5964/4360/6440 5963/4361/6441
f 5333/4362/6442 5332/4363/6443 5331/4364/6444 5330/4365/6445
f 6298/4358/6446 6301/4359/6447 6300/4360/6448 6299/4361/6449
f 7050/4358/6450 7053/4359/6451 7052/4360/6452 7051/4361/6453
f 7525/4362/6454 7524/4363/6455 7523/4364/6456 7522/4365/6457
f 3858/4358/6458 3861/4359/6459 3860/4360/6460 3859/4361/6461
f 5338/4358/6462 5341/4359/6463 5340/4360/6464 5339/4361/6465
f 8257/4362/6466 8256/4363/6467 8255/4364/6468 8254/4365/6469
f 6582/4358/6470 6585/4359/6471 6584/4360/6472 6583/4361/6473
f 5778/4358/6474 5781/4359/6475 5780/4360/6476 5779/4361/6477
f 7369/4362/6478 7368/4363/6479 7367/4364/6480 7366/4365/6481
f 5134/4358/6482 5137/4359/6483 5136/4360/6484 5135/4361/6485
f 5254/4358/6486 5257/4359/6487 5256/4360/6488 5255/4361/6489
f 7477/4362/6490 7476/4363/6491 7475/4364/6492 7474/4365/6493
f 5154/4358/6494 5157/4359/6495 5156/4360/6496 5155/4361/6497
f 7994/4358/6498 7997/4359/6499 7996/4360/6500 7995/4361/6501
f 7321/4362/6502 7320/4363/6503 7319/4364/6504 7318/4365/6505
f 7254/4358/6506 7257/4359/6507 7256/4360/6508 7255/4361/6509
f 4030/4358/6510 4033/4359/6511 4032/4360/6512 4031/4361/6513
f 7189/4362/6514 7188/4363/6515 7187/4364/6516 7186/4365/6517
f 3658/4358/6518 3661/4359/6519 3660/4360/6520 3659/4361/6521
f 5902/4358/6522 5905/4359/6523 5904/4360/6524 5903/4361/6525
f 3617/4362/6526 3616/4363/6527 3615/4364/6528 3614/4365/6529
f 8066/4358/6530 8069/4359/6531 8068/4360/6532 8067/4361/6533
f 4062/4358/6534 4065/4359/6535 4064/4360/6536 4063/4361/6537
f 6281/4362/6538 6280/4363/6539 6279/4364/6540 6278/4365/6541
f 7382/4358/6542 7385/4359/6543 7384/4360/6544 7383/4361/6545
f 5878/4358/6546 5881/4359/6547 5880/4360/6548 5879/4361/6549
f 4073/4362/6550 4072/4363/6551 4071/4364/6552 4070/4365/6553
f 3790/4358/6554 3793/4359/6555 3792/4360/6556 3791/4361/6557
f 8022/4358/6558 8025/4359/6559 8024/4360/6560 8023/4361/6561
f 3641/4362/6562 3640/4363/6563 3639/4364/6564 3638/4365/6565
f 5262/4358/6566 5265/4359/6567 5264/4360/6568 5263/4361/6569
f 7890/4358/6570 7893/4359/6571 7892/4360/6572 7891/4361/6573
f 7789/4362/6574 7788/4363/6575 7787/4364/6576 7786/4365/6577
f 5454/4358/6578 5457/4359/6579 5456/4360/6580 5455/4361/6581
f 4858/4358/6582 4861/4359/6583 4860/4360/6584 4859/4361/6585
f 6949/4366/6586 6948/4362/6587 6947/4365/6588 6946/4367/6589
f 4738/4358/6590 4741/4359/6591 4740/4360/6592 4739/4361/6593
f 7206/4358/6594 7209/4359/6595 7208/4360/6596 7207/4361/6597
f 7765/4362/6598 7764/4363/6599 7763/4364/6600 7762/4365/6601
f 7590/4358/6602 7593/4359/6603 7592/4360/6604 7591/4361/6605
f 5974/4358/6606 5977/4359/6607 5976/4360/6608 5975/4361/6609
f 6545/4362/6610 6544/4363/6611 6543/4364/6612 6542/4365/6613
f 5430/4358/6614 5433/4359/6615 5432/4360/6616 5431/4361/6617
f 4294/4358/6618 4297/4359/6619 4296/4360/6620 4295/4361/6621
f 4769/4362/6622 4768/4363/6623 4767/4364/6624 4766/4365/6625
f 5886/4358/6626 5889/4359/6627 5888/4360/6628 5887/4361/6629
f 6154/4358/6630 6157/4359/6631 6156/4360/6632 6155/4361/6633
f 5285/4362/6634 5284/4363/6635 5283/4364/6636 5282/4365/6637
f 4134/4358/6638 4137/4359/6639 4136/4360/6640 4135/4361/6641
f 5770/4358/6642 5773/4359/6643 5772/4360/6644 5771/4361/6645
f 4493/4362/6646 4492/4363/6647 4491/4364/6648 4490/4365/6649
f 4014/4358/6650 4017/4359/6651 4016/4360/6652 4015/4361/6653
f 5082/4358/6654 5085/4359/6655 5084/4360/6656 5083/4361/6657
f 6293/4362/6658 6292/4363/6659 6291/4364/6660 6290/4365/6661
f 4302/4358/6662 4305/4359/6663 4304/4360/6664 4303/4361/6665
f 7778/4358/6666 7781/4359/6667 7780/4360/6668 7779/4361/6669
f 4913/4362/6670 4912/4363/6671 4911/4364/6672 4910/4365/6673
f 5129/4362/6674 5128/4363/6675 5127/4364/6676 5126/4365/6677
f 7921/4362/6678 7920/4363/6679 7919/4364/6680 7918/4365/6681
f 6330/4358/6682 6333/4359/6683 6332/4360/6684 6331/4361/6685
f 4673/4362/6686 4672/4363/6687 4671/4364/6688 4670/4365/6689
f 7914/4358/6690 7917/4359/6691 7916/4360/6692 7915/4361/6693
f 5230/4358/6694 5233/4359/6695 5232/4360/6696 5231/4361/6697
f 7705/4362/6698 7704/4363/6699 7703/4364/6700 7702/4365/6701
f 3970/4358/6702 3973/4359/6703 3972/4360/6704 3971/4361/6705
f 7542/4358/6706 7545/4359/6707 7544/4360/6708 7543/4361/6709
f 5237/4362/6710 5236/4363/6711 5235/4364/6712 5234/4365/6713
f 6130/4358/6714 6133/4359/6715 6132/4360/6716 6131/4361/6717
f 4198/4358/6718 4201/4359/6719 4200/4360/6720 4199/4361/6721
f 4589/4362/6722 4588/4363/6723 4587/4364/6724 4586/4365/6725
f 4126/4358/6726 4129/4359/6727 4128/4360/6728 4127/4361/6729
f 5922/4358/6730 5925/4359/6731 5924/4360/6732 5923/4361/6733
f 6377/4362/6734 6376/4363/6735 6375/4364/6736 6374/4365/6737
f 7458/4358/6738 7461/4359/6739 7460/4360/6740 7459/4361/6741
f 5470/4358/6742 5473/4359/6743 5472/4360/6744 5471/4361/6745
f 4709/4362/6746 4708/4363/6747 4707/4364/6748 4706/4365/6749
f 5746/4358/6750 5749/4359/6751 5748/4360/6752 5747/4361/6753
f 4662/4358/6754 4665/4359/6755 4664/4360/6756 4663/4361/6757
f 6641/4362/6758 6640/4363/6759 6639/4364/6760 6638/4365/6761
f 7278/4358/6762 7281/4359/6763 7280/4360/6764 7279/4361/6765
f 7962/4358/6766 7965/4359/6767 7964/4360/6768 7963/4361/6769
f 4013/4362/6770 4012/4363/6771 4011/4364/6772 4010/4365/6773
f 4818/4358/6774 4821/4359/6775 4820/4360/6776 4819/4361/6777
f 4830/4358/6778 4833/4359/6779 4832/4360/6780 4831/4361/6781
f 3929/4362/6782 3928/4363/6783 3927/4364/6784 3926/4365/6785
f 6214/4358/6786 6217/4359/6787 6216/4360/6788 6215/4361/6789
f 5214/4358/6790 5217/4359/6791 5216/4360/6792 5215/4361/6793
f 6761/4362/6794 6760/4363/6795 6759/4364/6796 6758/4365/6797
f 5670/4358/6798 5673/4359/6799 5672/4360/6800 5671/4361/6801
f 6010/4358/6802 6013/4359/6803 6012/4360/6804 6011/4361/6805
f 5921/4362/6806 5920/4363/6807 5919/4364/6808 5918/4365/6809
f 6226/4358/6810 6229/4359/6811 6228/4360/6812 6227/4361/6813
f 7194/4358/6814 7197/4359/6815 7196/4360/6816 7195/4361/6817
f 8029/4362/6818 8028/4363/6819 8027/4364/6820 8026/4365/6821
f 4006/4358/6822 4009/4359/6823 4008/4360/6824 4007/4361/6825
f 4253/4362/6826 4252/4363/6827 4251/4364/6828 4250/4365/6829
f 6898/4358/6830 6901/4359/6831 6900/4360/6832 6899/4361/6833
f 6978/4358/6834 6981/4359/6835 6980/4360/6836 6979/4361/6837
f 4229/4362/6838 4228/4363/6839 4227/4364/6840 4226/4365/6841
f 7646/4358/6842 7649/4359/6843 7648/4360/6844 7647/4361/6845
f 6570/4358/6846 6573/4359/6847 6572/4360/6848 6571/4361/6849
f 8053/4362/6850 8052/4363/6851 8051/4364/6852 8050/4365/6853
f 6018/4358/6854 6021/4359/6855 6020/4360/6856 6019/4361/6857
f 3738/4358/6858 3741/4359/6859 3740/4360/6860 3739/4361/6861
f 7849/4362/6862 7848/4363/6863 7847/4364/6864 7846/4365/6865
f 5674/4358/6866 5677/4359/6867 5676/4360/6868 5675/4361/6869
f 5718/4358/6870 5721/4359/6871 5720/4360/6872 5719/4361/6873
f 5969/4362/6874 5968/4363/6875 5967/4364/6876 5966/4365/6877
f 5326/4358/6878 5329/4359/6879 5328/4360/6880 5327/4361/6881
f 7578/4358/6882 7581/4359/6883 7580/4360/6884 7579/4361/6885
f 6161/4362/6886 6160/4363/6887 6159/4364/6888 6158/4365/6889
f 4602/4358/6890 4605/4359/6891 4604/4360/6892 4603/4361/6893
f 6190/4358/6894 6193/4359/6895 6192/4360/6896 6191/4361/6897
f 3785/4362/6898 3784/4363/6899 3783/4364/6900 3782/4365/6901
f 7166/4358/6902 7169/4359/6903 7168/4360/6904 7167/4361/6905
f 5566/4358/6906 5569/4359/6907 5568/4360/6908 5567/4361/6909
f 8077/4362/6910 8076/4363/6911 8075/4364/6912 8074/4365/6913
f 6078/4358/6914 6081/4359/6915 6080/4360/6916 6079/4361/6917
f 5982/4358/6918 5985/4359/6919 5984/4360/6920 5983/4361/6921
f 7717/4362/6922 7716/4363/6923 7715/4364/6924 7714/4365/6925
f 6742/4358/6926 6745/4359/6927 6744/4360/6928 6743/4361/6929
f 6574/4358/6930 6577/4359/6931 6576/4360/6932 6575/4361/6933
f 6945/4368/6934 6944/4369/6935 6943/4363/6936 6942/4362/6937
f 5514/4358/6938 5517/4359/6939 5516/4360/6940 5515/4361/6941
f 7634/4358/6942 7637/4359/6943 7636/4360/6944 7635/4361/6945
f 6101/4362/6946 6100/4363/6947 6099/4364/6948 6098/4365/6949
f 8118/4358/6950 8121/4359/6951 8120/4360/6952 8119/4361/6953
f 4186/4358/6954 4189/4359/6955 4188/4360/6956 4187/4361/6957
f 5153/4362/6958 5152/4363/6959 5151/4364/6960 5150/4365/6961
f 5790/4358/6962 5793/4359/6963 5792/4360/6964 5791/4361/6965
f 6838/4358/6966 6841/4359/6967 6840/4360/6968 6839/4361/6969
f 6389/4362/6970 6388/4363/6971 6387/4364/6972 6386/4365/6973
f 5182/4358/6974 5185/4359/6975 5184/4360/6976 5183/4361/6977
f 4870/4358/6978 4873/4359/6979 4872/4360/6980 4871/4361/6981
f 5141/4362/6982 5140/4363/6983 5139/4364/6984 5138/4365/6985
f 7274/4358/6986 7277/4359/6987 7276/4360/6988 7275/4361/6989
f 7038/4358/6990 7041/4359/6991 7040/4360/6992 7039/4361/6993
f 5105/4362/6994 5104/4363/6995 5103/4364/6996 5102/4365/6997
f 6270/4358/6998 6273/4359/6999 6272/4360/7000 6271/4361/7001
f 8198/4358/7002 8201/4359/7003 8200/4360/7004 8199/4361/7005
f 3845/4362/7006 3844/4363/7007 3843/4364/7008 3842/4365/7009
f 4642/4358/7010 4645/4359/7011 4644/4360/7012 4643/4361/7013
f 4950/4358/7014 4953/4359/7015 4952/4360/7016 4951/4361/7017
f 5657/4362/7018 5656/4363/7019 5655/4364/7020 5654/4365/7021
f 6322/4358/7022 6325/4359/7023 6324/4360/7024 6323/4361/7025
f 6754/4358/7026 6757/4359/7027 6756/4360/7028 6755/4361/7029
f 4649/4362/7030 4648/4363/7031 4647/4364/7032 4646/4365/7033
f 8054/4358/7034 8057/4359/7035 8056/4360/7036 8055/4361/7037
f 5946/4358/7038 5949/4359/7039 5948/4360/7040 5947/4361/7041
f 3953/4362/7042 3952/4363/7043 3951/4364/7044 3950/4365/7045
f 4230/4358/7046 4233/4359/7047 4232/4360/7048 4231/4361/7049
f 7782/4358/7050 7785/4359/7051 7784/4360/7052 7783/4361/7053
f 3593/4362/7054 3592/4363/7055 3591/4364/7056 3590/4365/7057
f 6798/4358/7058 6801/4359/7059 6800/4360/7060 6799/4361/7061
f 4726/4358/7062 4729/4359/7063 4728/4360/7064 4727/4361/7065
f 3581/4362/7066 3580/4363/7067 3579/4364/7068 3578/4365/7069
f 6414/4358/7070 6417/4359/7071 6416/4360/7072 6415/4361/7073
f 5854/4358/7074 5857/4359/7075 5856/4360/7076 5855/4361/7077
f 5681/4362/7078 5680/4363/7079 5679/4364/7080 5678/4365/7081
f 7026/4358/7082 7029/4359/7083 7028/4360/7084 7027/4361/7085
f 3702/4358/7086 3705/4359/7087 3704/4360/7088 3703/4361/7089
f 7585/4362/7090 7584/4363/7091 7583/4364/7092 7582/4365/7093
f 4926/4358/7094 4929/4359/7095 4928/4360/7096 4927/4361/7097
f 8030/4358/7098 8033/4359/7099 8032/4360/7100 8031/4361/7101
f 6905/4362/7102 6904/4363/7103 6903/4364/7104 6902/4365/7105
f 7302/4358/7106 7305/4359/7107 7304/4360/7108 7303/4361/7109
f 4918/4358/7110 4921/4359/7111 4920/4360/7112 4919/4361/7113
f 7201/4362/7114 7200/4363/7115 7199/4364/7116 7198/4365/7117
f 5862/4358/7118 5865/4359/7119 5864/4360/7120 5863/4361/7121
f 7094/4358/7122 7097/4359/7123 7096/4360/7124 7095/4361/7125
f 7417/4362/7126 7416/4363/7127 7415/4364/7128 7414/4365/7129
f 6690/4358/7130 6693/4359/7131 6692/4360/7132 6691/4361/7133
f 5266/4358/7134 5269/4359/7135 5268/4360/7136 5267/4361/7137
f 4721/4362/7138 4720/4363/7139 4719/4364/7140 4718/4365/7141
f 4638/4358/7142 4641/4359/7143 4640/4360/7144 4639/4361/7145
f 4546/4358/7146 4549/4359/7147 4548/4360/7148 4547/4361/7149
f 6401/4362/7150 6400/4363/7151 6399/4364/7152 6398/4365/7153
f 5046/4358/7154 5049/4359/7155 5048/4360/7156 5047/4361/7157
f 7682/4358/7158 7685/4359/7159 7684/4360/7160 7683/4361/7161
f 8185/4362/7162 8184/4363/7163 8183/4364/7164 8182/4365/7165
f 5458/4358/7166 5461/4359/7167 5460/4360/7168 5459/4361/7169
f 5218/4358/7170 5221/4359/7171 5220/4360/7172 5219/4361/7173
f 5249/4362/7174 5248/4363/7175 5247/4364/7176 5246/4365/7177
f 3898/4358/7178 3901/4359/7179 3900/4360/7180 3899/4361/7181
f 6738/4358/7182 6741/4359/7183 6740/4360/7184 6739/4361/7185
f 8113/4362/7186 8112/4363/7187 8111/4364/7188 8110/4365/7189
f 8106/4358/7190 8109/4359/7191 8108/4360/7192 8107/4361/7193
f 6610/4358/7194 6613/4359/7195 6612/4360/7196 6611/4361/7197
f 6137/4362/7198 6136/4363/7199 6135/4364/7200 6134/4365/7201
f 5638/4358/7202 5641/4359/7203 5640/4360/7204 5639/4361/7205
f 6670/4358/7206 6673/4359/7207 6672/4360/7208 6671/4361/7209
f 6973/4362/7210 6972/4363/7211 6971/4364/7212 6970/4365/7213
f 7322/4358/7214 7325/4359/7215 7324/4360/7216 7323/4361/7217
f 4890/4358/7218 4893/4359/7219 4892/4360/7220 4891/4361/7221
f 4529/4362/7222 4528/4363/7223 4527/4364/7224 4526/4365/7225
f 7818/4358/7226 7821/4359/7227 7820/4360/7228 7819/4361/7229
f 6874/4358/7230 6877/4359/7231 6876/4360/7232 6875/4361/7233
f 8125/4362/7234 8124/4363/7235 8123/4364/7236 8122/4365/7237
f 4386/4358/7238 4389/4359/7239 4388/4360/7240 4387/4361/7241
f 7442/4358/7242 7445/4359/7243 7444/4360/7244 7443/4361/7245
f 6041/4362/7246 6040/4363/7247 6039/4364/7248 6038/4365/7249
f 7262/4358/7250 7265/4359/7251 7264/4360/7252 7263/4361/7253
f 4558/4358/7254 4561/4359/7255 4560/4360/7256 4559/4361/7257
f 6365/4362/7258 6364/4363/7259 6363/4364/7260 6362/4365/7261
f 6678/4358/7262 6681/4359/7263 6680/4360/7264 6679/4361/7265
f 4846/4358/7266 4849/4359/7267 4848/4360/7268 4847/4361/7269
f 6485/4362/7270 6484/4363/7271 6483/4364/7272 6482/4365/7273
f 7694/4358/7274 7697/4359/7275 7696/4360/7276 7695/4361/7277
f 6510/4358/7278 6513/4359/7279 6512/4360/7280 6511/4361/7281
f 6665/4362/7282 6664/4363/7283 6663/4364/7284 6662/4365/7285
f 6682/4358/7286 6685/4359/7287 6684/4360/7288 6683/4361/7289
f 6162/4358/7290 6165/4359/7291 6164/4360/7292 6163/4361/7293
f 7657/4362/7294 7656/4363/7295 7655/4364/7296 7654/4365/7297
f 5806/4358/7298 5809/4359/7299 5808/4360/7300 5807/4361/7301
f 7802/4358/7302 7805/4359/7303 7804/4360/7304 7803/4361/7305
f 7993/4362/7306 7992/4363/7307 7991/4364/7308 7990/4365/7309
f 7502/4358/7310 7505/4359/7311 7504/4360/7312 7503/4361/7313
f 6198/4358/7314 6201/4359/7315 6200/4360/7316 6199/4361/7317
f 5261/4362/7318 5260/4363/7319 5259/4364/7320 5258/4365/7321
f 4066/4358/7322 4069/4359/7323 4068/4360/7324 4067/4361/7325
f 3966/4358/7326 3969/4359/7327 3968/4360/7328 3967/4361/7329
f 8149/4362/7330 8148/4363/7331 8147/4364/7332 8146/4365/7333
f 7454/4358/7334 7457/4359/7335 7456/4360/7336 7455/4361/7337
f 5238/4358/7338 5241/4359/7339 5240/4360/7340 5239/4361/7341
f 6233/4362/7342 6232/4363/7343 6231/4364/7344 6230/4365/7345
f 8138/4358/7346 8141/4359/7347 8140/4360/7348 8139/4361/7349
f 4986/4358/7350 4989/4359/7351 4988/4360/7352 4987/4361/7353
f 6653/4362/7354 6652/4363/7355 6651/4364/7356 6650/4365/7357
f 4762/4358/7358 4765/4359/7359 4764/4360/7360 4763/4361/7361
f 7514/4358/7362 7517/4359/7363 7516/4360/7364 7515/4361/7365
f 7129/4362/7366 7128/4363/7367 7127/4364/7368 7126/4365/7369
f 5226/4358/7370 5229/4359/7371 5228/4360/7372 5227/4361/7373
f 4486/4358/7374 4489/4359/7375 4488/4360/7376 4487/4361/7377
f 5549/4362/7378 5548/4363/7379 5547/4364/7380 5546/4365/7381
f 6334/4358/7382 6337/4359/7383 6336/4360/7384 6335/4361/7385
f 3822/4358/7386 3825/4359/7387 3824/4360/7388 3823/4361/7389
f 7213/4362/7390 7212/4363/7391 7211/4364/7392 7210/4365/7393
f 5158/4358/7394 5161/4359/7395 5160/4360/7396 5159/4361/7397
f 4734/4358/7398 4737/4359/7399 4736/4360/7400 4735/4361/7401
f 7909/4362/7402 7908/4363/7403 7907/4364/7404 7906/4365/7405
f 5178/4358/7406 5181/4359/7407 5180/4360/7408 5179/4361/7409
f 3606/4358/7410 3609/4359/7411 3608/4360/7412 3607/4361/7413
f 5897/4362/7414 5896/4363/7415 5895/4364/7416 5894/4365/7417
f 7602/4358/7418 7605/4359/7419 7604/4360/7420 7603/4361/7421
f 3874/4358/7422 3877/4359/7423 3876/4360/7424 3875/4361/7425
f 7933/4362/7426 7932/4363/7427 7931/4364/7428 7930/4365/7429
f 7350/4358/7430 7353/4359/7431 7352/4360/7432 7351/4361/7433
f 5314/4358/7434 5317/4359/7435 5316/4360/7436 5315/4361/7437
f 3893/4362/7438 3892/4363/7439 3891/4364/7440 3890/4365/7441
f 4806/4358/7442 4809/4359/7443 4808/4360/7444 4807/4361/7445
f 4854/4358/7446 4857/4359/7447 4856/4360/7448 4855/4361/7449
f 6557/4362/7450 6556/4363/7451 6555/4364/7452 6554/4365/7453
f 6094/4358/7454 6097/4359/7455 6096/4360/7456 6095/4361/7457
f 7554/4358/7458 7557/4359/7459 7556/4360/7460 7555/4361/7461
f 7561/4362/7462 7560/4363/7463 7559/4364/7464 7558/4365/7465
f 5994/4358/7466 5997/4359/7467 5996/4360/7468 5995/4361/7469
f 4174/4358/7470 4177/4359/7471 4176/4360/7472 4175/4361/7473
f 4697/4362/7474 4696/4363/7475 4695/4364/7476 4694/4365/7477
f 5050/4358/7478 5053/4359/7479 5052/4360/7480 5051/4361/7481
f 7338/4358/7482 7341/4359/7483 7340/4360/7484 7339/4361/7485
f 7465/4362/7486 7464/4363/7487 7463/4364/7488 7462/4365/7489
f 5494/4358/7490 5497/4359/7491 5496/4360/7492 5495/4361/7493
f 6930/4358/7494 6933/4359/7495 6932/4360/7496 6931/4361/7497
f 7261/4362/7498 7260/4363/7499 7259/4364/7500 7258/4365/7501
f 7598/4358/7502 7601/4359/7503 7600/4360/7504 7599/4361/7505
f 4834/4358/7506 4837/4359/7507 4836/4360/7508 4835/4361/7509
f 5081/4362/7510 5080/4363/7511 5079/4364/7512 5078/4365/7513
f 4374/4358/7514 4377/4359/7515 4376/4360/7516 4375/4361/7517
f 7842/4358/7518 7845/4359/7519 7844/4360/7520 7843/4361/7521
f 4937/4362/7522 4936/4363/7523 4935/4364/7524 4934/4365/7525
f 7650/4358/7526 7653/4359/7527 7652/4360/7528 7651/4361/7529
f 6466/4358/7530 6469/4359/7531 6468/4360/7532 6467/4361/7533
f 4193/4362/7534 4192/4363/7535 4191/4364/7536 4190/4365/7537
f 7662/4358/7538 7665/4359/7539 7664/4360/7540 7663/4361/7541
f 4566/4358/7542 4569/4359/7543 4568/4360/7544 4567/4361/7545
f 5933/4362/7546 5932/4363/7547 5931/4364/7548 5930/4365/7549
f 5826/4358/7550 5829/4359/7551 5828/4360/7552 5827/4361/7553
f 4750/4358/7554 4753/4359/7555 4752/4360/7556 4751/4361/7557
f 4061/4362/7558 4060/4363/7559 4059/4364/7560 4058/4365/7561
f 7098/4358/7562 7101/4359/7563 7100/4360/7564 7099/4361/7565
f 4426/4358/7566 4429/4359/7567 4428/4360/7568 4427/4361/7569
f 4565/4362/7570 4564/4363/7571 4563/4364/7572 4562/4365/7573
f 5386/4358/7574 5389/4359/7575 5388/4360/7576 5387/4361/7577
f 4054/4358/7578 4057/4359/7579 4056/4360/7580 4055/4361/7581
f 7537/4362/7582 7536/4363/7583 7535/4364/7584 7534/4365/7585
f 4170/4358/7586 4173/4359/7587 4172/4360/7588 4171/4361/7589
f 4138/4358/7590 4141/4359/7591 4140/4360/7592 4139/4361/7593
f 3821/4362/7594 3820/4363/7595 3819/4364/7596 3818/4365/7597
f 4326/4358/7598 4329/4359/7599 4328/4360/7600 4327/4361/7601
f 3742/4358/7602 3745/4359/7603 3744/4360/7604 3743/4361/7605
f 6737/4362/7606 6736/4363/7607 6735/4364/7608 6734/4365/7609
f 7850/4358/7610 7853/4359/7611 7852/4360/7612 7851/4361/7613
f 7358/4358/7614 7361/4359/7615 7360/4360/7616 7359/4361/7617
f 5885/4362/7618 5884/4363/7619 5883/4364/7620 5882/4365/7621
f 4390/4358/7622 4393/4359/7623 4392/4360/7624 4391/4361/7625
f 7826/4358/7626 7829/4359/7627 7828/4360/7628 7827/4361/7629
f 5417/4362/7630 5416/4363/7631 5415/4364/7632 5414/4365/7633
f 7698/4358/7634 7701/4359/7635 7700/4360/7636 7699/4361/7637
f 4978/4358/7638 4981/4359/7639 4980/4360/7640 4979/4361/7641
f 7069/4362/7642 7068/4363/7643 7067/4364/7644 7066/4365/7645
f 5662/4358/7646 5665/4359/7647 5664/4360/7648 5663/4361/7649
f 4906/4358/7650 4909/4359/7651 4908/4360/7652 4907/4361/7653
f 5422/4358/7654 5425/4359/7655 5424/4360/7656 5423/4361/7657
f 7669/4362/7658 7668/4363/7659 7667/4364/7660 7666/4365/7661
f 4102/4358/7662 4105/4359/7663 4104/4360/7664 4103/4361/7665
f 7398/4358/7666 7401/4359/7667 7400/4360/7668 7399/4361/7669
f 7501/4362/7670 7500/4363/7671 7499/4364/7672 7498/4365/7673
f 6814/4358/7674 6817/4359/7675 6816/4360/7676 6815/4361/7677
f 3894/4358/7678 3897/4359/7679 3896/4360/7680 3895/4361/7681
f 7441/4362/7682 7440/4363/7683 7439/4364/7684 7438/4365/7685
f 7794/4358/7686 7797/4359/7687 7796/4360/7688 7795/4361/7689
f 7706/4358/7690 7709/4359/7691 7708/4360/7692 7707/4361/7693
f 7009/4362/7694 7008/4363/7695 7007/4364/7696 7006/4365/7697
f 4470/4358/7698 4473/4359/7699 4472/4360/7700 4471/4361/7701
f 3646/4358/7702 3649/4359/7703 3648/4360/7704 3647/4361/7705
f 5729/4362/7706 5728/4363/7707 5727/4364/7708 5726/4365/7709
f 6070/4358/7710 6073/4359/7711 6072/4360/7712 6071/4361/7713
f 4342/4358/7714 4345/4359/7715 4344/4360/7716 4343/4361/7717
f 4841/4362/7718 4840/4363/7719 4839/4364/7720 4838/4365/7721
f 7182/4358/7722 7185/4359/7723 7184/4360/7724 7183/4361/7725
f 5290/4358/7726 5293/4359/7727 5292/4360/7728 5291/4361/7729
f 8197/4362/7730 8196/4363/7731 8195/4364/7732 8194/4365/7733
f 3846/4358/7734 3849/4359/7735 3848/4360/7736 3847/4361/7737
f 4362/4358/7738 4365/4359/7739 4364/4360/7740 4363/4361/7741
f 5537/4362/7742 5536/4363/7743 5535/4364/7744 5534/4365/7745
f 7118/4358/7746 7121/4359/7747 7120/4360/7748 7119/4361/7749
f 5106/4358/7750 5109/4359/7751 5108/4360/7752 5107/4361/7753
f 4205/4362/7754 4204/4363/7755 4203/4364/7756 4202/4365/7757
f 6922/4358/7758 6925/4359/7759 6924/4360/7760 6923/4361/7761
f 8186/4358/7762 8189/4359/7763 8188/4360/7764 8187/4361/7765
f 4169/4362/7766 4168/4363/7767 4167/4364/7768 4166/4365/7769
f 4494/4358/7770 4497/4359/7771 4496/4360/7772 4495/4361/7773
f 6238/4358/7774 6241/4359/7775 6240/4360/7776 6239/4361/7777
f 7957/4362/7778 7956/4363/7779 7955/4364/7780 7954/4365/7781
f 3934/4358/7782 3937/4359/7783 3936/4360/7784 3935/4361/7785
f 4242/4358/7786 4245/4359/7787 4244/4360/7788 4243/4361/7789
f 5345/4362/7790 5344/4363/7791 5343/4364/7792 5342/4365/7793
f 7134/4358/7794 7137/4359/7795 7136/4360/7796 7135/4361/7797
f 4162/4358/7798 4165/4359/7799 4164/4360/7800 4163/4361/7801
f 6869/4362/7802 6868/4363/7803 6867/4364/7804 6866/4365/7805
f 3754/4358/7806 3757/4359/7807 3756/4360/7808 3755/4361/7809
f 7470/4358/7810 7473/4359/7811 7472/4360/7812 7471/4361/7813
f 7621/4362/7814 7620/4363/7815 7619/4364/7816 7618/4365/7817
f 7934/4358/7818 7937/4359/7819 7936/4360/7820 7935/4361/7821
f 5530/4358/7822 5533/4359/7823 5532/4360/7824 5531/4361/7825
f 5177/4362/7826 5176/4363/7827 5175/4364/7828 5174/4365/7829
f 7950/4358/7830 7953/4359/7831 7952/4360/7832 7951/4361/7833
f 6114/4358/7834 6117/4359/7835 6116/4360/7836 6115/4361/7837
f 7141/4362/7838 7140/4363/7839 7139/4364/7840 7138/4365/7841
f 7658/4358/7842 7661/4359/7843 7660/4360/7844 7659/4361/7845
f 4158/4358/7846 4161/4359/7847 4160/4360/7848 4159/4361/7849
f 3833/4362/7850 3832/4363/7851 3831/4364/7852 3830/4365/7853
f 5634/4358/7854 5637/4359/7855 5636/4360/7856 5635/4361/7857
f 4998/4358/7858 5001/4359/7859 5000/4360/7860 4999/4361/7861
f 3797/4362/7862 3796/4363/7863 3795/4364/7864 3794/4365/7865
f 3690/4358/7866 3693/4359/7867 3692/4360/7868 3691/4361/7869
f 7790/4358/7870 7793/4359/7871 7792/4360/7872 7791/4361/7873
f 5777/4362/7874 5776/4363/7875 5775/4364/7876 5774/4365/7877
f 3570/4358/7878 3573/4359/7879 3572/4360/7880 3571/4361/7881
f 6310/4358/7882 6313/4359/7883 6312/4360/7884 6311/4361/7885
f 4877/4362/7886 4876/4363/7887 4875/4364/7888 4874/4365/7889
f 3598/4358/7890 3601/4359/7891 3600/4360/7892 3599/4361/7893
f 7418/4358/7894 7421/4359/7895 7420/4360/7896 7419/4361/7897
f 5357/4362/7898 5356/4363/7899 5355/4364/7900 5354/4365/7901
f 6502/4358/7902 6505/4359/7903 6504/4360/7904 6503/4361/7905
f 5722/4358/7906 5725/4359/7907 5724/4360/7908 5723/4361/7909
f 7357/4362/7910 7356/4363/7911 7355/4364/7912 7354/4365/7913
f 7758/4358/7914 7761/4359/7915 7760/4360/7916 7759/4361/7917
f 4606/4358/7918 4609/4359/7919 4608/4360/7920 4607/4361/7921
f 5213/4362/7922 5212/4363/7923 5211/4364/7924 5210/4365/7925
f 7938/4358/7926 7941/4359/7927 7940/4360/7928 7939/4361/7929
f 4954/4358/7930 4957/4359/7931 4956/4360/7932 4955/4361/7933
f 6881/4362/7934 6880/4363/7935 6879/4364/7936 6878/4365/7937
f 6498/4358/7938 6501/4359/7939 6500/4360/7940 6499/4361/7941
f 3810/4358/7942 3813/4359/7943 3812/4360/7944 3811/4361/7945
f 5717/4362/7946 5716/4363/7947 5715/4364/7948 5714/4365/7949
f 4462/4358/7950 4465/4359/7951 4464/4360/7952 4463/4361/7953
f 6534/4358/7954 6537/4359/7955 6536/4360/7956 6535/4361/7957
f 4421/4362/7958 4420/4363/7959 4419/4364/7960 4418/4365/7961
f 3726/4358/7962 3729/4359/7963 3728/4360/7964 3727/4361/7965
f 5446/4358/7966 5449/4359/7967 5448/4360/7968 5447/4361/7969
f 7489/4362/7970 7488/4363/7971 7487/4364/7972 7486/4365/7973
f 7393/4362/7974 7392/4363/7975 7391/4364/7976 7390/4365/7977
